Datetime,Open,High,Low,Close,Adj Close,Volume
2022-02-28 00:00:00+00:00,0.008651417680084705,0.008662508800625801,0.00864550843834877,0.00865224003791809,0.00865224003791809,0
2022-02-28 01:00:00+00:00,0.008652315475046635,0.008661008439958096,0.008650444447994232,0.008656584657728672,0.008656584657728672,0
2022-02-28 02:00:00+00:00,0.008656510151922703,0.008664759807288647,0.008656284771859646,0.008658533915877342,0.008658533915877342,0
2022-02-28 03:00:00+00:00,0.008658533915877342,0.008664010092616081,0.00865396298468113,0.008656660094857216,0.008656660094857216,0
2022-02-28 04:00:00+00:00,0.008656510151922703,0.008661008439958096,0.00864371471107006,0.008652539923787117,0.008652539923787117,0
2022-02-28 05:00:00+00:00,0.008652539923787117,0.00865950807929039,0.008652091026306152,0.00865478627383709,0.00865478627383709,0
2022-02-28 06:00:00+00:00,0.00865471176803112,0.008661758154630661,0.008653213270008564,0.008655086159706116,0.008655086159706116,0
2022-02-28 07:00:00+00:00,0.008655086159706116,0.008661008439958096,0.008651791140437126,0.008658083155751228,0.008658083155751228,0
2022-02-28 08:00:00+00:00,0.008658083155751228,0.008664010092616081,0.008648797869682312,0.008653138764202595,0.008653138764202595,0
2022-02-28 09:00:00+00:00,0.00865351315587759,0.00865950807929039,0.008650893345475197,0.00865433644503355,0.00865433644503355,0
2022-02-28 10:00:00+00:00,0.008654411882162094,0.008657258935272694,0.008647377602756023,0.008653737604618073,0.008653737604618073,0
2022-02-28 11:00:00+00:00,0.008653663098812103,0.00865950807929039,0.008651267737150192,0.00865471176803112,0.00865471176803112,0
2022-02-28 12:00:00+00:00,0.00865478627383709,0.008660257793962955,0.0086527643725276,0.008657184429466724,0.008657184429466724,0
2022-02-28 13:00:00+00:00,0.008657184429466724,0.008673778735101223,0.008656510151922703,0.008671372197568417,0.008671372197568417,0
2022-02-28 14:00:00+00:00,0.008671222254633904,0.008685833774507046,0.008666487410664558,0.008674606680870056,0.008674606680870056,0
2022-02-28 15:00:00+00:00,0.008674832060933113,0.008686588145792484,0.008663259446620941,0.008683344349265099,0.008683344349265099,0
2022-02-28 16:00:00+00:00,0.00868319347500801,0.008688097819685936,0.008672800846397877,0.008686588145792484,0.008686588145792484,0
2022-02-28 17:00:00+00:00,0.008686437271535397,0.008698677644133568,0.008685455657541752,0.008687116205692291,0.008687116205692291,0
2022-02-28 18:00:00+00:00,0.008687116205692291,0.008701705373823643,0.008686588145792484,0.008698904886841774,0.008698904886841774,0
2022-02-28 19:00:00+00:00,0.008698753081262112,0.008707767352461815,0.008696937933564186,0.008706023916602135,0.008706023916602135,0
2022-02-28 20:00:00+00:00,0.00870594847947359,0.008708525449037552,0.00869482010602951,0.008699055761098862,0.008699055761098862,0
2022-02-28 21:00:00+00:00,0.008699055761098862,0.008705493062734604,0.008694367483258247,0.008695879019796848,0.008695879019796848,0
2022-02-28 22:00:00+00:00,0.008698904886841774,0.008700191043317318,0.008694895543158054,0.008695879019796848,0.008695879019796848,0
2022-02-28 23:00:00+00:00,0.008695500902831554,0.008697694167494774,0.008689380250871181,0.008689682930707932,0.008689682930707932,0
2022-03-01 00:00:00+00:00,0.00868915393948555,0.008698677644133568,0.008673778735101223,0.008676338009536266,0.008676338009536266,0
2022-03-01 01:00:00+00:00,0.008675961755216122,0.008685079403221607,0.008675284683704376,0.008681309409439564,0.008681309409439564,0
2022-03-01 02:00:00+00:00,0.008681007660925388,0.008688097819685936,0.008679049089550972,0.008681761100888252,0.008681761100888252,0
2022-03-01 03:00:00+00:00,0.008681686595082283,0.008688097819685936,0.00868123397231102,0.008684325031936169,0.008684325031936169,0
2022-03-01 04:00:00+00:00,0.008684325031936169,0.008689607493579388,0.008681987412273884,0.008685154840350151,0.008685154840350151,0
2022-03-01 05:00:00+00:00,0.008685230277478695,0.008696408942341805,0.00868357066065073,0.00869141984730959,0.00869141984730959,0
2022-03-01 06:00:00+00:00,0.00869141984730959,0.008694895543158054,0.008686361834406853,0.008691570721566677,0.008691570721566677,0
2022-03-01 07:00:00+00:00,0.008691570721566677,0.008698677644133568,0.008689909242093563,0.008693082258105278,0.008693082258105278,0
2022-03-01 08:00:00+00:00,0.008692930452525616,0.008703977800905704,0.008690815418958664,0.008701781742274761,0.008701781742274761,0
2022-03-01 09:00:00+00:00,0.008701175451278687,0.00871763564646244,0.008698677644133568,0.008712546899914742,0.008712546899914742,0
2022-03-01 10:00:00+00:00,0.008713078685104847,0.008715356700122356,0.008703977800905704,0.008706251159310341,0.008706251159310341,0
2022-03-01 11:00:00+00:00,0.008706478402018547,0.00871763564646244,0.008706023916602135,0.008710346184670925,0.008710346184670925,0
2022-03-01 12:00:00+00:00,0.008710346184670925,0.008719916455447674,0.008704735897481441,0.008708980865776539,0.008708980865776539,0
2022-03-01 13:00:00+00:00,0.008708752691745758,0.008716115728020668,0.008699359372258186,0.008702159859240055,0.008702159859240055,0
2022-03-01 14:00:00+00:00,0.008702462539076805,0.008711560629308224,0.00870094820857048,0.008704735897481441,0.008704735897481441,0
2022-03-01 15:00:00+00:00,0.008704735897481441,0.008716875687241554,0.008699585683643818,0.008710801601409912,0.008710801601409912,0
2022-03-01 16:00:00+00:00,0.00871064979583025,0.008713837713003159,0.008701326325535774,0.008703977800905704,0.008703977800905704,0
2022-03-01 17:00:00+00:00,0.008703825995326042,0.008715356700122356,0.008702310733497143,0.008708298206329346,0.008708298206329346,0
2022-03-01 18:00:00+00:00,0.008707843720912933,0.00872067641466856,0.008706251159310341,0.008716495707631111,0.008716495707631111,0
2022-03-01 19:00:00+00:00,0.008716495707631111,0.008719155564904213,0.008702462539076805,0.008706553839147091,0.008706553839147091,0
2022-03-01 20:00:00+00:00,0.008706782013177872,0.008711560629308224,0.008702310733497143,0.008709132671356201,0.008709132671356201,0
2022-03-01 21:00:00+00:00,0.008709132671356201,0.008712319657206535,0.008701479062438011,0.008703750558197498,0.008703750558197498,0
2022-03-01 22:00:00+00:00,0.008704129606485367,0.008707767352461815,0.008702462539076805,0.008703977800905704,0.008703977800905704,0
2022-03-01 23:00:00+00:00,0.008703296072781086,0.008713837713003159,0.008702387101948261,0.0087100425735116,0.0087100425735116,0
2022-03-02 00:00:00+00:00,0.008707919158041477,0.008713837713003159,0.008693912997841835,0.008696408942341805,0.008696408942341805,0
2022-03-02 01:00:00+00:00,0.008696257136762142,0.00869943480938673,0.008689532056450844,0.008695500902831554,0.008695500902831554,0
2022-03-02 02:00:00+00:00,0.008695576339960098,0.00870094820857048,0.00869104266166687,0.008696029894053936,0.008696029894053936,0
2022-03-02 03:00:00+00:00,0.008696029894053936,0.00869943480938673,0.008691118098795414,0.008693233132362366,0.008693233132362366,0
2022-03-02 04:00:00+00:00,0.00869262870401144,0.008697164244949818,0.008690589107573032,0.008692477829754353,0.008692477829754353,0
2022-03-02 05:00:00+00:00,0.008692553266882896,0.008695651777088642,0.008687342517077923,0.008691268973052502,0.008691268973052502,0
2022-03-02 06:00:00+00:00,0.008691118098795414,0.008696408942341805,0.008682062849402428,0.008685079403221607,0.008685079403221607,0
2022-03-02 07:00:00+00:00,0.008684550411999226,0.0086903627961874,0.008682590909302235,0.008683872409164906,0.008683872409164906,0
2022-03-02 08:00:00+00:00,0.00868394784629345,0.008686588145792484,0.008675585500895977,0.00868123397231102,0.00868123397231102,0
2022-03-02 09:00:00+00:00,0.008681158535182476,0.008691118098795414,0.008676789700984955,0.008680706843733788,0.008680706843733788,0
2022-03-02 10:00:00+00:00,0.0086805559694767,0.008682817220687866,0.00867362879216671,0.008674757555127144,0.008674757555127144,0
2022-03-02 11:00:00+00:00,0.008674832060933113,0.008682062849402428,0.008674456737935543,0.008677090518176556,0.008677090518176556,0
2022-03-02 12:00:00+00:00,0.008676714263856411,0.008679802529513836,0.008665886707603931,0.008674230426549911,0.008674230426549911,0
2022-03-02 13:00:00+00:00,0.008674154989421368,0.008678295649588108,0.008663259446620941,0.00866558589041233,0.00866558589041233,0
2022-03-02 14:00:00+00:00,0.008665661327540874,0.0086700189858675,0.008655760437250137,0.008659807965159416,0.008659807965159416,0
2022-03-02 15:00:00+00:00,0.008660107851028442,0.008679049089550972,0.008652539923787117,0.008653064258396626,0.008653064258396626,0
2022-03-02 16:00:00+00:00,0.008653138764202595,0.008658008649945259,0.008644013665616512,0.008651492185890675,0.008651492185890675,0
2022-03-02 17:00:00+00:00,0.008650444447994232,0.00865351315587759,0.008646778762340546,0.008650518953800201,0.008650518953800201,0
2022-03-02 18:00:00+00:00,0.008650967851281166,0.008658758364617825,0.00864932220429182,0.008652015589177608,0.008652015589177608,0
2022-03-02 19:00:00+00:00,0.008652015589177608,0.008658008649945259,0.008650518953800201,0.008652315475046635,0.008652315475046635,0
2022-03-02 20:00:00+00:00,0.008652315475046635,0.008660257793962955,0.008651192300021648,0.008656510151922703,0.008656510151922703,0
2022-03-02 21:00:00+00:00,0.008656660094857216,0.008660257793962955,0.008653213270008564,0.008658833801746368,0.008658833801746368,0
2022-03-02 22:00:00+00:00,0.008656809106469154,0.008660257793962955,0.008655010722577572,0.008657634258270264,0.008657634258270264,0
2022-03-02 23:00:00+00:00,0.008656660094857216,0.008664010092616081,0.008656510151922703,0.00865710899233818,0.00865710899233818,0
2022-03-03 00:00:00+00:00,0.008656734600663185,0.008661008439958096,0.00864939671009779,0.008650594390928745,0.008650594390928745,0
2022-03-03 01:00:00+00:00,0.008650594390928745,0.008657258935272694,0.008645433932542801,0.008650967851281166,0.008650967851281166,0
2022-03-03 02:00:00+00:00,0.008650743402540684,0.008655010722577572,0.008645657449960709,0.008648199960589409,0.008648199960589409,0
2022-03-03 03:00:00+00:00,0.008648199960589409,0.008651267737150192,0.00864595640450716,0.008648274466395378,0.008648274466395378,0
2022-03-03 04:00:00+00:00,0.00864849891513586,0.008650518953800201,0.008641697466373444,0.008645209483802319,0.008645209483802319,0
2022-03-03 05:00:00+00:00,0.008645358495414257,0.008651267737150192,0.008644985035061836,0.008646330796182156,0.008646330796182156,0
2022-03-03 06:00:00+00:00,0.008646405301988125,0.008649022318422794,0.008641548454761505,0.008643042296171188,0.008643042296171188,0
2022-03-03 07:00:00+00:00,0.008643116801977158,0.008647526614367962,0.008640055544674397,0.008641324937343597,0.008641324937343597,0
2022-03-03 08:00:00+00:00,0.008641249500215054,0.008649022318422794,0.008636175654828548,0.008643116801977158,0.008643116801977158,0
2022-03-03 09:00:00+00:00,0.008643042296171188,0.008646778762340546,0.008634832687675953,0.008636772632598877,0.008636772632598877,0
2022-03-03 10:00:00+00:00,0.008636772632598877,0.008644537068903446,0.008636697195470333,0.008640353567898273,0.008640353567898273,0
2022-03-03 11:00:00+00:00,0.008640727028250694,0.008644537068903446,0.008636847138404846,0.008638562634587288,0.008638562634587288,0
2022-03-03 12:00:00+00:00,0.008638338185846806,0.008649771101772785,0.008638263680040836,0.008641921915113926,0.008641921915113926,0
2022-03-03 13:00:00+00:00,0.008641921915113926,0.008649771101772785,0.008640727028250694,0.008645881898701191,0.008645881898701191,0
2022-03-03 14:00:00+00:00,0.00864595640450716,0.00865351315587759,0.008642967790365219,0.008650369942188263,0.008650369942188263,0
2022-03-03 15:00:00+00:00,0.008650444447994232,0.00865950807929039,0.008647377602756023,0.008647676557302475,0.008647676557302475,0
2022-03-03 16:00:00+00:00,0.008648274466395378,0.008654261939227581,0.008645283989608288,0.00864603091031313,0.00864603091031313,0
2022-03-03 17:00:00+00:00,0.00864595640450716,0.008656510151922703,0.008644312620162964,0.008653438650071621,0.008653438650071621,0
2022-03-03 18:00:00+00:00,0.008653364144265652,0.008665511384606361,0.008653364144265652,0.008662508800625801,0.008662508800625801,0
2022-03-03 19:00:00+00:00,0.008662884123623371,0.008666262030601501,0.008660033345222473,0.008663860149681568,0.008663860149681568,0
2022-03-03 20:00:00+00:00,0.008663784712553024,0.008669267408549786,0.008661308325827122,0.008662734180688858,0.008662734180688858,0
2022-03-03 21:00:00+00:00,0.008662658743560314,0.008665511384606361,0.008660557679831982,0.008661232888698578,0.008661232888698578,0
2022-03-03 22:00:00+00:00,0.008661008439958096,0.008664759807288647,0.008659807965159416,0.008661158382892609,0.008661158382892609,0
2022-03-03 23:00:00+00:00,0.008661608211696148,0.008663259446620941,0.008658008649945259,0.008659658022224903,0.008659658022224903,0
2022-03-04 00:00:00+00:00,0.00865950807929039,0.008678295649588108,0.008658758364617825,0.008664685301482677,0.008664685301482677,0
2022-03-04 01:00:00+00:00,0.008664836175739765,0.008671523071825504,0.008653737604618073,0.008660257793962955,0.008660257793962955,0
2022-03-04 02:00:00+00:00,0.008660257793962955,0.008673778735101223,0.008659358136355877,0.008667764253914356,0.008667764253914356,0
2022-03-04 03:00:00+00:00,0.008667689748108387,0.008673778735101223,0.008665736764669418,0.008668891154229641,0.008668891154229641,0
2022-03-04 04:00:00+00:00,0.008668891154229641,0.008671523071825504,0.008662133477628231,0.008662658743560314,0.008662658743560314,0
2022-03-04 05:00:00+00:00,0.00866258330643177,0.008667013607919216,0.008658308535814285,0.008661983534693718,0.008661983534693718,0
2022-03-04 06:00:00+00:00,0.008663259446620941,0.008665511384606361,0.008655760437250137,0.008658833801746368,0.008658833801746368,0
2022-03-04 07:00:00+00:00,0.008658758364617825,0.008666262030601501,0.008655385114252567,0.008661683648824692,0.008661683648824692,0
2022-03-04 08:00:00+00:00,0.008661608211696148,0.008670770563185215,0.00865995790809393,0.008666112087666988,0.008666112087666988,0
2022-03-04 09:00:00+00:00,0.008665962144732475,0.008673778735101223,0.008663860149681568,0.008664685301482677,0.008664685301482677,0
2022-03-04 10:00:00+00:00,0.00866445992141962,0.008672274649143219,0.008660933002829552,0.008669793605804443,0.008669793605804443,0
2022-03-04 11:00:00+00:00,0.008669793605804443,0.008674531243741512,0.008664759807288647,0.00866708904504776,0.00866708904504776,0
2022-03-04 12:00:00+00:00,0.008666938170790672,0.008673026226460934,0.008661758154630661,0.008663109503686428,0.008663109503686428,0
2022-03-04 13:00:00+00:00,0.008663184009492397,0.008675284683704376,0.008660257793962955,0.008667013607919216,0.008667013607919216,0
2022-03-04 14:00:00+00:00,0.008663860149681568,0.008685833774507046,0.008663860149681568,0.008682590909302235,0.008682590909302235,0
2022-03-04 15:00:00+00:00,0.008682817220687866,0.008713837713003159,0.008680932223796844,0.008708980865776539,0.008708980865776539,0
2022-03-04 16:00:00+00:00,0.008708980865776539,0.008724480867385864,0.008705493062734604,0.008721665479242802,0.008721665479242802,0
2022-03-04 17:00:00+00:00,0.008721665479242802,0.008724480867385864,0.008703675121068954,0.00871315412223339,0.00871315412223339,0
2022-03-04 18:00:00+00:00,0.00871315412223339,0.008718395605683327,0.00870594847947359,0.008711408823728561,0.008711408823728561,0
2022-03-04 19:00:00+00:00,0.008711257018148899,0.00872067641466856,0.00870951171964407,0.00871459674090147,0.00871459674090147,0
2022-03-04 20:00:00+00:00,0.00871459674090147,0.008716115728020668,0.008703977800905704,0.00870981439948082,0.00870981439948082,0
2022-03-04 21:00:00+00:00,0.008709890767931938,0.00871680025011301,0.008704811334609985,0.008713609538972378,0.008713609538972378,0
2022-03-07 00:00:00+00:00,0.008699283003807068,0.008707009255886078,0.008690890856087208,0.008693384006619453,0.008693384006619453,0
2022-03-07 01:00:00+00:00,0.00869300588965416,0.008710801601409912,0.008692099712789059,0.00870337150990963,0.00870337150990963,0
2022-03-07 02:00:00+00:00,0.008703144267201424,0.008707767352461815,0.00869852676987648,0.008701326325535774,0.008701326325535774,0
2022-03-07 03:00:00+00:00,0.00870125088840723,0.008707009255886078,0.008699812926352024,0.008703825995326042,0.008703825995326042,0
2022-03-07 04:00:00+00:00,0.00870390236377716,0.008708525449037552,0.008701175451278687,0.008703219704329967,0.008703219704329967,0
2022-03-07 05:00:00+00:00,0.008703977800905704,0.008707009255886078,0.008698147721588612,0.00870125088840723,0.00870125088840723,0
2022-03-07 06:00:00+00:00,0.008701326325535774,0.008704735897481441,0.00869542546570301,0.00869792141020298,0.00869792141020298,0
2022-03-07 07:00:00+00:00,0.008697769604623318,0.008700191043317318,0.008685833774507046,0.008694895543158054,0.008694895543158054,0
2022-03-07 08:00:00+00:00,0.008694971911609173,0.008704735897481441,0.008691118098795414,0.008698677644133568,0.008698677644133568,0
2022-03-07 09:00:00+00:00,0.008698374964296818,0.008701705373823643,0.008689607493579388,0.008690438233315945,0.008690438233315945,0
2022-03-07 10:00:00+00:00,0.008690438233315945,0.008694140240550041,0.008685079403221607,0.0086903627961874,0.0086903627961874,0
2022-03-07 11:00:00+00:00,0.00869006011635065,0.008696408942341805,0.008687342517077923,0.008689304813742638,0.008689304813742638,0
2022-03-07 12:00:00+00:00,0.008689607493579388,0.008691872470080853,0.008673778735101223,0.008675660938024521,0.008675660938024521,0
2022-03-07 13:00:00+00:00,0.008675510063767433,0.008681309409439564,0.008670770563185215,0.008673252537846565,0.008673252537846565,0
2022-03-07 14:00:00+00:00,0.008673252537846565,0.008682817220687866,0.00866896752268076,0.008670770563185215,0.008670770563185215,0
2022-03-07 15:00:00+00:00,0.008670995943248272,0.008678295649588108,0.008663109503686428,0.008666562847793102,0.008666562847793102,0
2022-03-07 16:00:00+00:00,0.008666562847793102,0.008671523071825504,0.008660107851028442,0.008664759807288647,0.008664759807288647,0
2022-03-07 17:00:00+00:00,0.008664010092616081,0.008675284683704376,0.008663934655487537,0.008665435947477818,0.008665435947477818,0
2022-03-07 18:00:00+00:00,0.008665435947477818,0.008676036261022091,0.008663934655487537,0.008666787296533585,0.008666787296533585,0
2022-03-07 19:00:00+00:00,0.008666787296533585,0.008679049089550972,0.008664609864354134,0.008672951720654964,0.008672951720654964,0
2022-03-07 20:00:00+00:00,0.008673178032040596,0.008679049089550972,0.008668515831232071,0.00867543462663889,0.00867543462663889,0
2022-03-07 21:00:00+00:00,0.00867543462663889,0.008679802529513836,0.008670395240187645,0.008676187135279179,0.008676187135279179,0
2022-03-07 22:00:00+00:00,0.00867362879216671,0.008678295649588108,0.0086700189858675,0.008670770563185215,0.008670770563185215,0
2022-03-07 23:00:00+00:00,0.008670921437442303,0.008676789700984955,0.008667238987982273,0.008667764253914356,0.008667764253914356,0
2022-03-08 00:00:00+00:00,0.008668065071105957,0.008673778735101223,0.00865988340228796,0.008662433363497257,0.008662433363497257,0
2022-03-08 01:00:00+00:00,0.008662208914756775,0.008665511384606361,0.008656809106469154,0.008659658022224903,0.008659658022224903,0
2022-03-08 02:00:00+00:00,0.008659583516418934,0.008671523071825504,0.008659358136355877,0.00866708904504776,0.00866708904504776,0
2022-03-08 03:00:00+00:00,0.008666938170790672,0.0086700189858675,0.008660483174026012,0.008662508800625801,0.008662508800625801,0
2022-03-08 04:00:00+00:00,0.008661833591759205,0.008668515831232071,0.008660783059895039,0.008661758154630661,0.008661758154630661,0
2022-03-08 05:00:00+00:00,0.008661983534693718,0.008665511384606361,0.008657258935272694,0.008658683858811855,0.008658683858811855,0
2022-03-08 06:00:00+00:00,0.008658533915877342,0.008665511384606361,0.008655310608446598,0.008660257793962955,0.008660257793962955,0
2022-03-08 07:00:00+00:00,0.008659583516418934,0.008670770563185215,0.00865905825048685,0.008661983534693718,0.008661983534693718,0
2022-03-08 08:00:00+00:00,0.008661983534693718,0.008669267408549786,0.00865224003791809,0.008655760437250137,0.008655760437250137,0
2022-03-08 09:00:00+00:00,0.00865433644503355,0.008656510151922703,0.008647825568914413,0.008650893345475197,0.008650893345475197,0
2022-03-08 10:00:00+00:00,0.008650967851281166,0.008656510151922703,0.008647526614367962,0.008651417680084705,0.008651417680084705,0
2022-03-08 11:00:00+00:00,0.008651267737150192,0.00865351315587759,0.008642743341624737,0.008647901006042957,0.008647901006042957,0
2022-03-08 12:00:00+00:00,0.008647975511848927,0.0086527643725276,0.008639308623969555,0.008641548454761505,0.008641548454761505,0
2022-03-08 13:00:00+00:00,0.008641473948955536,0.008647526614367962,0.008636250160634518,0.00864378921687603,0.00864378921687603,0
2022-03-08 14:00:00+00:00,0.00864326674491167,0.00865950807929039,0.008641548454761505,0.008655385114252567,0.008655385114252567,0
2022-03-08 15:00:00+00:00,0.008655385114252567,0.008667013607919216,0.008650518953800201,0.008651716634631157,0.008651716634631157,0
2022-03-08 16:00:00+00:00,0.008651492185890675,0.00865351315587759,0.008642295375466347,0.008647452108561993,0.008647452108561993,0
2022-03-08 17:00:00+00:00,0.008647526614367962,0.008655010722577572,0.008642817847430706,0.008650594390928745,0.008650594390928745,0
2022-03-08 18:00:00+00:00,0.008650518953800201,0.00865351315587759,0.008640055544674397,0.008643116801977158,0.008643116801977158,0
2022-03-08 19:00:00+00:00,0.008642967790365219,0.00864603091031313,0.008639308623969555,0.008640130050480366,0.008640130050480366,0
2022-03-08 20:00:00+00:00,0.008639981038868427,0.008652015589177608,0.008639981038868427,0.008647526614367962,0.008647526614367962,0
2022-03-08 21:00:00+00:00,0.008647452108561993,0.008651267737150192,0.008644537068903446,0.008647676557302475,0.008647676557302475,0
2022-03-08 22:00:00+00:00,0.008647901006042957,0.008652015589177608,0.008641847409307957,0.008646256290376186,0.008646256290376186,0
2022-03-08 23:00:00+00:00,0.008645731955766678,0.008647077716886997,0.008639533072710037,0.008641847409307957,0.008641847409307957,0
2022-03-09 00:00:00+00:00,0.008641100488603115,0.008643042296171188,0.008629914373159409,0.008633490651845932,0.008633490651845932,0
2022-03-09 01:00:00+00:00,0.008633416146039963,0.008634832687675953,0.008626416325569153,0.008628872223198414,0.008628872223198414,0
2022-03-09 02:00:00+00:00,0.008628946729004383,0.008636324666440487,0.008628127165138721,0.008632075041532516,0.008632075041532516,0
2022-03-09 03:00:00+00:00,0.008631851524114609,0.008637816645205021,0.008630882948637009,0.008633341640233994,0.008633341640233994,0
2022-03-09 04:00:00+00:00,0.008633043617010117,0.008637816645205021,0.008631106466054916,0.008634013123810291,0.008634013123810291,0
2022-03-09 05:00:00+00:00,0.00863408762961626,0.008640801534056664,0.008633640594780445,0.008636772632598877,0.008636772632598877,0
2022-03-09 06:00:00+00:00,0.008637070655822754,0.008645283989608288,0.00863557867705822,0.008637294173240662,0.008637294173240662,0
2022-03-09 07:00:00+00:00,0.008637592196464539,0.008641548454761505,0.008629542775452137,0.008630361407995224,0.008630361407995224,0
2022-03-09 08:00:00+00:00,0.008629542775452137,0.008642295375466347,0.00862917024642229,0.008634385652840137,0.008634385652840137,0
2022-03-09 09:00:00+00:00,0.008634311147034168,0.008639308623969555,0.008628872223198414,0.008631404489278793,0.008631404489278793,0
2022-03-09 10:00:00+00:00,0.008631851524114609,0.008637816645205021,0.008628872223198414,0.008630584925413132,0.008630584925413132,0
2022-03-09 11:00:00+00:00,0.008630584925413132,0.00863408762961626,0.008624407462775707,0.008626936934888363,0.008626936934888363,0
2022-03-09 12:00:00+00:00,0.008627234026789665,0.00863557867705822,0.008625523187220097,0.008632373064756393,0.008632373064756393,0
2022-03-09 13:00:00+00:00,0.008632298558950424,0.00864378921687603,0.008631106466054916,0.008638040162622929,0.008638040162622929,0
2022-03-09 14:00:00+00:00,0.008638562634587288,0.008655760437250137,0.008633864112198353,0.008638786152005196,0.008638786152005196,0
2022-03-09 15:00:00+00:00,0.00863886158913374,0.008647526614367962,0.00863274559378624,0.008634758181869984,0.008634758181869984,0
2022-03-09 16:00:00+00:00,0.008634683676064014,0.008645283989608288,0.008630137890577316,0.008630435913801193,0.008630435913801193,0
2022-03-09 17:00:00+00:00,0.008630435913801193,0.008640801534056664,0.008628872223198414,0.008636399172246456,0.008636399172246456,0
2022-03-09 18:00:00+00:00,0.008636175654828548,0.008640055544674397,0.008628127165138721,0.008631106466054916,0.008631106466054916,0
2022-03-09 19:00:00+00:00,0.008629840798676014,0.008636324666440487,0.008628723211586475,0.008632596582174301,0.008632596582174301,0
2022-03-09 20:00:00+00:00,0.008632596582174301,0.008638562634587288,0.008630361407995224,0.00863550417125225,0.00863550417125225,0
2022-03-09 21:00:00+00:00,0.008635429665446281,0.008637070655822754,0.008629988878965378,0.008635429665446281,0.008635429665446281,0
2022-03-09 22:00:00+00:00,0.008634534664452076,0.008638711646199226,0.008629617281258106,0.008630286902189255,0.008630286902189255,0
2022-03-09 23:00:00+00:00,0.008630212396383286,0.00863408762961626,0.008624481968581676,0.008628127165138721,0.008628127165138721,0
2022-03-10 00:00:00+00:00,0.008627532050013542,0.008631851524114609,0.00861979741603136,0.00862314272671938,0.00862314272671938,0
2022-03-10 01:00:00+00:00,0.008622993715107441,0.008626638911664486,0.008612225763499737,0.008617124520242214,0.008617124520242214,0
2022-03-10 02:00:00+00:00,0.00861704908311367,0.008619946427643299,0.008613190613687038,0.008615490980446339,0.008615490980446339,0
2022-03-10 03:00:00+00:00,0.008615639060735703,0.008617717772722244,0.008606147952377796,0.008608519099652767,0.008608519099652767,0
2022-03-10 04:00:00+00:00,0.00860814843326807,0.008615490980446339,0.008608074858784676,0.00861007533967495,0.00861007533967495,0
2022-03-10 05:00:00+00:00,0.008609852753579617,0.008616975508630276,0.008608815260231495,0.008613931946456432,0.008613931946456432,0
2022-03-10 06:00:00+00:00,0.008613857440650463,0.008622176013886929,0.008613190613687038,0.00861875806003809,0.00861875806003809,0
2022-03-10 07:00:00+00:00,0.008618831634521484,0.008628872223198414,0.008618460968136787,0.008626638911664486,0.008626638911664486,0
2022-03-10 08:00:00+00:00,0.008626416325569153,0.008637070655822754,0.008625001646578312,0.008629392832517624,0.008629392832517624,0
2022-03-10 09:00:00+00:00,0.008629095740616322,0.00863408762961626,0.008621061220765114,0.008625299669802189,0.008625299669802189,0
2022-03-10 10:00:00+00:00,0.00862515065819025,0.008629617281258106,0.008617717772722244,0.008621656335890293,0.008621656335890293,0
2022-03-10 11:00:00+00:00,0.008621729910373688,0.008629617281258106,0.008620689623057842,0.008624407462775707,0.008624407462775707,0
2022-03-10 12:00:00+00:00,0.008625001646578312,0.00863408762961626,0.008622176013886929,0.008626713417470455,0.008626713417470455,0
2022-03-10 13:00:00+00:00,0.008626862429082394,0.00863408762961626,0.008614006452262402,0.008615490980446339,0.008615490980446339,0
2022-03-10 14:00:00+00:00,0.008615936152637005,0.008618460968136787,0.008605851791799068,0.008607333526015282,0.008607333526015282,0
2022-03-10 15:00:00+00:00,0.008607333526015282,0.008628127165138721,0.008606592193245888,0.008622474037110806,0.008622474037110806,0
2022-03-10 16:00:00+00:00,0.008622474037110806,0.008626638911664486,0.008615193888545036,0.008617124520242214,0.008617124520242214,0
2022-03-10 17:00:00+00:00,0.008617717772722244,0.008620689623057842,0.008610297925770283,0.008611929602921009,0.008611929602921009,0
2022-03-10 18:00:00+00:00,0.008612004108726978,0.008616975508630276,0.008609556593000889,0.008612893521785736,0.008612893521785736,0
2022-03-10 19:00:00+00:00,0.008612744510173798,0.008618460968136787,0.008612522855401039,0.008613190613687038,0.008613190613687038,0
2022-03-10 20:00:00+00:00,0.00861311610788107,0.00861920416355133,0.008611039258539677,0.008612077683210373,0.008612077683210373,0
2022-03-10 21:00:00+00:00,0.008612077683210373,0.00861474871635437,0.008609852753579617,0.008611039258539677,0.008611039258539677,0
2022-03-10 22:00:00+00:00,0.008610816672444344,0.008616826497018337,0.008610297925770283,0.008611409924924374,0.008611409924924374,0
2022-03-10 23:00:00+00:00,0.00861118733882904,0.008612670935690403,0.008604222908616066,0.00860762968659401,0.00860762968659401,0
2022-03-11 00:00:00+00:00,0.008607333526015282,0.008612522855401039,0.008592394180595875,0.008596973493695259,0.008596973493695259,0
2022-03-11 01:00:00+00:00,0.008597121573984623,0.008606592193245888,0.008594978600740433,0.008599265478551388,0.008599265478551388,0
2022-03-11 02:00:00+00:00,0.008599191904067993,0.008605851791799068,0.00859904382377863,0.008601410314440727,0.008601410314440727,0
2022-03-11 03:00:00+00:00,0.008601854555308819,0.00860437098890543,0.008585164323449135,0.008587377145886421,0.008587377145886421,0
2022-03-11 04:00:00+00:00,0.008587597869336605,0.008591065183281898,0.008578830398619175,0.008579419925808907,0.008579419925808907,0
2022-03-11 05:00:00+00:00,0.008579199202358723,0.008585164323449135,0.008565310388803482,0.008569421246647835,0.008569421246647835,0
2022-03-11 06:00:00+00:00,0.008569641038775444,0.008580008521676064,0.008566778153181076,0.00856824591755867,0.00856824591755867,0
2022-03-11 07:00:00+00:00,0.008567658253014088,0.008573388680815697,0.008561643771827221,0.00856824591755867,0.00856824591755867,0
2022-03-11 08:00:00+00:00,0.008567731827497482,0.008571184240281582,0.00854839663952589,0.008549931459128857,0.008549931459128857,0
2022-03-11 09:00:00+00:00,0.008549858815968037,0.00855578389018774,0.008542555384337902,0.008550808764994144,0.008550808764994144,0
2022-03-11 10:00:00+00:00,0.00855066254734993,0.008563843555748463,0.008549931459128857,0.008555636741220951,0.008555636741220951,0
2022-03-11 11:00:00+00:00,0.008555198088288307,0.008563843555748463,0.008547227829694748,0.008554978296160698,0.008554978296160698,0
2022-03-11 12:00:00+00:00,0.008555051870644093,0.008562376722693443,0.008549858815968037,0.00855578389018774,0.00855578389018774,0
2022-03-11 13:00:00+00:00,0.00855578389018774,0.008562376722693443,0.008549200370907784,0.008553295396268368,0.008553295396268368,0
2022-03-11 14:00:00+00:00,0.008553076535463333,0.008559444919228554,0.008549931459128857,0.008554392494261265,0.008554392494261265,0
2022-03-11 15:00:00+00:00,0.00855424627661705,0.008558712899684906,0.008547008968889713,0.008547739125788212,0.008547739125788212,0
2022-03-11 16:00:00+00:00,0.008547446690499783,0.008551393635571003,0.008533733896911144,0.008540439419448376,0.008540439419448376,0
2022-03-11 17:00:00+00:00,0.008540512062609196,0.008544087409973145,0.008531404659152031,0.0085325688123703,0.0085325688123703,0
2022-03-11 18:00:00+00:00,0.00853264145553112,0.00853825081139803,0.008524422533810139,0.008528857491910458,0.008528857491910458,0
2022-03-11 19:00:00+00:00,0.008528930135071278,0.00853242352604866,0.008520790375769138,0.008521589450538158,0.008521589450538158,0
2022-03-11 20:00:00+00:00,0.008521516807377338,0.008530966937541962,0.008521371521055698,0.008529148064553738,0.008529148064553738,0
2022-03-11 21:00:00+00:00,0.008528857491910458,0.008531695231795311,0.008524349890649319,0.008527475409209728,0.008527475409209728,0
2022-03-14 00:00:00+00:00,0.008508320897817612,0.008516436442732811,0.008502678014338017,0.008508466184139252,0.008508466184139252,0
2022-03-14 01:00:00+00:00,0.008509406819939613,0.008514986373484135,0.008493506349623203,0.008494877256453037,0.008494877256453037,0
2022-03-14 02:00:00+00:00,0.008494949899613857,0.008499064482748508,0.008483203127980232,0.00848644319921732,0.00848644319921732,0
2022-03-14 03:00:00+00:00,0.00848644319921732,0.008491847664117813,0.008485794998705387,0.008487307466566563,0.008487307466566563,0
2022-03-14 04:00:00+00:00,0.008487379178404808,0.008504124358296394,0.008486227132380009,0.008500365540385246,0.008500365540385246,0
2022-03-14 05:00:00+00:00,0.008500365540385246,0.008501955308020115,0.00848802737891674,0.008488460443913937,0.008488460443913937,0
2022-03-14 06:00:00+00:00,0.008488964289426804,0.008493290282785892,0.00848644319921732,0.008488244377076626,0.008488244377076626,0
2022-03-14 07:00:00+00:00,0.008487739600241184,0.008499064482748508,0.008487379178404808,0.008494516834616661,0.008494516834616661,0
2022-03-14 08:00:00+00:00,0.008494588546454906,0.008498342707753181,0.00848665926605463,0.008493434637784958,0.008493434637784958,0
2022-03-14 09:00:00+00:00,0.008493434637784958,0.008495454676449299,0.008480037562549114,0.008481044322252274,0.008481044322252274,0
2022-03-14 10:00:00+00:00,0.008480972610414028,0.008485362865030766,0.008470126427710056,0.008471130393445492,0.008471130393445492,0
2022-03-14 11:00:00+00:00,0.008471058681607246,0.008481764234602451,0.008470915257930756,0.00847780890762806,0.00847780890762806,0
2022-03-14 12:00:00+00:00,0.00847780890762806,0.008488964289426804,0.008477305993437767,0.008481260389089584,0.008481260389089584,0
2022-03-14 13:00:00+00:00,0.008481260389089584,0.008486082777380943,0.008472422137856483,0.008474001660943031,0.008474001660943031,0
2022-03-14 14:00:00+00:00,0.008474001660943031,0.008487523533403873,0.008473140187561512,0.00848154816776514,0.00848154816776514,0
2022-03-14 15:00:00+00:00,0.008481476455926895,0.00848392304033041,0.008474361151456833,0.008474576286971569,0.008474576286971569,0
2022-03-14 16:00:00+00:00,0.008474504575133324,0.008481764234602451,0.008472350426018238,0.008476803079247475,0.008476803079247475,0
2022-03-14 17:00:00+00:00,0.00847673136740923,0.00848392304033041,0.008476012386381626,0.00847701821476221,0.00847701821476221,0
2022-03-14 18:00:00+00:00,0.00847701821476221,0.008479606360197067,0.008467472158372402,0.008467615582048893,0.008467615582048893,0
2022-03-14 19:00:00+00:00,0.008467759005725384,0.008470986969769001,0.008460809476673603,0.00846116803586483,0.00846116803586483,0
2022-03-14 20:00:00+00:00,0.00846116803586483,0.00846811756491661,0.00845880527049303,0.008461668156087399,0.008461668156087399,0
2022-03-14 21:00:00+00:00,0.008461525663733482,0.008467400446534157,0.008459950797259808,0.008461525663733482,0.008461525663733482,0
2022-03-14 22:00:00+00:00,0.00846181157976389,0.008463100530207157,0.00845287088304758,0.008454372175037861,0.008454372175037861,0
2022-03-14 23:00:00+00:00,0.008454372175037861,0.008460952900350094,0.008453300222754478,0.00845880527049303,0.00845880527049303,0
2022-03-15 00:00:00+00:00,0.008458948694169521,0.008468834683299065,0.00845573004335165,0.00846030842512846,0.00846030842512846,0
2022-03-15 01:00:00+00:00,0.008459950797259808,0.008463100530207157,0.008442309685051441,0.008451299741864204,0.008451299741864204,0
2022-03-15 02:00:00+00:00,0.00845144223421812,0.00845880527049303,0.008447087369859219,0.008453085087239742,0.008453085087239742,0
2022-03-15 03:00:00+00:00,0.00845287088304758,0.008460236713290215,0.008447729982435703,0.008450942113995552,0.008450942113995552,0
2022-03-15 04:00:00+00:00,0.008450656197965145,0.008455944247543812,0.008448086678981781,0.008448372595012188,0.008448372595012188,0
2022-03-15 05:00:00+00:00,0.008448372595012188,0.008453085087239742,0.008446445688605309,0.008450799621641636,0.008450799621641636,0
2022-03-15 06:00:00+00:00,0.008451013825833797,0.008456659503281116,0.008448729291558266,0.008450228720903397,0.008450228720903397,0
2022-03-15 07:00:00+00:00,0.00845001358538866,0.008487523533403873,0.008448800072073936,0.008478887379169464,0.008478887379169464,0
2022-03-15 08:00:00+00:00,0.008476228453218937,0.008497620932757854,0.008470269851386547,0.008489469066262245,0.008489469066262245,0
2022-03-15 09:00:00+00:00,0.008489469066262245,0.008491847664117813,0.00847385823726654,0.008476516231894493,0.008476516231894493,0
2022-03-15 10:00:00+00:00,0.008476516231894493,0.008481764234602451,0.008470986969769001,0.00847371481359005,0.00847371481359005,0
2022-03-15 11:00:00+00:00,0.008473498746752739,0.008483203127980232,0.008467328734695911,0.00848140474408865,0.00848140474408865,0
2022-03-15 12:00:00+00:00,0.00848392304033041,0.008491847664117813,0.008475294336676598,0.008476371876895428,0.008476371876895428,0
2022-03-15 13:00:00+00:00,0.008476371876895428,0.008486802689731121,0.008471345528960228,0.008483490906655788,0.008483490906655788,0
2022-03-15 14:00:00+00:00,0.008483563549816608,0.008486802689731121,0.00846030842512846,0.008466037921607494,0.008466037921607494,0
2022-03-15 15:00:00+00:00,0.008465895429253578,0.008468834683299065,0.008456087671220303,0.00846045184880495,0.00846045184880495,0
2022-03-15 16:00:00+00:00,0.008460236713290215,0.008463100530207157,0.008450085297226906,0.008452299982309341,0.008452299982309341,0
2022-03-15 17:00:00+00:00,0.008452370762825012,0.008460236713290215,0.008450228720903397,0.008450299501419067,0.008450299501419067,0
2022-03-15 18:00:00+00:00,0.008450371213257313,0.008455944247543812,0.008446088060736656,0.008451942354440689,0.008451942354440689,0
2022-03-15 19:00:00+00:00,0.008451728150248528,0.008458090014755726,0.008451299741864204,0.008453656919300556,0.008453656919300556,0
2022-03-15 20:00:00+00:00,0.00845337100327015,0.008458090014755726,0.008450656197965145,0.008453800342977047,0.008453800342977047,0
2022-03-15 21:00:00+00:00,0.008453800342977047,0.008458233438432217,0.008450228720903397,0.008452942594885826,0.008452942594885826,0
2022-03-15 22:00:00+00:00,0.00845351442694664,0.008455229923129082,0.008449442684650421,0.008452084846794605,0.008452084846794605,0
2022-03-15 23:00:00+00:00,0.008451798930764198,0.008457374759018421,0.008451798930764198,0.008453085087239742,0.008453085087239742,0
2022-03-16 00:00:00+00:00,0.008452299982309341,0.008455229923129082,0.008443948812782764,0.008444590494036674,0.008444590494036674,0
2022-03-16 01:00:00+00:00,0.008444519713521004,0.00845952145755291,0.008444305509328842,0.008455229923129082,0.008455229923129082,0
2022-03-16 02:00:00+00:00,0.008455229923129082,0.008462385274469852,0.008454157039523125,0.008458233438432217,0.008458233438432217,0
2022-03-16 03:00:00+00:00,0.00845880527049303,0.008462385274469852,0.008455014787614346,0.008458305150270462,0.008458305150270462,0
2022-03-16 04:00:00+00:00,0.008458090014755726,0.008463816717267036,0.00845716055482626,0.008458519354462624,0.008458519354462624,0
2022-03-16 05:00:00+00:00,0.008458161726593971,0.008462385274469852,0.008455229923129082,0.008460952900350094,0.008460952900350094,0
2022-03-16 06:00:00+00:00,0.008460594341158867,0.008463100530207157,0.008450656197965145,0.00845716055482626,0.00845716055482626,0
2022-03-16 07:00:00+00:00,0.008457088842988014,0.008460952900350094,0.00844730157405138,0.008448300883173943,0.008448300883173943,0
2022-03-16 08:00:00+00:00,0.008448229171335697,0.008458090014755726,0.00844787247478962,0.008451728150248528,0.008451728150248528,0
2022-03-16 09:00:00+00:00,0.008451656438410282,0.008455944247543812,0.008448800072073936,0.008451084606349468,0.008451084606349468,0
2022-03-16 10:00:00+00:00,0.008451656438410282,0.008457374759018421,0.008449156768620014,0.008452799171209335,0.008452799171209335,0
2022-03-16 11:00:00+00:00,0.008452942594885826,0.008463100530207157,0.008451656438410282,0.008457232266664505,0.008457232266664505,0
2022-03-16 12:00:00+00:00,0.008457232266664505,0.00845952145755291,0.008450085297226906,0.008452084846794605,0.008452084846794605,0
2022-03-16 13:00:00+00:00,0.00845215655863285,0.00845952145755291,0.008451656438410282,0.008452370762825012,0.008452370762825012,0
2022-03-16 14:00:00+00:00,0.00845287088304758,0.008461668156087399,0.008445018902420998,0.008445161394774914,0.008445161394774914,0
2022-03-16 15:00:00+00:00,0.008445161394774914,0.008452370762825012,0.008437109179794788,0.008439174853265285,0.008439174853265285,0
2022-03-16 16:00:00+00:00,0.008439317345619202,0.008445232175290585,0.008432556875050068,0.008433552458882332,0.008433552458882332,0
2022-03-16 17:00:00+00:00,0.008433480747044086,0.008438106626272202,0.008428860455751419,0.008432983420789242,0.008432983420789242,0
2022-03-16 18:00:00+00:00,0.008432911708950996,0.008435259573161602,0.008394754491746426,0.008426942862570286,0.008426942862570286,0
2022-03-16 19:00:00+00:00,0.008427439257502556,0.008435971103608608,0.008419421501457691,0.008431063033640385,0.008431063033640385,0
2022-03-16 20:00:00+00:00,0.008430992253124714,0.008435259573161602,0.008419634774327278,0.008425451815128326,0.008425451815128326,0
2022-03-16 21:00:00+00:00,0.008425806649029255,0.008430209942162037,0.00841927994042635,0.00842027273029089,0.00842027273029089,0
2022-03-16 22:00:00+00:00,0.008421052247285843,0.00842318031936884,0.008403502404689789,0.008415383286774158,0.008415383286774158,0
2022-03-16 23:00:00+00:00,0.008414249867200851,0.00842034351080656,0.008411419577896595,0.008412197232246399,0.008412197232246399,0
2022-03-17 00:00:00+00:00,0.008412621915340424,0.008417508564889431,0.00840152520686388,0.00841184426099062,0.00841184426099062,0
2022-03-17 01:00:00+00:00,0.008411490358412266,0.008426729589700699,0.008409226313233376,0.00842126552015543,0.00842126552015543,0
2022-03-17 02:00:00+00:00,0.0084217619150877,0.00842530932277441,0.00841318815946579,0.008421620354056358,0.008421620354056358,0
2022-03-17 03:00:00+00:00,0.008421691134572029,0.008434548042714596,0.008421477861702442,0.008424386382102966,0.008424386382102966,0
2022-03-17 04:00:00+00:00,0.008424174040555954,0.008428149856626987,0.008418429642915726,0.008421194739639759,0.008421194739639759,0
2022-03-17 05:00:00+00:00,0.008421194739639759,0.008423889987170696,0.00841602124273777,0.008416233584284782,0.008416233584284782,0
2022-03-17 06:00:00+00:00,0.008416799828410149,0.00842530932277441,0.008413896895945072,0.00841687060892582,0.00841687060892582,0
2022-03-17 07:00:00+00:00,0.00841687060892582,0.00842957105487585,0.00841375533491373,0.008426729589700699,0.008426729589700699,0
2022-03-17 08:00:00+00:00,0.008426729589700699,0.008431702852249146,0.008419634774327278,0.008427439257502556,0.008427439257502556,0
2022-03-17 09:00:00+00:00,0.008425948210060596,0.00843383651226759,0.008422116748988628,0.008429997600615025,0.008429997600615025,0
2022-03-17 10:00:00+00:00,0.008429784327745438,0.008441668003797531,0.008428149856626987,0.008432485163211823,0.008432485163211823,0
2022-03-17 11:00:00+00:00,0.008432911708950996,0.008435971103608608,0.008428149856626987,0.00842992588877678,0.00842992588877678,0
2022-03-17 12:00:00+00:00,0.00842957105487585,0.00843383651226759,0.008416516706347466,0.008418642915785313,0.008418642915785313,0
2022-03-17 13:00:00+00:00,0.008418713696300983,0.008424599654972553,0.008414462208747864,0.008420910686254501,0.008420910686254501,0
2022-03-17 14:00:00+00:00,0.008421123959124088,0.008431702852249146,0.00841609202325344,0.00842474214732647,0.00842474214732647,0
2022-03-17 15:00:00+00:00,0.008424671366810799,0.008448086678981781,0.008423889987170696,0.008443450555205345,0.008443450555205345,0
2022-03-17 16:00:00+00:00,0.008443450555205345,0.008448800072073936,0.008438106626272202,0.00844530388712883,0.00844530388712883,0
2022-03-17 17:00:00+00:00,0.00844530388712883,0.008450228720903397,0.008439530618488789,0.008440599776804447,0.008440599776804447,0
2022-03-17 18:00:00+00:00,0.008440385572612286,0.008442381396889687,0.008431632071733475,0.008433054201304913,0.008433054201304913,0
2022-03-17 19:00:00+00:00,0.008433124981820583,0.008435971103608608,0.008427155204117298,0.008428647182881832,0.008428647182881832,0
2022-03-17 20:00:00+00:00,0.008428647182881832,0.008435971103608608,0.008426729589700699,0.008432058617472649,0.008432058617472649,0
2022-03-17 21:00:00+00:00,0.008432556875050068,0.00843497458845377,0.008429855108261108,0.008431774564087391,0.008431774564087391,0
2022-03-17 22:00:00+00:00,0.008431632071733475,0.008437395095825195,0.008430281654000282,0.008435117080807686,0.008435117080807686,0
2022-03-17 23:00:00+00:00,0.008434832096099854,0.008442381396889687,0.00843212939798832,0.008439530618488789,0.008439530618488789,0
2022-03-18 00:00:00+00:00,0.00843974482268095,0.008443092927336693,0.008423606865108013,0.008425096981227398,0.008425096981227398,0
2022-03-18 01:00:00+00:00,0.008424883708357811,0.008430281654000282,0.008421620354056358,0.008424032479524612,0.008424032479524612,0
2022-03-18 02:00:00+00:00,0.008423677645623684,0.008426729589700699,0.00841736700385809,0.0084217619150877,0.0084217619150877,0
2022-03-18 03:00:00+00:00,0.00842183269560337,0.008426729589700699,0.008418926037847996,0.008419209159910679,0.008419209159910679,0
2022-03-18 04:00:00+00:00,0.008419209159910679,0.008423889987170696,0.008419138379395008,0.008419917896389961,0.008419917896389961,0
2022-03-18 05:00:00+00:00,0.00841977633535862,0.008426019921898842,0.008418217301368713,0.008420981466770172,0.008420981466770172,0
2022-03-18 06:00:00+00:00,0.008420910686254501,0.008422470651566982,0.008411560207605362,0.00841375533491373,0.00841375533491373,0
2022-03-18 07:00:00+00:00,0.008413542062044144,0.008417508564889431,0.008402654901146889,0.00841283518821001,0.00841283518821001,0
2022-03-18 08:00:00+00:00,0.00841283518821001,0.008421052247285843,0.00840830709785223,0.00841325893998146,0.00841325893998146,0
2022-03-18 09:00:00+00:00,0.00841283518821001,0.00841467548161745,0.008405480533838272,0.00840830709785223,0.00840830709785223,0
2022-03-18 10:00:00+00:00,0.008408519439399242,0.00841184426099062,0.008394332602620125,0.008398703299462795,0.008398703299462795,0
2022-03-18 11:00:00+00:00,0.008398138917982578,0.008404773660004139,0.008397716097533703,0.008400538004934788,0.008400538004934788,0
2022-03-18 12:00:00+00:00,0.008400467224419117,0.008403361774981022,0.008385603316128254,0.008390529081225395,0.008390529081225395,0
2022-03-18 13:00:00+00:00,0.008390388451516628,0.008393486961722374,0.00837520882487297,0.008389120921492577,0.008389120921492577,0
2022-03-18 14:00:00+00:00,0.008389120921492577,0.008396306075155735,0.008381526917219162,0.008388277143239975,0.008388277143239975,0
2022-03-18 15:00:00+00:00,0.008388206362724304,0.008397011086344719,0.008383986540138721,0.008390035480260849,0.008390035480260849,0
2022-03-18 16:00:00+00:00,0.00839010626077652,0.008397011086344719,0.008389965631067753,0.008392993360757828,0.008392993360757828,0
2022-03-18 17:00:00+00:00,0.00839278195053339,0.008395601063966751,0.008390669710934162,0.00839207787066698,0.00839207787066698,0
2022-03-18 18:00:00+00:00,0.00839207787066698,0.008396306075155735,0.008389050140976906,0.008394543081521988,0.008394543081521988,0
2022-03-18 19:00:00+00:00,0.008394473232328892,0.00839983206242323,0.008392500691115856,0.008394050411880016,0.008394050411880016,0
2022-03-18 20:00:00+00:00,0.008393979631364346,0.008397716097533703,0.008391795679926872,0.008394825272262096,0.008394825272262096,0
2022-03-21 00:00:00+00:00,0.008384830318391323,0.008394896052777767,0.008383283391594887,0.00839278195053339,0.00839278195053339,0
2022-03-21 01:00:00+00:00,0.008390529081225395,0.008394896052777767,0.008387573063373566,0.008389965631067753,0.008389965631067753,0
2022-03-21 02:00:00+00:00,0.008389684371650219,0.008396306075155735,0.008389613591134548,0.00839207787066698,0.00839207787066698,0
2022-03-21 03:00:00+00:00,0.008391937240958214,0.008393486961722374,0.00838940218091011,0.008389965631067753,0.008389965631067753,0
2022-03-21 04:00:00+00:00,0.008389754220843315,0.00839278195053339,0.008385955356061459,0.00838637724518776,0.00838637724518776,0
2022-03-21 05:00:00+00:00,0.008386025205254555,0.008388558402657509,0.008382932282984257,0.008384338580071926,0.008384338580071926,0
2022-03-21 06:00:00+00:00,0.008383916690945625,0.008388558402657509,0.008382581174373627,0.008385322988033295,0.008385322988033295,0
2022-03-21 07:00:00+00:00,0.00838497094810009,0.008391373790800571,0.008382932282984257,0.008388628251850605,0.008388628251850605,0
2022-03-21 08:00:00+00:00,0.008388839662075043,0.008393486961722374,0.00838644802570343,0.008389754220843315,0.008389754220843315,0
2022-03-21 09:00:00+00:00,0.008388768881559372,0.008391373790800571,0.008383635431528091,0.0083878543227911,0.0083878543227911,0
2022-03-21 10:00:00+00:00,0.00838644802570343,0.008393486961722374,0.008386236615478992,0.008387924171984196,0.008387924171984196,0
2022-03-21 11:00:00+00:00,0.008387994952499866,0.008398421108722687,0.008387009613215923,0.008391233161091805,0.008391233161091805,0
2022-03-21 12:00:00+00:00,0.008391162380576134,0.008394191041588783,0.008383916690945625,0.008387783542275429,0.008387783542275429,0
2022-03-21 13:00:00+00:00,0.0083878543227911,0.008397011086344719,0.00838644802570343,0.00839278195053339,0.00839278195053339,0
2022-03-21 14:00:00+00:00,0.008391655050218105,0.008397716097533703,0.008388558402657509,0.008393698371946812,0.008393698371946812,0
2022-03-21 15:00:00+00:00,0.008393698371946812,0.008397716097533703,0.008386165834963322,0.008391866460442543,0.008391866460442543,0
2022-03-21 16:00:00+00:00,0.008391866460442543,0.008397716097533703,0.00838279165327549,0.008385040797293186,0.008385040797293186,0
2022-03-21 17:00:00+00:00,0.008384618908166885,0.00838715024292469,0.008370301686227322,0.008377455174922943,0.008377455174922943,0
2022-03-21 18:00:00+00:00,0.008377243764698505,0.008379420265555382,0.00836960133165121,0.008370301686227322,0.008370301686227322,0
2022-03-21 19:00:00+00:00,0.008370022289454937,0.008373807184398174,0.0083689009770751,0.008369321003556252,0.008369321003556252,0
2022-03-21 20:00:00+00:00,0.008369461633265018,0.008374507538974285,0.008368200622498989,0.008370301686227322,0.008370301686227322,0
2022-03-21 21:00:00+00:00,0.008370582014322281,0.008374507538974285,0.00836960133165121,0.008370933122932911,0.008370933122932911,0
2022-03-21 22:00:00+00:00,0.008371072821319103,0.008374507538974285,0.00836960133165121,0.008371704258024693,0.008371704258024693,0
2022-03-21 23:00:00+00:00,0.008370231837034225,0.008371704258024693,0.008359316736459732,0.008362183347344398,0.008362183347344398,0
2022-03-22 00:00:00+00:00,0.008361833170056343,0.008364700712263584,0.008328267373144627,0.0083372937515378,0.0083372937515378,0
2022-03-22 01:00:00+00:00,0.0083372937515378,0.008347942493855953,0.008334374986588955,0.008343345485627651,0.008343345485627651,0
2022-03-22 02:00:00+00:00,0.008343414403498173,0.008345155045390129,0.008338614366948605,0.008343067020177841,0.008343067020177841,0
2022-03-22 03:00:00+00:00,0.008341814391314983,0.008345155045390129,0.008337710984051228,0.00833972729742527,0.00833972729742527,0
2022-03-22 04:00:00+00:00,0.008339587599039078,0.008341675624251366,0.008301235735416412,0.00830744206905365,0.00830744206905365,0
2022-03-22 05:00:00+00:00,0.00830723438411951,0.008316008374094963,0.008304889313876629,0.008310963399708271,0.008310963399708271,0
2022-03-22 06:00:00+00:00,0.008310617879033089,0.008313934318721294,0.008299857378005981,0.008300752379000187,0.008300752379000187,0
2022-03-22 07:00:00+00:00,0.00830089021474123,0.008307717740535736,0.008299099281430244,0.008301096968352795,0.008301096968352795,0
2022-03-22 08:00:00+00:00,0.008301096968352795,0.00831255130469799,0.00829889252781868,0.008302200585603714,0.008302200585603714,0
2022-03-22 09:00:00+00:00,0.008301579393446445,0.008305647410452366,0.008272324688732624,0.008276090025901794,0.008276090025901794,0
2022-03-22 10:00:00+00:00,0.00827574823051691,0.008278830908238888,0.008262209594249725,0.008272804319858551,0.008272804319858551,0
2022-03-22 11:00:00+00:00,0.008272667415440083,0.00829393696039915,0.008268904872238636,0.008279585279524326,0.008279585279524326,0
2022-03-22 12:00:00+00:00,0.008279653266072273,0.00830909889191389,0.008270751684904099,0.00829538144171238,0.00829538144171238,0
2022-03-22 13:00:00+00:00,0.008295451290905476,0.008300821296870708,0.008286377415060997,0.008290705271065235,0.008290705271065235,0
2022-03-22 14:00:00+00:00,0.008290705271065235,0.00829393696039915,0.008279242552816868,0.008280613459646702,0.008280613459646702,0
2022-03-22 15:00:00+00:00,0.008280613459646702,0.008291874080896378,0.008277186192572117,0.008287269622087479,0.008287269622087479,0
2022-03-22 16:00:00+00:00,0.008287338539958,0.008299443870782852,0.008285416290163994,0.008287063799798489,0.008287063799798489,0
2022-03-22 17:00:00+00:00,0.008286857977509499,0.00829049851745367,0.008276638574898243,0.00827691238373518,0.00827691238373518,0
2022-03-22 18:00:00+00:00,0.00827691238373518,0.008287063799798489,0.008276569657027721,0.008283357135951519,0.008283357135951519,0
2022-03-22 19:00:00+00:00,0.008283288218080997,0.008286377415060997,0.008279379457235336,0.00828054454177618,0.00828054454177618,0
2022-03-22 20:00:00+00:00,0.00828054454177618,0.008282259106636047,0.008275679312646389,0.008280887268483639,0.008280887268483639,0
2022-03-22 21:00:00+00:00,0.008280339650809765,0.00828322023153305,0.00827533658593893,0.008277117274701595,0.008277117274701595,0
2022-03-22 22:00:00+00:00,0.008276569657027721,0.008279516361653805,0.008244702592492104,0.008251641876995564,0.008251641876995564,0
2022-03-22 23:00:00+00:00,0.008251710794866085,0.008261049166321754,0.008236282505095005,0.008240694180130959,0.008240694180130959,0
2022-03-23 00:00:00+00:00,0.0082414411008358,0.008259684778749943,0.008241033181548119,0.008256548084318638,0.008256548084318638,0
2022-03-23 01:00:00+00:00,0.008256342262029648,0.008280887268483639,0.00825150590389967,0.008254911750555038,0.008254911750555038,0
2022-03-23 02:00:00+00:00,0.008253549225628376,0.008271298371255398,0.008252458646893501,0.008262482471764088,0.008262482471764088,0
2022-03-23 03:00:00+00:00,0.00826241448521614,0.008267879486083984,0.00825572945177555,0.008260366506874561,0.008260366506874561,0
2022-03-23 04:00:00+00:00,0.008258797228336334,0.00826241448521614,0.008253549225628376,0.008259684778749943,0.008259684778749943,0
2022-03-23 05:00:00+00:00,0.008259684778749943,0.008267879486083984,0.008257433772087097,0.008262482471764088,0.008262482471764088,0
2022-03-23 06:00:00+00:00,0.008262277580797672,0.008263779804110527,0.008253276348114014,0.008254638873040676,0.008254638873040676,0
2022-03-23 07:00:00+00:00,0.008254638873040676,0.008265828713774681,0.00825457088649273,0.008261049166321754,0.008261049166321754,0
2022-03-23 08:00:00+00:00,0.008260571397840977,0.008276775479316711,0.008258320391178131,0.00827136728912592,0.00827136728912592,0
2022-03-23 09:00:00+00:00,0.00827136728912592,0.008274036459624767,0.00826241448521614,0.008264599367976189,0.008264599367976189,0
2022-03-23 10:00:00+00:00,0.008264394477009773,0.008269930258393288,0.008260844275355339,0.008265146054327488,0.008265146054327488,0
2022-03-23 11:00:00+00:00,0.008264941163361073,0.008280887268483639,0.008263779804110527,0.008278625085949898,0.008278625085949898,0
2022-03-23 12:00:00+00:00,0.00827869400382042,0.008294625207781792,0.008272324688732624,0.008283974602818489,0.008283974602818489,0
2022-03-23 13:00:00+00:00,0.008283905684947968,0.008291874080896378,0.008278830908238888,0.008282259106636047,0.008282259106636047,0
2022-03-23 14:00:00+00:00,0.0082821911200881,0.008289812132716179,0.008263779804110527,0.008266512304544449,0.008266512304544449,0
2022-03-23 15:00:00+00:00,0.008266649208962917,0.00827198289334774,0.008254775777459145,0.008262346498668194,0.008262346498668194,0
2022-03-23 16:00:00+00:00,0.008262277580797672,0.008267195895314217,0.008259615860879421,0.008260366506874561,0.008260366506874561,0
2022-03-23 17:00:00+00:00,0.008259957656264305,0.008265828713774681,0.008257638663053513,0.008260161615908146,0.008260161615908146,0
2022-03-23 18:00:00+00:00,0.008260025642812252,0.008265146054327488,0.00825552549213171,0.008255934342741966,0.008255934342741966,0
2022-03-23 19:00:00+00:00,0.008256002329289913,0.008261049166321754,0.008253549225628376,0.008256002329289913,0.008256002329289913,0
2022-03-23 20:00:00+00:00,0.00825607031583786,0.008260366506874561,0.008254094049334526,0.008254775777459145,0.008254775777459145,0
2022-03-23 21:00:00+00:00,0.008254638873040676,0.00825900211930275,0.008254298008978367,0.008256342262029648,0.008256342262029648,0
2022-03-23 22:00:00+00:00,0.00825607031583786,0.008263097144663334,0.00825552549213171,0.008257228881120682,0.008257228881120682,0
2022-03-23 23:00:00+00:00,0.008258320391178131,0.00826241448521614,0.008252322673797607,0.008255797438323498,0.008255797438323498,0
2022-03-24 00:00:00+00:00,0.008256138302385807,0.008268563076853752,0.008250757120549679,0.008265760727226734,0.008265760727226734,0
2022-03-24 01:00:00+00:00,0.008265828713774681,0.008269930258393288,0.008243818767368793,0.008249327540397644,0.008249327540397644,0
2022-03-24 02:00:00+00:00,0.008249327540397644,0.008255593478679657,0.00824633426964283,0.008250008337199688,0.008250008337199688,0
2022-03-24 03:00:00+00:00,0.008250008337199688,0.008254911750555038,0.008248238824307919,0.008249463513493538,0.008249463513493538,0
2022-03-24 04:00:00+00:00,0.008249327540397644,0.00825423002243042,0.008246946148574352,0.008249327540397644,0.008249327540397644,0
2022-03-24 05:00:00+00:00,0.008249395526945591,0.00825150590389967,0.008231130428612232,0.008234518580138683,0.008234518580138683,0
2022-03-24 06:00:00+00:00,0.008234790526330471,0.008241306059062481,0.008223210461437702,0.00822496972978115,0.00822496972978115,0
2022-03-24 07:00:00+00:00,0.00822523981332779,0.008229775354266167,0.00821355264633894,0.008221453055739403,0.008221453055739403,0
2022-03-24 08:00:00+00:00,0.008221453055739403,0.008234518580138683,0.008218277245759964,0.008221994154155254,0.008221994154155254,0
2022-03-24 09:00:00+00:00,0.008221994154155254,0.008225713856518269,0.008214767090976238,0.008219831623136997,0.008219831623136997,0
2022-03-24 10:00:00+00:00,0.008218885399401188,0.008225036785006523,0.008215576410293579,0.008220168761909008,0.008220168761909008,0
2022-03-24 11:00:00+00:00,0.008220236748456955,0.008229775354266167,0.008218277245759964,0.008226118981838226,0.008226118981838226,0
2022-03-24 12:00:00+00:00,0.008225375786423683,0.00822774413973093,0.008214901201426983,0.008219966664910316,0.008219966664910316,0
2022-03-24 13:00:00+00:00,0.00821989867836237,0.008221656084060669,0.00819719210267067,0.008198468945920467,0.008198468945920467,0
2022-03-24 14:00:00+00:00,0.00819840095937252,0.008208832703530788,0.008196720853447914,0.008201763033866882,0.008201763033866882,0
2022-03-24 15:00:00+00:00,0.008201763033866882,0.008210180327296257,0.008188331499695778,0.00819423608481884,0.00819423608481884,0
2022-03-24 16:00:00+00:00,0.00819322932511568,0.008196049369871616,0.008169267326593399,0.008171336725354195,0.008171336725354195,0
2022-03-24 17:00:00+00:00,0.008171403780579567,0.008180628530681133,0.008171136491000652,0.008177283219993114,0.008177283219993114,0
2022-03-24 18:00:00+00:00,0.008176748640835285,0.008183306083083153,0.008172605186700821,0.008180828765034676,0.008180828765034676,0
2022-03-24 19:00:00+00:00,0.008180762641131878,0.008183975704014301,0.008174609392881393,0.008175545372068882,0.008175545372068882,0
2022-03-24 20:00:00+00:00,0.00817547831684351,0.008178888820111752,0.008169267326593399,0.008176214061677456,0.008176214061677456,0
2022-03-24 21:00:00+00:00,0.008175010792911053,0.008177951909601688,0.008171937428414822,0.008173941634595394,0.008173941634595394,0
2022-03-24 22:00:00+00:00,0.008172872476279736,0.00817868858575821,0.00816846638917923,0.008171269670128822,0.008171269670128822,0
2022-03-24 23:00:00+00:00,0.00817106943577528,0.008177951909601688,0.008167666383087635,0.008173273876309395,0.008173273876309395,0
2022-03-25 00:00:00+00:00,0.00817313976585865,0.008201426826417446,0.008172672241926193,0.008193095214664936,0.008193095214664936,0
2022-03-25 01:00:00+00:00,0.008193028159439564,0.008217602036893368,0.008190343156456947,0.008201426826417446,0.008201426826417446,0
2022-03-25 02:00:00+00:00,0.008201359771192074,0.008216251619160175,0.008200687356293201,0.008209978230297565,0.008209978230297565,0
2022-03-25 03:00:00+00:00,0.008209911175072193,0.008231807500123978,0.008208495564758778,0.008224224671721458,0.008224224671721458,0
2022-03-25 04:00:00+00:00,0.008223616518080235,0.008253549225628376,0.008222061209380627,0.008232485502958298,0.008232485502958298,0
2022-03-25 05:00:00+00:00,0.008232892490923405,0.008237910456955433,0.008215307258069515,0.008216723799705505,0.008216723799705505,0
2022-03-25 06:00:00+00:00,0.008216723799705505,0.008218953385949135,0.008199946954846382,0.008210921660065651,0.008210921660065651,0
2022-03-25 07:00:00+00:00,0.00821119174361229,0.008221656084060669,0.008205600082874298,0.008214226923882961,0.008214226923882961,0
2022-03-25 08:00:00+00:00,0.008214429952204227,0.008237910456955433,0.00820950698107481,0.008229775354266167,0.008229775354266167,0
2022-03-25 09:00:00+00:00,0.008229775354266167,0.008235875517129898,0.008218750357627869,0.008221791125833988,0.008221791125833988,0
2022-03-25 10:00:00+00:00,0.008222331292927265,0.008229775354266167,0.008214767090976238,0.008215172216296196,0.008215172216296196,0
2022-03-25 11:00:00+00:00,0.008215172216296196,0.008225713856518269,0.008211326785385609,0.008219290524721146,0.008219290524721146,0
2022-03-25 12:00:00+00:00,0.008219358511269093,0.008223684504628181,0.008210180327296257,0.008213484659790993,0.008213484659790993,0
2022-03-25 13:00:00+00:00,0.008213484659790993,0.008216926828026772,0.008180762641131878,0.008186991326510906,0.008186991326510906,0
2022-03-25 14:00:00+00:00,0.008186789229512215,0.00820748507976532,0.008183908648788929,0.008195511996746063,0.008195511996746063,0
2022-03-25 15:00:00+00:00,0.008195511996746063,0.00821355264633894,0.008192691951990128,0.008197259157896042,0.008197259157896042,0
2022-03-25 16:00:00+00:00,0.008197124116122723,0.008202100172638893,0.008191349916160107,0.008195377886295319,0.008195377886295319,0
2022-03-25 17:00:00+00:00,0.008194773457944393,0.008201426826417446,0.008188532665371895,0.008190074935555458,0.008190074935555458,0
2022-03-25 18:00:00+00:00,0.008189940825104713,0.008198064751923084,0.008186320774257183,0.008187996223568916,0.008187996223568916,0
2022-03-25 19:00:00+00:00,0.008188063278794289,0.008192691951990128,0.008183841593563557,0.008186789229512215,0.008186789229512215,0
2022-03-25 20:00:00+00:00,0.008186722174286842,0.00819900631904602,0.008182770572602749,0.008195579051971436,0.008195579051971436,0
2022-03-28 00:00:00+01:00,0.00817868858575821,0.008183975704014301,0.008172404952347279,0.00817868858575821,0.00817868858575821,0
2022-03-28 01:00:00+01:00,0.00817882176488638,0.00818866677582264,0.008175545372068882,0.008181431330740452,0.008181431330740452,0
2022-03-28 02:00:00+01:00,0.008181297220289707,0.008187325671315193,0.008131403475999832,0.008132725954055786,0.008132725954055786,0
2022-03-28 03:00:00+01:00,0.00813206471502781,0.008147967047989368,0.00812301505357027,0.008136696182191372,0.008136696182191372,0
2022-03-28 04:00:00+01:00,0.008136828429996967,0.008141333237290382,0.00811918918043375,0.008124928921461105,0.008124928921461105,0
2022-03-28 05:00:00+01:00,0.008124928921461105,0.008134049363434315,0.008122685365378857,0.008126843720674515,0.008126843720674515,0
2022-03-28 06:00:00+01:00,0.008126777596771717,0.008128759451210499,0.008112931624054909,0.008114906959235668,0.008114906959235668,0
2022-03-28 07:00:00+01:00,0.008114906959235668,0.008130080997943878,0.008107013069093227,0.00810799840837717,0.00810799840837717,0
2022-03-28 08:00:00+01:00,0.008108064532279968,0.008113590069115162,0.008063475601375103,0.008069527335464954,0.008069527335464954,0
2022-03-28 09:00:00+01:00,0.008069462142884731,0.008074935525655746,0.00799341406673193,0.008020532317459583,0.008020532317459583,0
2022-03-28 10:00:00+01:00,0.00802027527242899,0.008063215762376785,0.008018603548407555,0.00804576463997364,0.00804576463997364,0
2022-03-28 11:00:00+01:00,0.008045635186135769,0.008087343536317348,0.008039037697017193,0.008047124370932579,0.008047124370932579,0
2022-03-28 12:00:00+01:00,0.008047318086028099,0.008071676827967167,0.008047059178352356,0.008061135187745094,0.008061135187745094,0
2022-03-28 13:00:00+01:00,0.008061330765485764,0.008107013069093227,0.008056394755840302,0.008087343536317348,0.008087343536317348,0
2022-03-28 14:00:00+01:00,0.008087212219834328,0.008098477497696877,0.008072653785347939,0.008076239377260208,0.008076239377260208,0
2022-03-28 15:00:00+01:00,0.008076369762420654,0.008105041459202766,0.008073566481471062,0.00809408538043499,0.00809408538043499,0
2022-03-28 16:00:00+01:00,0.008094151504337788,0.008115565404295921,0.00809297151863575,0.008112141862511635,0.008112141862511635,0
2022-03-28 17:00:00+01:00,0.008112207986414433,0.00812215730547905,0.008102808147668839,0.008103858679533005,0.008103858679533005,0
2022-03-28 18:00:00+01:00,0.008103924803435802,0.008114906959235668,0.008098018355667591,0.008098477497696877,0.008098477497696877,0
2022-03-28 19:00:00+01:00,0.008098149672150612,0.008102414198219776,0.008084074594080448,0.00809310283511877,0.00809310283511877,0
2022-03-28 20:00:00+01:00,0.00809310283511877,0.00809519924223423,0.008071024902164936,0.008075522258877754,0.008075522258877754,0
2022-03-28 21:00:00+01:00,0.008075457066297531,0.008080677129328251,0.008068876340985298,0.008071676827967167,0.008071676827967167,0
2022-03-28 22:00:00+01:00,0.008077087812125683,0.008084401488304138,0.008070699870586395,0.008071676827967167,0.008071676827967167,0
2022-03-28 23:00:00+01:00,0.008072393015027046,0.008083420805633068,0.008052242919802666,0.008054123260080814,0.008054123260080814,0
2022-03-29 00:00:00+01:00,0.008054772391915321,0.008096510544419289,0.008054772391915321,0.008090615272521973,0.008090615272521973,0
2022-03-29 01:00:00+01:00,0.008090680465102196,0.008110958151519299,0.00804485846310854,0.008055616170167923,0.008055616170167923,0
2022-03-29 02:00:00+01:00,0.008055226877331734,0.008097166195511818,0.008052567020058632,0.008085120469331741,0.008085120469331741,0
2022-03-29 03:00:00+01:00,0.008085055276751518,0.008116224780678749,0.008078980259597301,0.00810661818832159,0.00810661818832159,0
2022-03-29 04:00:00+01:00,0.008106881752610207,0.00812479667365551,0.008097821846604347,0.0081184646114707,0.0081184646114707,0
2022-03-29 05:00:00+01:00,0.008118530735373497,0.00812215730547905,0.008102742955088615,0.008106355555355549,0.008106355555355549,0
2022-03-29 06:00:00+01:00,0.008105961605906487,0.00811227411031723,0.0080856429412961,0.008090810850262642,0.008090810850262642,0
2022-03-29 07:00:00+01:00,0.00809120386838913,0.00811227411031723,0.008089502342045307,0.008096903562545776,0.008096903562545776,0
2022-03-29 08:00:00+01:00,0.008097034879028797,0.008103727363049984,0.00807917583733797,0.008092251606285572,0.008092251606285572,0
2022-03-29 09:00:00+01:00,0.008092448115348816,0.008105041459202766,0.008078654296696186,0.008082506246864796,0.008082506246864796,0
2022-03-29 10:00:00+01:00,0.008082441054284573,0.008093234151601791,0.00807702261954546,0.008080808445811272,0.008080808445811272,0
2022-03-29 11:00:00+01:00,0.008080743253231049,0.00810307078063488,0.008080743253231049,0.008096510544419289,0.008096510544419289,0
2022-03-29 12:00:00+01:00,0.008096510544419289,0.008098477497696877,0.008080677129328251,0.008091923780739307,0.008091923780739307,0
2022-03-29 13:00:00+01:00,0.008091793395578861,0.008165264502167702,0.00809166207909584,0.008139809593558311,0.008139809593558311,0
2022-03-29 14:00:00+01:00,0.008139676414430141,0.008185315877199173,0.008128099143505096,0.00817788578569889,0.00817788578569889,0
2022-03-29 15:00:00+01:00,0.008178086020052433,0.008199409581720829,0.008143322542309761,0.008148896507918835,0.008148896507918835,0
2022-03-29 16:00:00+01:00,0.008148896507918835,0.008162599056959152,0.008140869438648224,0.008157205767929554,0.008157205767929554,0
2022-03-29 17:00:00+01:00,0.008157138712704182,0.008161933161318302,0.008147967047989368,0.008152683265507221,0.008152683265507221,0
2022-03-29 18:00:00+01:00,0.008152617141604424,0.00815527606755495,0.008139809593558311,0.008141598664224148,0.008141598664224148,0
2022-03-29 19:00:00+01:00,0.008141598664224148,0.008146639913320541,0.008134049363434315,0.008134908974170685,0.008134908974170685,0
2022-03-29 20:00:00+01:00,0.008134710602462292,0.008141333237290382,0.00813332200050354,0.008138550445437431,0.008138550445437431,0
2022-03-29 21:00:00+01:00,0.008138352073729038,0.008141996338963509,0.008136233314871788,0.008140007965266705,0.008140007965266705,0
2022-03-29 22:00:00+01:00,0.008141267113387585,0.008143455721437931,0.008137358352541924,0.00813802145421505,0.00813802145421505,0
2022-03-29 23:00:00+01:00,0.008138550445437431,0.008141996338963509,0.008130477741360664,0.008132725954055786,0.008132725954055786,0
2022-03-30 00:00:00+01:00,0.008131271228194237,0.008141996338963509,0.008116553537547588,0.008122025057673454,0.008122025057673454,0
2022-03-30 01:00:00+01:00,0.008121827617287636,0.008170601911842823,0.008121827617287636,0.00816439837217331,0.00816439837217331,0
2022-03-30 02:00:00+01:00,0.00816439837217331,0.008200081996619701,0.008160932920873165,0.008174409158527851,0.008174409158527851,0
2022-03-30 03:00:00+01:00,0.008173941634595394,0.008212877437472343,0.00817313976585865,0.008203782141208649,0.008203782141208649,0
2022-03-30 04:00:00+01:00,0.008203175850212574,0.008245382457971573,0.008199342526495457,0.008219628594815731,0.008219628594815731,0
2022-03-30 05:00:00+01:00,0.008219628594815731,0.008229775354266167,0.008202637545764446,0.008203782141208649,0.008203782141208649,0
2022-03-30 06:00:00+01:00,0.008203714154660702,0.00821355264633894,0.008195511996746063,0.008196788839995861,0.008196788839995861,0
2022-03-30 07:00:00+01:00,0.008196855895221233,0.008223684504628181,0.008191282860934734,0.008200956508517265,0.008200956508517265,0
2022-03-30 08:00:00+01:00,0.008200956508517265,0.008225036785006523,0.00819631852209568,0.008204791694879532,0.008204791694879532,0
2022-03-30 09:00:00+01:00,0.008204791694879532,0.008230452425777912,0.008204320445656776,0.008222940377891064,0.008222940377891064,0
2022-03-30 10:00:00+01:00,0.00822300836443901,0.00822774413973093,0.008198871277272701,0.008204791694879532,0.008204791694879532,0
2022-03-30 11:00:00+01:00,0.00820472463965416,0.008215576410293579,0.008193900808691978,0.008201628923416138,0.008201628923416138,0
2022-03-30 12:00:00+01:00,0.008201628923416138,0.008223684504628181,0.008200014941394329,0.00821496918797493,0.00821496918797493,0
2022-03-30 13:00:00+01:00,0.00821496918797493,0.008221656084060669,0.008203445002436638,0.008206946775317192,0.008206946775317192,0
2022-03-30 14:00:00+01:00,0.008206878788769245,0.008222331292927265,0.008180494420230389,0.008203175850212574,0.008203175850212574,0
2022-03-30 15:00:00+01:00,0.00820304173976183,0.008216926828026772,0.00819470640271902,0.008195915259420872,0.008195915259420872,0
2022-03-30 16:00:00+01:00,0.008195982314646244,0.00820950698107481,0.00819322932511568,0.008200149051845074,0.008200149051845074,0
2022-03-30 17:00:00+01:00,0.00819987989962101,0.00820748507976532,0.008198064751923084,0.008204051293432713,0.008204051293432713,0
2022-03-30 18:00:00+01:00,0.008203916251659393,0.00820748507976532,0.008201426826417446,0.008202100172638893,0.008202100172638893,0
2022-03-30 19:00:00+01:00,0.008201965130865574,0.008216251619160175,0.008201426826417446,0.008214091882109642,0.008214091882109642,0
2022-03-30 20:00:00+01:00,0.008214091882109642,0.008215576410293579,0.008205936290323734,0.00820869766175747,0.00820869766175747,0
2022-03-30 21:00:00+01:00,0.008208630606532097,0.008212877437472343,0.008206811733543873,0.00820748507976532,0.00820748507976532,0
2022-03-30 22:00:00+01:00,0.008208495564758778,0.008211123757064342,0.008202100172638893,0.008205936290323734,0.008205936290323734,0
2022-03-30 23:00:00+01:00,0.008206138387322426,0.00820950698107481,0.008197393268346786,0.008203849196434021,0.008203849196434021,0
2022-03-31 00:00:00+01:00,0.008202839642763138,0.008204791694879532,0.008185784332454205,0.008195377886295319,0.008195377886295319,0
2022-03-31 01:00:00+01:00,0.008195175789296627,0.008205465041100979,0.008166331797838211,0.008177484385669231,0.008177484385669231,0
2022-03-31 02:00:00+01:00,0.008177550509572029,0.008192691951990128,0.008166331797838211,0.008187660947442055,0.008187660947442055,0
2022-03-31 03:00:00+01:00,0.008187392726540565,0.008200754411518574,0.008183975704014301,0.008185315877199173,0.008185315877199173,0
2022-03-31 04:00:00+01:00,0.008185114711523056,0.00818866677582264,0.008170601911842823,0.008174476213753223,0.008174476213753223,0
2022-03-31 05:00:00+01:00,0.008174476213753223,0.008185985498130322,0.008172605186700821,0.008181966841220856,0.008181966841220856,0
2022-03-31 06:00:00+01:00,0.008181699551641941,0.00819470640271902,0.008177951909601688,0.008192021399736404,0.008192021399736404,0
2022-03-31 07:00:00+01:00,0.0081927590072155,0.008229775354266167,0.008192624896764755,0.008225848898291588,0.008225848898291588,0
2022-03-31 08:00:00+01:00,0.008225848898291588,0.00824334379285574,0.00821753405034542,0.008220912888646126,0.008220912888646126,0
2022-03-31 09:00:00+01:00,0.008220979943871498,0.00822300836443901,0.008181498385965824,0.008184846490621567,0.008184846490621567,0
2022-03-31 10:00:00+01:00,0.008185047656297684,0.008204118348658085,0.00818464532494545,0.008200687356293201,0.008200687356293201,0
2022-03-31 11:00:00+01:00,0.00820048525929451,0.008220979943871498,0.00819840095937252,0.008218818344175816,0.008218818344175816,0
2022-03-31 12:00:00+01:00,0.008218750357627869,0.008225713856518269,0.00820950698107481,0.008221656084060669,0.008221656084060669,0
2022-03-31 13:00:00+01:00,0.008221791125833988,0.008229775354266167,0.008206609636545181,0.008222535252571106,0.008222535252571106,0
2022-03-31 14:00:00+01:00,0.008222331292927265,0.008232485502958298,0.008212810382246971,0.008229978382587433,0.008229978382587433,0
2022-03-31 15:00:00+01:00,0.008230181410908699,0.008245382457971573,0.008208630606532097,0.008238861337304115,0.008238861337304115,0
2022-03-31 16:00:00+01:00,0.008238793350756168,0.008247422985732555,0.008229098282754421,0.008236757479608059,0.008236757479608059,0
2022-03-31 17:00:00+01:00,0.008233027532696724,0.008235197514295578,0.008218277245759964,0.008226457983255386,0.008226457983255386,0
2022-03-31 18:00:00+01:00,0.008226457983255386,0.008230452425777912,0.008220979943871498,0.008226322941482067,0.008226322941482067,0
2022-03-31 19:00:00+01:00,0.008226457983255386,0.008230452425777912,0.008222872391343117,0.008223616518080235,0.008223616518080235,0
2022-03-31 20:00:00+01:00,0.008223345503211021,0.00822774413973093,0.008212203159928322,0.008215576410293579,0.008215576410293579,0
2022-03-31 21:00:00+01:00,0.008215374313294888,0.008221114985644817,0.008211730979382992,0.008220641873776913,0.008220641873776913,0
2022-03-31 22:00:00+01:00,0.008217264898121357,0.008223345503211021,0.008215374313294888,0.008218277245759964,0.008218277245759964,0
2022-03-31 23:00:00+01:00,0.008218818344175816,0.008220236748456955,0.008208293467760086,0.00821436196565628,0.00821436196565628,0
2022-04-01 00:00:00+01:00,0.008213619701564312,0.008215576410293579,0.008202704600989819,0.008214226923882961,0.008214226923882961,0
2022-04-01 01:00:00+01:00,0.008213821798563004,0.008216251619160175,0.008183574303984642,0.008188867941498756,0.008188867941498756,0
2022-04-01 02:00:00+01:00,0.008190007880330086,0.008194034919142723,0.008171536959707737,0.008174609392881393,0.008174609392881393,0
2022-04-01 03:00:00+01:00,0.008175278082489967,0.008180628530681133,0.008150490932166576,0.008152882568538189,0.008152882568538189,0
2022-04-01 04:00:00+01:00,0.008153148926794529,0.008159934543073177,0.008147701621055603,0.008154678158462048,0.008154678158462048,0
2022-04-01 05:00:00+01:00,0.008154744282364845,0.0081685995683074,0.008154411800205708,0.008156540803611279,0.008156540803611279,0
2022-04-01 06:00:00+01:00,0.008156540803611279,0.008175946772098541,0.008153015747666359,0.008170601911842823,0.008170601911842823,0
2022-04-01 07:00:00+01:00,0.008170601911842823,0.008182636462152004,0.008163664489984512,0.008165264502167702,0.008165264502167702,0
2022-04-01 08:00:00+01:00,0.008165398612618446,0.008169934153556824,0.008153281174600124,0.00815461203455925,0.00815461203455925,0
2022-04-01 09:00:00+01:00,0.00815461203455925,0.008166599087417126,0.008145710453391075,0.00815840344876051,0.00815840344876051,0
2022-04-01 10:00:00+01:00,0.00815853662788868,0.008174609392881393,0.00815853662788868,0.008166264742612839,0.008166264742612839,0
2022-04-01 11:00:00+01:00,0.008166264742612839,0.008175946772098541,0.008163264952600002,0.008168065920472145,0.008168065920472145,0
2022-04-01 12:00:00+01:00,0.008167799562215805,0.008173273876309395,0.008163264952600002,0.008166264742612839,0.008166264742612839,0
2022-04-01 13:00:00+01:00,0.008166464976966381,0.008167932741343975,0.008141996338963509,0.008143455721437931,0.008143455721437931,0
2022-04-01 14:00:00+01:00,0.008143654093146324,0.008157272823154926,0.008130080997943878,0.008133784867823124,0.008133784867823124,0
2022-04-01 15:00:00+01:00,0.008133983239531517,0.008145312778651714,0.008127834647893906,0.008140869438648224,0.008140869438648224,0
2022-04-01 16:00:00+01:00,0.008140935562551022,0.008161933161318302,0.008133983239531517,0.008156740106642246,0.008156740106642246,0
2022-04-01 17:00:00+01:00,0.008156606927514076,0.008163931779563427,0.008154477924108505,0.00815853662788868,0.00815853662788868,0
2022-04-01 18:00:00+01:00,0.00815866980701685,0.008166599087417126,0.008156606927514076,0.00815827026963234,0.00815827026963234,0
2022-04-01 19:00:00+01:00,0.008158337324857712,0.008161266334354877,0.008152617141604424,0.008155476301908493,0.008155476301908493,0
2022-04-01 20:00:00+01:00,0.00815527606755495,0.008167932741343975,0.008155209943652153,0.008160733617842197,0.008160733617842197,0
2022-04-01 21:00:00+01:00,0.00816080067306757,0.008167932741343975,0.008157671429216862,0.008165798150002956,0.008165798150002956,0
2022-04-01 22:00:00+01:00,0.008163931779563427,0.008163931779563427,0.008163931779563427,0.008163931779563427,0.008163931779563427,0
2022-04-04 00:00:00+01:00,0.008152617141604424,0.008159934543073177,0.008150490932166576,0.00815434567630291,0.00815434567630291,0
2022-04-04 01:00:00+01:00,0.008154477924108505,0.008179356344044209,0.00815407931804657,0.008169734850525856,0.008169734850525856,0
2022-04-04 02:00:00+01:00,0.008169667795300484,0.008173273876309395,0.008157804608345032,0.008158603683114052,0.008158603683114052,0
2022-04-04 03:00:00+01:00,0.008158470503985882,0.008160600438714027,0.008149693720042706,0.008153215050697327,0.008153215050697327,0
2022-04-04 04:00:00+01:00,0.008153148926794529,0.008157937787473202,0.008144914172589779,0.008147967047989368,0.008147967047989368,0
2022-04-04 05:00:00+01:00,0.0081477677449584,0.008160600438714027,0.00814597588032484,0.008157138712704182,0.008157138712704182,0
2022-04-04 06:00:00+01:00,0.008157072588801384,0.008161933161318302,0.00815068930387497,0.008152417838573456,0.008152417838573456,0
2022-04-04 07:00:00+01:00,0.008152350783348083,0.008156606927514076,0.008143189363181591,0.008153880015015602,0.008153880015015602,0
2022-04-04 08:00:00+01:00,0.008153813891112804,0.008165264502167702,0.008150291629135609,0.008153348229825497,0.008153348229825497,0
2022-04-04 09:00:00+01:00,0.008153215050697327,0.008164597675204277,0.008153215050697327,0.008154877461493015,0.008154877461493015,0
2022-04-04 10:00:00+01:00,0.008154877461493015,0.008161266334354877,0.008153813891112804,0.008158735930919647,0.008158735930919647,0
2022-04-04 11:00:00+01:00,0.00815880298614502,0.008160600438714027,0.008141002617776394,0.008142659440636635,0.008142659440636635,0
2022-04-04 12:00:00+01:00,0.008142659440636635,0.008151288144290447,0.00814239401370287,0.00814445037394762,0.00814445037394762,0
2022-04-04 13:00:00+01:00,0.00814445037394762,0.008158603683114052,0.008143985643982887,0.00815434567630291,0.00815434567630291,0
2022-04-04 14:00:00+01:00,0.008154278621077538,0.008157272823154926,0.008144582621753216,0.008146506734192371,0.008146506734192371,0
2022-04-04 15:00:00+01:00,0.008146440610289574,0.008151952177286148,0.008132858201861382,0.008147701621055603,0.008147701621055603,0
2022-04-04 16:00:00+01:00,0.008147635497152805,0.0081539461389184,0.008144516497850418,0.0081484979018569,0.0081484979018569,0
2022-04-04 17:00:00+01:00,0.0081484979018569,0.008151952177286148,0.008141333237290382,0.008147104643285275,0.008147104643285275,0
2022-04-04 18:00:00+01:00,0.008146971464157104,0.008153281174600124,0.008143720217049122,0.008144648745656013,0.008144648745656013,0
2022-04-04 19:00:00+01:00,0.008144117891788483,0.00814929511398077,0.008141996338963509,0.0081429248675704,0.0081429248675704,0
2022-04-04 20:00:00+01:00,0.008142725564539433,0.00814863108098507,0.008140935562551022,0.008145644329488277,0.008145644329488277,0
2022-04-04 21:00:00+01:00,0.008145644329488277,0.008149959146976471,0.008143853396177292,0.008143985643982887,0.008143985643982887,0
2022-04-04 22:00:00+01:00,0.00814544502645731,0.008151288144290447,0.008140935562551022,0.008144715800881386,0.008144715800881386,0
2022-04-04 23:00:00+01:00,0.008144582621753216,0.008149959146976471,0.008143322542309761,0.008147037588059902,0.008147037588059902,0
2022-04-05 00:00:00+01:00,0.00814737007021904,0.00814929511398077,0.008142460137605667,0.008143587969243526,0.008143587969243526,0
2022-04-05 01:00:00+01:00,0.008143455721437931,0.008173273876309395,0.008139345794916153,0.008159136399626732,0.008159136399626732,0
2022-04-05 02:00:00+01:00,0.008159136399626732,0.008167264983057976,0.008154278621077538,0.008159668184816837,0.008159668184816837,0
2022-04-05 03:00:00+01:00,0.00815960206091404,0.008165931329131126,0.008157605305314064,0.008157937787473202,0.008157937787473202,0
2022-04-05 04:00:00+01:00,0.008158003911376,0.008166599087417126,0.008157005533576012,0.008162066340446472,0.008162066340446472,0
2022-04-05 05:00:00+01:00,0.008162066340446472,0.008165931329131126,0.00815527606755495,0.00816026795655489,0.00816026795655489,0
2022-04-05 06:00:00+01:00,0.00816013477742672,0.008169934153556824,0.008157804608345032,0.008163531310856342,0.008163531310856342,0
2022-04-05 07:00:00+01:00,0.008163264952600002,0.008165931329131126,0.008156606927514076,0.008158003911376,0.008158003911376,0
2022-04-05 08:00:00+01:00,0.008157937787473202,0.008160600438714027,0.008130080997943878,0.008136497810482979,0.008136497810482979,0
2022-04-05 09:00:00+01:00,0.008136233314871788,0.008146639913320541,0.008133254945278168,0.008141996338963509,0.008141996338963509,0
2022-04-05 10:00:00+01:00,0.008141731843352318,0.008152617141604424,0.008140471763908863,0.008141996338963509,0.008141996338963509,0
2022-04-05 11:00:00+01:00,0.008141864091157913,0.008143322542309761,0.008130940608680248,0.008137292228639126,0.008137292228639126,0
2022-04-05 12:00:00+01:00,0.008137093856930733,0.008144648745656013,0.00813173409551382,0.00813517440110445,0.00813517440110445,0
2022-04-05 13:00:00+01:00,0.00813504122197628,0.008145312778651714,0.00812988355755806,0.00814113486558199,0.00814113486558199,0
2022-04-05 14:00:00+01:00,0.00814113486558199,0.00814863108098507,0.008137358352541924,0.008140737190842628,0.008140737190842628,0
2022-04-05 15:00:00+01:00,0.008140803314745426,0.008145312778651714,0.008100773207843304,0.008110168389976025,0.008110168389976025,0
2022-04-05 16:00:00+01:00,0.008110234513878822,0.008114906959235668,0.008097166195511818,0.008097821846604347,0.008097821846604347,0
2022-04-05 17:00:00+01:00,0.00809788703918457,0.008100445382297039,0.008090615272521973,0.008091596886515617,0.008091596886515617,0
2022-04-05 18:00:00+01:00,0.008091400377452374,0.00809585489332676,0.008085904642939568,0.008087997324764729,0.008087997324764729,0
2022-04-05 19:00:00+01:00,0.008087670430541039,0.00809519924223423,0.008087147027254105,0.008090549148619175,0.008090549148619175,0
2022-04-05 20:00:00+01:00,0.008090418763458729,0.008094544522464275,0.008087343536317348,0.008090090937912464,0.008090090937912464,0
2022-04-05 21:00:00+01:00,0.008090025745332241,0.008093234151601791,0.008087735623121262,0.008090615272521973,0.008090615272521973,0
2022-04-05 22:00:00+01:00,0.008092120289802551,0.008097427897155285,0.008089305832982063,0.008090615272521973,0.008090615272521973,0
2022-04-05 23:00:00+01:00,0.008091269992291927,0.008094544522464275,0.008085120469331741,0.008091596886515617,0.008091596886515617,0
2022-04-06 00:00:00+01:00,0.008090156130492687,0.008096510544419289,0.008083290420472622,0.008086754940450191,0.008086754940450191,0
2022-04-06 01:00:00+01:00,0.008086820133030415,0.008093888871371746,0.008071676827967167,0.008075587451457977,0.008075587451457977,0
2022-04-06 02:00:00+01:00,0.00807584822177887,0.00807819701731205,0.008064711466431618,0.008069070987403393,0.008069070987403393,0
2022-04-06 03:00:00+01:00,0.008068615570664406,0.008088652044534683,0.008061200380325317,0.008071936666965485,0.008071936666965485,0
2022-04-06 04:00:00+01:00,0.00807174202054739,0.008084074594080448,0.008070439100265503,0.008080808445811272,0.008080808445811272,0
2022-04-06 05:00:00+01:00,0.008080677129328251,0.008083420805633068,0.008069070987403393,0.00807206705212593,0.00807206705212593,0
2022-04-06 06:00:00+01:00,0.00807206705212593,0.008077544160187244,0.008066988550126553,0.00806776899844408,0.00806776899844408,0
2022-04-06 07:00:00+01:00,0.008067573420703411,0.008074283599853516,0.008064060471951962,0.00806900579482317,0.00806900579482317,0
2022-04-06 08:00:00+01:00,0.00806900579482317,0.008077544160187244,0.008062825538218021,0.008072197437286377,0.008072197437286377,0
2022-04-06 09:00:00+01:00,0.00807206705212593,0.008084074594080448,0.008066467940807343,0.008078849874436855,0.008078849874436855,0
2022-04-06 10:00:00+01:00,0.008078327402472496,0.008091923780739307,0.008073175325989723,0.008074935525655746,0.008074935525655746,0
2022-04-06 11:00:00+01:00,0.008074935525655746,0.008077544160187244,0.008064515888690948,0.008067509159445763,0.008067509159445763,0
2022-04-06 12:00:00+01:00,0.008067118935286999,0.008075587451457977,0.00806568656116724,0.008073044940829277,0.008073044940829277,0
2022-04-06 13:00:00+01:00,0.008072849363088608,0.008085381239652634,0.008072132244706154,0.008076761849224567,0.008076761849224567,0
2022-04-06 14:00:00+01:00,0.008076565340161324,0.00807950273156166,0.008068029768764973,0.008073696866631508,0.008073696866631508,0
2022-04-06 15:00:00+01:00,0.008073696866631508,0.008085381239652634,0.008069722913205624,0.008079763501882553,0.008079763501882553,0
2022-04-06 16:00:00+01:00,0.008079893887043,0.008086688816547394,0.00807584822177887,0.008082963526248932,0.008082963526248932,0
2022-04-06 17:00:00+01:00,0.008082636632025242,0.008085381239652634,0.008077544160187244,0.008081004023551941,0.008081004023551941,0
2022-04-06 18:00:00+01:00,0.008081265725195408,0.008084074594080448,0.008075522258877754,0.008078131824731827,0.008078131824731827,0
2022-04-06 19:00:00+01:00,0.00807800143957138,0.008101101964712143,0.008068941533565521,0.00807969830930233,0.00807969830930233,0
2022-04-06 20:00:00+01:00,0.008079567924141884,0.008082767017185688,0.008075587451457977,0.008078589104115963,0.008078589104115963,0
2022-04-06 21:00:00+01:00,0.008078457787632942,0.008083420805633068,0.008077218197286129,0.008080089464783669,0.008080089464783669,0
2022-04-06 22:00:00+01:00,0.008080481551587582,0.008085381239652634,0.008076239377260208,0.008079567924141884,0.008079567924141884,0
2022-04-06 23:00:00+01:00,0.008078980259597301,0.008081461302936077,0.008068811148405075,0.008074283599853516,0.008074283599853516,0
2022-04-07 00:00:00+01:00,0.008073501288890839,0.008086688816547394,0.008071871474385262,0.008082636632025242,0.008082636632025242,0
2022-04-07 01:00:00+01:00,0.008082506246864796,0.008101101964712143,0.008082114160060883,0.008090615272521973,0.008090615272521973,0
2022-04-07 02:00:00+01:00,0.008090615272521973,0.008093234151601791,0.008081787265837193,0.008089305832982063,0.008089305832982063,0
2022-04-07 03:00:00+01:00,0.00808910932391882,0.008090615272521973,0.00808119960129261,0.008085708133876324,0.008085708133876324,0
2022-04-07 04:00:00+01:00,0.008085904642939568,0.008087997324764729,0.008080808445811272,0.008083747699856758,0.008083747699856758,0
2022-04-07 05:00:00+01:00,0.008083878085017204,0.008091269992291927,0.008083420805633068,0.008085055276751518,0.008085055276751518,0
2022-04-07 06:00:00+01:00,0.008085055276751518,0.008090615272521973,0.00808172207325697,0.008087147027254105,0.008087147027254105,0
2022-04-07 07:00:00+01:00,0.008087343536317348,0.008093234151601791,0.008074283599853516,0.008074935525655746,0.008074935525655746,0
2022-04-07 08:00:00+01:00,0.008074739947915077,0.008083420805633068,0.008074739947915077,0.008079893887043,0.008079893887043,0
2022-04-07 09:00:00+01:00,0.008079959079623222,0.008091923780739307,0.008078784681856632,0.00808172207325697,0.00808172207325697,0
2022-04-07 10:00:00+01:00,0.008081461302936077,0.008087997324764729,0.008079306222498417,0.008082898333668709,0.008082898333668709,0
2022-04-07 11:00:00+01:00,0.008082833141088486,0.008086688816547394,0.008073175325989723,0.008076565340161324,0.008076565340161324,0
2022-04-07 12:00:00+01:00,0.008076239377260208,0.008078849874436855,0.00806744396686554,0.00806828960776329,0.00806828960776329,0
2022-04-07 13:00:00+01:00,0.00806828960776329,0.008071676827967167,0.008064515888690948,0.008065816946327686,0.008065816946327686,0
2022-04-07 14:00:00+01:00,0.008065557107329369,0.00807819701731205,0.008064321242272854,0.008068419992923737,0.008068419992923737,0
2022-04-07 15:00:00+01:00,0.008068224415183067,0.008074283599853516,0.008064515888690948,0.008069852367043495,0.008069852367043495,0
2022-04-07 16:00:00+01:00,0.008069917559623718,0.008082767017185688,0.008066988550126553,0.008077544160187244,0.008077544160187244,0
2022-04-07 17:00:00+01:00,0.008077348582446575,0.008078849874436855,0.00806776899844408,0.008070113137364388,0.008070113137364388,0
2022-04-07 18:00:00+01:00,0.008069917559623718,0.008074935525655746,0.008066467940807343,0.008067183196544647,0.008067183196544647,0
2022-04-07 19:00:00+01:00,0.008066988550126553,0.008070372976362705,0.008064386434853077,0.008067313581705093,0.008067313581705093,0
2022-04-07 20:00:00+01:00,0.008067118935286999,0.008069722913205624,0.008064515888690948,0.008068029768764973,0.008068029768764973,0
2022-04-07 21:00:00+01:00,0.008068094961345196,0.008071611635386944,0.008064646273851395,0.00806776899844408,0.00806776899844408,0
2022-04-07 22:00:00+01:00,0.008070439100265503,0.008070504292845726,0.00806568656116724,0.008068094961345196,0.008068094961345196,0
2022-04-07 23:00:00+01:00,0.00806776899844408,0.008069722913205624,0.008049584925174713,0.008055745624005795,0.008055745624005795,0
2022-04-08 00:00:00+01:00,0.00805626530200243,0.00806126557290554,0.00805282685905695,0.008058342151343822,0.008058342151343822,0
2022-04-08 01:00:00+01:00,0.008058407343924046,0.008084727451205254,0.008054448291659355,0.008077740669250488,0.008077740669250488,0
2022-04-08 02:00:00+01:00,0.008077675476670265,0.008087997324764729,0.008075783029198647,0.008076565340161324,0.008076565340161324,0
2022-04-08 03:00:00+01:00,0.008076630532741547,0.008080154657363892,0.008068094961345196,0.008069722913205624,0.008069722913205624,0
2022-04-08 04:00:00+01:00,0.008069527335464954,0.008072979748249054,0.008065296337008476,0.008068029768764973,0.008068029768764973,0
2022-04-08 05:00:00+01:00,0.008068160153925419,0.008072327822446823,0.008065036498010159,0.008066012524068356,0.008066012524068356,0
2022-04-08 06:00:00+01:00,0.00806620717048645,0.008071024902164936,0.008062305860221386,0.008067638613283634,0.008067638613283634,0
2022-04-08 07:00:00+01:00,0.00806776899844408,0.008069070987403393,0.008058018051087856,0.008060161024332047,0.008060161024332047,0
2022-04-08 08:00:00+01:00,0.00806022621691227,0.008065816946327686,0.008054772391915321,0.008061655797064304,0.008061655797064304,0
2022-04-08 09:00:00+01:00,0.008061590604484081,0.008064515888690948,0.008056718856096268,0.008057952858507633,0.008057952858507633,0
2022-04-08 10:00:00+01:00,0.008058082312345505,0.008063865825533867,0.00805665459483862,0.008059056475758553,0.008059056475758553,0
2022-04-08 11:00:00+01:00,0.008058992214500904,0.008063215762376785,0.008057367987930775,0.008058407343924046,0.008058407343924046,0
2022-04-08 12:00:00+01:00,0.008058212697505951,0.008059966377913952,0.008051853626966476,0.008053215220570564,0.008053215220570564,0
2022-04-08 13:00:00+01:00,0.008053215220570564,0.008056070655584335,0.008038261905312538,0.008038714528083801,0.008038714528083801,0
2022-04-08 14:00:00+01:00,0.00803858507424593,0.008042464032769203,0.008020532317459583,0.008026906289160252,0.008026906289160252,0
2022-04-08 15:00:00+01:00,0.0080269705504179,0.008043757639825344,0.008024265058338642,0.00803839135915041,0.00803839135915041,0
2022-04-08 16:00:00+01:00,0.00803839135915041,0.008048937655985355,0.008037809282541275,0.008043757639825344,0.008043757639825344,0
2022-04-08 17:00:00+01:00,0.008044340647757053,0.008048289455473423,0.00803858507424593,0.008039231412112713,0.008039231412112713,0
2022-04-08 18:00:00+01:00,0.008039554581046104,0.008043111301958561,0.008036646991968155,0.008037745021283627,0.008037745021283627,0
2022-04-08 19:00:00+01:00,0.008037938736379147,0.008043757639825344,0.008037293329834938,0.008040588349103928,0.008040588349103928,0
2022-04-08 20:00:00+01:00,0.00804084725677967,0.00804505217820406,0.00803858507424593,0.008042075671255589,0.008042075671255589,0
2022-04-08 21:00:00+01:00,0.008041881956160069,0.008049067109823227,0.008041429333388805,0.008044599555432796,0.008044599555432796,0
2022-04-11 00:00:00+01:00,0.00804220512509346,0.008044404909014702,0.008036646991968155,0.008038714528083801,0.008038714528083801,0
2022-04-11 01:00:00+01:00,0.008038843050599098,0.008048289455473423,0.008022977970540524,0.00802639126777649,0.00802639126777649,0
2022-04-11 02:00:00+01:00,0.008026261813938618,0.008032773621380329,0.008002816699445248,0.008016160689294338,0.008016160689294338,0
2022-04-11 03:00:00+01:00,0.008015839383006096,0.008017960004508495,0.007999744266271591,0.008007751777768135,0.008007751777768135,0
2022-04-11 04:00:00+01:00,0.008007751777768135,0.008014105260372162,0.00800377782434225,0.008008713833987713,0.008008713833987713,0
2022-04-11 05:00:00+01:00,0.008008649572730064,0.008012820035219193,0.008003713563084602,0.00800512358546257,0.00800512358546257,0
2022-04-11 06:00:00+01:00,0.008005187846720219,0.008008969947695732,0.007996417582035065,0.008000127971172333,0.008000127971172333,0
2022-04-11 07:00:00+01:00,0.008000255562365055,0.0080038420855999,0.00797206535935402,0.007972955703735352,0.007972955703735352,0
2022-04-11 08:00:00+01:00,0.007972892373800278,0.007993604987859726,0.00797257386147976,0.007984669879078865,0.007984669879078865,0
2022-04-11 09:00:00+01:00,0.007984159514307976,0.007991689257323742,0.007976708002388477,0.007979126647114754,0.007979126647114754,0
2022-04-11 10:00:00+01:00,0.007979190908372402,0.00798275787383318,0.007971938699483871,0.007978490553796291,0.007978490553796291,0
2022-04-11 11:00:00+01:00,0.007978680543601513,0.007986582815647125,0.007965588942170143,0.007969905622303486,0.007969905622303486,0
2022-04-11 12:00:00+01:00,0.007969842292368412,0.007973209954798222,0.007955322973430157,0.007955449633300304,0.007955449633300304,0
2022-04-11 13:00:00+01:00,0.007955512963235378,0.007969397120177746,0.007950957864522934,0.007964573800563812,0.007964573800563812,0
2022-04-11 14:00:00+01:00,0.007964510470628738,0.007975754328072071,0.007961656898260117,0.007964953780174255,0.007964953780174255,0
2022-04-11 15:00:00+01:00,0.007965081371366978,0.007971938699483871,0.00796095933765173,0.007966413162648678,0.007966413162648678,0
2022-04-11 16:00:00+01:00,0.007966349832713604,0.007975754328072071,0.007963685318827629,0.007965081371366978,0.007965081371366978,0
2022-04-11 17:00:00+01:00,0.007965144701302052,0.007971303537487984,0.007962417788803577,0.007968127727508545,0.007968127727508545,0
2022-04-11 18:00:00+01:00,0.00796736590564251,0.007970032282173634,0.007961149327456951,0.007963685318827629,0.007963685318827629,0
2022-04-11 19:00:00+01:00,0.007963621988892555,0.007973209954798222,0.007963621988892555,0.007971175946295261,0.007971175946295261,0
2022-04-11 20:00:00+01:00,0.007971430197358131,0.007976389490067959,0.007969842292368412,0.007974226959049702,0.007974226959049702,0
2022-04-11 21:00:00+01:00,0.007974226959049702,0.007979572750627995,0.007973400875926018,0.007977916859090328,0.007977916859090328,0
2022-04-11 22:00:00+01:00,0.007978553883731365,0.00798008218407631,0.007972256280481815,0.007977662608027458,0.007977662608027458,0
2022-04-11 23:00:00+01:00,0.007976262830197811,0.007978935725986958,0.007968952879309654,0.007970540784299374,0.007970540784299374,0
2022-04-12 00:00:00+01:00,0.007970159873366356,0.00797384511679411,0.007964637130498886,0.007969207130372524,0.007969207130372524,0
2022-04-12 01:00:00+01:00,0.007969270460307598,0.007994244806468487,0.00796412955969572,0.007970096543431282,0.007970096543431282,0
2022-04-12 02:00:00+01:00,0.007970032282173634,0.007980208843946457,0.007964890450239182,0.007974608801305294,0.007974608801305294,0
2022-04-12 03:00:00+01:00,0.0079755624756217,0.007979572750627995,0.007969270460307598,0.007971938699483871,0.007971938699483871,0
2022-04-12 04:00:00+01:00,0.007971938699483871,0.007975754328072071,0.007970414124429226,0.007973209954798222,0.007973209954798222,0
2022-04-12 05:00:00+01:00,0.007973146624863148,0.007989134639501572,0.007973083294928074,0.007977471686899662,0.007977471686899662,0
2022-04-12 06:00:00+01:00,0.007978171110153198,0.007980208843946457,0.00796546135097742,0.007968000136315823,0.007968000136315823,0
2022-04-12 07:00:00+01:00,0.007968064397573471,0.00797384511679411,0.007951653562486172,0.007955449633300304,0.007955449633300304,0
2022-04-12 08:00:00+01:00,0.007955639623105526,0.00797257386147976,0.007954436354339123,0.007967048324644566,0.007967048324644566,0
2022-04-12 09:00:00+01:00,0.007967174984514713,0.007970032282173634,0.007953678257763386,0.007959882728755474,0.007959882728755474,0
2022-04-12 10:00:00+01:00,0.007960009388625622,0.007966223172843456,0.007954563945531845,0.007960516028106213,0.007960516028106213,0
2022-04-12 11:00:00+01:00,0.00796064268797636,0.007967492565512657,0.007959882728755474,0.007962353527545929,0.007962353527545929,0
2022-04-12 12:00:00+01:00,0.007962290197610855,0.007971303537487984,0.007962100207805634,0.007969397120177746,0.007969397120177746,0
2022-04-12 13:00:00+01:00,0.007969715632498264,0.008016674779355526,0.00796172022819519,0.008004482835531235,0.008004482835531235,0
2022-04-12 14:00:00+01:00,0.008004482835531235,0.008008328266441822,0.007978299632668495,0.007982438430190086,0.007982438430190086,0
2022-04-12 15:00:00+01:00,0.00798275787383318,0.007994244806468487,0.007982119917869568,0.007988687604665756,0.007988687604665756,0
2022-04-12 16:00:00+01:00,0.007989071309566498,0.007994244806468487,0.007983393967151642,0.007984797470271587,0.007984797470271587,0
2022-04-12 17:00:00+01:00,0.007984605617821217,0.007998720742762089,0.007981164380908012,0.007985306903719902,0.007985306903719902,0
2022-04-12 18:00:00+01:00,0.007984860800206661,0.007991689257323742,0.007979126647114754,0.00798517931252718,0.00798517931252718,0
2022-04-12 19:00:00+01:00,0.007984988391399384,0.00798849668353796,0.007979636080563068,0.00798224750906229,0.00798224750906229,0
2022-04-12 20:00:00+01:00,0.007981865666806698,0.007985306903719902,0.007977981120347977,0.007978871464729309,0.007978871464729309,0
2022-04-12 21:00:00+01:00,0.007978553883731365,0.007982119917869568,0.007974226959049702,0.007977662608027458,0.007977662608027458,0
2022-04-12 22:00:00+01:00,0.007979254238307476,0.007981291972100735,0.007974417880177498,0.007976198568940163,0.007976198568940163,0
2022-04-12 23:00:00+01:00,0.007976644672453403,0.007979572750627995,0.007974226959049702,0.007975117303431034,0.007975117303431034,0
2022-04-13 00:00:00+01:00,0.007974990643560886,0.007977662608027458,0.00796838104724884,0.007972701452672482,0.007972701452672482,0
2022-04-13 01:00:00+01:00,0.007972764782607555,0.007979572750627995,0.007959248498082161,0.007962481118738651,0.007962481118738651,0
2022-04-13 02:00:00+01:00,0.007962290197610855,0.007968127727508545,0.007959438487887383,0.007962226867675781,0.007962226867675781,0
2022-04-13 03:00:00+01:00,0.007962290197610855,0.007966858334839344,0.007958551868796349,0.007962924428284168,0.007962924428284168,0
2022-04-13 04:00:00+01:00,0.007962924428284168,0.007971938699483871,0.007962734438478947,0.007967555895447731,0.007967555895447731,0
2022-04-13 05:00:00+01:00,0.007967746816575527,0.007970668375492096,0.007960896007716656,0.007961402647197247,0.007961402647197247,0
2022-04-13 06:00:00+01:00,0.00796146597713232,0.007966223172843456,0.00795374158769846,0.00796203687787056,0.00796203687787056,0
2022-04-13 07:00:00+01:00,0.007961973547935486,0.007965588942170143,0.007922298274934292,0.007928516715765,0.007928516715765,0
2022-04-13 08:00:00+01:00,0.00792820192873478,0.007937767542898655,0.007916527800261974,0.00793430395424366,0.00793430395424366,0
2022-04-13 09:00:00+01:00,0.007934178225696087,0.007941550575196743,0.00792644266039133,0.007934052497148514,0.007934052497148514,0
2022-04-13 10:00:00+01:00,0.007933800108730793,0.00793587788939476,0.007923239842057228,0.007933170534670353,0.007933170534670353,0
2022-04-13 11:00:00+01:00,0.007933108136057854,0.007937767542898655,0.007929271087050438,0.007933800108730793,0.007933800108730793,0
2022-04-13 12:00:00+01:00,0.007934052497148514,0.007962417788803577,0.007932101376354694,0.007947293110191822,0.007947293110191822,0
2022-04-13 13:00:00+01:00,0.007947040721774101,0.007952285930514336,0.007936759851872921,0.007942811585962772,0.007942811585962772,0
2022-04-13 14:00:00+01:00,0.007942748256027699,0.007957981899380684,0.007938901893794537,0.007947230711579323,0.007947230711579323,0
2022-04-13 15:00:00+01:00,0.007946977391839027,0.007957348600029945,0.007941550575196743,0.00795399397611618,0.00795399397611618,0
2022-04-13 16:00:00+01:00,0.00795399397611618,0.007970668375492096,0.007951464504003525,0.007965842261910439,0.007965842261910439,0
2022-04-13 17:00:00+01:00,0.007965842261910439,0.007978299632668495,0.007961149327456951,0.007962353527545929,0.007962353527545929,0
2022-04-13 18:00:00+01:00,0.007962226867675781,0.007970668375492096,0.007960072718560696,0.007961846888065338,0.007961846888065338,0
2022-04-13 19:00:00+01:00,0.007961846888065338,0.007968127727508545,0.007959882728755474,0.007961212657392025,0.007961212657392025,0
2022-04-13 20:00:00+01:00,0.007960832677781582,0.007963685318827629,0.007954816333949566,0.00795677863061428,0.00795677863061428,0
2022-04-13 21:00:00+01:00,0.00795677863061428,0.007967746816575527,0.007956398651003838,0.007965144701302052,0.007965144701302052,0
2022-04-13 22:00:00+01:00,0.007965588942170143,0.007966730743646622,0.007954942993819714,0.007957348600029945,0.007957348600029945,0
2022-04-13 23:00:00+01:00,0.007957348600029945,0.007964953780174255,0.007956082001328468,0.007963051088154316,0.007963051088154316,0
2022-04-14 00:00:00+01:00,0.007962100207805634,0.007978935725986958,0.00796146597713232,0.007977026514708996,0.007977026514708996,0
2022-04-14 01:00:00+01:00,0.007976644672453403,0.00798849668353796,0.007962226867675781,0.007968571968376637,0.007968571968376637,0
2022-04-14 02:00:00+01:00,0.007967555895447731,0.007987220771610737,0.00796552561223507,0.007982438430190086,0.007982438430190086,0
2022-04-14 03:00:00+01:00,0.007982438430190086,0.007985306903719902,0.007974672131240368,0.007978490553796291,0.007978490553796291,0
2022-04-14 04:00:00+01:00,0.007978299632668495,0.00799552258104086,0.007977662608027458,0.007986008189618587,0.007986008189618587,0
2022-04-14 05:00:00+01:00,0.007985944859683514,0.007987220771610737,0.007977026514708996,0.00798250176012516,0.00798250176012516,0
2022-04-14 06:00:00+01:00,0.00798250176012516,0.00799041148275137,0.007971938699483871,0.007973273284733295,0.007973273284733295,0
2022-04-14 07:00:00+01:00,0.00797384511679411,0.007984669879078865,0.007970032282173634,0.007982119917869568,0.007982119917869568,0
2022-04-14 08:00:00+01:00,0.007982184179127216,0.00799616239964962,0.007978171110153198,0.007978744804859161,0.007978744804859161,0
2022-04-14 09:00:00+01:00,0.007979827001690865,0.007980845868587494,0.00797257386147976,0.007975371554493904,0.007975371554493904,0
2022-04-14 10:00:00+01:00,0.007975435815751553,0.007981482893228531,0.007971621118485928,0.007977026514708996,0.007977026514708996,0
2022-04-14 11:00:00+01:00,0.007976326160132885,0.007985944859683514,0.007972701452672482,0.007985944859683514,0.007985944859683514,0
2022-04-14 12:00:00+01:00,0.007984031923115253,0.007989134639501572,0.007977026514708996,0.007977853529155254,0.007977853529155254,0
2022-04-14 13:00:00+01:00,0.00797804445028305,0.007984031923115253,0.007962353527545929,0.007966159842908382,0.007966159842908382,0
2022-04-14 14:00:00+01:00,0.007966223172843456,0.007971938699483871,0.007935626432299614,0.007940162904560566,0.007940162904560566,0
2022-04-14 15:00:00+01:00,0.007940162904560566,0.007956082001328468,0.00793928001075983,0.007943253964185715,0.007943253964185715,0
2022-04-14 16:00:00+01:00,0.007943253964185715,0.007949757389724255,0.007937137968838215,0.007941297255456448,0.007941297255456448,0
2022-04-14 17:00:00+01:00,0.007941361516714096,0.00794912502169609,0.00793839804828167,0.007940919138491154,0.007940919138491154,0
2022-04-14 18:00:00+01:00,0.007940919138491154,0.007945967838168144,0.007937137968838215,0.007939217612147331,0.007939217612147331,0
2022-04-14 19:00:00+01:00,0.007938901893794537,0.007942811585962772,0.007937137968838215,0.007937452755868435,0.007937452755868435,0
2022-04-14 20:00:00+01:00,0.007937767542898655,0.007942181080579758,0.007937137968838215,0.007940162904560566,0.007940162904560566,0
2022-04-14 21:00:00+01:00,0.00794022623449564,0.007946599274873734,0.007939343340694904,0.007944641634821892,0.007944641634821892,0
2022-04-14 22:00:00+01:00,0.007944704964756966,0.007947798818349838,0.007941550575196743,0.007942370139062405,0.007942370139062405,0
2022-04-14 23:00:00+01:00,0.00794230680912733,0.007944325916469097,0.007938839495182037,0.007939721457660198,0.007939721457660198,0
2022-04-15 00:00:00+01:00,0.007939595729112625,0.007941297255456448,0.007923302240669727,0.007926694117486477,0.007926694117486477,0
2022-04-15 01:00:00+01:00,0.007925877347588539,0.00793461874127388,0.007913959212601185,0.007917029783129692,0.007917029783129692,0
2022-04-15 02:00:00+01:00,0.007917656563222408,0.007922925986349583,0.007901952601969242,0.007911330088973045,0.007911330088973045,0
2022-04-15 03:00:00+01:00,0.007911392487585545,0.007919537834823132,0.007907326333224773,0.007910328917205334,0.007910328917205334,0
2022-04-15 04:00:00+01:00,0.007908951491117477,0.007915149442851543,0.007908577099442482,0.00791320763528347,0.00791320763528347,0
2022-04-15 05:00:00+01:00,0.007912644185125828,0.007915399968624115,0.00790951494127512,0.007912644185125828,0.007912644185125828,0
2022-04-15 06:00:00+01:00,0.007913082838058472,0.007917029783129692,0.007907013408839703,0.00791020318865776,0.00791020318865776,0
2022-04-15 07:00:00+01:00,0.007910015992820263,0.007911330088973045,0.007893843576312065,0.00790089089423418,0.00790089089423418,0
2022-04-15 08:00:00+01:00,0.007902015000581741,0.007911392487585545,0.007898894138634205,0.00790757592767477,0.00790757592767477,0
2022-04-15 09:00:00+01:00,0.007907388731837273,0.007912018336355686,0.007905138656497002,0.007906262762844563,0.007906262762844563,0
2022-04-15 10:00:00+01:00,0.007906388491392136,0.00790951494127512,0.007905138656497002,0.007906763814389706,0.007906763814389706,0
2022-04-15 11:00:00+01:00,0.007907013408839703,0.007911392487585545,0.007904513739049435,0.007909265346825123,0.007909265346825123,0
2022-04-15 12:00:00+01:00,0.007909577339887619,0.007910766638815403,0.007904700934886932,0.007906388491392136,0.007906388491392136,0
2022-04-15 13:00:00+01:00,0.007907138206064701,0.00790951494127512,0.007903014309704304,0.007907013408839703,0.007907013408839703,0
2022-04-15 14:00:00+01:00,0.007906888611614704,0.00790951494127512,0.007902638986706734,0.007905388250946999,0.007905388250946999,0
2022-04-15 15:00:00+01:00,0.00790563877671957,0.00790951494127512,0.007904513739049435,0.007907013408839703,0.007907013408839703,0
2022-04-15 16:00:00+01:00,0.007907075807452202,0.007918596267700195,0.007906388491392136,0.007916591130197048,0.007916591130197048,0
2022-04-15 17:00:00+01:00,0.007916340604424477,0.007917029783129692,0.007910140790045261,0.007912018336355686,0.007912018336355686,0
2022-04-15 18:00:00+01:00,0.007912018336355686,0.007916403003036976,0.007910140790045261,0.007912268862128258,0.007912268862128258,0
2022-04-15 19:00:00+01:00,0.007912268862128258,0.007916403003036976,0.007910140790045261,0.007913708686828613,0.007913708686828613,0
2022-04-15 20:00:00+01:00,0.007913708686828613,0.007918283343315125,0.007910766638815403,0.00791327003389597,0.00791327003389597,0
2022-04-15 21:00:00+01:00,0.00791327003389597,0.007917656563222408,0.007906575687229633,0.00791026558727026,0.00791026558727026,0
2022-04-18 00:00:00+01:00,0.007903201505541801,0.007907639257609844,0.007893282920122147,0.007898145355284214,0.007898145355284214,0
2022-04-18 01:00:00+01:00,0.007898270152509212,0.0079032639041543,0.007887057028710842,0.00790126621723175,0.00790126621723175,0
2022-04-18 02:00:00+01:00,0.00790132861584425,0.007922046817839146,0.00789639912545681,0.007907639257609844,0.007907639257609844,0
2022-04-18 03:00:00+01:00,0.007907639257609844,0.007910140790045261,0.007897771894931793,0.007899518124759197,0.007899518124759197,0
2022-04-18 04:00:00+01:00,0.007899455726146698,0.0079032639041543,0.007893158122897148,0.00789471622556448,0.00789471622556448,0
2022-04-18 05:00:00+01:00,0.007894841022789478,0.007900766097009182,0.007893718779087067,0.00789639912545681,0.00789639912545681,0
2022-04-18 06:00:00+01:00,0.00789633672684431,0.007902015000581741,0.007894466631114483,0.007896211929619312,0.007896211929619312,0
2022-04-18 07:00:00+01:00,0.007896211929619312,0.007900766097009182,0.007894466631114483,0.00789764616638422,0.00789764616638422,0
2022-04-18 08:00:00+01:00,0.007897583767771721,0.007910140790045261,0.007895651273429394,0.007896773517131805,0.007896773517131805,0
2022-04-18 09:00:00+01:00,0.007896648719906807,0.007902015000581741,0.007893282920122147,0.0078971479088068,0.0078971479088068,0
2022-04-18 10:00:00+01:00,0.0078971479088068,0.007902015000581741,0.007896211929619312,0.00789764616638422,0.00789764616638422,0
2022-04-18 11:00:00+01:00,0.007897833362221718,0.007900766097009182,0.007897023111581802,0.007898270152509212,0.007898270152509212,0
2022-04-18 12:00:00+01:00,0.007898270152509212,0.007904513739049435,0.007897583767771721,0.007902202196419239,0.007902202196419239,0
2022-04-18 13:00:00+01:00,0.00790213979780674,0.007910766638815403,0.007894529029726982,0.007903451099991798,0.007903451099991798,0
2022-04-18 14:00:00+01:00,0.0079032639041543,0.007908889092504978,0.007899206131696701,0.007899642921984196,0.007899642921984196,0
2022-04-18 15:00:00+01:00,0.007899892516434193,0.007904513739049435,0.007894342765212059,0.007895588874816895,0.007895588874816895,0
2022-04-18 16:00:00+01:00,0.007895776070654392,0.007898270152509212,0.007885688915848732,0.007888115011155605,0.007888115011155605,0
2022-04-18 17:00:00+01:00,0.007888177409768105,0.00789079163223505,0.007875937968492508,0.00787618663161993,0.00787618663161993,0
2022-04-18 18:00:00+01:00,0.00787618663161993,0.007884569466114044,0.00787618663161993,0.007877799682319164,0.007877799682319164,0
2022-04-18 19:00:00+01:00,0.007878109812736511,0.007882704958319664,0.007875255309045315,0.007875255309045315,0.007875255309045315,0
2022-04-18 20:00:00+01:00,0.007875627838075161,0.007880841381847858,0.007875255309045315,0.007877737283706665,0.007877737283706665,0
2022-04-18 21:00:00+01:00,0.007877737283706665,0.007879599928855896,0.007874015718698502,0.007875255309045315,0.007875255309045315,0
2022-04-18 22:00:00+01:00,0.007875442504882812,0.007877117022871971,0.007867139764130116,0.007869120687246323,0.007869120687246323,0
2022-04-18 23:00:00+01:00,0.007868439890444279,0.007874635979533195,0.007866335101425648,0.007870359346270561,0.007870359346270561,0
2022-04-19 00:00:00+01:00,0.007869120687246323,0.007871536538004875,0.0078602759167552,0.00786540750414133,0.00786540750414133,0
2022-04-19 01:00:00+01:00,0.00786540750414133,0.007875876501202583,0.007851943373680115,0.007854904048144817,0.007854904048144817,0
2022-04-19 02:00:00+01:00,0.007854966446757317,0.007859781384468079,0.007840062491595745,0.007843137718737125,0.007843137718737125,0
2022-04-19 03:00:00+01:00,0.007842890918254852,0.007847446016967297,0.007824358530342579,0.007828952744603157,0.007828952744603157,0
2022-04-19 04:00:00+01:00,0.007828584872186184,0.007837604731321335,0.00781414844095707,0.007817507721483707,0.007817507721483707,0
2022-04-19 05:00:00+01:00,0.007817691192030907,0.00782411452382803,0.007798244245350361,0.007803355809301138,0.007803355809301138,0
2022-04-19 06:00:00+01:00,0.0078039029613137245,0.0078100599348545074,0.007799460086971521,0.007802746258676052,0.007802746258676052,0
2022-04-19 07:00:00+01:00,0.0078024426475167274,0.007807010784745216,0.007792895659804344,0.007799095008522272,0.007799095008522272,0
2022-04-19 08:00:00+01:00,0.007799095008522272,0.007827788591384888,0.0077984873205423355,0.007808046881109476,0.007808046881109476,0
2022-04-19 09:00:00+01:00,0.007807620335370302,0.007811279036104679,0.007784524001181126,0.00779392896220088,0.00779392896220088,0
2022-04-19 10:00:00+01:00,0.007793624885380268,0.007796663325279951,0.007785615045577288,0.00779180321842432,0.00779180321842432,0
2022-04-19 11:00:00+01:00,0.00779180321842432,0.007801529485732317,0.007788768503814936,0.00779180321842432,0.00779180321842432,0
2022-04-19 12:00:00+01:00,0.007791742216795683,0.0078051830641925335,0.007787555456161499,0.007800494320690632,0.007800494320690632,0
2022-04-19 13:00:00+01:00,0.007800738327205181,0.0078100599348545074,0.0077821011655032635,0.007784463930875063,0.007784463930875063,0
2022-04-19 14:00:00+01:00,0.007784524001181126,0.007786343339830637,0.00776717159897089,0.007771457079797983,0.007771457079797983,0
2022-04-19 15:00:00+01:00,0.007771215867251158,0.007779679726809263,0.007760962005704641,0.007762167137116194,0.007762167137116194,0
2022-04-19 16:00:00+01:00,0.007762107532471418,0.0077827065251767635,0.007757049519568682,0.007779679726809263,0.007779679726809263,0
2022-04-19 17:00:00+01:00,0.007779377046972513,0.007780889980494976,0.007763974834233522,0.007766990456730127,0.007766990456730127,0
2022-04-19 18:00:00+01:00,0.007766990456730127,0.007771215867251158,0.007763734087347984,0.007763854693621397,0.007763854693621397,0
2022-04-19 19:00:00+01:00,0.007763915229588747,0.007771819364279509,0.007762769237160683,0.007766808848828077,0.007766808848828077,0
2022-04-19 20:00:00+01:00,0.007766869850456715,0.007770611438900232,0.00775374099612236,0.00776042090728879,0.00776042090728879,0
2022-04-19 21:00:00+01:00,0.007760541047900915,0.007762769237160683,0.007757349871098995,0.007758012041449547,0.007758012041449547,0
2022-04-19 22:00:00+01:00,0.007757349871098995,0.007761565037071705,0.0077543421648442745,0.007756628096103668,0.007756628096103668,0
2022-04-19 23:00:00+01:00,0.007756206672638655,0.007759155705571175,0.007727676536887884,0.00773335387930274,0.00773335387930274,0
2022-04-20 00:00:00+01:00,0.007734071463346481,0.007747733499854803,0.007730603683739901,0.007732158061116934,0.007732158061116934,0
2022-04-20 01:00:00+01:00,0.00773335387930274,0.007747733499854803,0.007727796211838722,0.007734609767794609,0.007734609767794609,0
2022-04-20 02:00:00+01:00,0.007735148537904024,0.007760962005704641,0.007729468401521444,0.007751757279038429,0.007751757279038429,0
2022-04-20 03:00:00+01:00,0.007751937955617905,0.007780889980494976,0.007741136942058802,0.007765783928334713,0.007765783928334713,0
2022-04-20 04:00:00+01:00,0.007765965070575476,0.0078100599348545074,0.007765542715787888,0.007791317068040371,0.007791317068040371,0
2022-04-20 05:00:00+01:00,0.007791195530444384,0.007792409975081682,0.007772181648761034,0.0077788932248950005,0.0077788932248950005,0
2022-04-20 06:00:00+01:00,0.0077788932248950005,0.007784524001181126,0.007767895236611366,0.0077700079418718815,0.0077700079418718815,0
2022-04-20 07:00:00+01:00,0.007770188618451357,0.007779073901474476,0.007766990456730127,0.0077742356806993484,0.0077742356806993484,0
2022-04-20 08:00:00+01:00,0.007772423326969147,0.007787555456161499,0.0077700079418718815,0.007771819364279509,0.007771819364279509,0
2022-04-20 09:00:00+01:00,0.007772181648761034,0.0077930171974003315,0.007769403513520956,0.007788041140884161,0.007788041140884161,0
2022-04-20 10:00:00+01:00,0.007788162212818861,0.007823501713573933,0.007784524001181126,0.0078087178990244865,0.0078087178990244865,0
2022-04-20 11:00:00+01:00,0.0078090219758450985,0.007838219404220581,0.0078087178990244865,0.007826685905456543,0.007826685905456543,0
2022-04-20 12:00:00+01:00,0.007826685905456543,0.007833920419216156,0.007808229420334101,0.007819953374564648,0.007819953374564648,0
2022-04-20 13:00:00+01:00,0.007819892838597298,0.007825951091945171,0.007795508019626141,0.007806279230862856,0.007806279230862856,0
2022-04-20 14:00:00+01:00,0.007806279230862856,0.00782717578113079,0.007802989799529314,0.007818669080734253,0.007818669080734253,0
2022-04-20 15:00:00+01:00,0.00781799666583538,0.007847446016967297,0.007817263714969158,0.00783232506364584,0.00783232506364584,0
2022-04-20 16:00:00+01:00,0.007831957191228867,0.007837604731321335,0.007822583429515362,0.007826808840036392,0.007826808840036392,0
2022-04-20 17:00:00+01:00,0.007826930843293667,0.007832693867385387,0.007818608544766903,0.007819647900760174,0.007819647900760174,0
2022-04-20 18:00:00+01:00,0.007819341495633125,0.007833920419216156,0.007817630656063557,0.007829014211893082,0.007829014211893082,0
2022-04-20 19:00:00+01:00,0.00782932061702013,0.007835148833692074,0.007822277955710888,0.00782613456249237,0.00782613456249237,0
2022-04-20 20:00:00+01:00,0.007826012559235096,0.007832080125808716,0.007823501713573933,0.007830056361854076,0.007830056361854076,0
2022-04-20 21:00:00+01:00,0.007829749956727028,0.007831466384232044,0.00781921949237585,0.007824297994375229,0.007824297994375229,0
2022-04-20 22:00:00+01:00,0.007821054197847843,0.007830547168850899,0.007810669485479593,0.00781549233943224,0.00781549233943224,0
2022-04-20 23:00:00+01:00,0.007815003395080566,0.007824726402759552,0.0077988519333302975,0.007813110947608948,0.007813110947608948,0
2022-04-21 00:00:00+01:00,0.007814941927790642,0.007822277955710888,0.007805243134498596,0.007813720963895321,0.007813720963895321,0
2022-04-21 01:00:00+01:00,0.007813782431185246,0.007816163823008537,0.007783554960042238,0.0078035993501544,0.0078035993501544,0
2022-04-21 02:00:00+01:00,0.007803234271705151,0.007807620335370302,0.007785130757838488,0.00778925372287631,0.00778925372287631,0
2022-04-21 03:00:00+01:00,0.007789314724504948,0.007794232107698917,0.007775263395160437,0.007775627076625824,0.007775627076625824,0
2022-04-21 04:00:00+01:00,0.007775445003062487,0.007796663325279951,0.00777381332591176,0.007793685421347618,0.007793685421347618,0
2022-04-21 05:00:00+01:00,0.007793624885380268,0.007799095008522272,0.007785676047205925,0.007790710311383009,0.007790710311383009,0
2022-04-21 06:00:00+01:00,0.007790588773787022,0.007810669485479593,0.007789193652570248,0.007800555322319269,0.007800555322319269,0
2022-04-21 07:00:00+01:00,0.007800433784723282,0.00781921949237585,0.007799703162163496,0.007812194526195526,0.007812194526195526,0
2022-04-21 08:00:00+01:00,0.007812316529452801,0.007822277955710888,0.007805975154042244,0.007811279036104679,0.007811279036104679,0
2022-04-21 09:00:00+01:00,0.007811218500137329,0.0078125,0.00779593363404274,0.007808229420334101,0.007808229420334101,0
2022-04-21 10:00:00+01:00,0.007808900438249111,0.007813720963895321,0.007802138105034828,0.0078084128908813,0.0078084128908813,0
2022-04-21 11:00:00+01:00,0.007808168884366751,0.007825951091945171,0.007807620335370302,0.007809144910424948,0.007809144910424948,0
2022-04-21 12:00:00+01:00,0.007809144910424948,0.007811279036104679,0.00779605470597744,0.007798365782946348,0.007798365782946348,0
2022-04-21 13:00:00+01:00,0.0077984873205423355,0.007811889983713627,0.00778937479481101,0.007804878056049347,0.007804878056049347,0
2022-04-21 14:00:00+01:00,0.007804390974342823,0.007809449452906847,0.007785130757838488,0.0077865244820714,0.0077865244820714,0
2022-04-21 15:00:00+01:00,0.007786343339830637,0.007797271013259888,0.007777259219437838,0.007781193125993013,0.007781193125993013,0
2022-04-21 16:00:00+01:00,0.007781011052429676,0.007791195530444384,0.007769705727696419,0.007776231039315462,0.007776231039315462,0
2022-04-21 17:00:00+01:00,0.007776049431413412,0.007783312816172838,0.007770611438900232,0.007776110433042049,0.007776110433042049,0
2022-04-21 18:00:00+01:00,0.007776352111250162,0.0078100599348545074,0.007776170037686825,0.0078040859661996365,0.0078040859661996365,0
2022-04-21 19:00:00+01:00,0.007803842891007662,0.007807620335370302,0.007791135460138321,0.007797209545969963,0.007797209545969963,0
2022-04-21 20:00:00+01:00,0.007797332014888525,0.007802138105034828,0.007792409975081682,0.007795325946062803,0.007795325946062803,0
2022-04-21 21:00:00+01:00,0.007795386482030153,0.007799703162163496,0.007788162212818861,0.007790831383317709,0.007790831383317709,0
2022-04-21 22:00:00+01:00,0.0077923499047756195,0.007793867960572243,0.0077848881483078,0.007790588773787022,0.007790588773787022,0
2022-04-21 23:00:00+01:00,0.007789557334035635,0.007794840261340141,0.007783070672303438,0.007794232107698917,0.007794232107698917,0
2022-04-22 00:00:00+01:00,0.007792592514306307,0.0077984873205423355,0.007783858105540276,0.007786099798977375,0.007786099798977375,0
2022-04-22 01:00:00+01:00,0.007786039728671312,0.007791195530444384,0.007772242650389671,0.007774961646646261,0.007774961646646261,0
2022-04-22 02:00:00+01:00,0.0077748410403728485,0.007785130757838488,0.007770611438900232,0.007773087825626135,0.007773087825626135,0
2022-04-22 03:00:00+01:00,0.007772846147418022,0.007781495805829763,0.007772846147418022,0.007775807753205299,0.007775807753205299,0
2022-04-22 04:00:00+01:00,0.007775747682899237,0.007794232107698917,0.0077713364735245705,0.007784585002809763,0.007784585002809763,0
2022-04-22 05:00:00+01:00,0.0077847670763731,0.0078100599348545074,0.007780768908560276,0.0078009204007685184,0.0078009204007685184,0
2022-04-22 06:00:00+01:00,0.007801041938364506,0.00782044231891632,0.007799825631082058,0.007818058133125305,0.007818058133125305,0
2022-04-22 07:00:00+01:00,0.00781799666583538,0.00783024076372385,0.007810547482222319,0.007817691192030907,0.007817691192030907,0
2022-04-22 08:00:00+01:00,0.007817507721483707,0.00782288983464241,0.007802564185112715,0.007808290887624025,0.007808290887624025,0
2022-04-22 09:00:00+01:00,0.0078087178990244865,0.0078100599348545074,0.007792409975081682,0.007796663325279951,0.007796663325279951,0
2022-04-22 10:00:00+01:00,0.007796663325279951,0.007801529485732317,0.007780829910188913,0.007786767091602087,0.007786767091602087,0
2022-04-22 11:00:00+01:00,0.007786767091602087,0.007794840261340141,0.007780224084854126,0.00778506975620985,0.00778506975620985,0
2022-04-22 12:00:00+01:00,0.007785130757838488,0.0077984873205423355,0.007783918175846338,0.007796237710863352,0.007796237710863352,0
2022-04-22 13:00:00+01:00,0.007796663325279951,0.007797878701239824,0.007783009670674801,0.007785736583173275,0.007785736583173275,0
2022-04-22 14:00:00+01:00,0.007785615045577288,0.007802138105034828,0.007776292040944099,0.007786949165165424,0.007786949165165424,0
2022-04-22 15:00:00+01:00,0.007786706555634737,0.007805791683495045,0.007786343339830637,0.007789678871631622,0.007789678871631622,0
2022-04-22 16:00:00+01:00,0.007789982482790947,0.007790588773787022,0.007745333481580019,0.007764758542180061,0.007764758542180061,0
2022-04-22 17:00:00+01:00,0.007764879148453474,0.0077688004821538925,0.0077557857148349285,0.0077589149586856365,0.0077589149586856365,0
2022-04-22 18:00:00+01:00,0.0077589149586856365,0.007787555456161499,0.007758554071187973,0.007780042942613363,0.007780042942613363,0
2022-04-22 19:00:00+01:00,0.007780103012919426,0.007783918175846338,0.007774176076054573,0.007776956539601088,0.007776956539601088,0
2022-04-22 20:00:00+01:00,0.007777017541229725,0.007784524001181126,0.0077764131128787994,0.007779739797115326,0.007779739797115326,0
2022-04-22 21:00:00+01:00,0.007780103012919426,0.007787616457790136,0.007775989361107349,0.007780587766319513,0.007780587766319513,0
2022-04-25 00:00:00+01:00,0.007767835631966591,0.00777846947312355,0.007765783928334713,0.007775747682899237,0.007775747682899237,0
2022-04-25 01:00:00+01:00,0.007775747682899237,0.007785130757838488,0.0077633727341890335,0.007766990456730127,0.007766990456730127,0
2022-04-25 02:00:00+01:00,0.007766869850456715,0.007783312816172838,0.007760058622807264,0.007777440827339888,0.007777440827339888,0
2022-04-25 03:00:00+01:00,0.00777750089764595,0.007799703162163496,0.007775506004691124,0.007793382275849581,0.007793382275849581,0
2022-04-25 04:00:00+01:00,0.0077932607382535934,0.007794840261340141,0.007783918175846338,0.007790528703480959,0.007790528703480959,0
2022-04-25 05:00:00+01:00,0.007790467701852322,0.007797271013259888,0.007779255975037813,0.007780889980494976,0.007780889980494976,0
2022-04-25 06:00:00+01:00,0.007780708838254213,0.007784524001181126,0.007776292040944099,0.007783251814544201,0.007783251814544201,0
2022-04-25 07:00:00+01:00,0.007783130742609501,0.007813110947608948,0.007780224084854126,0.007807132788002491,0.007807132788002491,0
2022-04-25 08:00:00+01:00,0.007807071320712566,0.007816163823008537,0.00779605470597744,0.007800190709531307,0.007800190709531307,0
2022-04-25 09:00:00+01:00,0.0078003122471272945,0.007821054197847843,0.00779198482632637,0.007805304601788521,0.007805304601788521,0
2022-04-25 10:00:00+01:00,0.007805243134498596,0.007814941927790642,0.0077984873205423355,0.007799703162163496,0.007799703162163496,0
2022-04-25 11:00:00+01:00,0.007799521088600159,0.0078125,0.00779605470597744,0.007802138105034828,0.007802138105034828,0
2022-04-25 12:00:00+01:00,0.007802564185112715,0.0078051830641925335,0.0077821011655032635,0.007802138105034828,0.007802138105034828,0
2022-04-25 13:00:00+01:00,0.007802564185112715,0.007814330980181694,0.00779605470597744,0.007802746258676052,0.007802746258676052,0
2022-04-25 14:00:00+01:00,0.007802989799529314,0.007838219404220581,0.007795447483658791,0.007833306677639484,0.007833306677639484,0
2022-04-25 15:00:00+01:00,0.007833552546799183,0.007836990989744663,0.007811645045876503,0.007821176201105118,0.007821176201105118,0
2022-04-25 16:00:00+01:00,0.007821359671652317,0.007843752391636372,0.007818547077476978,0.007832877337932587,0.007832877337932587,0
2022-04-25 17:00:00+01:00,0.007832877337932587,0.007841292768716812,0.00782717578113079,0.007831405848264694,0.007831405848264694,0
2022-04-25 18:00:00+01:00,0.007831466384232044,0.007832693867385387,0.00782044231891632,0.007821666076779366,0.007821666076779366,0
2022-04-25 19:00:00+01:00,0.00782172754406929,0.007824726402759552,0.007810669485479593,0.0078125,0.0078125,0
2022-04-25 20:00:00+01:00,0.007810791488736868,0.007821054197847843,0.007806340232491493,0.007811645045876503,0.007811645045876503,0
2022-04-25 21:00:00+01:00,0.007811584509909153,0.0078125,0.007803964428603649,0.007804207969456911,0.007804207969456911,0
2022-04-25 22:00:00+01:00,0.007804512977600098,0.007809449452906847,0.00780006917193532,0.007804451510310173,0.007804451510310173,0
2022-04-25 23:00:00+01:00,0.00780457304790616,0.00781799666583538,0.0077988519333302975,0.007812133990228176,0.007812133990228176,0
2022-04-26 00:00:00+01:00,0.007813598960638046,0.00783024076372385,0.007808656431734562,0.007826440967619419,0.007826440967619419,0
2022-04-26 01:00:00+01:00,0.007826256565749645,0.007854226045310497,0.007823196239769459,0.007837358862161636,0.007837358862161636,0
2022-04-26 02:00:00+01:00,0.007837297394871712,0.007851758971810341,0.007832386530935764,0.007841169834136963,0.007841169834136963,0
2022-04-26 03:00:00+01:00,0.007841169834136963,0.007848061621189117,0.007823440246284008,0.007824542000889778,0.007824542000889778,0
2022-04-26 04:00:00+01:00,0.007824542000889778,0.007828401401638985,0.007807254791259766,0.007811279036104679,0.007811279036104679,0
2022-04-26 05:00:00+01:00,0.007811279036104679,0.007814330980181694,0.007801468018442392,0.007806035224348307,0.007806035224348307,0
2022-04-26 06:00:00+01:00,0.007806400768458843,0.00782044231891632,0.00780025077983737,0.007814575918018818,0.007814575918018818,0
2022-04-26 07:00:00+01:00,0.007814697921276093,0.007830853573977947,0.0078120725229382515,0.007819892838597298,0.007819892838597298,0
2022-04-26 08:00:00+01:00,0.007820258848369122,0.007831466384232044,0.0078120725229382515,0.00781921949237585,0.00781921949237585,0
2022-04-26 09:00:00+01:00,0.007819280959665775,0.007826563902199268,0.007809144910424948,0.007820503786206245,0.007820503786206245,0
2022-04-26 10:00:00+01:00,0.007820626720786095,0.007833920419216156,0.007816774770617485,0.007824726402759552,0.007824726402759552,0
2022-04-26 11:00:00+01:00,0.007823746651411057,0.007833306677639484,0.00782044231891632,0.007829871959984303,0.007829871959984303,0
2022-04-26 12:00:00+01:00,0.007829811424016953,0.007846214808523655,0.007829014211893082,0.007840554229915142,0.007840554229915142,0
2022-04-26 13:00:00+01:00,0.007840615697205067,0.007864726707339287,0.007836376316845417,0.00786089338362217,0.00786089338362217,0
2022-04-26 14:00:00+01:00,0.00786077044904232,0.007874015718698502,0.007851018570363522,0.007864108309149742,0.007864108309149742,0
2022-04-26 15:00:00+01:00,0.007864045910537243,0.00786720123142004,0.007852375507354736,0.007863304577767849,0.007863304577767849,0
2022-04-26 16:00:00+01:00,0.007863366045057774,0.007868439890444279,0.007845659740269184,0.00785108096897602,0.00785108096897602,0
2022-04-26 17:00:00+01:00,0.007851327769458294,0.007853608578443527,0.007840492762625217,0.00784159917384386,0.00784159917384386,0
2022-04-26 18:00:00+01:00,0.007841783575713634,0.007849909365177155,0.007837604731321335,0.007838219404220581,0.007838219404220581,0
2022-04-26 19:00:00+01:00,0.00783846527338028,0.007842522114515305,0.007834535092115402,0.007838280871510506,0.007838280871510506,0
2022-04-26 20:00:00+01:00,0.007838341407477856,0.007849909365177155,0.007831896655261517,0.007848061621189117,0.007848061621189117,0
2022-04-26 21:00:00+01:00,0.007847877219319344,0.007862871512770653,0.007846029475331306,0.007860461249947548,0.007860461249947548,0
2022-04-26 22:00:00+01:00,0.00786077044904232,0.007866582833230495,0.007857311517000198,0.00786138791590929,0.00786138791590929,0
2022-04-26 23:00:00+01:00,0.007862191647291183,0.007878358475863934,0.007860398851335049,0.007869306951761246,0.007869306951761246,0
2022-04-27 00:00:00+01:00,0.007868005894124508,0.007869678549468517,0.007855459116399288,0.00785786658525467,0.00785786658525467,0
2022-04-27 01:00:00+01:00,0.00785786658525467,0.007860398851335049,0.007835393771529198,0.007840554229915142,0.007840554229915142,0
2022-04-27 02:00:00+01:00,0.007840492762625217,0.007846829481422901,0.007835516706109047,0.007844613865017891,0.007844613865017891,0
2022-04-27 03:00:00+01:00,0.007844798266887665,0.007853608578443527,0.007825399748980999,0.007825399748980999,0.007825399748980999,0
2022-04-27 04:00:00+01:00,0.00782717578113079,0.007833920419216156,0.007823134772479534,0.007830056361854076,0.007830056361854076,0
2022-04-27 05:00:00+01:00,0.00783024076372385,0.007838833145797253,0.00782509334385395,0.007833859883248806,0.007833859883248806,0
2022-04-27 06:00:00+01:00,0.007833920419216156,0.007846214808523655,0.007827053777873516,0.007830179296433926,0.007830179296433926,0
2022-04-27 07:00:00+01:00,0.007830056361854076,0.007832693867385387,0.007806340232491493,0.007817385718226433,0.007817385718226433,0
2022-04-27 08:00:00+01:00,0.00781665276736021,0.007830853573977947,0.007812133990228176,0.007813171483576298,0.007813171483576298,0
2022-04-27 09:00:00+01:00,0.007813110947608948,0.00782717578113079,0.007812133990228176,0.007815003395080566,0.007815003395080566,0
2022-04-27 10:00:00+01:00,0.007814941927790642,0.007826563902199268,0.007813415490090847,0.007817752659320831,0.007817752659320831,0
2022-04-27 11:00:00+01:00,0.007817691192030907,0.00782717578113079,0.00781274400651455,0.007817630656063557,0.007817630656063557,0
2022-04-27 12:00:00+01:00,0.007817385718226433,0.00782044231891632,0.007800615858286619,0.0078090219758450985,0.0078090219758450985,0
2022-04-27 13:00:00+01:00,0.007808839902281761,0.00781921949237585,0.007802868261933327,0.007808839902281761,0.007808839902281761,0
2022-04-27 14:00:00+01:00,0.007808229420334101,0.007811889983713627,0.0077981227077543736,0.00780457304790616,0.00780457304790616,0
2022-04-27 15:00:00+01:00,0.007804756052792072,0.007819831371307373,0.007792653050273657,0.007793320808559656,0.007793320808559656,0
2022-04-27 16:00:00+01:00,0.007793199736624956,0.007795447483658791,0.007778106722980738,0.00778519082814455,0.00778519082814455,0
2022-04-27 17:00:00+01:00,0.007785251829773188,0.0078009204007685184,0.007784948218613863,0.00779605470597744,0.00779605470597744,0
2022-04-27 18:00:00+01:00,0.00779587309807539,0.0078003122471272945,0.007792288903146982,0.007797453552484512,0.007797453552484512,0
2022-04-27 19:00:00+01:00,0.00779763562604785,0.007802138105034828,0.007790710311383009,0.007791863288730383,0.007791863288730383,0
2022-04-27 20:00:00+01:00,0.00779198482632637,0.007799703162163496,0.007789799943566322,0.007794232107698917,0.007794232107698917,0
2022-04-27 21:00:00+01:00,0.007793806493282318,0.007794840261340141,0.007785554975271225,0.007787130307406187,0.007787130307406187,0
2022-04-27 22:00:00+01:00,0.007787191774696112,0.007789982482790947,0.0077827065251767635,0.007783918175846338,0.007783918175846338,0
2022-04-27 23:00:00+01:00,0.007783312816172838,0.0077930171974003315,0.007779073901474476,0.0077818590216338634,0.0077818590216338634,0
2022-04-28 00:00:00+01:00,0.007781011052429676,0.007791195530444384,0.007779073901474476,0.007785978727042675,0.007785978727042675,0
2022-04-28 01:00:00+01:00,0.007785554975271225,0.007792409975081682,0.007761383894830942,0.007763191591948271,0.007763191591948271,0
2022-04-28 02:00:00+01:00,0.007763011381030083,0.0077742356806993484,0.00775843346491456,0.007771215867251158,0.007771215867251158,0
2022-04-28 03:00:00+01:00,0.007770128548145294,0.007775445003062487,0.007764999754726887,0.0077710943296551704,0.0077710943296551704,0
2022-04-28 04:00:00+01:00,0.0077711548656225204,0.007776654791086912,0.007700007874518633,0.007710159290581942,0.007710159290581942,0
2022-04-28 05:00:00+01:00,0.007710219360888004,0.007720219437032938,0.007698169909417629,0.007701727095991373,0.007701727095991373,0
2022-04-28 06:00:00+01:00,0.0077023799531161785,0.007706535514444113,0.007676305714994669,0.007691006176173687,0.007691006176173687,0
2022-04-28 07:00:00+01:00,0.007690473459661007,0.007695859298110008,0.007653276436030865,0.007661308627575636,0.007661308627575636,0
2022-04-28 08:00:00+01:00,0.007661191280931234,0.007695859298110008,0.007650699466466904,0.0076593137346208096,0.0076593137346208096,0
2022-04-28 09:00:00+01:00,0.007657612673938274,0.0076616606675088406,0.0076361531391739845,0.007637843955308199,0.007637843955308199,0
2022-04-28 10:00:00+01:00,0.007638252340257168,0.007682851515710354,0.007633005268871784,0.007657906040549278,0.007657906040549278,0
2022-04-28 11:00:00+01:00,0.007657612673938274,0.007683442439883947,0.007656850386410952,0.007669182028621435,0.007669182028621435,0
2022-04-28 12:00:00+01:00,0.007669240701943636,0.00767165282741189,0.007637202274054289,0.007638369221240282,0.007638369221240282,0
2022-04-28 13:00:00+01:00,0.007638426963239908,0.007676953915506601,0.007638252340257168,0.007644792553037405,0.007644792553037405,0
2022-04-28 14:00:00+01:00,0.007645259611308575,0.007659900467842817,0.007639302872121334,0.007639769930392504,0.007639769930392504,0
2022-04-28 15:00:00+01:00,0.007639419753104448,0.007646429352462292,0.0076189893297851086,0.007632364518940449,0.007632364518940449,0
2022-04-28 16:00:00+01:00,0.007632480934262276,0.007652280852198601,0.007628637365996838,0.0076376693323254585,0.0076376693323254585,0
2022-04-28 17:00:00+01:00,0.007637377362698317,0.007642338052392006,0.0076264855451881886,0.0076359775848686695,0.0076359775848686695,0
2022-04-28 18:00:00+01:00,0.007635918911546469,0.007638252340257168,0.007626019883900881,0.00762747460976243,0.00762747460976243,0
2022-04-28 19:00:00+01:00,0.007627764716744423,0.007646429352462292,0.007627125363796949,0.007640003226697445,0.007640003226697445,0
2022-04-28 20:00:00+01:00,0.00763982767239213,0.0076458449475467205,0.007636968977749348,0.007640469819307327,0.007640469819307327,0
2022-04-28 21:00:00+01:00,0.0076405867002904415,0.00764818349853158,0.007638661190867424,0.007640528492629528,0.007640528492629528,0
2022-04-28 22:00:00+01:00,0.007642689161002636,0.007646546233445406,0.007639419753104448,0.007642513606697321,0.007642513606697321,0
2022-04-28 23:00:00+01:00,0.007642980664968491,0.007646429352462292,0.007636385969817638,0.007641171105206013,0.007641171105206013,0
2022-04-29 00:00:00+01:00,0.007639886345714331,0.0076487683691084385,0.007639244198799133,0.007646429352462292,0.007646429352462292,0
2022-04-29 01:00:00+01:00,0.0076463124714791775,0.007662248332053423,0.007644032593816519,0.0076593137346208096,0.0076593137346208096,0
2022-04-29 02:00:00+01:00,0.007658434100449085,0.007672241888940334,0.007651577703654766,0.0076525150798261166,0.0076525150798261166,0
2022-04-29 03:00:00+01:00,0.007652572821825743,0.007656967267394066,0.007645376492291689,0.007648885250091553,0.007648885250091553,0
2022-04-29 04:00:00+01:00,0.007648885250091553,0.007659900467842817,0.00764818349853158,0.007654681336134672,0.007654681336134672,0
2022-04-29 05:00:00+01:00,0.00765474047511816,0.007666359655559063,0.007653100416064262,0.007660957053303719,0.007660957053303719,0
2022-04-29 06:00:00+01:00,0.007661073934286833,0.007672830484807491,0.007658962160348892,0.007669476792216301,0.007669476792216301,0
2022-04-29 07:00:00+01:00,0.007669770158827305,0.007683442439883947,0.007664068136364222,0.0076780738309025764,0.0076780738309025764,0
2022-04-29 08:00:00+01:00,0.0076776607893407345,0.00769526744261384,0.007670887745916843,0.007693491410464048,0.007693491410464048,0
2022-04-29 09:00:00+01:00,0.007691716309636831,0.0077077229507267475,0.007680314593017101,0.007686158642172813,0.007686158642172813,0
2022-04-29 10:00:00+01:00,0.007686218246817589,0.0076863947324454784,0.007663070224225521,0.007674479391425848,0.007674479391425848,0
2022-04-29 11:00:00+01:00,0.007674538530409336,0.007691123988479376,0.007667241618037224,0.007686986122280359,0.007686986122280359,0
2022-04-29 12:00:00+01:00,0.007686808705329895,0.007703566923737526,0.007686572149395943,0.007692189421504736,0.007692189421504736,0
2022-04-29 13:00:00+01:00,0.007691893260926008,0.0076970444060862064,0.007670359220355749,0.0076871044002473354,0.0076871044002473354,0
2022-04-29 14:00:00+01:00,0.0076873404905200005,0.007690533064305782,0.007669829297810793,0.007688463199883699,0.007688463199883699,0
2022-04-29 15:00:00+01:00,0.007688522804528475,0.00772618455812335,0.0076809050515294075,0.0077134305611252785,0.0077134305611252785,0
2022-04-29 16:00:00+01:00,0.007713251747190952,0.0077309622429311275,0.007700126618146896,0.007705347612500191,0.007705347612500191,0
2022-04-29 17:00:00+01:00,0.007703269831836224,0.00771604897454381,0.007699829991906881,0.007711765356361866,0.007711765356361866,0
2022-04-29 18:00:00+01:00,0.007711824029684067,0.007734550628811121,0.007710219360888004,0.007721947506070137,0.007721947506070137,0
2022-04-29 19:00:00+01:00,0.007722245994955301,0.007732158061116934,0.0077192652970552444,0.007725587114691734,0.007725587114691734,0
2022-04-29 20:00:00+01:00,0.007725408300757408,0.007727975491434336,0.00770374434068799,0.007706712931394577,0.007706712931394577,0
2022-04-29 21:00:00+01:00,0.0077065941877663136,0.007712061982601881,0.007697281427681446,0.007702735718339682,0.007702735718339682,0
2022-05-02 00:00:00+01:00,0.0076843868009746075,0.007702972739934921,0.0076835607178509235,0.007692425977438688,0.007692425977438688,0
2022-05-02 01:00:00+01:00,0.0076923673041164875,0.007717240136116743,0.0076857456006109715,0.007688818033784628,0.007688818033784628,0
2022-05-02 02:00:00+01:00,0.007688818033784628,0.0076970444060862064,0.0076783690601587296,0.007681730668991804,0.007681730668991804,0
2022-05-02 03:00:00+01:00,0.007681730668991804,0.007693491410464048,0.007680491544306278,0.007683442439883947,0.007683442439883947,0
2022-05-02 04:00:00+01:00,0.007683973293751478,0.007686986122280359,0.007670476567000151,0.0076757753267884254,0.0076757753267884254,0
2022-05-02 05:00:00+01:00,0.007675833534449339,0.007679312024265528,0.007668770384043455,0.0076695941388607025,0.0076695941388607025,0
2022-05-02 06:00:00+01:00,0.007669652346521616,0.007673418615013361,0.007667123805731535,0.007670476567000151,0.007670476567000151,0
2022-05-02 07:00:00+01:00,0.007668358273804188,0.007679312024265528,0.00766418594866991,0.007674479391425848,0.007674479391425848,0
2022-05-02 08:00:00+01:00,0.007674538530409336,0.007689350284636021,0.007673831190913916,0.007686040364205837,0.007686040364205837,0
2022-05-02 09:00:00+01:00,0.007685863878577948,0.007698229979723692,0.007682557217776775,0.007689942140132189,0.007689942140132189,0
2022-05-02 10:00:00+01:00,0.007689764257520437,0.007704160176217556,0.007685568183660507,0.007700126618146896,0.007700126618146896,0
2022-05-02 11:00:00+01:00,0.007700126618146896,0.007701193448156118,0.007690236903727055,0.0076999482698738575,0.0076999482698738575,0
2022-05-02 12:00:00+01:00,0.007699711248278618,0.007702972739934921,0.00769207114353776,0.007698762230575085,0.007698762230575085,0
2022-05-02 13:00:00+01:00,0.007698466535657644,0.0077118840999901295,0.007683028932660818,0.007685213815420866,0.007685213815420866,0
2022-05-02 14:00:00+01:00,0.007685390766710043,0.007694674655795097,0.007682379800826311,0.007683618925511837,0.007683618925511837,0
2022-05-02 15:00:00+01:00,0.007684210315346718,0.007696452550590038,0.0076780738309025764,0.007678898982703686,0.007678898982703686,0
2022-05-02 16:00:00+01:00,0.007678663358092308,0.007683442439883947,0.00767165282741189,0.007681081537157297,0.007681081537157297,0
2022-05-02 17:00:00+01:00,0.007680550217628479,0.007689350284636021,0.0076802559196949005,0.007682261988520622,0.007682261988520622,0
2022-05-02 18:00:00+01:00,0.007682379800826311,0.007686986122280359,0.007678486872464418,0.007682143710553646,0.007682143710553646,0
2022-05-02 19:00:00+01:00,0.007682261988520622,0.007689350284636021,0.007682084571570158,0.0076841507107019424,0.0076841507107019424,0
2022-05-02 20:00:00+01:00,0.0076841507107019424,0.0076863947324454784,0.007677189540117979,0.007679960690438747,0.007679960690438747,0
2022-05-02 21:00:00+01:00,0.007680078502744436,0.007687990553677082,0.007679960690438747,0.007683442439883947,0.007683442439883947,0
2022-05-02 22:00:00+01:00,0.007685213815420866,0.007687280885875225,0.007679312024265528,0.007680373732000589,0.007680373732000589,0
2022-05-02 23:00:00+01:00,0.007680609822273254,0.007688759360462427,0.007679901085793972,0.007683442439883947,0.007683442439883947,0
2022-05-03 00:00:00+01:00,0.0076835607178509235,0.007688167504966259,0.00768043240532279,0.007686631754040718,0.007686631754040718,0
2022-05-03 01:00:00+01:00,0.007686276454478502,0.007702972739934921,0.007686218246817589,0.007697636727243662,0.007697636727243662,0
2022-05-03 02:00:00+01:00,0.007697517983615398,0.007700007874518633,0.007689586374908686,0.007696096319705248,0.007696096319705248,0
2022-05-03 03:00:00+01:00,0.007695978041738272,0.007698229979723692,0.007688935846090317,0.00769260386005044,0.00769260386005044,0
2022-05-03 04:00:00+01:00,0.007692780811339617,0.00769526744261384,0.007690118625760078,0.00769313657656312,0.00769313657656312,0
2022-05-03 05:00:00+01:00,0.0076930769719183445,0.007695859298110008,0.007682557217776775,0.007684564217925072,0.007684564217925072,0
2022-05-03 06:00:00+01:00,0.0076844459399580956,0.007688167504966259,0.007679016795009375,0.0076833246275782585,0.0076833246275782585,0
2022-05-03 07:00:00+01:00,0.007683383300900459,0.007690533064305782,0.007681140676140785,0.007684564217925072,0.007684564217925072,0
2022-05-03 08:00:00+01:00,0.007684504613280296,0.007686986122280359,0.007675067987293005,0.007681140676140785,0.007681140676140785,0
2022-05-03 09:00:00+01:00,0.007681022863835096,0.007691123988479376,0.007680020295083523,0.0076859816908836365,0.0076859816908836365,0
2022-05-03 10:00:00+01:00,0.007685508579015732,0.007689350284636021,0.007681140676140785,0.007684682030230761,0.007684682030230761,0
2022-05-03 11:00:00+01:00,0.007684564217925072,0.007691123988479376,0.007684268523007631,0.0076875765807926655,0.0076875765807926655,0
2022-05-03 12:00:00+01:00,0.007687458768486977,0.007699414622038603,0.007684918120503426,0.007697399705648422,0.007697399705648422,0
2022-05-03 13:00:00+01:00,0.007697696331888437,0.0077095055021345615,0.007695386186242104,0.007699177600443363,0.007699177600443363,0
2022-05-03 14:00:00+01:00,0.007699177600443363,0.0077118840999901295,0.007696747779846191,0.007700481917709112,0.007700481917709112,0
2022-05-03 15:00:00+01:00,0.007700481917709112,0.007703566923737526,0.007689942140132189,0.007696689106523991,0.007696689106523991,0
2022-05-03 16:00:00+01:00,0.0076970444060862064,0.0077023799531161785,0.007687400095164776,0.007687872741371393,0.007687872741371393,0
2022-05-03 17:00:00+01:00,0.007687990553677082,0.007689350284636021,0.007680668029934168,0.007682557217776775,0.007682557217776775,0
2022-05-03 18:00:00+01:00,0.007682438474148512,0.007691123988479376,0.007681848481297493,0.0076863947324454784,0.0076863947324454784,0
2022-05-03 19:00:00+01:00,0.007686218246817589,0.007689350284636021,0.007680314593017101,0.007681494578719139,0.007681494578719139,0
2022-05-03 20:00:00+01:00,0.007681317161768675,0.007686986122280359,0.0076809050515294075,0.007685390766710043,0.007685390766710043,0
2022-05-03 21:00:00+01:00,0.007685332093387842,0.0076863947324454784,0.007682379800826311,0.0076846228912472725,0.0076846228912472725,0
2022-05-03 22:00:00+01:00,0.0076844459399580956,0.007688167504966259,0.007684210315346718,0.007686454337090254,0.007686454337090254,0
2022-05-03 23:00:00+01:00,0.0076859816908836365,0.007691716309636831,0.007682733703404665,0.007686336059123278,0.007686336059123278,0
2022-05-04 00:00:00+01:00,0.007686158642172813,0.007688167504966259,0.007682851515710354,0.0076848589815199375,0.0076848589815199375,0
2022-05-04 01:00:00+01:00,0.007684918120503426,0.007689942140132189,0.007680138107389212,0.007683855015784502,0.007683855015784502,0
2022-05-04 02:00:00+01:00,0.007683855015784502,0.007689350284636021,0.007682202383875847,0.007686218246817589,0.007686218246817589,0
2022-05-04 03:00:00+01:00,0.0076859816908836365,0.007689350284636021,0.0076848589815199375,0.007686336059123278,0.007686336059123278,0
2022-05-04 04:00:00+01:00,0.007686513010412455,0.007688759360462427,0.007684268523007631,0.007684682030230761,0.007684682030230761,0
2022-05-04 05:00:00+01:00,0.0076843868009746075,0.007688167504966259,0.007683028932660818,0.0076835607178509235,0.0076835607178509235,0
2022-05-04 06:00:00+01:00,0.007683678530156612,0.007686986122280359,0.007683147210627794,0.0076841507107019424,0.0076841507107019424,0
2022-05-04 07:00:00+01:00,0.007683914620429277,0.007686986122280359,0.007681258488446474,0.007684328127652407,0.007684328127652407,0
2022-05-04 08:00:00+01:00,0.007684328127652407,0.007689350284636021,0.007682025898247957,0.007686986122280359,0.007686986122280359,0
2022-05-04 09:00:00+01:00,0.0076863947324454784,0.00769526744261384,0.007686336059123278,0.007689350284636021,0.007689350284636021,0
2022-05-04 10:00:00+01:00,0.007689645979553461,0.0076940832659602165,0.007686631754040718,0.007691656704992056,0.007691656704992056,0
2022-05-04 11:00:00+01:00,0.0076914201490581036,0.007696452550590038,0.007690236903727055,0.007694024592638016,0.007694024592638016,0
2022-05-04 12:00:00+01:00,0.0076940832659602165,0.007700600661337376,0.007690947502851486,0.007695682346820831,0.007695682346820831,0
2022-05-04 13:00:00+01:00,0.007695682346820831,0.007706535514444113,0.007689822930842638,0.007699770852923393,0.007699770852923393,0
2022-05-04 14:00:00+01:00,0.007699770852923393,0.007705940864980221,0.007685863878577948,0.007688522804528475,0.007688522804528475,0
2022-05-04 15:00:00+01:00,0.007688522804528475,0.007696452550590038,0.007684682030230761,0.007692425977438688,0.007692425977438688,0
2022-05-04 16:00:00+01:00,0.0076923673041164875,0.007700600661337376,0.007691893260926008,0.007693727966398001,0.007693727966398001,0
2022-05-04 17:00:00+01:00,0.007693787105381489,0.00769526744261384,0.007688759360462427,0.007692248094826937,0.007692248094826937,0
2022-05-04 18:00:00+01:00,0.007691893260926008,0.007695859298110008,0.007684918120503426,0.007692485582083464,0.007692485582083464,0
2022-05-04 19:00:00+01:00,0.007692780811339617,0.007776049431413412,0.0076695941388607025,0.007765783928334713,0.007765783928334713,0
2022-05-04 20:00:00+01:00,0.007765240967273712,0.00777363171800971,0.007733832113444805,0.007744194008409977,0.007744194008409977,0
2022-05-04 21:00:00+01:00,0.007744313683360815,0.007750135846436024,0.007740537170320749,0.0077483938075602055,0.0077483938075602055,0
2022-05-04 22:00:00+01:00,0.007749054580926895,0.007750736083835363,0.0077398186549544334,0.007743234280496836,0.007743234280496836,0
2022-05-04 23:00:00+01:00,0.0077424547635018826,0.007747373543679714,0.007719087414443493,0.007722603622823954,0.007722603622823954,0
2022-05-05 00:00:00+01:00,0.007720815017819405,0.007745333481580019,0.0077196829952299595,0.007737722247838974,0.007737722247838974,0
2022-05-05 01:00:00+01:00,0.007737661711871624,0.007750135846436024,0.007733772974461317,0.0077460529282689095,0.0077460529282689095,0
2022-05-05 02:00:00+01:00,0.0077460529282689095,0.007768197450786829,0.00774125661700964,0.007757771294564009,0.007757771294564009,0
2022-05-05 03:00:00+01:00,0.007757952436804771,0.007760962005704641,0.007747013587504625,0.00774833420291543,0.00774833420291543,0
2022-05-05 04:00:00+01:00,0.007747913710772991,0.007749535609036684,0.007740177679806948,0.007745993323624134,0.007745993323624134,0
2022-05-05 05:00:00+01:00,0.007746413815766573,0.007747733499854803,0.007734729442745447,0.00773646542802453,0.00773646542802453,0
2022-05-05 06:00:00+01:00,0.007736345753073692,0.007738740183413029,0.00772654265165329,0.0077309622429311275,0.0077309622429311275,0
2022-05-05 07:00:00+01:00,0.007730663754045963,0.007736944127827883,0.0077134305611252785,0.007715275045484304,0.007715275045484304,0
2022-05-05 08:00:00+01:00,0.007715275045484304,0.00772618455812335,0.0077062384225428104,0.007710635662078857,0.007710635662078857,0
2022-05-05 09:00:00+01:00,0.007710575591772795,0.007715453859418631,0.007702558301389217,0.007710159290581942,0.007710159290581942,0
2022-05-05 10:00:00+01:00,0.007710040546953678,0.007717240136116743,0.0077062384225428104,0.0077118840999901295,0.0077118840999901295,0
2022-05-05 11:00:00+01:00,0.007711408659815788,0.007721411995589733,0.007706654258072376,0.007709090132266283,0.007709090132266283,0
2022-05-05 12:00:00+01:00,0.0077095055021345615,0.007713073864579201,0.0076918345876038074,0.007692780811339617,0.007692780811339617,0
2022-05-05 13:00:00+01:00,0.00769260386005044,0.0077106948010623455,0.0076925442554056644,0.007698348257690668,0.007698348257690668,0
2022-05-05 14:00:00+01:00,0.007698229979723692,0.0077023799531161785,0.007672477513551712,0.00767772039398551,0.00767772039398551,0
2022-05-05 15:00:00+01:00,0.007677602581679821,0.0076875765807926655,0.007675067987293005,0.007678250316530466,0.007678250316530466,0
2022-05-05 16:00:00+01:00,0.007678191643208265,0.007681081537157297,0.007666242308914661,0.007668358273804188,0.007668358273804188,0
2022-05-05 17:00:00+01:00,0.007668358273804188,0.007673418615013361,0.007659371942281723,0.007668123580515385,0.007668123580515385,0
2022-05-05 18:00:00+01:00,0.007667770609259605,0.007674008142203093,0.0076600173488259315,0.007662423886358738,0.007662423886358738,0
2022-05-05 19:00:00+01:00,0.007662248332053423,0.007672241888940334,0.00766183715313673,0.0076690055429935455,0.0076690055429935455,0
2022-05-05 20:00:00+01:00,0.0076690055429935455,0.007694674655795097,0.0076690055429935455,0.007691242266446352,0.007691242266446352,0
2022-05-05 21:00:00+01:00,0.007691716309636831,0.007693491410464048,0.007679312024265528,0.007681434974074364,0.007681434974074364,0
2022-05-05 22:00:00+01:00,0.007682261988520622,0.007683737203478813,0.007678722497075796,0.007682084571570158,0.007682084571570158,0
2022-05-05 23:00:00+01:00,0.007680550217628479,0.0076875765807926655,0.00767530407756567,0.0076863947324454784,0.0076863947324454784,0
2022-05-06 00:00:00+01:00,0.007686158642172813,0.0076875765807926655,0.007671359460800886,0.007673242595046759,0.007673242595046759,0
2022-05-06 01:00:00+01:00,0.007673242595046759,0.007681671995669603,0.007660663221031427,0.007663775235414505,0.007663775235414505,0
2022-05-06 02:00:00+01:00,0.0076638334430754185,0.007672241888940334,0.007645785808563232,0.007647832855582237,0.007647832855582237,0
2022-05-06 03:00:00+01:00,0.007647773716598749,0.0076616606675088406,0.007644675672054291,0.007656967267394066,0.007656967267394066,0
2022-05-06 04:00:00+01:00,0.007655326277017593,0.007669299840927124,0.007654974702745676,0.007656498812139034,0.007656498812139034,0
2022-05-06 05:00:00+01:00,0.007656967267394066,0.007664597127586603,0.0076538617722690105,0.007659900467842817,0.007659900467842817,0
2022-05-06 06:00:00+01:00,0.007659020368009806,0.007661073934286833,0.00765134347602725,0.00765204569324851,0.00765204569324851,0
2022-05-06 07:00:00+01:00,0.007651870604604483,0.007664597127586603,0.007651460822671652,0.0076557365246117115,0.0076557365246117115,0
2022-05-06 08:00:00+01:00,0.007655502296984196,0.0076745967380702496,0.007655326277017593,0.007661602459847927,0.007661602459847927,0
2022-05-06 09:00:00+01:00,0.007661602459847927,0.007670476567000151,0.007658434100449085,0.007666477467864752,0.007666477467864752,0
2022-05-06 10:00:00+01:00,0.007666242308914661,0.00767106469720602,0.007660605013370514,0.007663304917514324,0.007663304917514324,0
2022-05-06 11:00:00+01:00,0.007663246709853411,0.007679901085793972,0.007662894204258919,0.007677542977035046,0.007677542977035046,0
2022-05-06 12:00:00+01:00,0.00767724821344018,0.007678722497075796,0.007666184101253748,0.007667535915970802,0.007667535915970802,0
2022-05-06 13:00:00+01:00,0.007667594123631716,0.0076846228912472725,0.007650523446500301,0.007653451524674892,0.007653451524674892,0
2022-05-06 14:00:00+01:00,0.007653393317013979,0.007682261988520622,0.007653159089386463,0.007673065643757582,0.007673065643757582,0
2022-05-06 15:00:00+01:00,0.007673007436096668,0.007678722497075796,0.0076608979143202305,0.007668300066143274,0.007668300066143274,0
2022-05-06 16:00:00+01:00,0.007667947560548782,0.007681081537157297,0.0076670655980706215,0.0076709468849003315,0.0076709468849003315,0
2022-05-06 17:00:00+01:00,0.007670887745916843,0.007676953915506601,0.007666829973459244,0.0076670655980706215,0.0076670655980706215,0
2022-05-06 18:00:00+01:00,0.00766718341037631,0.007669299840927124,0.007657788693904877,0.007658492308109999,0.007658492308109999,0
2022-05-06 19:00:00+01:00,0.007658492308109999,0.007664009928703308,0.007657906040549278,0.00765802338719368,0.00765802338719368,0
2022-05-06 20:00:00+01:00,0.007657906040549278,0.007664597127586603,0.007655033841729164,0.007660369388759136,0.007660369388759136,0
2022-05-06 21:00:00+01:00,0.007660134695470333,0.007663364056497812,0.007656792178750038,0.007661132141947746,0.007661132141947746,0
2022-05-06 22:00:00+01:00,0.0076593137346208096,0.0076593137346208096,0.0076593137346208096,0.0076593137346208096,0.0076593137346208096,0
2022-05-09 00:00:00+01:00,0.007652280852198601,0.0076557956635952,0.0076463124714791775,0.007648651488125324,0.007648651488125324,0
2022-05-09 01:00:00+01:00,0.007648710161447525,0.00765169458463788,0.007636094465851784,0.00764280604198575,0.00764280604198575,0
2022-05-09 02:00:00+01:00,0.00764245493337512,0.007654037792235613,0.007640295196324587,0.007646604906767607,0.007646604906767607,0
2022-05-09 03:00:00+01:00,0.0076463124714791775,0.0076487683691084385,0.0076367356814444065,0.007641754578799009,0.007641754578799009,0
2022-05-09 04:00:00+01:00,0.007641637697815895,0.007644090801477432,0.00762956915423274,0.00763603625819087,0.00763603625819087,0
2022-05-09 05:00:00+01:00,0.007635918911546469,0.007641754578799009,0.007633646484464407,0.007634053938090801,0.007634053938090801,0
2022-05-09 06:00:00+01:00,0.007633937057107687,0.007635336369276047,0.0076272995211184025,0.0076334127224981785,0.0076334127224981785,0
2022-05-09 07:00:00+01:00,0.00763306301087141,0.007635336369276047,0.007613420952111483,0.007618060801178217,0.007618060801178217,0
2022-05-09 08:00:00+01:00,0.007617770694196224,0.007628347259014845,0.0076173641718924046,0.007622067350894213,0.007622067350894213,0
2022-05-09 09:00:00+01:00,0.0076218354515731335,0.007633005268871784,0.0076210214756429195,0.00762235838919878,0.00762235838919878,0
2022-05-09 10:00:00+01:00,0.00762235838919878,0.007630675099790096,0.007619279902428389,0.007623403798788786,0.007623403798788786,0
2022-05-09 11:00:00+01:00,0.007623113691806793,0.007631258107721806,0.007621544413268566,0.007627415936440229,0.007627415936440229,0
2022-05-09 12:00:00+01:00,0.007627415936440229,0.007635336369276047,0.007624217774719,0.007632422260940075,0.007632422260940075,0
2022-05-09 13:00:00+01:00,0.007632305845618248,0.007665184326469898,0.007632189430296421,0.007651109714061022,0.007651109714061022,0
2022-05-09 14:00:00+01:00,0.007650055922567844,0.0076593137346208096,0.00763982767239213,0.007643565535545349,0.007643565535545349,0
2022-05-09 15:00:00+01:00,0.007643565535545349,0.007665772456675768,0.0076421634294092655,0.007661015260964632,0.007661015260964632,0
2022-05-09 16:00:00+01:00,0.007661015260964632,0.007686986122280359,0.007659959141165018,0.007669182028621435,0.007669182028621435,0
2022-05-09 17:00:00+01:00,0.007669122889637947,0.0076863947324454784,0.007667123805731535,0.007674832362681627,0.007674832362681627,0
2022-05-09 18:00:00+01:00,0.007674891501665115,0.007679901085793972,0.007666477467864752,0.007669182028621435,0.007669182028621435,0
2022-05-09 19:00:00+01:00,0.007669122889637947,0.007677542977035046,0.007668417878448963,0.007674008142203093,0.007674008142203093,0
2022-05-09 20:00:00+01:00,0.007674302905797958,0.007683442439883947,0.007672417908906937,0.007679901085793972,0.007679901085793972,0
2022-05-09 21:00:00+01:00,0.007679901085793972,0.007681671995669603,0.007671535015106201,0.007679960690438747,0.007679960690438747,0
2022-05-09 22:00:00+01:00,0.007677956018596888,0.007678427267819643,0.007669299840927124,0.007672654464840889,0.007672654464840889,0
2022-05-09 23:00:00+01:00,0.007671299856156111,0.007673242595046759,0.007658199407160282,0.007665595971047878,0.007665595971047878,0
2022-05-10 00:00:00+01:00,0.007664479780942202,0.00767636438831687,0.00766412727534771,0.007670005317777395,0.007670005317777395,0
2022-05-10 01:00:00+01:00,0.007670064456760883,0.0076970444060862064,0.007667006459087133,0.007690236903727055,0.007690236903727055,0
2022-05-10 02:00:00+01:00,0.007690178230404854,0.007705940864980221,0.00767548056319356,0.0076766000129282475,0.0076766000129282475,0
2022-05-10 03:00:00+01:00,0.007676423527300358,0.007678722497075796,0.007664479780942202,0.007669534999877214,0.007669534999877214,0
2022-05-10 04:00:00+01:00,0.007669240701943636,0.007684032432734966,0.007668358273804188,0.007677602581679821,0.007677602581679821,0
2022-05-10 05:00:00+01:00,0.007677542977035046,0.007681671995669603,0.007662835065275431,0.007665066979825497,0.007665066979825497,0
2022-05-10 06:00:00+01:00,0.007664949633181095,0.007674008142203093,0.007659842260181904,0.00767165282741189,0.00767165282741189,0
2022-05-10 07:00:00+01:00,0.00767165282741189,0.0076757753267884254,0.007662775926291943,0.007665537763386965,0.007665537763386965,0
2022-05-10 08:00:00+01:00,0.007665360812097788,0.007680491544306278,0.007664949633181095,0.007671359460800886,0.007671359460800886,0
2022-05-10 09:00:00+01:00,0.007671359460800886,0.00769526744261384,0.007671006489545107,0.007687990553677082,0.007687990553677082,0
2022-05-10 10:00:00+01:00,0.007688227109611034,0.007691716309636831,0.0076768361032009125,0.0076796067878603935,0.0076796067878603935,0
2022-05-10 11:00:00+01:00,0.007679665461182594,0.007691716309636831,0.0076796067878603935,0.0076875765807926655,0.0076875765807926655,0
2022-05-10 12:00:00+01:00,0.007687636185437441,0.007701787166297436,0.007685863878577948,0.007688167504966259,0.007688167504966259,0
2022-05-10 13:00:00+01:00,0.007687813136726618,0.007699414622038603,0.0076755983754992485,0.007693846710026264,0.007693846710026264,0
2022-05-10 14:00:00+01:00,0.0076940832659602165,0.007697636727243662,0.007682143710553646,0.007686867844313383,0.007686867844313383,0
2022-05-10 15:00:00+01:00,0.007686867844313383,0.007691716309636831,0.007678427267819643,0.007679312024265528,0.007679312024265528,0
2022-05-10 16:00:00+01:00,0.007679371163249016,0.007685804273933172,0.007665478624403477,0.0076795476488769054,0.0076795476488769054,0
2022-05-10 17:00:00+01:00,0.0076796067878603935,0.007688759360462427,0.007677542977035046,0.00767772039398551,0.00767772039398551,0
2022-05-10 18:00:00+01:00,0.007677956018596888,0.007682261988520622,0.007669064681977034,0.007673418615013361,0.007673418615013361,0
2022-05-10 19:00:00+01:00,0.007673007436096668,0.00767636438831687,0.007666359655559063,0.007668123580515385,0.007668123580515385,0
2022-05-10 20:00:00+01:00,0.007668123580515385,0.007672241888940334,0.007666889112442732,0.007670652586966753,0.007670652586966753,0
2022-05-10 21:00:00+01:00,0.007670417428016663,0.007672830484807491,0.007665184326469898,0.007667535915970802,0.007667535915970802,0
2022-05-10 22:00:00+01:00,0.007667006459087133,0.007669887505471706,0.007666007615625858,0.007667653262615204,0.007667653262615204,0
2022-05-10 23:00:00+01:00,0.007667476776987314,0.007677542977035046,0.0076663014478981495,0.007672654464840889,0.007672654464840889,0
2022-05-11 00:00:00+01:00,0.007671535015106201,0.0076757753267884254,0.0076693580485880375,0.007670770399272442,0.007670770399272442,0
2022-05-11 01:00:00+01:00,0.0076709468849003315,0.007680491544306278,0.007664714474231005,0.007672300562262535,0.007672300562262535,0
2022-05-11 02:00:00+01:00,0.007671888917684555,0.0076745967380702496,0.00766694825142622,0.007669887505471706,0.007669887505471706,0
2022-05-11 03:00:00+01:00,0.007669417187571526,0.0076751867309212685,0.0076674181036651134,0.00767165282741189,0.00767165282741189,0
2022-05-11 04:00:00+01:00,0.0076714176684618,0.007673418615013361,0.007668770384043455,0.007669476792216301,0.007669476792216301,0
2022-05-11 05:00:00+01:00,0.007669417187571526,0.0076757753267884254,0.007663246709853411,0.007672359701246023,0.007672359701246023,0
2022-05-11 06:00:00+01:00,0.007672182749956846,0.007677542977035046,0.007669476792216301,0.0076709468849003315,0.0076709468849003315,0
2022-05-11 07:00:00+01:00,0.007670887745916843,0.007682261988520622,0.007669711951166391,0.007679194211959839,0.007679194211959839,0
2022-05-11 08:00:00+01:00,0.007678958121687174,0.007700007874518633,0.007678958121687174,0.0076940832659602165,0.0076940832659602165,0
2022-05-11 09:00:00+01:00,0.007694201543927193,0.007705347612500191,0.007687694858759642,0.007700897287577391,0.007700897287577391,0
2022-05-11 10:00:00+01:00,0.007700541988015175,0.007718431763350964,0.007699889596551657,0.007707366719841957,0.007707366719841957,0
2022-05-11 11:00:00+01:00,0.0077070691622793674,0.0077095055021345615,0.0076981112360954285,0.007701668422669172,0.007701668422669172,0
2022-05-11 12:00:00+01:00,0.007701608818024397,0.007715453859418631,0.007700897287577391,0.00770374434068799,0.00770374434068799,0
2022-05-11 13:00:00+01:00,0.007703329436480999,0.0077077229507267475,0.00764496810734272,0.0076484763994812965,0.0076484763994812965,0
2022-05-11 14:00:00+01:00,0.00764818349853158,0.0076970444060862064,0.0076445587910711765,0.007677425164729357,0.007677425164729357,0
2022-05-11 15:00:00+01:00,0.007677012588828802,0.007691123988479376,0.007673772983253002,0.0076776607893407345,0.0076776607893407345,0
2022-05-11 16:00:00+01:00,0.007679312024265528,0.007685213815420866,0.0076735373586416245,0.007680491544306278,0.007680491544306278,0
2022-05-11 17:00:00+01:00,0.007680550217628479,0.007700600661337376,0.007678781170397997,0.007696214597672224,0.007696214597672224,0
2022-05-11 18:00:00+01:00,0.007696214597672224,0.007726781070232391,0.007696214597672224,0.0077187297865748405,0.0077187297865748405,0
2022-05-11 19:00:00+01:00,0.007718788925558329,0.0077220075763762,0.007696214597672224,0.007706950418651104,0.007706950418651104,0
2022-05-11 20:00:00+01:00,0.00770712923258543,0.007708911318331957,0.007693787105381489,0.0076955631375312805,0.0076955631375312805,0
2022-05-11 21:00:00+01:00,0.0076955631375312805,0.007698822300881147,0.007688463199883699,0.007694912608712912,0.007694912608712912,0
2022-05-11 22:00:00+01:00,0.007696747779846191,0.0077077229507267475,0.00769396498799324,0.007694912608712912,0.007694912608712912,0
2022-05-11 23:00:00+01:00,0.007694556377828121,0.007704160176217556,0.007689113728702068,0.007697636727243662,0.007697636727243662,0
2022-05-12 00:00:00+01:00,0.007697636727243662,0.007704754360020161,0.007695326115936041,0.007701253052800894,0.007701253052800894,0
2022-05-12 01:00:00+01:00,0.007701787166297436,0.007723200600594282,0.007701016031205654,0.0077080801129341125,0.0077080801129341125,0
2022-05-12 02:00:00+01:00,0.0077077229507267475,0.007713668514043093,0.007698229979723692,0.007700660265982151,0.007700660265982151,0
2022-05-12 03:00:00+01:00,0.007700660265982151,0.0077124787494540215,0.0076978146098554134,0.007705347612500191,0.007705347612500191,0
2022-05-12 04:00:00+01:00,0.007705347612500191,0.0077124787494540215,0.007700897287577391,0.007702795322984457,0.007702795322984457,0
2022-05-12 05:00:00+01:00,0.007702972739934921,0.0077083176001906395,0.00770113430917263,0.007705466356128454,0.007705466356128454,0
2022-05-12 06:00:00+01:00,0.007705169264227152,0.00771902734413743,0.007704219780862331,0.007715453859418631,0.007715453859418631,0
2022-05-12 07:00:00+01:00,0.00771539518609643,0.007741735782474279,0.007712359540164471,0.007733653299510479,0.007733653299510479,0
2022-05-12 08:00:00+01:00,0.007733951788395643,0.00777846947312355,0.007733114995062351,0.00776162464171648,0.00776162464171648,0
2022-05-12 09:00:00+01:00,0.00776289077475667,0.00778937479481101,0.007759395986795425,0.007779316045343876,0.007779316045343876,0
2022-05-12 10:00:00+01:00,0.007779255975037813,0.007783312816172838,0.007760962005704641,0.007768136449158192,0.007768136449158192,0
2022-05-12 11:00:00+01:00,0.007768197450786829,0.007775445003062487,0.0077623482793569565,0.0077710943296551704,0.0077710943296551704,0
2022-05-12 12:00:00+01:00,0.007770852651447058,0.007787555456161499,0.0077686188742518425,0.007780708838254213,0.007780708838254213,0
2022-05-12 13:00:00+01:00,0.007780708838254213,0.00781555287539959,0.007767472881823778,0.0078054871410131454,0.0078054871410131454,0
2022-05-12 14:00:00+01:00,0.007805548142641783,0.007843752391636372,0.007797271013259888,0.00781555287539959,0.00781555287539959,0
2022-05-12 15:00:00+01:00,0.007815674878656864,0.007828401401638985,0.007797027938067913,0.0078054871410131454,0.0078054871410131454,0
2022-05-12 16:00:00+01:00,0.0078051830641925335,0.007808839902281761,0.007791681680828333,0.007806462235748768,0.007806462235748768,0
2022-05-12 17:00:00+01:00,0.007806279230862856,0.007808229420334101,0.007787433918565512,0.007787980139255524,0.007787980139255524,0
2022-05-12 18:00:00+01:00,0.007788162212818861,0.007803355809301138,0.007788101211190224,0.007794353645294905,0.007794353645294905,0
2022-05-12 19:00:00+01:00,0.007794657722115517,0.007809449452906847,0.007790225092321634,0.0078065842390060425,0.0078065842390060425,0
2022-05-12 20:00:00+01:00,0.007806400768458843,0.007808229420334101,0.00778531190007925,0.007785615045577288,0.007785615045577288,0
2022-05-12 21:00:00+01:00,0.00778543297201395,0.0077964807860553265,0.007784827146679163,0.00779180321842432,0.00779180321842432,0
2022-05-12 22:00:00+01:00,0.007791863288730383,0.007798061240464449,0.007785736583173275,0.007787130307406187,0.007787130307406187,0
2022-05-12 23:00:00+01:00,0.007787737529724836,0.007789982482790947,0.007776170037686825,0.007783312816172838,0.007783312816172838,0
2022-05-13 00:00:00+01:00,0.0077825854532420635,0.007787555456161499,0.00777393439784646,0.007776110433042049,0.007776110433042049,0
2022-05-13 01:00:00+01:00,0.007776049431413412,0.0077930171974003315,0.007756507955491543,0.007762769237160683,0.007762769237160683,0
2022-05-13 02:00:00+01:00,0.00776264863088727,0.007766990456730127,0.00773048447445035,0.007747913710772991,0.007747913710772991,0
2022-05-13 03:00:00+01:00,0.007747733499854803,0.007764578331261873,0.007742095272988081,0.007762709632515907,0.007762709632515907,0
2022-05-13 04:00:00+01:00,0.007762407884001732,0.007764578331261873,0.007742874789983034,0.0077468934468925,0.0077468934468925,0
2022-05-13 05:00:00+01:00,0.007746773771941662,0.007761565037071705,0.007744013797491789,0.007755184546113014,0.007755184546113014,0
2022-05-13 06:00:00+01:00,0.00775554496794939,0.007766387425363064,0.007753079757094383,0.00775837292894721,0.00775837292894721,0
2022-05-13 07:00:00+01:00,0.007758192718029022,0.00777846947312355,0.007757891435176134,0.007771457079797983,0.007771457079797983,0
2022-05-13 08:00:00+01:00,0.007771396543830633,0.007784524001181126,0.007756387814879417,0.007763854693621397,0.007763854693621397,0
2022-05-13 09:00:00+01:00,0.00776403583586216,0.007771215867251158,0.007758734747767448,0.007763674017041922,0.007763674017041922,0
2022-05-13 10:00:00+01:00,0.007763613481074572,0.007769403513520956,0.007753320038318634,0.007761565037071705,0.007761565037071705,0
2022-05-13 11:00:00+01:00,0.007761565037071705,0.0077651808969676495,0.00775205809623003,0.007754282560199499,0.007754282560199499,0
2022-05-13 12:00:00+01:00,0.007754222024232149,0.007759758271276951,0.0077461740002036095,0.007748814299702644,0.007748814299702644,0
2022-05-13 13:00:00+01:00,0.007748513948172331,0.007761565037071705,0.007745213340967894,0.007751457393169403,0.007751457393169403,0
2022-05-13 14:00:00+01:00,0.007751276716589928,0.007757952436804771,0.0077284532599151134,0.0077326358295977116,0.0077326358295977116,0
2022-05-13 15:00:00+01:00,0.0077329352498054504,0.007745333481580019,0.0077247521840035915,0.0077309622429311275,0.0077309622429311275,0
2022-05-13 16:00:00+01:00,0.0077309622429311275,0.007744133472442627,0.007730305660516024,0.00773796159774065,0.00773796159774065,0
2022-05-13 17:00:00+01:00,0.007737901993095875,0.007740537170320749,0.007728930562734604,0.007729648146778345,0.007729648146778345,0
2022-05-13 18:00:00+01:00,0.007729648146778345,0.007741735782474279,0.0077261244878172874,0.007730364799499512,0.007730364799499512,0
2022-05-13 19:00:00+01:00,0.007730364799499512,0.007736944127827883,0.007729528937488794,0.00773144094273448,0.00773144094273448,0
2022-05-13 20:00:00+01:00,0.007731500081717968,0.007736944127827883,0.007730424869805574,0.00773335387930274,0.00773335387930274,0
2022-05-13 21:00:00+01:00,0.007732457015663385,0.0077389199286699295,0.007731081452220678,0.007736944127827883,0.007736944127827883,0
2022-05-16 00:00:00+01:00,0.007727080024778843,0.007732158061116934,0.007721947506070137,0.0077277361415326595,0.0077277361415326595,0
2022-05-16 01:00:00+01:00,0.00772737804800272,0.00773335387930274,0.007713668514043093,0.0077231405302882195,0.0077231405302882195,0
2022-05-16 02:00:00+01:00,0.0077231405302882195,0.007753140293061733,0.0077192652970552444,0.0077461740002036095,0.0077461740002036095,0
2022-05-16 03:00:00+01:00,0.007745993323624134,0.007771819364279509,0.007745394017547369,0.007753140293061733,0.007753140293061733,0
2022-05-16 04:00:00+01:00,0.007752599194645882,0.007770611438900232,0.007749414537101984,0.007757470011711121,0.007757470011711121,0
2022-05-16 05:00:00+01:00,0.007757470011711121,0.007761565037071705,0.007749535609036684,0.007750976365059614,0.007750976365059614,0
2022-05-16 06:00:00+01:00,0.007751036901026964,0.007761565037071705,0.007747074123471975,0.007752538658678532,0.007752538658678532,0
2022-05-16 07:00:00+01:00,0.007752538658678532,0.007762167137116194,0.007747493218630552,0.007759155705571175,0.007759155705571175,0
2022-05-16 08:00:00+01:00,0.0077589149586856365,0.007765783928334713,0.007727796211838722,0.007732158061116934,0.007732158061116934,0
2022-05-16 09:00:00+01:00,0.007732158061116934,0.007738141342997551,0.007723797112703323,0.007729528937488794,0.007729528937488794,0
2022-05-16 10:00:00+01:00,0.0077293491922318935,0.007736345753073692,0.007726720999926329,0.007732696365565062,0.007732696365565062,0
2022-05-16 11:00:00+01:00,0.007732516620308161,0.0077399383299052715,0.007728154305368662,0.00773335387930274,0.00773335387930274,0
2022-05-16 12:00:00+01:00,0.0077334134839475155,0.007736944127827883,0.007722306065261364,0.007722962182015181,0.007722962182015181,0
2022-05-16 13:00:00+01:00,0.00772284297272563,0.007743534166365862,0.007715097162872553,0.007733892649412155,0.007733892649412155,0
2022-05-16 14:00:00+01:00,0.007733951788395643,0.0077543421648442745,0.0077325766906142235,0.007746593095362186,0.007746593095362186,0
2022-05-16 15:00:00+01:00,0.007746533490717411,0.007751337252557278,0.007741616107523441,0.007747613359242678,0.007747613359242678,0
2022-05-16 16:00:00+01:00,0.007747854106128216,0.007750736083835363,0.007742874789983034,0.007743593771010637,0.007743593771010637,0
2022-05-16 17:00:00+01:00,0.0077436538413167,0.007752538658678532,0.007741675246506929,0.007749234791845083,0.007749234791845083,0
2022-05-16 18:00:00+01:00,0.007749174255877733,0.007750736083835363,0.007735088467597961,0.007735926657915115,0.007735926657915115,0
2022-05-16 19:00:00+01:00,0.0077361054718494415,0.00774893444031477,0.0077277361415326595,0.0077456338331103325,0.0077456338331103325,0
2022-05-16 20:00:00+01:00,0.007745813112705946,0.007753140293061733,0.0077440738677978516,0.007745394017547369,0.007745394017547369,0
2022-05-16 21:00:00+01:00,0.007745513692498207,0.007750135846436024,0.00774119608104229,0.007741316221654415,0.007741316221654415,0
2022-05-16 22:00:00+01:00,0.007741136942058802,0.00775374099612236,0.00774005800485611,0.007748214062303305,0.007748214062303305,0
2022-05-16 23:00:00+01:00,0.007748513948172331,0.007756147067993879,0.007746473420411348,0.007751337252557278,0.007751337252557278,0
2022-05-17 00:00:00+01:00,0.007750916760414839,0.007762167137116194,0.007748814299702644,0.00775536522269249,0.00775536522269249,0
2022-05-17 01:00:00+01:00,0.0077550034038722515,0.007763974834233522,0.007734789978712797,0.0077398186549544334,0.0077398186549544334,0
2022-05-17 02:00:00+01:00,0.0077399383299052715,0.007747133262455463,0.0077308425679802895,0.007734550628811121,0.007734550628811121,0
2022-05-17 03:00:00+01:00,0.007734430022537708,0.007743534166365862,0.007730603683739901,0.0077371238730847836,0.0077371238730847836,0
2022-05-17 04:00:00+01:00,0.007736883591860533,0.007739338558167219,0.007725049741566181,0.007731739431619644,0.007731739431619644,0
2022-05-17 05:00:00+01:00,0.007731619756668806,0.007735746446996927,0.007726004812866449,0.0077285123988986015,0.0077285123988986015,0
2022-05-17 06:00:00+01:00,0.007729767821729183,0.007736345753073692,0.007727080024778843,0.007731679826974869,0.007731679826974869,0
2022-05-17 07:00:00+01:00,0.007731679826974869,0.007741735782474279,0.007729767821729183,0.0077361054718494415,0.0077361054718494415,0
2022-05-17 08:00:00+01:00,0.0077359857968986034,0.007738740183413029,0.007726661860942841,0.0077285123988986015,0.0077285123988986015,0
2022-05-17 09:00:00+01:00,0.0077284532599151134,0.007733951788395643,0.007718371693044901,0.007729707285761833,0.007729707285761833,0
2022-05-17 10:00:00+01:00,0.007729767821729183,0.007738740183413029,0.007729468401521444,0.007734909188002348,0.007734909188002348,0
2022-05-17 11:00:00+01:00,0.007735028862953186,0.007741136942058802,0.007731380872428417,0.007731858640909195,0.007731858640909195,0
2022-05-17 12:00:00+01:00,0.007731918711215258,0.0077423350885510445,0.0077277361415326595,0.007733234670013189,0.007733234670013189,0
2022-05-17 13:00:00+01:00,0.0077325766906142235,0.007736944127827883,0.007716287858784199,0.00771753815934062,0.00771753815934062,0
2022-05-17 14:00:00+01:00,0.007717419415712357,0.007723797112703323,0.007705347612500191,0.007716584950685501,0.007716584950685501,0
2022-05-17 15:00:00+01:00,0.007716346997767687,0.007749535609036684,0.007712419610470533,0.007734490558505058,0.007734490558505058,0
2022-05-17 16:00:00+01:00,0.007734490558505058,0.0077399383299052715,0.007730245590209961,0.007732995320111513,0.007732995320111513,0
2022-05-17 17:00:00+01:00,0.0077329352498054504,0.007739338558167219,0.007728871423751116,0.007730603683739901,0.007730603683739901,0
2022-05-17 18:00:00+01:00,0.007730603683739901,0.007737542036920786,0.007728811353445053,0.007735148537904024,0.007735148537904024,0
2022-05-17 19:00:00+01:00,0.007734670303761959,0.0077423350885510445,0.00772493053227663,0.00772737804800272,0.00772737804800272,0
2022-05-17 20:00:00+01:00,0.007727199234068394,0.007732158061116934,0.007723857183009386,0.007729110307991505,0.007729110307991505,0
2022-05-17 21:00:00+01:00,0.007729229982942343,0.00773335387930274,0.0077277361415326595,0.007727856282144785,0.007727856282144785,0
2022-05-17 22:00:00+01:00,0.0077277361415326595,0.00773275550454855,0.007726243697106838,0.007730364799499512,0.007730364799499512,0
2022-05-17 23:00:00+01:00,0.0077308425679802895,0.00773335387930274,0.007725229021161795,0.007727975491434336,0.007727975491434336,0
2022-05-18 00:00:00+01:00,0.00772737804800272,0.007730364799499512,0.007719861809164286,0.007726781070232391,0.007726781070232391,0
2022-05-18 01:00:00+01:00,0.00772654265165329,0.0077399383299052715,0.007724393159151077,0.007737422361969948,0.007737422361969948,0
2022-05-18 02:00:00+01:00,0.0077371238730847836,0.00774833420291543,0.007731321267783642,0.007738559972494841,0.007738559972494841,0
2022-05-18 03:00:00+01:00,0.007738620508462191,0.007747733499854803,0.007736883591860533,0.007741735782474279,0.007741735782474279,0
2022-05-18 04:00:00+01:00,0.007741555571556091,0.007749535609036684,0.007740477565675974,0.0077443732880055904,0.0077443732880055904,0
2022-05-18 05:00:00+01:00,0.0077443732880055904,0.007756748702377081,0.007741735782474279,0.0077461134642362595,0.0077461134642362595,0
2022-05-18 06:00:00+01:00,0.0077461134642362595,0.007749535609036684,0.007738141342997551,0.00774371437728405,0.00774371437728405,0
2022-05-18 07:00:00+01:00,0.007743294350802898,0.007751937955617905,0.007734968792647123,0.007738261017948389,0.007738261017948389,0
2022-05-18 08:00:00+01:00,0.007738081272691488,0.007745333481580019,0.00773144094273448,0.0077326358295977116,0.0077326358295977116,0
2022-05-18 09:00:00+01:00,0.007732457015663385,0.007744133472442627,0.00773102231323719,0.0077389199286699295,0.0077389199286699295,0
2022-05-18 10:00:00+01:00,0.007738680578768253,0.007746533490717411,0.00773736322298646,0.007742514833807945,0.007742514833807945,0
2022-05-18 11:00:00+01:00,0.007742634974420071,0.007750135846436024,0.007740717381238937,0.007742214947938919,0.007742214947938919,0
2022-05-18 12:00:00+01:00,0.007742395158857107,0.00774833420291543,0.007737183012068272,0.0077455732971429825,0.0077455732971429825,0
2022-05-18 13:00:00+01:00,0.0077455732971429825,0.007762167137116194,0.0077440738677978516,0.007757952436804771,0.007757952436804771,0
2022-05-18 14:00:00+01:00,0.007757952436804771,0.007783312816172838,0.007756567560136318,0.007777561899274588,0.007777561899274588,0
2022-05-18 15:00:00+01:00,0.007777561899274588,0.007786343339830637,0.00777067244052887,0.007783191744238138,0.007783191744238138,0
2022-05-18 16:00:00+01:00,0.007783009670674801,0.007807010784745216,0.007782283239066601,0.007799399551004171,0.007799399551004171,0
2022-05-18 17:00:00+01:00,0.007799460086971521,0.007801529485732317,0.007791074458509684,0.0077919247560203075,0.0077919247560203075,0
2022-05-18 18:00:00+01:00,0.0077921063639223576,0.007813720963895321,0.007791863288730383,0.007808290887624025,0.007808290887624025,0
2022-05-18 19:00:00+01:00,0.007808290887624025,0.0078100599348545074,0.007800738327205181,0.007806400768458843,0.007806400768458843,0
2022-05-18 20:00:00+01:00,0.0078065842390060425,0.007809449452906847,0.007796541787683964,0.007797332014888525,0.007797332014888525,0
2022-05-18 21:00:00+01:00,0.007797209545969963,0.007803964428603649,0.007795630022883415,0.007799095008522272,0.007799095008522272,0
2022-05-18 22:00:00+01:00,0.007799825631082058,0.007805853150784969,0.007790588773787022,0.00779392896220088,0.00779392896220088,0
2022-05-18 23:00:00+01:00,0.007794172037392855,0.007796663325279951,0.007783433888107538,0.007794961798936129,0.007794961798936129,0
2022-05-19 00:00:00+01:00,0.007795204408466816,0.007819831371307373,0.007788525894284248,0.007817080244421959,0.007817080244421959,0
2022-05-19 01:00:00+01:00,0.007816774770617485,0.00782044231891632,0.007783191744238138,0.007789982482790947,0.007789982482790947,0
2022-05-19 02:00:00+01:00,0.007790103554725647,0.007791195530444384,0.007774477358907461,0.0077846460044384,0.0077846460044384,0
2022-05-19 03:00:00+01:00,0.007784402929246426,0.007788768503814936,0.00776867987588048,0.007770793046802282,0.007770793046802282,0
2022-05-19 04:00:00+01:00,0.007770732045173645,0.007772423326969147,0.007760239765048027,0.007766990456730127,0.007766990456730127,0
2022-05-19 05:00:00+01:00,0.00776711106300354,0.007769403513520956,0.00775530468672514,0.007762107532471418,0.007762107532471418,0
2022-05-19 06:00:00+01:00,0.007761926390230656,0.007777863647788763,0.007758613675832748,0.007775566074997187,0.007775566074997187,0
2022-05-19 07:00:00+01:00,0.007775686681270599,0.007786343339830637,0.0077710943296551704,0.007777682971209288,0.007777682971209288,0
2022-05-19 08:00:00+01:00,0.00777762196958065,0.007814941927790642,0.0077746594324707985,0.007798426318913698,0.007798426318913698,0
2022-05-19 09:00:00+01:00,0.007798304315656424,0.007825951091945171,0.007798304315656424,0.007821421138942242,0.007821421138942242,0
2022-05-19 10:00:00+01:00,0.007821604609489441,0.007840062491595745,0.007815430872142315,0.007836069911718369,0.007836069911718369,0
2022-05-19 11:00:00+01:00,0.007836069911718369,0.007840677164494991,0.007823930121958256,0.007829137146472931,0.007829137146472931,0
2022-05-19 12:00:00+01:00,0.007829014211893082,0.007838219404220581,0.007815185934305191,0.007816469296813011,0.007816469296813011,0
2022-05-19 13:00:00+01:00,0.007816347293555737,0.007870297878980637,0.00781414844095707,0.007862439379096031,0.007862439379096031,0
2022-05-19 14:00:00+01:00,0.007862439379096031,0.007874635979533195,0.007845168001949787,0.00786138791590929,0.00786138791590929,0
2022-05-19 15:00:00+01:00,0.007861449383199215,0.00786596443504095,0.007848246023058891,0.00785126630216837,0.00785126630216837,0
2022-05-19 16:00:00+01:00,0.00785126630216837,0.007854226045310497,0.007828524336218834,0.00783508736640215,0.00783508736640215,0
2022-05-19 17:00:00+01:00,0.007835148833692074,0.007844367995858192,0.007830362766981125,0.007837235927581787,0.007837235927581787,0
2022-05-19 18:00:00+01:00,0.007836990989744663,0.007841292768716812,0.007830853573977947,0.00783484149724245,0.00783484149724245,0
2022-05-19 19:00:00+01:00,0.007834902964532375,0.007841292768716812,0.007828891277313232,0.00782926008105278,0.00782926008105278,0
2022-05-19 20:00:00+01:00,0.007829198613762856,0.007834535092115402,0.007827788591384888,0.00783024076372385,0.00783024076372385,0
2022-05-19 21:00:00+01:00,0.007829994894564152,0.007832080125808716,0.007822094485163689,0.007822706364095211,0.007822706364095211,0
2022-05-19 22:00:00+01:00,0.00783024076372385,0.007835148833692074,0.007822277955710888,0.007830056361854076,0.007830056361854076,0
2022-05-19 23:00:00+01:00,0.007829749956727028,0.007833920419216156,0.007824542000889778,0.007828524336218834,0.007828524336218834,0
2022-05-20 00:00:00+01:00,0.007828524336218834,0.007833920419216156,0.00781536940485239,0.00782172754406929,0.00782172754406929,0
2022-05-20 01:00:00+01:00,0.007821544073522091,0.007835148833692074,0.007812377996742725,0.007826624438166618,0.007826624438166618,0
2022-05-20 02:00:00+01:00,0.007826563902199268,0.007833306677639484,0.007801833096891642,0.007805791683495045,0.007805791683495045,0
2022-05-20 03:00:00+01:00,0.007805791683495045,0.007817385718226433,0.007799399551004171,0.007808839902281761,0.007808839902281761,0
2022-05-20 04:00:00+01:00,0.0078087784349918365,0.007841907441616058,0.0078087784349918365,0.007836253382265568,0.007836253382265568,0
2022-05-20 05:00:00+01:00,0.007836376316845417,0.007841292768716812,0.007825583219528198,0.007826685905456543,0.007826685905456543,0
2022-05-20 06:00:00+01:00,0.007826685905456543,0.007835148833692074,0.007822094485163689,0.00782827939838171,0.00782827939838171,0
2022-05-20 07:00:00+01:00,0.00782833993434906,0.007833306677639484,0.007814697921276093,0.007827727124094963,0.007827727124094963,0
2022-05-20 08:00:00+01:00,0.007827605120837688,0.007830853573977947,0.007805913686752319,0.007816163823008537,0.007816163823008537,0
2022-05-20 09:00:00+01:00,0.007816347293555737,0.007822277955710888,0.007806522771716118,0.007807132788002491,0.007807132788002491,0
2022-05-20 10:00:00+01:00,0.007807193323969841,0.007811279036104679,0.007794353645294905,0.0078049395233392715,0.0078049395233392715,0
2022-05-20 11:00:00+01:00,0.007804878056049347,0.007814941927790642,0.007801651023328304,0.007811279036104679,0.007811279036104679,0
2022-05-20 12:00:00+01:00,0.007811096962541342,0.00782288983464241,0.007807193323969841,0.007809510454535484,0.007809510454535484,0
2022-05-20 13:00:00+01:00,0.007809449452906847,0.007830853573977947,0.007806218694895506,0.007825889624655247,0.007825889624655247,0
2022-05-20 14:00:00+01:00,0.007825583219528198,0.00782717578113079,0.007802929263561964,0.007805061060935259,0.007805061060935259,0
2022-05-20 15:00:00+01:00,0.007804512977600098,0.00781799666583538,0.0077975750900805,0.00781274400651455,0.00781274400651455,0
2022-05-20 16:00:00+01:00,0.0078126834705472,0.007825338281691074,0.007809570990502834,0.00782080926001072,0.00782080926001072,0
2022-05-20 17:00:00+01:00,0.00782074872404337,0.007838219404220581,0.007819464430212975,0.007830730639398098,0.007830730639398098,0
2022-05-20 18:00:00+01:00,0.007830607704818249,0.007839447818696499,0.0078191589564085,0.007821604609489441,0.007821604609489441,0
2022-05-20 19:00:00+01:00,0.007821604609489441,0.007826563902199268,0.007819524966180325,0.007824971340596676,0.007824971340596676,0
2022-05-20 20:00:00+01:00,0.0078250328078866,0.007832693867385387,0.007821237668395042,0.007821299135684967,0.007821299135684967,0
2022-05-20 21:00:00+01:00,0.007821359671652317,0.007825951091945171,0.007814026437699795,0.007819769904017448,0.007819769904017448,0
2022-05-23 00:00:00+01:00,0.007815185934305191,0.007823501713573933,0.007815003395080566,0.0078191589564085,0.0078191589564085,0
2022-05-23 01:00:00+01:00,0.0078191589564085,0.007836376316845417,0.007815185934305191,0.00783042423427105,0.00783042423427105,0
2022-05-23 02:00:00+01:00,0.00783024076372385,0.007856076583266258,0.00782527681440115,0.00785126630216837,0.00785126630216837,0
2022-05-23 03:00:00+01:00,0.007851450704038143,0.007866582833230495,0.007848615758121014,0.007852683775126934,0.007852683775126934,0
2022-05-23 04:00:00+01:00,0.007852498441934586,0.007862871512770653,0.007849232293665409,0.00785126630216837,0.00785126630216837,0
2022-05-23 05:00:00+01:00,0.007850957103073597,0.007856694050133228,0.007845290936529636,0.007847507484257221,0.007847507484257221,0
2022-05-23 06:00:00+01:00,0.007847507484257221,0.007849293760955334,0.007820932194590569,0.007825399748980999,0.007825399748980999,0
2022-05-23 07:00:00+01:00,0.007825706154108047,0.007830853573977947,0.00781671330332756,0.00782717578113079,0.00782717578113079,0
2022-05-23 08:00:00+01:00,0.007827053777873516,0.007844982668757439,0.00782631803303957,0.00783766619861126,0.00783766619861126,0
2022-05-23 09:00:00+01:00,0.007837604731321335,0.00785052590072155,0.00783306173980236,0.00784000102430582,0.00784000102430582,0
2022-05-23 10:00:00+01:00,0.007839570753276348,0.007848061621189117,0.007837912067770958,0.007842399179935455,0.007842399179935455,0
2022-05-23 11:00:00+01:00,0.007842522114515305,0.007853608578443527,0.007840984500944614,0.007841108366847038,0.007841108366847038,0
2022-05-23 12:00:00+01:00,0.007841169834136963,0.007848061621189117,0.007836008444428444,0.007836131379008293,0.007836131379008293,0
2022-05-23 13:00:00+01:00,0.007836131379008293,0.007838833145797253,0.00781958643347025,0.007823134772479534,0.007823134772479534,0
2022-05-23 14:00:00+01:00,0.007823256775736809,0.007841907441616058,0.007822155021131039,0.007838894613087177,0.007838894613087177,0
2022-05-23 15:00:00+01:00,0.007839017547667027,0.007846214808523655,0.007831527851521969,0.007833369076251984,0.007833369076251984,0
2022-05-23 16:00:00+01:00,0.00783324521034956,0.007836376316845417,0.0078191589564085,0.007824358530342579,0.007824358530342579,0
2022-05-23 17:00:00+01:00,0.007824053056538105,0.007828401401638985,0.007815980352461338,0.00782191101461649,0.00782191101461649,0
2022-05-23 18:00:00+01:00,0.007821849547326565,0.00783024076372385,0.007821421138942242,0.00782288983464241,0.00782288983464241,0
2022-05-23 19:00:00+01:00,0.00782295037060976,0.00782717578113079,0.007817507721483707,0.007818975485861301,0.007818975485861301,0
2022-05-23 20:00:00+01:00,0.007818975485861301,0.007824726402759552,0.007815980352461338,0.007818791083991528,0.007818791083991528,0
2022-05-23 21:00:00+01:00,0.007818791083991528,0.007821054197847843,0.007816347293555737,0.007820075377821922,0.007820075377821922,0
2022-05-23 22:00:00+01:00,0.007819280959665775,0.007829934358596802,0.00781799666583538,0.007818608544766903,0.007818608544766903,0
2022-05-23 23:00:00+01:00,0.007819036021828651,0.00782742165029049,0.007819036021828651,0.007821666076779366,0.007821666076779366,0
2022-05-24 00:00:00+01:00,0.007821604609489441,0.007829627022147179,0.007821054197847843,0.007823501713573933,0.007823501713573933,0
2022-05-24 01:00:00+01:00,0.007823623716831207,0.007836990989744663,0.007820136845111847,0.007824358530342579,0.007824358530342579,0
2022-05-24 02:00:00+01:00,0.007824419997632504,0.007835148833692074,0.007807193323969841,0.007815063931047916,0.007815063931047916,0
2022-05-24 03:00:00+01:00,0.007814881391823292,0.007829627022147179,0.007813537493348122,0.007826196029782295,0.007826196029782295,0
2022-05-24 04:00:00+01:00,0.007826196029782295,0.007834535092115402,0.007824236527085304,0.007825889624655247,0.007825889624655247,0
2022-05-24 05:00:00+01:00,0.007826073095202446,0.007841292768716812,0.007825889624655247,0.007833798415958881,0.007833798415958881,0
2022-05-24 06:00:00+01:00,0.007833614014089108,0.007843137718737125,0.007831650786101818,0.007836131379008293,0.007836131379008293,0
2022-05-24 07:00:00+01:00,0.007836314849555492,0.007846214808523655,0.00782815646380186,0.007836990989744663,0.007836990989744663,0
2022-05-24 08:00:00+01:00,0.007837235927581787,0.007861017249524593,0.007834718562662601,0.007856200449168682,0.007856200449168682,0
2022-05-24 09:00:00+01:00,0.007856200449168682,0.007863489910960197,0.007844675332307816,0.007847384549677372,0.007847384549677372,0
2022-05-24 10:00:00+01:00,0.007847199216485023,0.007870297878980637,0.007846399210393429,0.007852128706872463,0.007852128706872463,0
2022-05-24 11:00:00+01:00,0.007852128706872463,0.007855459116399288,0.00784159917384386,0.007845968008041382,0.007845968008041382,0
2022-05-24 12:00:00+01:00,0.007846029475331306,0.007854842580854893,0.007841660641133785,0.007849909365177155,0.007849909365177155,0
2022-05-24 13:00:00+01:00,0.007850156165659428,0.007863489910960197,0.00784412119537592,0.007859781384468079,0.007859781384468079,0
2022-05-24 14:00:00+01:00,0.007859781384468079,0.007908264175057411,0.007856879383325577,0.00789303332567215,0.00789303332567215,0
2022-05-24 15:00:00+01:00,0.00789303332567215,0.00791577622294426,0.00789253506809473,0.007904138416051865,0.007904138416051865,0
2022-05-24 16:00:00+01:00,0.007904076017439365,0.007908264175057411,0.007892847061157227,0.007902015000581741,0.007902015000581741,0
2022-05-24 17:00:00+01:00,0.007901515811681747,0.007908264175057411,0.007894903421401978,0.00790089089423418,0.00790089089423418,0
2022-05-24 18:00:00+01:00,0.00790089089423418,0.007905763573944569,0.007888115011155605,0.007888923399150372,0.007888923399150372,0
2022-05-24 19:00:00+01:00,0.007888861931860447,0.007893905974924564,0.00788171123713255,0.007885751314461231,0.007885751314461231,0
2022-05-24 20:00:00+01:00,0.00788581371307373,0.007890168577432632,0.007880717515945435,0.00788164883852005,0.00788164883852005,0
2022-05-24 21:00:00+01:00,0.007881773635745049,0.007888363674283028,0.007880468852818012,0.007885688915848732,0.007885688915848732,0
2022-05-24 22:00:00+01:00,0.007888363674283028,0.007889857515692711,0.007882083766162395,0.007884569466114044,0.007884569466114044,0
2022-05-24 23:00:00+01:00,0.007884819060564041,0.00788954645395279,0.007880779914557934,0.007886248640716076,0.007886248640716076,0
2022-05-25 00:00:00+01:00,0.007885937578976154,0.007893282920122147,0.007878978736698627,0.00789041817188263,0.00789041817188263,0
2022-05-25 01:00:00+01:00,0.00789041817188263,0.007897023111581802,0.007875131443142891,0.00788022018969059,0.00788022018969059,0
2022-05-25 02:00:00+01:00,0.00788059365004301,0.007888923399150372,0.00786998774856329,0.007880717515945435,0.007880717515945435,0
2022-05-25 03:00:00+01:00,0.007880655117332935,0.007888302206993103,0.007870359346270561,0.007872465997934341,0.007872465997934341,0
2022-05-25 04:00:00+01:00,0.007872527465224266,0.007875255309045315,0.007860522717237473,0.007868996821343899,0.007868996821343899,0
2022-05-25 05:00:00+01:00,0.007868872955441475,0.007879599928855896,0.007865468971431255,0.007877240888774395,0.007877240888774395,0
2022-05-25 06:00:00+01:00,0.007877240888774395,0.007881462574005127,0.00787042174488306,0.007874015718698502,0.007874015718698502,0
2022-05-25 07:00:00+01:00,0.007873519323766232,0.00788581371307373,0.007871721871197224,0.007874822244048119,0.007874822244048119,0
2022-05-25 08:00:00+01:00,0.007869120687246323,0.007874015718698502,0.007855706848204136,0.007866458967328072,0.007866458967328072,0
2022-05-25 09:00:00+01:00,0.007866273634135723,0.007879599928855896,0.007864602841436863,0.007870917208492756,0.007870917208492756,0
2022-05-25 10:00:00+01:00,0.00787042174488306,0.007878978736698627,0.00786596443504095,0.007867015898227692,0.007867015898227692,0
2022-05-25 11:00:00+01:00,0.007867325097322464,0.007871536538004875,0.007864170707762241,0.007864541374146938,0.007864541374146938,0
2022-05-25 12:00:00+01:00,0.007864726707339287,0.007885191589593887,0.00786262471228838,0.00787569023668766,0.00787569023668766,0
2022-05-25 13:00:00+01:00,0.007875751703977585,0.007888302206993103,0.007867944426834583,0.007870917208492756,0.007870917208492756,0
2022-05-25 14:00:00+01:00,0.007870607078075409,0.007873395457863808,0.007856384851038456,0.007862995378673077,0.007862995378673077,0
2022-05-25 15:00:00+01:00,0.007863056845963001,0.00786720123142004,0.007846706546843052,0.007851573638617992,0.007851573638617992,0
2022-05-25 16:00:00+01:00,0.007851512171328068,0.007862871512770653,0.007850834168493748,0.007854657247662544,0.007854657247662544,0
2022-05-25 17:00:00+01:00,0.00785459578037262,0.007856694050133228,0.00784473679959774,0.007845413871109486,0.007845413871109486,0
2022-05-25 18:00:00+01:00,0.007845106534659863,0.007851142436265945,0.007843445055186749,0.007847446016967297,0.007847446016967297,0
2022-05-25 19:00:00+01:00,0.007847507484257221,0.007861635647714138,0.007843445055186749,0.007855582982301712,0.007855582982301712,0
2022-05-25 20:00:00+01:00,0.007855459116399288,0.007860398851335049,0.00785200484097004,0.007855397649109364,0.007855397649109364,0
2022-05-25 21:00:00+01:00,0.00785515084862709,0.007860955782234669,0.00785317737609148,0.007854226045310497,0.007854226045310497,0
2022-05-25 22:00:00+01:00,0.007854471914470196,0.007861635647714138,0.007853423245251179,0.007859040051698685,0.007859040051698685,0
2022-05-25 23:00:00+01:00,0.007858607918024063,0.007862871512770653,0.007856323383748531,0.007861017249524593,0.007861017249524593,0
2022-05-26 00:00:00+01:00,0.007860646583139896,0.007868439890444279,0.007858731783926487,0.007864726707339287,0.007864726707339287,0
2022-05-26 01:00:00+01:00,0.007864665240049362,0.00786782056093216,0.007842276245355606,0.007846090942621231,0.007846090942621231,0
2022-05-26 02:00:00+01:00,0.00784627627581358,0.007860398851335049,0.007838096469640732,0.007855953648686409,0.007855953648686409,0
2022-05-26 03:00:00+01:00,0.007855706848204136,0.007858546450734138,0.007846090942621231,0.00785108096897602,0.00785108096897602,0
2022-05-26 04:00:00+01:00,0.007851142436265945,0.007855459116399288,0.007838833145797253,0.007849478162825108,0.007849478162825108,0
2022-05-26 05:00:00+01:00,0.007849416695535183,0.007854842580854893,0.007846522144973278,0.00785188190639019,0.00785188190639019,0
2022-05-26 06:00:00+01:00,0.00785200484097004,0.007857311517000198,0.007846706546843052,0.007853361777961254,0.007853361777961254,0
2022-05-26 07:00:00+01:00,0.007853238843381405,0.007866582833230495,0.007851635105907917,0.007862995378673077,0.007862995378673077,0
2022-05-26 08:00:00+01:00,0.007863118313252926,0.007903888821601868,0.007862747646868229,0.007898956537246704,0.007898956537246704,0
2022-05-26 09:00:00+01:00,0.007898956537246704,0.0079032639041543,0.007886434905230999,0.007893781177699566,0.007893781177699566,0
2022-05-26 10:00:00+01:00,0.007893905974924564,0.007900766097009182,0.007884694263339043,0.007890542037785053,0.007890542037785053,0
2022-05-26 11:00:00+01:00,0.007890604436397552,0.007902638986706734,0.007887555286288261,0.007888799533247948,0.007888799533247948,0
2022-05-26 12:00:00+01:00,0.00788867473602295,0.007892036810517311,0.007864478975534439,0.007872342132031918,0.007872342132031918,0
2022-05-26 13:00:00+01:00,0.007872218266129494,0.007882704958319664,0.007856447249650955,0.007863304577767849,0.007863304577767849,0
2022-05-26 14:00:00+01:00,0.007862871512770653,0.007875255309045315,0.007862810045480728,0.007868687622249126,0.007868687622249126,0
2022-05-26 15:00:00+01:00,0.007869058288633823,0.007873395457863808,0.00785262230783701,0.0078538553789258,0.0078538553789258,0
2022-05-26 16:00:00+01:00,0.007853979244828224,0.007862253114581108,0.00784775335341692,0.0078602135181427,0.0078602135181427,0
2022-05-26 17:00:00+01:00,0.007860398851335049,0.007861635647714138,0.007850464433431625,0.00785188190639019,0.00785188190639019,0
2022-05-26 18:00:00+01:00,0.007851943373680115,0.007862871512770653,0.00785108096897602,0.007857558317482471,0.007857558317482471,0
2022-05-26 19:00:00+01:00,0.007857619784772396,0.007865345105528831,0.007856261916458607,0.007862932980060577,0.007862932980060577,0
2022-05-26 20:00:00+01:00,0.007862871512770653,0.007873395457863808,0.007862686179578304,0.007868068292737007,0.007868068292737007,0
2022-05-26 21:00:00+01:00,0.007868068292737007,0.007873395457863808,0.00786485057324171,0.007865098305046558,0.007865098305046558,0
2022-05-26 22:00:00+01:00,0.007865778170526028,0.007872776128351688,0.007862191647291183,0.007868253625929356,0.007868253625929356,0
2022-05-26 23:00:00+01:00,0.007868253625929356,0.007873395457863808,0.007863984443247318,0.007870483212172985,0.007870483212172985,0
2022-05-27 00:00:00+01:00,0.007870607078075409,0.007876496762037277,0.007867448963224888,0.007867759093642235,0.007867759093642235,0
2022-05-27 01:00:00+01:00,0.007867572829127312,0.007882083766162395,0.007862129248678684,0.007873705588281155,0.007873705588281155,0
2022-05-27 02:00:00+01:00,0.007874015718698502,0.00789079163223505,0.007863118313252926,0.007887305691838264,0.007887305691838264,0
2022-05-27 03:00:00+01:00,0.007886870764195919,0.007895776070654392,0.007883637212216854,0.007893345318734646,0.007893345318734646,0
2022-05-27 04:00:00+01:00,0.007893220521509647,0.007895776070654392,0.00788450799882412,0.007885564118623734,0.007885564118623734,0
2022-05-27 05:00:00+01:00,0.007885564118623734,0.007888302206993103,0.007880966179072857,0.007885626517236233,0.007885626517236233,0
2022-05-27 06:00:00+01:00,0.00788537785410881,0.007892659865319729,0.007882021367549896,0.007882767356932163,0.007882767356932163,0
2022-05-27 07:00:00+01:00,0.00788264349102974,0.007891413755714893,0.007872279733419418,0.007873395457863808,0.007873395457863808,0
2022-05-27 08:00:00+01:00,0.00787321012467146,0.007878358475863934,0.007861758582293987,0.007865839637815952,0.007865839637815952,0
2022-05-27 09:00:00+01:00,0.007865716703236103,0.007877117022871971,0.007862253114581108,0.0078715980052948,0.0078715980052948,0
2022-05-27 10:00:00+01:00,0.007871474139392376,0.007875255309045315,0.00786670669913292,0.007869801484048367,0.007869801484048367,0
2022-05-27 11:00:00+01:00,0.007870049215853214,0.007874015718698502,0.007865098305046558,0.007868068292737007,0.007868068292737007,0
2022-05-27 12:00:00+01:00,0.007867944426834583,0.007883948273956776,0.00786720123142004,0.00787916500121355,0.00787916500121355,0
2022-05-27 13:00:00+01:00,0.00787916500121355,0.007886434905230999,0.007867944426834583,0.007872155867516994,0.007872155867516994,0
2022-05-27 14:00:00+01:00,0.007871845737099648,0.007887057028710842,0.007869801484048367,0.00788115244358778,0.00788115244358778,0
2022-05-27 15:00:00+01:00,0.00788109004497528,0.007887057028710842,0.00786540750414133,0.007866830565035343,0.007866830565035343,0
2022-05-27 16:00:00+01:00,0.007866830565035343,0.007872155867516994,0.007858237251639366,0.00786497350782156,0.00786497350782156,0
2022-05-27 17:00:00+01:00,0.00786485057324171,0.007870917208492756,0.007861943915486336,0.007865283638238907,0.007865283638238907,0
2022-05-27 18:00:00+01:00,0.007865283638238907,0.007870917208492756,0.007863613776862621,0.007868068292737007,0.007868068292737007,0
2022-05-27 19:00:00+01:00,0.007868129760026932,0.007871536538004875,0.00786664430052042,0.007868192158639431,0.007868192158639431,0
2022-05-27 20:00:00+01:00,0.007868192158639431,0.007874015718698502,0.00786596443504095,0.007866273634135723,0.007866273634135723,0
2022-05-27 21:00:00+01:00,0.007866335101425648,0.00787042174488306,0.00786503590643406,0.007870359346270561,0.007870359346270561,0
2022-05-30 00:00:00+01:00,0.007862006314098835,0.007864726707339287,0.00785262230783701,0.007857002317905426,0.007857002317905426,0
2022-05-30 01:00:00+01:00,0.007857002317905426,0.007877737283706665,0.007854163646697998,0.007870917208492756,0.007870917208492756,0
2022-05-30 02:00:00+01:00,0.007870917208492756,0.007884569466114044,0.007865778170526028,0.007876496762037277,0.007876496762037277,0
2022-05-30 03:00:00+01:00,0.00787618663161993,0.007880841381847858,0.007871660403907299,0.007874635979533195,0.007874635979533195,0
2022-05-30 04:00:00+01:00,0.007874387316405773,0.007879599928855896,0.007871784269809723,0.007875255309045315,0.007875255309045315,0
2022-05-30 05:00:00+01:00,0.007875380106270313,0.007878978736698627,0.007871970534324646,0.007874015718698502,0.007874015718698502,0
2022-05-30 06:00:00+01:00,0.007873953320086002,0.007878358475863934,0.007871721871197224,0.007871845737099648,0.007871845737099648,0
2022-05-30 07:00:00+01:00,0.007871845737099648,0.007874635979533195,0.007860398851335049,0.007866830565035343,0.007866830565035343,0
2022-05-30 08:00:00+01:00,0.007866768166422844,0.007870297878980637,0.007850217632949352,0.007851758971810341,0.007851758971810341,0
2022-05-30 09:00:00+01:00,0.007851512171328068,0.007859163917601109,0.007849909365177155,0.007856076583266258,0.007856076583266258,0
2022-05-30 10:00:00+01:00,0.007856015115976334,0.007861017249524593,0.007851512171328068,0.007855829782783985,0.007855829782783985,0
2022-05-30 11:00:00+01:00,0.007856076583266258,0.007860398851335049,0.007847137749195099,0.007850772701203823,0.007850772701203823,0
2022-05-30 12:00:00+01:00,0.007850834168493748,0.007854226045310497,0.007847199216485023,0.007848123088479042,0.007848123088479042,0
2022-05-30 13:00:00+01:00,0.007847691886126995,0.007848677225410938,0.007823134772479534,0.007828891277313232,0.007828891277313232,0
2022-05-30 14:00:00+01:00,0.007828891277313232,0.007836376316845417,0.007826747372746468,0.007829137146472931,0.007829137146472931,0
2022-05-30 15:00:00+01:00,0.007829198613762856,0.007840062491595745,0.007826563902199268,0.007835332304239273,0.007835332304239273,0
2022-05-30 16:00:00+01:00,0.007835332304239273,0.007848677225410938,0.007834227755665779,0.00784092303365469,0.00784092303365469,0
2022-05-30 17:00:00+01:00,0.007840984500944614,0.007842522114515305,0.007836499251425266,0.007840308360755444,0.007840308360755444,0
2022-05-30 18:00:00+01:00,0.007840615697205067,0.007843137718737125,0.007839632220566273,0.007840615697205067,0.007840615697205067,0
2022-05-30 19:00:00+01:00,0.007840738631784916,0.007843752391636372,0.007839816622436047,0.007841783575713634,0.007841783575713634,0
2022-05-30 20:00:00+01:00,0.007841660641133785,0.007843137718737125,0.007838956080377102,0.007839263416826725,0.007839263416826725,0
2022-05-30 21:00:00+01:00,0.007839140482246876,0.007843629457056522,0.007836008444428444,0.007838588207960129,0.007838588207960129,0
2022-05-30 22:00:00+01:00,0.007838894613087177,0.007843260653316975,0.007834227755665779,0.007835148833692074,0.007835148833692074,0
2022-05-30 23:00:00+01:00,0.007835639640688896,0.007843137718737125,0.007834412157535553,0.007836376316845417,0.007836376316845417,0
2022-05-31 00:00:00+01:00,0.00783570110797882,0.007837604731321335,0.007820075377821922,0.007825889624655247,0.007825889624655247,0
2022-05-31 01:00:00+01:00,0.007825706154108047,0.007829627022147179,0.00779605470597744,0.007800615858286619,0.007800615858286619,0
2022-05-31 02:00:00+01:00,0.0078009204007685184,0.007808839902281761,0.007791742216795683,0.007802746258676052,0.007802746258676052,0
2022-05-31 03:00:00+01:00,0.007802564185112715,0.007813720963895321,0.007801468018442392,0.007803537882864475,0.007803537882864475,0
2022-05-31 04:00:00+01:00,0.007803294342011213,0.007811279036104679,0.007802989799529314,0.007807254791259766,0.007807254791259766,0
2022-05-31 05:00:00+01:00,0.007807132788002491,0.00781799666583538,0.007802746258676052,0.007812255993485451,0.007812255993485451,0
2022-05-31 06:00:00+01:00,0.007812255993485451,0.007825338281691074,0.0078120725229382515,0.007819036021828651,0.007819036021828651,0
2022-05-31 07:00:00+01:00,0.007819036021828651,0.007832693867385387,0.007808107417076826,0.007809754461050034,0.007809754461050034,0
2022-05-31 08:00:00+01:00,0.007809754461050034,0.007836376316845417,0.007809327449649572,0.007827666588127613,0.007827666588127613,0
2022-05-31 09:00:00+01:00,0.007827666588127613,0.007834535092115402,0.00781683623790741,0.007817263714969158,0.007817263714969158,0
2022-05-31 10:00:00+01:00,0.007817385718226433,0.00782411452382803,0.0078126834705472,0.007815919816493988,0.007815919816493988,0
2022-05-31 11:00:00+01:00,0.007815858349204063,0.007821666076779366,0.007806218694895506,0.00781396497040987,0.00781396497040987,0
2022-05-31 12:00:00+01:00,0.007813842967152596,0.007816163823008537,0.007798000238835812,0.007801529485732317,0.007801529485732317,0
2022-05-31 13:00:00+01:00,0.007801590021699667,0.007803355809301138,0.007771578151732683,0.007772061042487621,0.007772061042487621,0
2022-05-31 14:00:00+01:00,0.007772242650389671,0.007786949165165424,0.007763974834233522,0.007769705727696419,0.007769705727696419,0
2022-05-31 15:00:00+01:00,0.007769766729325056,0.0077827065251767635,0.00775843346491456,0.007773269433528185,0.007773269433528185,0
2022-05-31 16:00:00+01:00,0.007773329503834248,0.007783918175846338,0.007772483862936497,0.007779679726809263,0.007779679726809263,0
2022-05-31 17:00:00+01:00,0.007779558189213276,0.007783918175846338,0.0077747199684381485,0.007779073901474476,0.007779073901474476,0
2022-05-31 18:00:00+01:00,0.0077790142968297005,0.007786949165165424,0.007773087825626135,0.007775445003062487,0.007775445003062487,0
2022-05-31 19:00:00+01:00,0.0077748410403728485,0.007780284620821476,0.007772483862936497,0.00777363171800971,0.00777363171800971,0
2022-05-31 20:00:00+01:00,0.00777363171800971,0.007776049431413412,0.007765362039208412,0.007769102696329355,0.007769102696329355,0
2022-05-31 21:00:00+01:00,0.00776874041184783,0.007778650149703026,0.007767292205244303,0.007774055004119873,0.007774055004119873,0
2022-05-31 22:00:00+01:00,0.007775506004691124,0.007775506004691124,0.007769766729325056,0.007770793046802282,0.007770793046802282,0
2022-05-31 23:00:00+01:00,0.007770732045173645,0.0077742356806993484,0.007766266819089651,0.0077686188742518425,0.0077686188742518425,0
2022-06-01 00:00:00+01:00,0.007766387425363064,0.007776049431413412,0.007766266819089651,0.007768015842884779,0.007768015842884779,0
2022-06-01 01:00:00+01:00,0.0077677140943706036,0.0077700079418718815,0.00775452284142375,0.007757049519568682,0.007757049519568682,0
2022-06-01 02:00:00+01:00,0.007757349871098995,0.007762167137116194,0.007740717381238937,0.0077461740002036095,0.0077461740002036095,0
2022-06-01 03:00:00+01:00,0.007746533490717411,0.007751937955617905,0.0077423350885510445,0.007749475073069334,0.007749475073069334,0
2022-06-01 04:00:00+01:00,0.007749475073069334,0.0077543421648442745,0.007742815185338259,0.007744493894279003,0.007744493894279003,0
2022-06-01 05:00:00+01:00,0.007744194008409977,0.007746533490717411,0.007736883591860533,0.007738740183413029,0.007738740183413029,0
2022-06-01 06:00:00+01:00,0.0077383811585605145,0.007741735782474279,0.00773431034758687,0.0077383811585605145,0.0077383811585605145,0
2022-06-01 07:00:00+01:00,0.007738261017948389,0.007743534166365862,0.0077273184433579445,0.007728692144155502,0.007728692144155502,0
2022-06-01 08:00:00+01:00,0.007728752214461565,0.00773275550454855,0.007719325367361307,0.0077276164665818214,0.0077276164665818214,0
2022-06-01 09:00:00+01:00,0.007727676536887884,0.007740537170320749,0.007722603622823954,0.0077231405302882195,0.0077231405302882195,0
2022-06-01 10:00:00+01:00,0.007723200600594282,0.007735148537904024,0.007722484413534403,0.007731500081717968,0.007731500081717968,0
2022-06-01 11:00:00+01:00,0.007731739431619644,0.007736345753073692,0.007724334020167589,0.007726601790636778,0.007726601790636778,0
2022-06-01 12:00:00+01:00,0.007726422976702452,0.007727975491434336,0.007715156301856041,0.007718908134847879,0.007718908134847879,0
2022-06-01 13:00:00+01:00,0.0077187297865748405,0.007735148537904024,0.0077187297865748405,0.007732337806373835,0.007732337806373835,0
2022-06-01 14:00:00+01:00,0.007732277270406485,0.007741136942058802,0.007725168950855732,0.007730364799499512,0.007730364799499512,0
2022-06-01 15:00:00+01:00,0.007730723358690739,0.007730723358690739,0.0076930769719183445,0.0076955631375312805,0.0076955631375312805,0
2022-06-01 16:00:00+01:00,0.00769550446420908,0.007700007874518633,0.0076844459399580956,0.0076875765807926655,0.0076875765807926655,0
2022-06-01 17:00:00+01:00,0.007686276454478502,0.0076970444060862064,0.0076843868009746075,0.0076846228912472725,0.0076846228912472725,0
2022-06-01 18:00:00+01:00,0.007684504613280296,0.007690533064305782,0.007681908085942268,0.0076833246275782585,0.0076833246275782585,0
2022-06-01 19:00:00+01:00,0.007683265022933483,0.007688759360462427,0.007681494578719139,0.0076848589815199375,0.0076848589815199375,0
2022-06-01 20:00:00+01:00,0.0076848589815199375,0.007686986122280359,0.00768137676641345,0.007682261988520622,0.007682261988520622,0
2022-06-01 21:00:00+01:00,0.007682320196181536,0.0076873404905200005,0.007681140676140785,0.007685804273933172,0.007685804273933172,0
2022-06-01 22:00:00+01:00,0.0076873404905200005,0.007688818033784628,0.007682851515710354,0.007684504613280296,0.007684504613280296,0
2022-06-01 23:00:00+01:00,0.0076841507107019424,0.007688167504966259,0.007680786307901144,0.007685449905693531,0.007685449905693531,0
2022-06-02 00:00:00+01:00,0.007685449905693531,0.0076875765807926655,0.0076780738309025764,0.007685213815420866,0.007685213815420866,0
2022-06-02 01:00:00+01:00,0.0076848589815199375,0.007700600661337376,0.007679429836571217,0.00769029650837183,0.00769029650837183,0
2022-06-02 02:00:00+01:00,0.007689882535487413,0.007694674655795097,0.007685804273933172,0.007692840415984392,0.007692840415984392,0
2022-06-02 03:00:00+01:00,0.00769260386005044,0.007700600661337376,0.0076837968081235886,0.007684504613280296,0.007684504613280296,0
2022-06-02 04:00:00+01:00,0.007684328127652407,0.007691123988479376,0.007684091106057167,0.007687458768486977,0.007687458768486977,0
2022-06-02 05:00:00+01:00,0.007687636185437441,0.007694674655795097,0.007686867844313383,0.0076890550553798676,0.0076890550553798676,0
2022-06-02 06:00:00+01:00,0.007688995450735092,0.007696452550590038,0.00768704479560256,0.007690769620239735,0.007690769620239735,0
2022-06-02 07:00:00+01:00,0.007690533064305782,0.007704754360020161,0.007689704652875662,0.007701431401073933,0.007701431401073933,0
2022-06-02 08:00:00+01:00,0.007701193448156118,0.00770712923258543,0.007694319821894169,0.007698466535657644,0.007698466535657644,0
2022-06-02 09:00:00+01:00,0.007698466535657644,0.007703566923737526,0.007694319821894169,0.007698703557252884,0.007698703557252884,0
2022-06-02 10:00:00+01:00,0.007699414622038603,0.0077124787494540215,0.007697755005210638,0.007706297095865011,0.007706297095865011,0
2022-06-02 11:00:00+01:00,0.007706297095865011,0.007711289916187525,0.0077018458396196365,0.007708911318331957,0.007708911318331957,0
2022-06-02 12:00:00+01:00,0.007708792574703693,0.007717240136116743,0.007706297095865011,0.007711646147072315,0.007711646147072315,0
2022-06-02 13:00:00+01:00,0.007711705286055803,0.007722603622823954,0.007706891745328903,0.0077134305611252785,0.0077134305611252785,0
2022-06-02 14:00:00+01:00,0.007713370956480503,0.00771604897454381,0.007693254854530096,0.007695978041738272,0.007695978041738272,0
2022-06-02 15:00:00+01:00,0.007695859298110008,0.007705347612500191,0.007689882535487413,0.007701668422669172,0.007701668422669172,0
2022-06-02 16:00:00+01:00,0.007701608818024397,0.0077124787494540215,0.0077002448961138725,0.0077018458396196365,0.0077018458396196365,0
2022-06-02 17:00:00+01:00,0.007702024187892675,0.0077106948010623455,0.0077007790096104145,0.007705585099756718,0.007705585099756718,0
2022-06-02 18:00:00+01:00,0.0077054062858223915,0.0077077229507267475,0.007699237205088139,0.007702321279793978,0.007702321279793978,0
2022-06-02 19:00:00+01:00,0.007702321279793978,0.00770712923258543,0.007700185291469097,0.007700956426560879,0.007700956426560879,0
2022-06-02 20:00:00+01:00,0.007700718939304352,0.007703566923737526,0.007699474226683378,0.007701074704527855,0.007701074704527855,0
2022-06-02 21:00:00+01:00,0.007700956426560879,0.007705466356128454,0.0076981112360954285,0.007703032810240984,0.007703032810240984,0
2022-06-02 22:00:00+01:00,0.0077054062858223915,0.00770588219165802,0.0076999482698738575,0.007700956426560879,0.007700956426560879,0
2022-06-02 23:00:00+01:00,0.00770113430917263,0.007703566923737526,0.007697992026805878,0.007700718939304352,0.007700718939304352,0
2022-06-03 00:00:00+01:00,0.007699295878410339,0.007701787166297436,0.007694319821894169,0.0076962742023169994,0.0076962742023169994,0
2022-06-03 01:00:00+01:00,0.007695918902754784,0.0077118840999901295,0.007689882535487413,0.00770712923258543,0.00770712923258543,0
2022-06-03 02:00:00+01:00,0.0077068316750228405,0.0077124787494540215,0.007702202536165714,0.007706950418651104,0.007706950418651104,0
2022-06-03 03:00:00+01:00,0.00770712923258543,0.007708911318331957,0.007699829991906881,0.007704101037234068,0.007704101037234068,0
2022-06-03 04:00:00+01:00,0.0077042789198458195,0.007710100617259741,0.007701074704527855,0.007701905444264412,0.007701905444264412,0
2022-06-03 05:00:00+01:00,0.007702082861214876,0.007705347612500191,0.007698585279285908,0.007701787166297436,0.007701787166297436,0
2022-06-03 06:00:00+01:00,0.0077013117261230946,0.007705940864980221,0.007699355948716402,0.007702142931520939,0.007702142931520939,0
2022-06-03 07:00:00+01:00,0.007702142931520939,0.007705347612500191,0.00769526744261384,0.0076962742023169994,0.0076962742023169994,0
2022-06-03 08:00:00+01:00,0.0076963328756392,0.007703566923737526,0.007689113728702068,0.007699295878410339,0.007699295878410339,0
2022-06-03 09:00:00+01:00,0.007699118927121162,0.007701787166297436,0.007692958693951368,0.00769396498799324,0.00769396498799324,0
2022-06-03 10:00:00+01:00,0.007694379426538944,0.007695326115936041,0.007686750032007694,0.007687222212553024,0.007687222212553024,0
2022-06-03 11:00:00+01:00,0.007687280885875225,0.007691123988479376,0.007680727634578943,0.007683855015784502,0.007683855015784502,0
2022-06-03 12:00:00+01:00,0.007683737203478813,0.007688759360462427,0.007680963259190321,0.007684564217925072,0.007684564217925072,0
2022-06-03 13:00:00+01:00,0.0076844459399580956,0.007689942140132189,0.007654037792235613,0.007664597127586603,0.007664597127586603,0
2022-06-03 14:00:00+01:00,0.007662775926291943,0.007670476567000151,0.007657906040549278,0.007662835065275431,0.007662835065275431,0
2022-06-03 15:00:00+01:00,0.007662894204258919,0.007668712176382542,0.007649003062397242,0.007650758605450392,0.007650758605450392,0
2022-06-03 16:00:00+01:00,0.007650699466466904,0.007653451524674892,0.007635044399648905,0.0076367356814444065,0.0076367356814444065,0
2022-06-03 17:00:00+01:00,0.007636793423444033,0.007647013757377863,0.007634811569005251,0.007644792553037405,0.007644792553037405,0
2022-06-03 18:00:00+01:00,0.007644675672054291,0.007646429352462292,0.007640295196324587,0.007640295196324587,0.007640295196324587,0
2022-06-03 19:00:00+01:00,0.007640412077307701,0.007646429352462292,0.007638252340257168,0.00764327310025692,0.00764327310025692,0
2022-06-03 20:00:00+01:00,0.00764327310025692,0.007646429352462292,0.007640469819307327,0.0076419878751039505,0.0076419878751039505,0
2022-06-03 21:00:00+01:00,0.0076418714597821236,0.007647013757377863,0.007640528492629528,0.007643097545951605,0.007643097545951605,0
2022-06-06 00:00:00+01:00,0.007644149474799633,0.007652280852198601,0.0076408786699175835,0.007649880833923817,0.007649880833923817,0
2022-06-06 01:00:00+01:00,0.007649938575923443,0.007654623594135046,0.00764280604198575,0.007643448654562235,0.007643448654562235,0
2022-06-06 02:00:00+01:00,0.007643389981240034,0.007662835065275431,0.007643389981240034,0.0076576718129217625,0.0076576718129217625,0
2022-06-06 03:00:00+01:00,0.007657788693904877,0.0076616606675088406,0.007655033841729164,0.007656850386410952,0.007656850386410952,0
2022-06-06 04:00:00+01:00,0.007656792178750038,0.007666359655559063,0.007656147237867117,0.007663481403142214,0.007663481403142214,0
2022-06-06 05:00:00+01:00,0.007663129363209009,0.007668712176382542,0.007652572821825743,0.007653451524674892,0.007653451524674892,0
2022-06-06 06:00:00+01:00,0.007653393317013979,0.0076587265357375145,0.007648710161447525,0.007655853871256113,0.007655853871256113,0
2022-06-06 07:00:00+01:00,0.0076557365246117115,0.007665772456675768,0.00765134347602725,0.007663187570869923,0.007663187570869923,0
2022-06-06 08:00:00+01:00,0.007663187570869923,0.007666359655559063,0.007643623743206263,0.007647189311683178,0.007647189311683178,0
2022-06-06 09:00:00+01:00,0.007647013757377863,0.007654623594135046,0.007643682416528463,0.007648124825209379,0.007648124825209379,0
2022-06-06 10:00:00+01:00,0.007648124825209379,0.007655208930373192,0.007646078709512949,0.007651109714061022,0.007651109714061022,0
2022-06-06 11:00:00+01:00,0.0076506417244672775,0.007657554466277361,0.007647890597581863,0.007654681336134672,0.007654681336134672,0
2022-06-06 12:00:00+01:00,0.007654681336134672,0.007657554466277361,0.007651928812265396,0.007654037792235613,0.007654037792235613,0
2022-06-06 13:00:00+01:00,0.007653920911252499,0.0076557956635952,0.00764146214351058,0.007645668927580118,0.007645668927580118,0
2022-06-06 14:00:00+01:00,0.007645785808563232,0.00764818349853158,0.0076362695544958115,0.0076369112357497215,0.0076369112357497215,0
2022-06-06 15:00:00+01:00,0.007636968977749348,0.007638835813850164,0.007607686799019575,0.007614522241055965,0.007614522241055965,0
2022-06-06 16:00:00+01:00,0.007614522241055965,0.0076161460019648075,0.007593879476189613,0.007601499557495117,0.007601499557495117,0
2022-06-06 17:00:00+01:00,0.007601499557495117,0.007606297731399536,0.007594109978526831,0.007594859693199396,0.007594859693199396,0
2022-06-06 18:00:00+01:00,0.00759480195119977,0.00759589858353138,0.007584951817989349,0.007585296873003244,0.007585296873003244,0
2022-06-06 19:00:00+01:00,0.007585526909679174,0.007588980719447136,0.007575184106826782,0.007575699593871832,0.007575699593871832,0
2022-06-06 20:00:00+01:00,0.007575757801532745,0.007586678024381399,0.007575069088488817,0.007584836799651384,0.007584836799651384,0
2022-06-06 21:00:00+01:00,0.007584548555314541,0.007586678024381399,0.007581041194498539,0.007583743892610073,0.007583743892610073,0
2022-06-06 22:00:00+01:00,0.007583686150610447,0.007585411891341209,0.007580811157822609,0.007581788115203381,0.007581788115203381,0
2022-06-06 23:00:00+01:00,0.007581443525850773,0.007583226077258587,0.0075735775753855705,0.007579202298074961,0.007579202298074961,0
2022-06-07 00:00:00+01:00,0.007579605095088482,0.007580926176160574,0.007558522280305624,0.007565498352050781,0.007565498352050781,0
2022-06-07 01:00:00+01:00,0.00756544154137373,0.0075723156332969666,0.007556408643722534,0.007562923710793257,0.007562923710793257,0
2022-06-07 02:00:00+01:00,0.007562865968793631,0.007564868777990341,0.00753261661157012,0.00754068186506629,0.00754068186506629,0
2022-06-07 03:00:00+01:00,0.007540909573435783,0.007547738961875439,0.007535511162132025,0.007542047183960676,0.007542047183960676,0
2022-06-07 04:00:00+01:00,0.007541933562606573,0.007547169923782349,0.0075374990701675415,0.0075413077138364315,0.0075413077138364315,0
2022-06-07 05:00:00+01:00,0.0075413077138364315,0.007544322870671749,0.007521794177591801,0.007521850988268852,0.007521850988268852,0
2022-06-07 06:00:00+01:00,0.0075219073332846165,0.007532389368861914,0.0075210025534033775,0.0075249639339745045,0.0075249639339745045,0
2022-06-07 07:00:00+01:00,0.007525020744651556,0.007543753832578659,0.007518739905208349,0.007532899733632803,0.007532899733632803,0
2022-06-07 08:00:00+01:00,0.00753261661157012,0.0075448923744261265,0.007528476882725954,0.007531765382736921,0.007531765382736921,0
2022-06-07 09:00:00+01:00,0.00753199215978384,0.007546030450612307,0.007529269903898239,0.007533070165663958,0.007533070165663958,0
2022-06-07 10:00:00+01:00,0.0075331274420022964,0.007542615756392479,0.007531765382736921,0.007537215016782284,0.007537215016782284,0
2022-06-07 11:00:00+01:00,0.007537271827459335,0.007540341001003981,0.0075269462540745735,0.00752734299749136,0.00752734299749136,0
2022-06-07 12:00:00+01:00,0.007527173031121492,0.0075357952155172825,0.0075257569551467896,0.007526833098381758,0.007526833098381758,0
2022-06-07 13:00:00+01:00,0.0075267767533659935,0.0075454614125192165,0.007524681277573109,0.007530404254794121,0.007530404254794121,0
2022-06-07 14:00:00+01:00,0.007530517410486937,0.007554010953754187,0.007527003530412912,0.0075441524386405945,0.0075441524386405945,0
2022-06-07 15:00:00+01:00,0.007544266059994698,0.0075591509230434895,0.007536703255027533,0.007548878900706768,0.007548878900706768,0
2022-06-07 16:00:00+01:00,0.007548423483967781,0.007556865457445383,0.007541534956544638,0.007545233704149723,0.007545233704149723,0
2022-06-07 17:00:00+01:00,0.00754512008279562,0.007548309396952391,0.007538351230323315,0.0075422171503305435,0.0075422171503305435,0
2022-06-07 18:00:00+01:00,0.007542160805314779,0.007550018839538097,0.007537385448813438,0.00754512008279562,0.00754512008279562,0
2022-06-07 19:00:00+01:00,0.0075453477911651134,0.007550018839538097,0.007543070707470179,0.0075441524386405945,0.0075441524386405945,0
2022-06-07 20:00:00+01:00,0.0075441524386405945,0.007547169923782349,0.00753891933709383,0.007539374753832817,0.007539374753832817,0
2022-06-07 21:00:00+01:00,0.007539317477494478,0.007544322870671749,0.007537215016782284,0.007544208783656359,0.007544208783656359,0
2022-06-07 22:00:00+01:00,0.007544777821749449,0.007545233704149723,0.007539260201156139,0.007539771962910891,0.007539771962910891,0
2022-06-07 23:00:00+01:00,0.007539885584264994,0.007543184328824282,0.00753522664308548,0.007536760531365871,0.007536760531365871,0
2022-06-08 00:00:00+01:00,0.007536703255027533,0.00753863574936986,0.007527229841798544,0.007528872694820166,0.007528872694820166,0
2022-06-08 01:00:00+01:00,0.0075289299711585045,0.0075357952155172825,0.007512245327234268,0.007514785509556532,0.007514785509556532,0
2022-06-08 02:00:00+01:00,0.00751472869887948,0.007526719942688942,0.007506605703383684,0.007511962670832872,0.007511962670832872,0
2022-06-08 03:00:00+01:00,0.007511624135077,0.007524454966187477,0.007511286064982414,0.007517836056649685,0.007517836056649685,0
2022-06-08 04:00:00+01:00,0.007517836056649685,0.007525020744651556,0.007514107972383499,0.007515575736761093,0.007515575736761093,0
2022-06-08 05:00:00+01:00,0.007515575736761093,0.007518797181546688,0.007501875516027212,0.007504690438508987,0.007504690438508987,0
2022-06-08 06:00:00+01:00,0.007504747249186039,0.007513147778809071,0.007504015229642391,0.007507676258683205,0.007507676258683205,0
2022-06-08 07:00:00+01:00,0.007507563568651676,0.007523322477936745,0.007497095037251711,0.007501875516027212,0.007501875516027212,0
2022-06-08 08:00:00+01:00,0.007501594722270966,0.007507507689297199,0.007482958026230335,0.0074863191694021225,0.0074863191694021225,0
2022-06-08 09:00:00+01:00,0.007486150600016117,0.00748895388096571,0.0074701569974422455,0.00747171975672245,0.00747171975672245,0
2022-06-08 10:00:00+01:00,0.007471999153494835,0.00748278945684433,0.007471663411706686,0.0074750143103301525,0.0074750143103301525,0
2022-06-08 11:00:00+01:00,0.007474902551621199,0.0074783130548894405,0.007455453276634216,0.007462742738425732,0.007462742738425732,0
2022-06-08 12:00:00+01:00,0.007462575100362301,0.007474958896636963,0.00745678786188364,0.0074635217897593975,0.0074635217897593975,0
2022-06-08 13:00:00+01:00,0.007463689427822828,0.007469375152140856,0.007436215411871672,0.0074465712532401085,0.0074465712532401085,0
2022-06-08 14:00:00+01:00,0.0074465153738856316,0.0074632433243095875,0.007443300914019346,0.007457733154296875,0.007457733154296875,0
2022-06-08 15:00:00+01:00,0.0074576218612492085,0.007486150600016117,0.00745150912553072,0.00747171975672245,0.00747171975672245,0
2022-06-08 16:00:00+01:00,0.007471663411706686,0.007479431573301554,0.007459402084350586,0.007460013963282108,0.007460013963282108,0
2022-06-08 17:00:00+01:00,0.007459902670234442,0.007469933945685625,0.007454231381416321,0.007459512911736965,0.007459512911736965,0
2022-06-08 18:00:00+01:00,0.007459512911736965,0.007466587238013744,0.007455731742084026,0.007457344327121973,0.007457344327121973,0
2022-06-08 19:00:00+01:00,0.007457009982317686,0.007459902670234442,0.00745084322988987,0.007453231140971184,0.007453231140971184,0
2022-06-08 20:00:00+01:00,0.007452953141182661,0.007458233740180731,0.007446792908012867,0.00744851166382432,0.00744851166382432,0
2022-06-08 21:00:00+01:00,0.007448622956871986,0.0074521200731396675,0.007446016184985638,0.007449732627719641,0.007449732627719641,0
2022-06-08 22:00:00+01:00,0.0074507324025034904,0.0074635217897593975,0.007447679992765188,0.0074503435753285885,0.0074503435753285885,0
2022-06-08 23:00:00+01:00,0.007450399454683065,0.007452676072716713,0.007439922541379929,0.007441140711307526,0.007441140711307526,0
2022-06-09 00:00:00+01:00,0.0074408636428415775,0.007444907445460558,0.007433286402374506,0.007437377702444792,0.007437377702444792,0
2022-06-09 01:00:00+01:00,0.007437377702444792,0.007449344266206026,0.007431794423609972,0.007447679992765188,0.007447679992765188,0
2022-06-09 02:00:00+01:00,0.007447679992765188,0.007457677740603685,0.007442358881235123,0.007443079259246588,0.007443079259246588,0
2022-06-09 03:00:00+01:00,0.007443190086632967,0.007453231140971184,0.007436769083142281,0.007447679992765188,0.007447679992765188,0
2022-06-09 04:00:00+01:00,0.007447624579071999,0.007473841309547424,0.007445351220667362,0.00746602937579155,0.00746602937579155,0
2022-06-09 05:00:00+01:00,0.007465583737939596,0.007468260359019041,0.007451342884451151,0.007454342674463987,0.007454342674463987,0
2022-06-09 06:00:00+01:00,0.007453175261616707,0.007484469562768936,0.007453009020537138,0.007473841309547424,0.007473841309547424,0
2022-06-09 07:00:00+01:00,0.007472333963960409,0.00747719407081604,0.007464914582669735,0.007469933945685625,0.007469933945685625,0
2022-06-09 08:00:00+01:00,0.007469877600669861,0.0074973758310079575,0.0074692084454,0.007492207922041416,0.007492207922041416,0
2022-06-09 09:00:00+01:00,0.007492320146411657,0.007498500403016806,0.007475628983229399,0.007482845336198807,0.007482845336198807,0
2022-06-09 10:00:00+01:00,0.007482621353119612,0.007495689671486616,0.007479263469576836,0.00749254459515214,0.00749254459515214,0
2022-06-09 11:00:00+01:00,0.0074924323707818985,0.007509762421250343,0.007490243762731552,0.0075014811009168625,0.0075014811009168625,0
2022-06-09 12:00:00+01:00,0.007501256186515093,0.007504127454012632,0.007474176585674286,0.00747887184843421,0.00747887184843421,0
2022-06-09 13:00:00+01:00,0.007478984538465738,0.007485029753297567,0.007461572531610727,0.007474567741155624,0.007474567741155624,0
2022-06-09 14:00:00+01:00,0.007474567741155624,0.007486710790544748,0.007457065861672163,0.0074793752282857895,0.0074793752282857895,0
2022-06-09 15:00:00+01:00,0.0074793198145926,0.007482230197638273,0.007445572875440121,0.007445905357599258,0.007445905357599258,0
2022-06-09 16:00:00+01:00,0.007445850409567356,0.007467702031135559,0.0074454061686992645,0.007458901964128017,0.007458901964128017,0
2022-06-09 17:00:00+01:00,0.007458845619112253,0.007462686393409967,0.0074521759524941444,0.007454064209014177,0.007454064209014177,0
2022-06-09 18:00:00+01:00,0.0074540083296597,0.007462686393409967,0.007453341968357563,0.007456009741872549,0.007456009741872549,0
2022-06-09 19:00:00+01:00,0.007455509155988693,0.007458233740180731,0.007445572875440121,0.007447125390172005,0.007447125390172005,0
2022-06-09 20:00:00+01:00,0.0074470145627856255,0.007449899800121784,0.0074386498890817165,0.007438816130161285,0.007438816130161285,0
2022-06-09 21:00:00+01:00,0.007439037319272757,0.007448290009051561,0.0074378750286996365,0.007445129565894604,0.007445129565894604,0
2022-06-09 22:00:00+01:00,0.007445073686540127,0.007447069510817528,0.007440309971570969,0.007441029883921146,0.007441029883921146,0
2022-06-09 23:00:00+01:00,0.007441417779773474,0.007443245034664869,0.007436658721417189,0.007436769083142281,0.007436769083142281,0
2022-06-10 00:00:00+01:00,0.007437709253281355,0.00744269136339426,0.007436215411871672,0.007441029883921146,0.007441029883921146,0
2022-06-10 01:00:00+01:00,0.007440919056534767,0.00746602937579155,0.0074408636428415775,0.007462519221007824,0.007462519221007824,0
2022-06-10 02:00:00+01:00,0.007462296634912491,0.007466587238013744,0.0074470145627856255,0.007453175261616707,0.007453175261616707,0
2022-06-10 03:00:00+01:00,0.007453231140971184,0.007468817755579948,0.007450399454683065,0.007458567153662443,0.007458567153662443,0
2022-06-10 04:00:00+01:00,0.007458567153662443,0.007463800720870495,0.00745439762249589,0.00745745562016964,0.00745745562016964,0
2022-06-10 05:00:00+01:00,0.007457232568413019,0.0074632433243095875,0.0074502876959741116,0.007451287005096674,0.007451287005096674,0
2022-06-10 06:00:00+01:00,0.007451287005096674,0.00748278945684433,0.007450898177921772,0.007478257175534964,0.007478257175534964,0
2022-06-10 07:00:00+01:00,0.007478257175534964,0.007483909837901592,0.0074640787206590176,0.007471217308193445,0.007471217308193445,0
2022-06-10 08:00:00+01:00,0.0074709379114210606,0.007499625440686941,0.007467758376151323,0.007484693545848131,0.007484693545848131,0
2022-06-10 09:00:00+01:00,0.0074844141490757465,0.007487271912395954,0.0074701569974422455,0.007470770739018917,0.007470770739018917,0
2022-06-10 10:00:00+01:00,0.00747071485966444,0.00747887184843421,0.007462352514266968,0.007472110912203789,0.007472110912203789,0
2022-06-10 11:00:00+01:00,0.007471942808479071,0.0074805510230362415,0.007469263859093189,0.007475517224520445,0.007475517224520445,0
2022-06-10 12:00:00+01:00,0.007475628983229399,0.0074805510230362415,0.007462463807314634,0.00746547244489193,0.00746547244489193,0
2022-06-10 13:00:00+01:00,0.007465193513780832,0.00749063678085804,0.007441140711307526,0.007465082220733166,0.007465082220733166,0
2022-06-10 14:00:00+01:00,0.007465082220733166,0.007477753795683384,0.007446626201272011,0.007449067197740078,0.007449067197740078,0
2022-06-10 15:00:00+01:00,0.007449289318174124,0.007469933945685625,0.007447180338203907,0.007449400145560503,0.007449400145560503,0
2022-06-10 16:00:00+01:00,0.007449455093592405,0.007458789739757776,0.007448567543178797,0.0074517312459647655,0.0074517312459647655,0
2022-06-10 17:00:00+01:00,0.0074517312459647655,0.007454897742718458,0.007444131653755903,0.007445240393280983,0.007445240393280983,0
2022-06-10 18:00:00+01:00,0.007445295341312885,0.0074521200731396675,0.007441417779773474,0.007442413829267025,0.007442413829267025,0
2022-06-10 19:00:00+01:00,0.007442358881235123,0.007447679992765188,0.007441916037350893,0.007442580536007881,0.007442580536007881,0
2022-06-10 20:00:00+01:00,0.007442636415362358,0.007444907445460558,0.007440641988068819,0.007441638968884945,0.007441638968884945,0
2022-06-10 21:00:00+01:00,0.007441528607159853,0.007445129565894604,0.0074358838610351086,0.007441361900418997,0.007441361900418997,0
2022-06-13 00:00:00+01:00,0.007425669115036726,0.007431629113852978,0.007415536791086197,0.00741916848346591,0.00741916848346591,0
2022-06-13 01:00:00+01:00,0.007419003173708916,0.0074272132478654385,0.0074076266027987,0.0074094925075769424,0.0074094925075769424,0
2022-06-13 02:00:00+01:00,0.007409602403640747,0.007426110096275806,0.007407407276332378,0.007413338404148817,0.007413338404148817,0
2022-06-13 03:00:00+01:00,0.007413118612021208,0.007423905190080404,0.007411963772028685,0.007417022250592709,0.007417022250592709,0
2022-06-13 04:00:00+01:00,0.007416966836899519,0.007421150337904692,0.007411030121147633,0.007412404287606478,0.007412404287606478,0
2022-06-13 05:00:00+01:00,0.00741256820037961,0.007414547726511955,0.007396613713353872,0.007406255695968866,0.007406255695968866,0
2022-06-13 06:00:00+01:00,0.007406200282275677,0.007423905190080404,0.007400171365588903,0.0074121844954788685,0.0074121844954788685,0
2022-06-13 07:00:00+01:00,0.007412404287606478,0.007437709253281355,0.007411634549498558,0.007425669115036726,0.007425669115036726,0
2022-06-13 08:00:00+01:00,0.007425723597407341,0.007440476678311825,0.00741916848346591,0.007429972756654024,0.007429972756654024,0
2022-06-13 09:00:00+01:00,0.007429696619510651,0.007456565275788307,0.007427047472447157,0.00744418753311038,0.00744418753311038,0
2022-06-13 10:00:00+01:00,0.007444020826369524,0.007448235061019659,0.007431242149323225,0.007433176040649414,0.007433176040649414,0
2022-06-13 11:00:00+01:00,0.007433176040649414,0.007439922541379929,0.0074264961294829845,0.007437598891556263,0.007437598891556263,0
2022-06-13 12:00:00+01:00,0.007437598891556263,0.007447125390172005,0.007423905190080404,0.0074350000359117985,0.0074350000359117985,0
2022-06-13 13:00:00+01:00,0.007434888742864132,0.007471607998013496,0.007434723433107138,0.007460347842425108,0.007460347842425108,0
2022-06-13 14:00:00+01:00,0.007460403721779585,0.007487271912395954,0.0074578444473445415,0.007482677698135376,0.007482677698135376,0
2022-06-13 15:00:00+01:00,0.007482677698135376,0.007484469562768936,0.0074646915309131145,0.0074692084454,0.0074692084454,0
2022-06-13 16:00:00+01:00,0.0074692084454,0.007472724188119173,0.007447347044944763,0.007455787621438503,0.007455787621438503,0
2022-06-13 17:00:00+01:00,0.007455564569681883,0.007467144634574652,0.0074517871253192425,0.007452676072716713,0.007452676072716713,0
2022-06-13 18:00:00+01:00,0.007452286779880524,0.007467702031135559,0.007450898177921772,0.007459569256752729,0.007459569256752729,0
2022-06-13 19:00:00+01:00,0.007459736429154873,0.007462686393409967,0.007445627823472023,0.0074465712532401085,0.0074465712532401085,0
2022-06-13 20:00:00+01:00,0.007446237839758396,0.007450454402714968,0.007425669115036726,0.007442580536007881,0.007442580536007881,0
2022-06-13 21:00:00+01:00,0.007442747242748737,0.0074454620480537415,0.007434446830302477,0.0074409740045666695,0.0074409740045666695,0
2022-06-13 22:00:00+01:00,0.007440309971570969,0.007441583089530468,0.007437100633978844,0.007440531626343727,0.007440531626343727,0
2022-06-13 23:00:00+01:00,0.007439977955073118,0.007448235061019659,0.007433838676661253,0.007446016184985638,0.007446016184985638,0
2022-06-14 00:00:00+01:00,0.0074454061686992645,0.007453231140971184,0.007440641988068819,0.007449899800121784,0.007449899800121784,0
2022-06-14 01:00:00+01:00,0.007449566852301359,0.007471049204468727,0.007443799637258053,0.007454175502061844,0.007454175502061844,0
2022-06-14 02:00:00+01:00,0.007454119622707367,0.007459902670234442,0.007442580536007881,0.007446182891726494,0.007446182891726494,0
2022-06-14 03:00:00+01:00,0.007445905357599258,0.007452676072716713,0.007437709253281355,0.007447624579071999,0.007447624579071999,0
2022-06-14 04:00:00+01:00,0.007447347044944763,0.007457121275365353,0.007417296525090933,0.007431131787598133,0.007431131787598133,0
2022-06-14 05:00:00+01:00,0.0074310763739049435,0.007437155582010746,0.007420324254781008,0.007429586257785559,0.007429586257785559,0
2022-06-14 06:00:00+01:00,0.007429365534335375,0.007433838676661253,0.00741933286190033,0.007426165509968996,0.007426165509968996,0
2022-06-14 07:00:00+01:00,0.007426220458000898,0.007438816130161285,0.007421426009386778,0.0074259452521800995,0.0074259452521800995,0
2022-06-14 08:00:00+01:00,0.0074258893728256226,0.007449344266206026,0.007425558753311634,0.007439922541379929,0.007439922541379929,0
2022-06-14 09:00:00+01:00,0.007439479697495699,0.007463800720870495,0.007437377702444792,0.007452620193362236,0.007452620193362236,0
2022-06-14 10:00:00+01:00,0.007452676072716713,0.007456009741872549,0.007445351220667362,0.0074513982981443405,0.0074513982981443405,0
2022-06-14 11:00:00+01:00,0.0074514541774988174,0.007458233740180731,0.00744457496330142,0.007450121454894543,0.007450121454894543,0
2022-06-14 12:00:00+01:00,0.007450121454894543,0.0074521200731396675,0.00743168406188488,0.007434225641191006,0.007434225641191006,0
2022-06-14 13:00:00+01:00,0.007434225641191006,0.007444907445460558,0.007429034449160099,0.007430690340697765,0.007430690340697765,0
2022-06-14 14:00:00+01:00,0.0074304696172475815,0.007450454402714968,0.007425669115036726,0.007438704837113619,0.007438704837113619,0
2022-06-14 15:00:00+01:00,0.007438704837113619,0.007441583089530468,0.007426440715789795,0.007428647950291634,0.007428647950291634,0
2022-06-14 16:00:00+01:00,0.007428482174873352,0.007431629113852978,0.007408395409584045,0.007413118612021208,0.007413118612021208,0
2022-06-14 17:00:00+01:00,0.007413008715957403,0.007418397348374128,0.007407133001834154,0.00740850530564785,0.00740850530564785,0
2022-06-14 18:00:00+01:00,0.007408395409584045,0.007422802969813347,0.007406913675367832,0.007411140017211437,0.007411140017211437,0
2022-06-14 19:00:00+01:00,0.007411195430904627,0.007418397348374128,0.007392677012830973,0.0073927310295403,0.0073927310295403,0
2022-06-14 20:00:00+01:00,0.007392677012830973,0.007401376497000456,0.007383015938103199,0.007397762965410948,0.007397762965410948,0
2022-06-14 21:00:00+01:00,0.0073977080173790455,0.007400829344987869,0.007381490431725979,0.0073817078955471516,0.0073817078955471516,0
2022-06-14 22:00:00+01:00,0.0073815989308059216,0.0073885805904865265,0.0073746307753026485,0.007376535329967737,0.007376535329967737,0
2022-06-14 23:00:00+01:00,0.007376535329967737,0.007390982937067747,0.007375773973762989,0.007384106516838074,0.007384106516838074,0
2022-06-15 00:00:00+01:00,0.007384706754237413,0.007399733643978834,0.007384433876723051,0.007392403669655323,0.007392403669655323,0
2022-06-15 01:00:00+01:00,0.007392240222543478,0.007416197098791599,0.007390710059553385,0.007406365126371384,0.007406365126371384,0
2022-06-15 02:00:00+01:00,0.007406529039144516,0.007409602403640747,0.007394207641482353,0.007395355496555567,0.007395355496555567,0
2022-06-15 03:00:00+01:00,0.007395410910248756,0.007404116913676262,0.007391091901808977,0.007401322480291128,0.007401322480291128,0
2022-06-15 04:00:00+01:00,0.007400499656796455,0.007409602403640747,0.007398857269436121,0.00740285636857152,0.00740285636857152,0
2022-06-15 05:00:00+01:00,0.007402746006846428,0.0074090538546442986,0.007399733643978834,0.007404116913676262,0.007404116913676262,0
2022-06-15 06:00:00+01:00,0.007403567899018526,0.007420048583298922,0.007401376497000456,0.007416306994855404,0.007416306994855404,0
2022-06-15 07:00:00+01:00,0.0074164168909192085,0.007435496896505356,0.007414987310767174,0.007424401585012674,0.007424401585012674,0
2022-06-15 08:00:00+01:00,0.007424291223287582,0.007433838676661253,0.007417462300509214,0.007423684932291508,0.007423684932291508,0
2022-06-15 09:00:00+01:00,0.007423629518598318,0.007437155582010746,0.00741916848346591,0.007433396764099598,0.007433396764099598,0
2022-06-15 10:00:00+01:00,0.007433452643454075,0.00744269136339426,0.00742688262835145,0.007439922541379929,0.007439922541379929,0
2022-06-15 11:00:00+01:00,0.0074400329031050205,0.007447679992765188,0.007434723433107138,0.007440476678311825,0.007440476678311825,0
2022-06-15 12:00:00+01:00,0.007440420798957348,0.00744269136339426,0.0074319601990282536,0.007433617487549782,0.007433617487549782,0
2022-06-15 13:00:00+01:00,0.007433563005179167,0.007437155582010746,0.007417627610266209,0.007423959672451019,0.007423959672451019,0
2022-06-15 14:00:00+01:00,0.007423739414662123,0.007433838676661253,0.007416582200676203,0.007431629113852978,0.007431629113852978,0
2022-06-15 15:00:00+01:00,0.007431298028677702,0.0074421376921236515,0.007429365534335375,0.0074310763739049435,0.0074310763739049435,0
2022-06-15 16:00:00+01:00,0.007431021425873041,0.007439922541379929,0.00742638623341918,0.007434888742864132,0.007434888742864132,0
2022-06-15 17:00:00+01:00,0.00743483379483223,0.007440476678311825,0.007433286402374506,0.007436215411871672,0.007436215411871672,0
2022-06-15 18:00:00+01:00,0.007436271291226149,0.007447125390172005,0.007433783728629351,0.007444409187883139,0.007444409187883139,0
2022-06-15 19:00:00+01:00,0.007444741670042276,0.007475517224520445,0.007409713231027126,0.007455731742084026,0.007455731742084026,0
2022-06-15 20:00:00+01:00,0.007455787621438503,0.007489514537155628,0.007452008780092001,0.0074778092093765736,0.0074778092093765736,0
2022-06-15 21:00:00+01:00,0.0074778092093765736,0.007491759490221739,0.007470770739018917,0.007474232465028763,0.007474232465028763,0
2022-06-15 22:00:00+01:00,0.007473618257790804,0.007481781765818596,0.007468817755579948,0.007473282981663942,0.007473282981663942,0
2022-06-15 23:00:00+01:00,0.007473003584891558,0.007474400568753481,0.007450121454894543,0.007451342884451151,0.007451342884451151,0
2022-06-16 00:00:00+01:00,0.007451842073351145,0.0074610160663723946,0.007450954057276249,0.007460125256329775,0.007460125256329775,0
2022-06-16 01:00:00+01:00,0.007460125256329775,0.007467144634574652,0.007446237839758396,0.007449067197740078,0.007449067197740078,0
2022-06-16 02:00:00+01:00,0.007448956370353699,0.0074510094709694386,0.007428096607327461,0.0074287583120167255,0.0074287583120167255,0
2022-06-16 03:00:00+01:00,0.007428537588566542,0.007438816130161285,0.007425118237733841,0.00743610505014658,0.00743610505014658,0
2022-06-16 04:00:00+01:00,0.0074363816529512405,0.007450454402714968,0.007435994688421488,0.007445905357599258,0.007445905357599258,0
2022-06-16 05:00:00+01:00,0.007445905357599258,0.007451565004885197,0.007439756765961647,0.007439977955073118,0.007439977955073118,0
2022-06-16 06:00:00+01:00,0.007439922541379929,0.007450454402714968,0.007439922541379929,0.007447457872331142,0.007447457872331142,0
2022-06-16 07:00:00+01:00,0.00744740292429924,0.007454342674463987,0.007434667553752661,0.007438483648002148,0.007438483648002148,0
2022-06-16 08:00:00+01:00,0.007438483648002148,0.007452676072716713,0.007426992990076542,0.0074496218003332615,0.0074496218003332615,0
2022-06-16 09:00:00+01:00,0.007450065575540066,0.007513147778809071,0.0074442424811422825,0.00750632444396615,0.00750632444396615,0
2022-06-16 10:00:00+01:00,0.00750615494325757,0.0075591509230434895,0.0074964771047234535,0.00752604054287076,0.00752604054287076,0
2022-06-16 11:00:00+01:00,0.007525643799453974,0.0075318217277526855,0.007499793544411659,0.007514955010265112,0.007514955010265112,0
2022-06-16 12:00:00+01:00,0.007515124045312405,0.007542047183960676,0.0075044650584459305,0.00752779608592391,0.00752779608592391,0
2022-06-16 13:00:00+01:00,0.007527853362262249,0.007550018839538097,0.007518797181546688,0.007530460134148598,0.007530460134148598,0
2022-06-16 14:00:00+01:00,0.007530573755502701,0.007548309396952391,0.007527399342507124,0.007535681594163179,0.007535681594163179,0
2022-06-16 15:00:00+01:00,0.0075361356139183044,0.007546030450612307,0.0075242845341563225,0.007543640211224556,0.007543640211224556,0
2022-06-16 16:00:00+01:00,0.007543582934886217,0.007606876082718372,0.007535511162132025,0.0075949751771986485,0.0075949751771986485,0
2022-06-16 17:00:00+01:00,0.007594686467200518,0.007603405974805355,0.007569564040750265,0.007586793042719364,0.007586793042719364,0
2022-06-16 18:00:00+01:00,0.007586793042719364,0.007591861300170422,0.00755966454744339,0.007574896793812513,0.007574896793812513,0
2022-06-16 19:00:00+01:00,0.007575184106826782,0.007578628603368998,0.0075678457506000996,0.0075762164779007435,0.0075762164779007435,0
2022-06-16 20:00:00+01:00,0.00757627421990037,0.007584951817989349,0.007571627385914326,0.00757300341501832,0.00757300341501832,0
2022-06-16 21:00:00+01:00,0.00757300341501832,0.007575757801532745,0.007561436854302883,0.007566928863525391,0.007566928863525391,0
2022-06-16 22:00:00+01:00,0.00756681477651,0.007568361237645149,0.007556294556707144,0.00755926501005888,0.00755926501005888,0
2022-06-16 23:00:00+01:00,0.007558979094028473,0.00756200822070241,0.0075354548171162605,0.00754181994125247,0.00754181994125247,0
2022-06-17 00:00:00+01:00,0.007541933562606573,0.007555723190307617,0.00753596518188715,0.007551900111138821,0.007551900111138821,0
2022-06-17 01:00:00+01:00,0.007551843300461769,0.007567158900201321,0.007502325344830751,0.007506549824029207,0.007506549824029207,0
2022-06-17 02:00:00+01:00,0.007506437133997679,0.0075182318687438965,0.007495914585888386,0.007498500403016806,0.007498500403016806,0
2022-06-17 03:00:00+01:00,0.007497938349843025,0.00755977863445878,0.0074271028861403465,0.007480270694941282,0.007480270694941282,0
2022-06-17 04:00:00+01:00,0.007480214349925518,0.007491197437047958,0.007445627823472023,0.007450898177921772,0.007450898177921772,0
2022-06-17 05:00:00+01:00,0.007450898177921772,0.0074783130548894405,0.007449400145560503,0.007471663411706686,0.007471663411706686,0
2022-06-17 06:00:00+01:00,0.007471663411706686,0.007476076949387789,0.0074568986892700195,0.007458233740180731,0.007458233740180731,0
2022-06-17 07:00:00+01:00,0.007457733154296875,0.007474902551621199,0.0074358838610351086,0.007443577982485294,0.007443577982485294,0
2022-06-17 08:00:00+01:00,0.007443688809871674,0.007467144634574652,0.007429862394928932,0.007446404546499252,0.007446404546499252,0
2022-06-17 09:00:00+01:00,0.0074465153738856316,0.0074521200731396675,0.007429309654980898,0.007433894090354443,0.007433894090354443,0
2022-06-17 10:00:00+01:00,0.007433949038386345,0.007440476678311825,0.007412074599415064,0.007419608533382416,0.007419608533382416,0
2022-06-17 11:00:00+01:00,0.007419663947075605,0.00742942001670599,0.0074129533022642136,0.0074253929778933525,0.0074253929778933525,0
2022-06-17 12:00:00+01:00,0.007425283081829548,0.0074487896636128426,0.0074187275022268295,0.007424676325172186,0.007424676325172186,0
2022-06-17 13:00:00+01:00,0.007424566429108381,0.007439369335770607,0.007421094924211502,0.007430745288729668,0.007430745288729668,0
2022-06-17 14:00:00+01:00,0.007430690340697765,0.007439922541379929,0.0074104261584579945,0.007416692562401295,0.007416692562401295,0
2022-06-17 15:00:00+01:00,0.007416637148708105,0.007418948225677013,0.0073911468498408794,0.007392240222543478,0.007392240222543478,0
2022-06-17 16:00:00+01:00,0.007392020896077156,0.0074112508445978165,0.007384706754237413,0.007398638408631086,0.007398638408631086,0
2022-06-17 17:00:00+01:00,0.007398583926260471,0.00740850530564785,0.00739792687818408,0.007399788126349449,0.007399788126349449,0
2022-06-17 18:00:00+01:00,0.0073995692655444145,0.00741674704477191,0.0073995692655444145,0.0074104261584579945,0.0074104261584579945,0
2022-06-17 19:00:00+01:00,0.007410591002553701,0.00741674704477191,0.0074067492969334126,0.007408339995890856,0.007408339995890856,0
2022-06-17 20:00:00+01:00,0.0074082305654883385,0.007413447834551334,0.007406309712678194,0.0074090538546442986,0.0074090538546442986,0
2022-06-17 21:00:00+01:00,0.0074089993722736835,0.007415702100843191,0.007402198389172554,0.00740850530564785,0.00740850530564785,0
2022-06-20 00:00:00+01:00,0.00739644980058074,0.00740192411467433,0.007386452052742243,0.007391419727355242,0.007391419727355242,0
2022-06-20 01:00:00+01:00,0.007391037885099649,0.007401376497000456,0.007383288815617561,0.007397817447781563,0.007397817447781563,0
2022-06-20 02:00:00+01:00,0.0073977080173790455,0.007417847402393818,0.007392458617687225,0.0074126236140728,0.0074126236140728,0
2022-06-20 03:00:00+01:00,0.007412404287606478,0.007426661904901266,0.007411524653434753,0.007419994100928307,0.007419994100928307,0
2022-06-20 04:00:00+01:00,0.007420378737151623,0.007422802969813347,0.007409547921270132,0.007416031789034605,0.007416031789034605,0
2022-06-20 05:00:00+01:00,0.00741614168509841,0.007418948225677013,0.0074089993722736835,0.007410042453557253,0.007410042453557253,0
2022-06-20 06:00:00+01:00,0.00741015188395977,0.007418397348374128,0.00740389758720994,0.00740477442741394,0.00740477442741394,0
2022-06-20 07:00:00+01:00,0.007403952069580555,0.007420599926263094,0.007401760201901197,0.0074159218929708,0.0074159218929708,0
2022-06-20 08:00:00+01:00,0.007416031789034605,0.0074349441565573215,0.007413338404148817,0.007426220458000898,0.007426220458000898,0
2022-06-20 09:00:00+01:00,0.007426165509968996,0.007429972756654024,0.007416251581162214,0.007420599926263094,0.007420599926263094,0
2022-06-20 10:00:00+01:00,0.007420324254781008,0.007427764590829611,0.007416087202727795,0.0074180676601827145,0.0074180676601827145,0
2022-06-20 11:00:00+01:00,0.007418232969939709,0.007425007876008749,0.0074104261584579945,0.007413723040372133,0.007413723040372133,0
2022-06-20 12:00:00+01:00,0.007413613144308329,0.007417296525090933,0.007409877143800259,0.007410646416246891,0.007410646416246891,0
2022-06-20 13:00:00+01:00,0.007410481572151184,0.00741674704477191,0.0074081760831177235,0.007410920690745115,0.007410920690745115,0
2022-06-20 14:00:00+01:00,0.007410920690745115,0.007414547726511955,0.007399349939078093,0.007402910850942135,0.007402910850942135,0
2022-06-20 15:00:00+01:00,0.007402746006846428,0.0074156466871500015,0.0074012670665979385,0.00741015188395977,0.00741015188395977,0
2022-06-20 16:00:00+01:00,0.007409767713397741,0.0074112508445978165,0.0074028014205396175,0.007407078519463539,0.007407078519463539,0
2022-06-20 17:00:00+01:00,0.007406859192997217,0.0074090538546442986,0.007402253337204456,0.007404280826449394,0.007404280826449394,0
2022-06-20 18:00:00+01:00,0.0074043357744812965,0.007405761629343033,0.007400390226393938,0.007400719448924065,0.007400719448924065,0
2022-06-20 19:00:00+01:00,0.007400390226393938,0.007403567899018526,0.0073995692655444145,0.007400117348879576,0.007400117348879576,0
2022-06-20 20:00:00+01:00,0.007400226779282093,0.007407955825328827,0.007400117348879576,0.007406419608741999,0.007406419608741999,0
2022-06-20 21:00:00+01:00,0.007406255695968866,0.00740850530564785,0.00740165077149868,0.007404445670545101,0.007404445670545101,0
2022-06-20 22:00:00+01:00,0.0074067492969334126,0.007409438490867615,0.007401376497000456,0.007403075695037842,0.007403075695037842,0
2022-06-20 23:00:00+01:00,0.007402253337204456,0.007405213546007872,0.007396066561341286,0.007402033545076847,0.007402033545076847,0
2022-06-21 00:00:00+01:00,0.007401595823466778,0.007406859192997217,0.007399624213576317,0.007401979528367519,0.007401979528367519,0
2022-06-21 01:00:00+01:00,0.00740192411467433,0.007413447834551334,0.007395629305392504,0.007402088958770037,0.007402088958770037,0
2022-06-21 02:00:00+01:00,0.007402033545076847,0.00741015188395977,0.007398474961519241,0.007400171365588903,0.007400171365588903,0
2022-06-21 03:00:00+01:00,0.007400061935186386,0.00740850530564785,0.007397105917334557,0.007405213546007872,0.007405213546007872,0
2022-06-21 04:00:00+01:00,0.007405158597975969,0.007410700898617506,0.007404280826449394,0.007408285979181528,0.007408285979181528,0
2022-06-21 05:00:00+01:00,0.0074080112390220165,0.007409602403640747,0.007399459835141897,0.007400610018521547,0.007400610018521547,0
2022-06-21 06:00:00+01:00,0.007400883361697197,0.007407955825328827,0.007399952504783869,0.007405213546007872,0.007405213546007872,0
2022-06-21 07:00:00+01:00,0.007404719945043325,0.007407407276332378,0.007392512634396553,0.007399405352771282,0.007399405352771282,0
2022-06-21 08:00:00+01:00,0.007399459835141897,0.007405213546007872,0.007393606007099152,0.007395082153379917,0.007395082153379917,0
2022-06-21 09:00:00+01:00,0.007394918240606785,0.0073991864919662476,0.007379420567303896,0.007390436716377735,0.007390436716377735,0
2022-06-21 10:00:00+01:00,0.0073906551115214825,0.007395355496555567,0.007383506745100021,0.007384052034467459,0.007384052034467459,0
2022-06-21 11:00:00+01:00,0.007383942604064941,0.007390982937067747,0.007361493539065123,0.00736377015709877,0.00736377015709877,0
2022-06-21 12:00:00+01:00,0.007363986689597368,0.007370826322585344,0.007339503616094589,0.007343546021729708,0.007343546021729708,0
2022-06-21 13:00:00+01:00,0.007343330420553684,0.007358893286436796,0.007334873080253601,0.0073404195718467236,0.0073404195718467236,0
2022-06-21 14:00:00+01:00,0.007340473122894764,0.007349698804318905,0.007336542010307312,0.00734392274171114,0.00734392274171114,0
2022-06-21 15:00:00+01:00,0.00734392274171114,0.007353481370955706,0.007336811162531376,0.007345595397055149,0.007345595397055149,0
2022-06-21 16:00:00+01:00,0.007345649879425764,0.007349698804318905,0.007337511051446199,0.007339611649513245,0.007339611649513245,0
2022-06-21 17:00:00+01:00,0.007339503616094589,0.007343222387135029,0.007331593427807093,0.007332238368690014,0.007332238368690014,0
2022-06-21 18:00:00+01:00,0.007332023233175278,0.007335142698138952,0.007328691892325878,0.007331539411097765,0.007331539411097765,0
2022-06-21 19:00:00+01:00,0.007331593427807093,0.007334066554903984,0.007319250609725714,0.007324504666030407,0.007324504666030407,0
2022-06-21 20:00:00+01:00,0.007324504666030407,0.007328691892325878,0.007316947914659977,0.007317162584513426,0.007317162584513426,0
2022-06-21 21:00:00+01:00,0.007317162584513426,0.007331055589020252,0.007314861286431551,0.00733030354604125,0.00733030354604125,0
2022-06-21 22:00:00+01:00,0.007319036405533552,0.007326276041567326,0.007316894829273224,0.007317751180380583,0.007317751180380583,0
2022-06-21 23:00:00+01:00,0.007317911833524704,0.007334604859352112,0.007314593531191349,0.0073264907114207745,0.0073264907114207745,0
2022-06-22 00:00:00+01:00,0.007325416896492243,0.007341065909713507,0.007321447599679232,0.007335949689149857,0.007335949689149857,0
2022-06-22 01:00:00+01:00,0.007335949689149857,0.007341065909713507,0.007325578015297651,0.007330464199185371,0.007330464199185371,0
2022-06-22 02:00:00+01:00,0.007330195978283882,0.0073502385057508945,0.007330088876187801,0.007343275938183069,0.007343275938183069,0
2022-06-22 03:00:00+01:00,0.007343275938183069,0.007349158171564341,0.0073385341092944145,0.007347484584897757,0.007347484584897757,0
2022-06-22 04:00:00+01:00,0.007347430102527142,0.0073518599383533,0.007341496646404266,0.007342089898884296,0.007342089898884296,0
2022-06-22 05:00:00+01:00,0.007342089898884296,0.007344840560108423,0.007334335707128048,0.007341389078646898,0.007341389078646898,0
2022-06-22 06:00:00+01:00,0.007341173477470875,0.007346998900175095,0.0073334756307303905,0.007334927562624216,0.007334927562624216,0
2022-06-22 07:00:00+01:00,0.007334981579333544,0.007338911294937134,0.007319197524338961,0.007326650898903608,0.007326650898903608,0
2022-06-22 08:00:00+01:00,0.007326650898903608,0.007345379795879126,0.0073264907114207745,0.0073402575217187405,0.0073402575217187405,0
2022-06-22 09:00:00+01:00,0.0073403120040893555,0.007348078768700361,0.0073362188413739204,0.007339503616094589,0.007339503616094589,0
2022-06-22 10:00:00+01:00,0.007339233998209238,0.007363228127360344,0.007336542010307312,0.007354076486080885,0.007354076486080885,0
2022-06-22 11:00:00+01:00,0.0073540229350328445,0.007358893286436796,0.0073402575217187405,0.007346890866756439,0.007346890866756439,0
2022-06-22 12:00:00+01:00,0.007347052916884422,0.007360517978668213,0.007339934352785349,0.0073502929881215096,0.0073502929881215096,0
2022-06-22 13:00:00+01:00,0.00735050905495882,0.007368110585957766,0.007347484584897757,0.007363824639469385,0.007363824639469385,0
2022-06-22 14:00:00+01:00,0.00736377015709877,0.007371913176029921,0.007342575117945671,0.007361331023275852,0.007361331023275852,0
2022-06-22 15:00:00+01:00,0.007361331023275852,0.007368110585957766,0.007346297148615122,0.00736154755577445,0.00736154755577445,0
2022-06-22 16:00:00+01:00,0.007361385505646467,0.007368110585957766,0.007348456885665655,0.007349320687353611,0.007349320687353611,0
2022-06-22 17:00:00+01:00,0.007349374704062939,0.0073540229350328445,0.007339934352785349,0.0073403120040893555,0.0073403120040893555,0
2022-06-22 18:00:00+01:00,0.0073402039706707,0.007348618470132351,0.0073370798490941525,0.007344570476561785,0.007344570476561785,0
2022-06-22 19:00:00+01:00,0.007344624027609825,0.007345919031649828,0.007336488459259272,0.007338372059166431,0.007338372059166431,0
2022-06-22 20:00:00+01:00,0.007338372059166431,0.007346998900175095,0.007338156923651695,0.007340149953961372,0.007340149953961372,0
2022-06-22 21:00:00+01:00,0.0073403650894761086,0.007344300393015146,0.0073384796269237995,0.007339664734899998,0.007339664734899998,0
2022-06-22 22:00:00+01:00,0.007339934352785349,0.0073508876375854015,0.007338103372603655,0.00734640471637249,0.00734640471637249,0
2022-06-22 23:00:00+01:00,0.007346297148615122,0.0073518599383533,0.007342737168073654,0.007345325313508511,0.007345325313508511,0
2022-06-23 00:00:00+01:00,0.007345002144575119,0.007361602038145065,0.007343222387135029,0.007353535853326321,0.007353535853326321,0
2022-06-23 01:00:00+01:00,0.007353427819907665,0.007359976880252361,0.007342143915593624,0.007348618470132351,0.007348618470132351,0
2022-06-23 02:00:00+01:00,0.00734894210472703,0.007365940138697624,0.007348780520260334,0.007362468633800745,0.007362468633800745,0
2022-06-23 03:00:00+01:00,0.007362415082752705,0.00740192411467433,0.007357918191701174,0.007389836013317108,0.007389836013317108,0
2022-06-23 04:00:00+01:00,0.007389836013317108,0.007393169216811657,0.007377515081316233,0.007388525642454624,0.007388525642454624,0
2022-06-23 05:00:00+01:00,0.0073885805904865265,0.007394809275865555,0.007379365619271994,0.007383506745100021,0.007383506745100021,0
2022-06-23 06:00:00+01:00,0.007383506745100021,0.007388798985630274,0.0073733264580369,0.007377025205641985,0.007377025205641985,0
2022-06-23 07:00:00+01:00,0.0073770796880126,0.007378984242677689,0.0073595973663032055,0.007363878656178713,0.007363878656178713,0
2022-06-23 08:00:00+01:00,0.0073640416376292706,0.007392075844109058,0.007360626477748156,0.007387652527540922,0.007387652527540922,0
2022-06-23 09:00:00+01:00,0.007387815974652767,0.007390982937067747,0.007370826322585344,0.007383506745100021,0.007383506745100021,0
2022-06-23 10:00:00+01:00,0.007383506745100021,0.007394261658191681,0.0073763723485171795,0.007388089317828417,0.007388089317828417,0
2022-06-23 11:00:00+01:00,0.007388089317828417,0.007395355496555567,0.007384160999208689,0.0073869433254003525,0.0073869433254003525,0
2022-06-23 12:00:00+01:00,0.00738699734210968,0.007390436716377735,0.007372130639851093,0.007375556509941816,0.007375556509941816,0
2022-06-23 13:00:00+01:00,0.007375719025731087,0.007416197098791599,0.007375175133347511,0.007409932557493448,0.007409932557493448,0
2022-06-23 14:00:00+01:00,0.007409822661429644,0.007449344266206026,0.0074076266027987,0.007444963324815035,0.007444963324815035,0
2022-06-23 15:00:00+01:00,0.007444963324815035,0.0074487896636128426,0.007414327934384346,0.007436824031174183,0.007436824031174183,0
2022-06-23 16:00:00+01:00,0.007437155582010746,0.007439922541379929,0.007419663947075605,0.00742258271202445,0.00742258271202445,0
2022-06-23 17:00:00+01:00,0.007422362454235554,0.0074272132478654385,0.007415152620524168,0.007420048583298922,0.007420048583298922,0
2022-06-23 18:00:00+01:00,0.0074201589450240135,0.007426110096275806,0.007407845929265022,0.007408120669424534,0.007408120669424534,0
2022-06-23 19:00:00+01:00,0.0074081760831177235,0.0074139973148703575,0.007407791912555695,0.007409932557493448,0.007409932557493448,0
2022-06-23 20:00:00+01:00,0.007409767713397741,0.0074139973148703575,0.0074080112390220165,0.007411030121147633,0.007411030121147633,0
2022-06-23 21:00:00+01:00,0.007411140017211437,0.0074139973148703575,0.007407845929265022,0.007411524653434753,0.007411524653434753,0
2022-06-23 22:00:00+01:00,0.007410920690745115,0.0074139973148703575,0.007409602403640747,0.007411414757370949,0.007411414757370949,0
2022-06-23 23:00:00+01:00,0.007411634549498558,0.007422252092510462,0.0074090538546442986,0.007414492312818766,0.007414492312818766,0
2022-06-24 00:00:00+01:00,0.007414107210934162,0.007419498637318611,0.007409877143800259,0.007417517714202404,0.007417517714202404,0
2022-06-24 01:00:00+01:00,0.007417572196573019,0.007427764590829611,0.0073949727229774,0.007401212118566036,0.007401212118566036,0
2022-06-24 02:00:00+01:00,0.0074012670665979385,0.007425558753311634,0.0073998430743813515,0.007419222965836525,0.007419222965836525,0
2022-06-24 03:00:00+01:00,0.007419003173708916,0.007422252092510462,0.007414492312818766,0.007417132146656513,0.007417132146656513,0
2022-06-24 04:00:00+01:00,0.0074173519387841225,0.007433286402374506,0.007414217106997967,0.007425118237733841,0.007425118237733841,0
2022-06-24 05:00:00+01:00,0.007425172720104456,0.007428316865116358,0.007418452762067318,0.0074186730198562145,0.0074186730198562145,0
2022-06-24 06:00:00+01:00,0.007418948225677013,0.0074310763739049435,0.007415702100843191,0.007427544333040714,0.007427544333040714,0
2022-06-24 07:00:00+01:00,0.007427489385008812,0.007433838676661253,0.0074132285080850124,0.007432291749864817,0.007432291749864817,0
2022-06-24 08:00:00+01:00,0.0074320160783827305,0.007444353308528662,0.007426440715789795,0.007433563005179167,0.007433563005179167,0
2022-06-24 09:00:00+01:00,0.007433452643454075,0.0074349441565573215,0.0074080657213926315,0.007412348873913288,0.007412348873913288,0
2022-06-24 10:00:00+01:00,0.0074121844954788685,0.007418948225677013,0.007402198389172554,0.007405816111713648,0.007405816111713648,0
2022-06-24 11:00:00+01:00,0.007405761629343033,0.00741015188395977,0.00739792687818408,0.007402417249977589,0.007402417249977589,0
2022-06-24 12:00:00+01:00,0.007402253337204456,0.007407955825328827,0.007390764541924,0.007393660489469767,0.007393660489469767,0
2022-06-24 13:00:00+01:00,0.007393824402242899,0.007409602403640747,0.007393606007099152,0.007400390226393938,0.007400390226393938,0
2022-06-24 14:00:00+01:00,0.007400390226393938,0.007415097206830978,0.007397654000669718,0.007402636576443911,0.007402636576443911,0
2022-06-24 15:00:00+01:00,0.007402417249977589,0.007424456067383289,0.007392294239252806,0.0073948632925748825,0.0073948632925748825,0
2022-06-24 16:00:00+01:00,0.0073948632925748825,0.007407407276332378,0.007393606007099152,0.007395629305392504,0.007395629305392504,0
2022-06-24 17:00:00+01:00,0.007395519874989986,0.007403567899018526,0.007393770385533571,0.007398419547826052,0.007398419547826052,0
2022-06-24 18:00:00+01:00,0.007398419547826052,0.007402472663670778,0.007385524921119213,0.0073882522992789745,0.0073882522992789745,0
2022-06-24 19:00:00+01:00,0.0073879798874258995,0.007398638408631086,0.00738759757950902,0.007394644897431135,0.007394644897431135,0
2022-06-24 20:00:00+01:00,0.0073948632925748825,0.007399733643978834,0.007391091901808977,0.0073969424702227116,0.0073969424702227116,0
2022-06-24 21:00:00+01:00,0.007396887522190809,0.007401541341096163,0.007394316606223583,0.007396996486932039,0.007396996486932039,0
2022-06-27 00:00:00+01:00,0.007402088958770037,0.00740850530564785,0.007395301479846239,0.007404610514640808,0.007404610514640808,0
2022-06-27 01:00:00+01:00,0.007404664997011423,0.007431629113852978,0.007401541341096163,0.007427764590829611,0.007427764590829611,0
2022-06-27 02:00:00+01:00,0.007427489385008812,0.0074349441565573215,0.007422252092510462,0.007427157834172249,0.007427157834172249,0
2022-06-27 03:00:00+01:00,0.007426992990076542,0.0074310763739049435,0.007411744445562363,0.00741256820037961,0.00741256820037961,0
2022-06-27 04:00:00+01:00,0.0074121844954788685,0.0074217007495462894,0.007411140017211437,0.007416802458465099,0.007416802458465099,0
2022-06-27 05:00:00+01:00,0.007416637148708105,0.007426661904901266,0.007415482308715582,0.007423849776387215,0.007423849776387215,0
2022-06-27 06:00:00+01:00,0.007423849776387215,0.007427764590829611,0.007412513718008995,0.0074132829904556274,0.0074132829904556274,0
2022-06-27 07:00:00+01:00,0.007413063198328018,0.007416197098791599,0.007398912217468023,0.007399295922368765,0.007399295922368765,0
2022-06-27 08:00:00+01:00,0.007399240508675575,0.007412348873913288,0.007397817447781563,0.007403678726404905,0.007403678726404905,0
2022-06-27 09:00:00+01:00,0.0074031297117471695,0.0074112508445978165,0.007401212118566036,0.007408779114484787,0.007408779114484787,0
2022-06-27 10:00:00+01:00,0.007408889010548592,0.007411799859255552,0.007395738735795021,0.007396012544631958,0.007396012544631958,0
2022-06-27 11:00:00+01:00,0.007396066561341286,0.007402472663670778,0.007392567582428455,0.0073948632925748825,0.0073948632925748825,0
2022-06-27 12:00:00+01:00,0.007394809275865555,0.00739644980058074,0.007381272502243519,0.007383888587355614,0.007383888587355614,0
2022-06-27 13:00:00+01:00,0.007383615709841251,0.007390982937067747,0.00737729761749506,0.007384706754237413,0.007384706754237413,0
2022-06-27 14:00:00+01:00,0.007384760770946741,0.00740850530564785,0.007382471580058336,0.00740165077149868,0.00740165077149868,0
2022-06-27 15:00:00+01:00,0.0074014319106936455,0.007404171396046877,0.00739305978640914,0.0073980912566185,0.0073980912566185,0
2022-06-27 16:00:00+01:00,0.0073980912566185,0.007404664997011423,0.007389617618173361,0.0073913102969527245,0.0073913102969527245,0
2022-06-27 17:00:00+01:00,0.007391583640128374,0.0073975445702672005,0.007387707009911537,0.007388198282569647,0.007388198282569647,0
2022-06-27 18:00:00+01:00,0.007387924939393997,0.007391529623419046,0.007382852490991354,0.007385415490716696,0.007385415490716696,0
2022-06-27 19:00:00+01:00,0.007385469973087311,0.007388798985630274,0.007380673196166754,0.007383942604064941,0.007383942604064941,0
2022-06-27 20:00:00+01:00,0.007383997552096844,0.007388798985630274,0.007380782160907984,0.007384978700429201,0.007384978700429201,0
2022-06-27 21:00:00+01:00,0.007382798474282026,0.007384978700429201,0.007380564231425524,0.007381980773061514,0.007381980773061514,0
2022-06-27 22:00:00+01:00,0.007382143754512072,0.00738737965002656,0.007381871808320284,0.007383615709841251,0.007383615709841251,0
2022-06-27 23:00:00+01:00,0.007384596858173609,0.007390436716377735,0.007382906973361969,0.0073875426314771175,0.0073875426314771175,0
2022-06-28 00:00:00+01:00,0.0073892902582883835,0.00739262206479907,0.007382743526250124,0.007383670192211866,0.007383670192211866,0
2022-06-28 01:00:00+01:00,0.007383779156953096,0.007388798985630274,0.007375066634267569,0.007383233867585659,0.007383233867585659,0
2022-06-28 02:00:00+01:00,0.007383342832326889,0.007403020281344652,0.007380182854831219,0.007398802787065506,0.007398802787065506,0
2022-06-28 03:00:00+01:00,0.007398912217468023,0.007400829344987869,0.0073911468498408794,0.007393715437501669,0.007393715437501669,0
2022-06-28 04:00:00+01:00,0.007393496576696634,0.00739644980058074,0.0073885805904865265,0.00739049119874835,0.00739049119874835,0
2022-06-28 05:00:00+01:00,0.007390982937067747,0.007395355496555567,0.0073883612640202045,0.0073888530023396015,0.0073888530023396015,0
2022-06-28 06:00:00+01:00,0.007388634607195854,0.007393169216811657,0.007384651806205511,0.007384978700429201,0.007384978700429201,0
2022-06-28 07:00:00+01:00,0.007384978700429201,0.0073882522992789745,0.007370934821665287,0.007374958135187626,0.007374958135187626,0
2022-06-28 08:00:00+01:00,0.007374903187155724,0.00737789599224925,0.007361764088273048,0.007366211153566837,0.007366211153566837,0
2022-06-28 09:00:00+01:00,0.007366211153566837,0.00737408734858036,0.007361927069723606,0.0073701199144124985,0.0073701199144124985,0
2022-06-28 10:00:00+01:00,0.0073702288791537285,0.007371913176029921,0.007353644352406263,0.007355429232120514,0.007355429232120514,0
2022-06-28 11:00:00+01:00,0.007355482783168554,0.007359434384852648,0.0073422519490122795,0.007344894111156464,0.007344894111156464,0
2022-06-28 12:00:00+01:00,0.0073452177457511425,0.007359434384852648,0.0073370798490941525,0.007347970735281706,0.007347970735281706,0
2022-06-28 13:00:00+01:00,0.007347970735281706,0.007357810158282518,0.007335519418120384,0.007338372059166431,0.007338372059166431,0
2022-06-28 14:00:00+01:00,0.007338372059166431,0.007349158171564341,0.007336488459259272,0.007340527139604092,0.007340527139604092,0
2022-06-28 15:00:00+01:00,0.007340850308537483,0.007349158171564341,0.0073362188413739204,0.007338803727179766,0.007338803727179766,0
2022-06-28 16:00:00+01:00,0.00733912643045187,0.007346459198743105,0.007336003705859184,0.007342036347836256,0.007342036347836256,0
2022-06-28 17:00:00+01:00,0.007342089898884296,0.007352401036769152,0.007341604679822922,0.007342521566897631,0.007342521566897631,0
2022-06-28 18:00:00+01:00,0.007342143915593624,0.007346459198743105,0.007338641677051783,0.007344840560108423,0.007344840560108423,0
2022-06-28 19:00:00+01:00,0.007345379795879126,0.007348618470132351,0.007332238368690014,0.007336434442549944,0.007336434442549944,0
2022-06-28 20:00:00+01:00,0.007336379960179329,0.007347538135945797,0.007335896138101816,0.007343222387135029,0.007343222387135029,0
2022-06-28 21:00:00+01:00,0.007343113888055086,0.007348780520260334,0.00733912643045187,0.007348618470132351,0.007348618470132351,0
2022-06-28 22:00:00+01:00,0.007346459198743105,0.007350779604166746,0.007344840560108423,0.0073463511653244495,0.0073463511653244495,0
2022-06-28 23:00:00+01:00,0.0073462435975670815,0.007349158171564341,0.007341119926422834,0.007345595397055149,0.007345595397055149,0
2022-06-29 00:00:00+01:00,0.007346297148615122,0.007355645764619112,0.007345164194703102,0.00735034653916955,0.00735034653916955,0
2022-06-29 01:00:00+01:00,0.00735050905495882,0.007357269059866667,0.0073421974666416645,0.007353481370955706,0.007353481370955706,0
2022-06-29 02:00:00+01:00,0.007353103719651699,0.007359976880252361,0.007347484584897757,0.007349158171564341,0.007349158171564341,0
2022-06-29 03:00:00+01:00,0.007349320687353611,0.007356186397373676,0.007345541846007109,0.007347970735281706,0.007347970735281706,0
2022-06-29 04:00:00+01:00,0.007347214501351118,0.0073518599383533,0.0073402039706707,0.007343761622905731,0.007343761622905731,0
2022-06-29 05:00:00+01:00,0.007343815173953772,0.007356186397373676,0.007337941788136959,0.00735050905495882,0.00735050905495882,0
2022-06-29 06:00:00+01:00,0.007350617088377476,0.007355645764619112,0.007344247307628393,0.0073514278046786785,0.0073514278046786785,0
2022-06-29 07:00:00+01:00,0.007351157255470753,0.007365940138697624,0.007349050138145685,0.007355753798037767,0.007355753798037767,0
2022-06-29 08:00:00+01:00,0.007355807349085808,0.007365940138697624,0.0073418207466602325,0.0073520224541425705,0.0073520224541425705,0
2022-06-29 09:00:00+01:00,0.007352130487561226,0.007352941203862429,0.0073406882584095,0.007343222387135029,0.007343222387135029,0
2022-06-29 10:00:00+01:00,0.007343330420553684,0.007348078768700361,0.0073240757919847965,0.007324719335883856,0.007324719335883856,0
2022-06-29 11:00:00+01:00,0.007324826437979937,0.007335680536925793,0.00732123339548707,0.00732611445710063,0.00732611445710063,0
2022-06-29 12:00:00+01:00,0.007326276041567326,0.007332453038543463,0.00732273468747735,0.007326383143663406,0.007326383143663406,0
2022-06-29 13:00:00+01:00,0.007326436694711447,0.007335680536925793,0.007319625932723284,0.00732193049043417,0.00732193049043417,0
2022-06-29 14:00:00+01:00,0.007322091609239578,0.007327617611736059,0.0072994832880795,0.007300335913896561,0.007300335913896561,0
2022-06-29 15:00:00+01:00,0.007300335913896561,0.007315823808312416,0.007299109827727079,0.007309246808290482,0.007309246808290482,0
2022-06-29 16:00:00+01:00,0.007309353444725275,0.007329228799790144,0.007307805120944977,0.007327027153223753,0.007327027153223753,0
2022-06-29 17:00:00+01:00,0.007327134255319834,0.0073362188413739204,0.007320269476622343,0.007321073208004236,0.007321073208004236,0
2022-06-29 18:00:00+01:00,0.007321180310100317,0.007327617611736059,0.007320859003812075,0.007324129343032837,0.007324129343032837,0
2022-06-29 19:00:00+01:00,0.00732375355437398,0.007328691892325878,0.007321770302951336,0.007324612233787775,0.007324612233787775,0
2022-06-29 20:00:00+01:00,0.007324612233787775,0.007327617611736059,0.0073197330348193645,0.007321287412196398,0.007321287412196398,0
2022-06-29 21:00:00+01:00,0.00732123339548707,0.0073240757919847965,0.007316733710467815,0.007321609184145927,0.007321609184145927,0
2022-06-29 22:00:00+01:00,0.007321287412196398,0.0073283156380057335,0.007321180310100317,0.007324183359742165,0.007324183359742165,0
2022-06-29 23:00:00+01:00,0.007325202226638794,0.007327081169933081,0.007317804731428623,0.007323271594941616,0.007323271594941616,0
2022-06-30 00:00:00+01:00,0.007323378697037697,0.0073265437968075275,0.007319304626435041,0.007319304626435041,0.007319304626435041,0
2022-06-30 01:00:00+01:00,0.007319358643144369,0.007328154519200325,0.007309353444725275,0.0073220375925302505,0.0073220375925302505,0
2022-06-30 02:00:00+01:00,0.007321340497583151,0.007323861587792635,0.007315823808312416,0.007318929303437471,0.007318929303437471,0
2022-06-30 03:00:00+01:00,0.007319036405533552,0.007326007355004549,0.007317269686609507,0.007320859003812075,0.007320859003812075,0
2022-06-30 04:00:00+01:00,0.007321180310100317,0.007324934005737305,0.0073180729523301125,0.007320429664105177,0.007320429664105177,0
2022-06-30 05:00:00+01:00,0.007320590782910585,0.007328154519200325,0.007318340241909027,0.0073254709132015705,0.0073254709132015705,0
2022-06-30 06:00:00+01:00,0.007325309794396162,0.007338911294937134,0.007323807571083307,0.007333690300583839,0.007333690300583839,0
2022-06-30 07:00:00+01:00,0.0073334211483597755,0.007346459198743105,0.00733110960572958,0.007334389723837376,0.007334389723837376,0
2022-06-30 08:00:00+01:00,0.007333314046263695,0.007356727961450815,0.007333314046263695,0.007341173477470875,0.007341173477470875,0
2022-06-30 09:00:00+01:00,0.007341119926422834,0.007347538135945797,0.00733325956389308,0.007340473122894764,0.007340473122894764,0
2022-06-30 10:00:00+01:00,0.0073403120040893555,0.007346998900175095,0.007334873080253601,0.007339772768318653,0.007339772768318653,0
2022-06-30 11:00:00+01:00,0.007339719217270613,0.007342682685703039,0.00733110960572958,0.007333367131650448,0.007333367131650448,0
2022-06-30 12:00:00+01:00,0.007333367131650448,0.007341604679822922,0.007329014129936695,0.007337511051446199,0.007337511051446199,0
2022-06-30 13:00:00+01:00,0.007337511051446199,0.007355104200541973,0.007336488459259272,0.007345325313508511,0.007345325313508511,0
2022-06-30 14:00:00+01:00,0.007345325313508511,0.007369250990450382,0.007341874297708273,0.007358243688941002,0.007358243688941002,0
2022-06-30 15:00:00+01:00,0.007358243688941002,0.007367025129497051,0.007345973514020443,0.007360843010246754,0.007360843010246754,0
2022-06-30 16:00:00+01:00,0.007361059542745352,0.007371913176029921,0.007356727961450815,0.007369142025709152,0.007369142025709152,0
2022-06-30 17:00:00+01:00,0.007369142025709152,0.00737789599224925,0.0073658316396176815,0.007370826322585344,0.007370826322585344,0
2022-06-30 18:00:00+01:00,0.007370934821665287,0.00737789599224925,0.0073691969737410545,0.007371098268777132,0.007371098268777132,0
2022-06-30 19:00:00+01:00,0.007371206767857075,0.007378440350294113,0.007369088474661112,0.00737664382904768,0.00737664382904768,0
2022-06-30 20:00:00+01:00,0.007376698777079582,0.007378984242677689,0.007368979975581169,0.007369848433881998,0.007369848433881998,0
2022-06-30 21:00:00+01:00,0.007369902916252613,0.0073731085285544395,0.007365505676716566,0.007368708029389381,0.007368708029389381,0
2022-06-30 22:00:00+01:00,0.007368599530309439,0.007371967192739248,0.007365940138697624,0.007367405109107494,0.007367405109107494,0
2022-06-30 23:00:00+01:00,0.007367513608187437,0.007369739934802055,0.007364095188677311,0.007368165533989668,0.007368165533989668,0
2022-07-01 00:00:00+01:00,0.007367351092398167,0.007368653547018766,0.007359921932220459,0.00736377015709877,0.00736377015709877,0
2022-07-01 01:00:00+01:00,0.007363933138549328,0.007367025129497051,0.007353644352406263,0.0073553211987018585,0.0073553211987018585,0
2022-07-01 02:00:00+01:00,0.007355374749749899,0.007372456602752209,0.007355104200541973,0.0073691969737410545,0.0073691969737410545,0
2022-07-01 03:00:00+01:00,0.007368708029389381,0.00739644980058074,0.007368545047938824,0.007390381768345833,0.007390381768345833,0
2022-07-01 04:00:00+01:00,0.007390436716377735,0.00741015188395977,0.00738688837736845,0.007401376497000456,0.007401376497000456,0
2022-07-01 05:00:00+01:00,0.007400555070489645,0.00741015188395977,0.007395410910248756,0.0074028014205396175,0.0074028014205396175,0
2022-07-01 06:00:00+01:00,0.007402582094073296,0.007420599926263094,0.007402253337204456,0.007408614736050367,0.007408614736050367,0
2022-07-01 07:00:00+01:00,0.007408559788018465,0.007422802969813347,0.007402198389172554,0.007411744445562363,0.007411744445562363,0
2022-07-01 08:00:00+01:00,0.007411524653434753,0.007417296525090933,0.007388089317828417,0.00739049119874835,0.00739049119874835,0
2022-07-01 09:00:00+01:00,0.00739049119874835,0.007395355496555567,0.007369848433881998,0.007379583548754454,0.007379583548754454,0
2022-07-01 10:00:00+01:00,0.007379692513495684,0.0073882522992789745,0.007370934821665287,0.007372075691819191,0.007372075691819191,0
2022-07-01 11:00:00+01:00,0.007372075691819191,0.007393169216811657,0.0073714242316782475,0.007388033904135227,0.007388033904135227,0
2022-07-01 12:00:00+01:00,0.007387924939393997,0.007406859192997217,0.0073865060694515705,0.007391639053821564,0.007391639053821564,0
2022-07-01 13:00:00+01:00,0.007391583640128374,0.007404664997011423,0.007386234123259783,0.007392349187284708,0.007392349187284708,0
2022-07-01 14:00:00+01:00,0.007392458617687225,0.0073980912566185,0.0073770796880126,0.007383615709841251,0.007383615709841251,0
2022-07-01 15:00:00+01:00,0.007383451797068119,0.007420599926263094,0.007383451797068119,0.007400555070489645,0.007400555070489645,0
2022-07-01 16:00:00+01:00,0.007400610018521547,0.0074090538546442986,0.0073894537054002285,0.007402582094073296,0.007402582094073296,0
2022-07-01 17:00:00+01:00,0.0074028014205396175,0.007405761629343033,0.007386561017483473,0.007392240222543478,0.007392240222543478,0
2022-07-01 18:00:00+01:00,0.007392294239252806,0.007394809275865555,0.007385687902569771,0.007391639053821564,0.007391639053821564,0
2022-07-01 19:00:00+01:00,0.007391419727355242,0.0073975445702672005,0.007385578937828541,0.007392949890345335,0.007392949890345335,0
2022-07-01 20:00:00+01:00,0.007393004838377237,0.007399733643978834,0.0073894537054002285,0.007391474675387144,0.007391474675387144,0
2022-07-01 21:00:00+01:00,0.007391639053821564,0.007398912217468023,0.007389836013317108,0.007395683787763119,0.007395683787763119,0
2022-07-04 00:00:00+01:00,0.007399678695946932,0.007409602403640747,0.007393441628664732,0.007407297845929861,0.007407297845929861,0
2022-07-04 01:00:00+01:00,0.0074072424322366714,0.0074156466871500015,0.0074014319106936455,0.007412019185721874,0.007412019185721874,0
2022-07-04 02:00:00+01:00,0.007411854341626167,0.007420599926263094,0.007399898022413254,0.007407407276332378,0.007407407276332378,0
2022-07-04 03:00:00+01:00,0.0074068037793040276,0.0074128988198935986,0.007403403986245394,0.007406859192997217,0.007406859192997217,0
2022-07-04 04:00:00+01:00,0.007406859192997217,0.00740850530564785,0.0073975445702672005,0.007398145738989115,0.007398145738989115,0
2022-07-04 05:00:00+01:00,0.007397872395813465,0.007405761629343033,0.007397762965410948,0.007400829344987869,0.007400829344987869,0
2022-07-04 06:00:00+01:00,0.007400883361697197,0.007403020281344652,0.007388089317828417,0.007390764541924,0.007390764541924,0
2022-07-04 07:00:00+01:00,0.00739060016348958,0.007394809275865555,0.007378821726888418,0.007384324911981821,0.007384324911981821,0
2022-07-04 08:00:00+01:00,0.007384324911981821,0.007390982937067747,0.0073807272128760815,0.007383342832326889,0.007383342832326889,0
2022-07-04 09:00:00+01:00,0.007383179850876331,0.007395355496555567,0.007382416632026434,0.007389235310256481,0.007389235310256481,0
2022-07-04 10:00:00+01:00,0.007389344274997711,0.007390982937067747,0.00737756909802556,0.007382307667285204,0.007382307667285204,0
2022-07-04 11:00:00+01:00,0.007382307667285204,0.007390436716377735,0.007382089737802744,0.007386234123259783,0.007386234123259783,0
2022-07-04 12:00:00+01:00,0.0073866150341928005,0.007394809275865555,0.007384160999208689,0.0073895626701414585,0.0073895626701414585,0
2022-07-04 13:00:00+01:00,0.007389617618173361,0.007393169216811657,0.007382580544799566,0.007385196629911661,0.007385196629911661,0
2022-07-04 14:00:00+01:00,0.0073852515779435635,0.0073871612548828125,0.007377786561846733,0.007378821726888418,0.007378821726888418,0
2022-07-04 15:00:00+01:00,0.007378875743597746,0.007383342832326889,0.007366537116467953,0.007367351092398167,0.007367351092398167,0
2022-07-04 16:00:00+01:00,0.007367351092398167,0.007373000029474497,0.007365126628428698,0.0073702833615243435,0.0073702833615243435,0
2022-07-04 17:00:00+01:00,0.0073702833615243435,0.007372456602752209,0.007368002086877823,0.007369739934802055,0.007369739934802055,0
2022-07-04 18:00:00+01:00,0.007369250990450382,0.007371913176029921,0.007368545047938824,0.007368979975581169,0.007368979975581169,0
2022-07-04 19:00:00+01:00,0.0073690335266292095,0.007371913176029921,0.007368327584117651,0.007369142025709152,0.007369142025709152,0
2022-07-04 20:00:00+01:00,0.007369250990450382,0.007373000029474497,0.00736762210726738,0.007370011415332556,0.007370011415332556,0
2022-07-04 21:00:00+01:00,0.007369848433881998,0.00737789599224925,0.007367947604507208,0.007374413311481476,0.007374413311481476,0
2022-07-04 22:00:00+01:00,0.007373543921858072,0.007379801012575626,0.007367025129497051,0.007367025129497051,0.007367025129497051,0
2022-07-04 23:00:00+01:00,0.007368816528469324,0.007371369283646345,0.007361764088273048,0.00736979441717267,0.00736979441717267,0
2022-07-05 00:00:00+01:00,0.007368599530309439,0.007369739934802055,0.007354347035288811,0.007360301446169615,0.007360301446169615,0
2022-07-05 01:00:00+01:00,0.007360301446169615,0.007365940138697624,0.007344948593527079,0.0073502929881215096,0.0073502929881215096,0
2022-07-05 02:00:00+01:00,0.00735050905495882,0.007355645764619112,0.0073334211483597755,0.007334927562624216,0.007334927562624216,0
2022-07-05 03:00:00+01:00,0.007334873080253601,0.007347538135945797,0.007334443274885416,0.007343707140535116,0.007343707140535116,0
2022-07-05 04:00:00+01:00,0.007343707140535116,0.0073502385057508945,0.007338641677051783,0.00734656723216176,0.00734656723216176,0
2022-07-05 05:00:00+01:00,0.007346027065068483,0.007348078768700361,0.007336379960179329,0.0073393951170146465,0.0073393951170146465,0
2022-07-05 06:00:00+01:00,0.0073393951170146465,0.007342682685703039,0.007335304282605648,0.007339987903833389,0.007339987903833389,0
2022-07-05 07:00:00+01:00,0.007339826785027981,0.007349158171564341,0.007338318508118391,0.007339987903833389,0.007339987903833389,0
2022-07-05 08:00:00+01:00,0.007339934352785349,0.0073540229350328445,0.007336918730288744,0.007348240353167057,0.007348240353167057,0
2022-07-05 09:00:00+01:00,0.007348294369876385,0.007378440350294113,0.007347160950303078,0.007361439056694508,0.007361439056694508,0
2022-07-05 10:00:00+01:00,0.007361439056694508,0.007378440350294113,0.007359705399721861,0.007362090051174164,0.007362090051174164,0
2022-07-05 11:00:00+01:00,0.0073621985502541065,0.007364855147898197,0.00735337333753705,0.007353481370955706,0.007353481370955706,0
2022-07-05 12:00:00+01:00,0.007353427819907665,0.007357269059866667,0.0073418207466602325,0.007353914901614189,0.007353914901614189,0
2022-07-05 13:00:00+01:00,0.007355645764619112,0.007372456602752209,0.00734964432194829,0.007361114025115967,0.007361114025115967,0
2022-07-05 14:00:00+01:00,0.007361331023275852,0.0073773511685431,0.007357106544077396,0.007366862613707781,0.007366862613707781,0
2022-07-05 15:00:00+01:00,0.007366862613707781,0.007368653547018766,0.007346945349127054,0.0073514278046786785,0.0073514278046786785,0
2022-07-05 16:00:00+01:00,0.007351590320467949,0.007380073890089989,0.007351211737841368,0.007369739934802055,0.007369739934802055,0
2022-07-05 17:00:00+01:00,0.00736979441717267,0.007370826322585344,0.007360138930380344,0.0073669166304171085,0.0073669166304171085,0
2022-07-05 18:00:00+01:00,0.007366862613707781,0.007371369283646345,0.007364149671047926,0.007368762977421284,0.007368762977421284,0
2022-07-05 19:00:00+01:00,0.007368436548858881,0.0073746307753026485,0.007366427686065435,0.007372022140771151,0.007372022140771151,0
2022-07-05 20:00:00+01:00,0.007372075691819191,0.00737408734858036,0.007363011594861746,0.007364963181316853,0.007364963181316853,0
2022-07-05 21:00:00+01:00,0.007365343160927296,0.007367025129497051,0.007357161026448011,0.007360897492617369,0.007360897492617369,0
2022-07-05 22:00:00+01:00,0.007361439056694508,0.007368002086877823,0.007359164301306009,0.007361818570643663,0.007361818570643663,0
2022-07-05 23:00:00+01:00,0.007361818570643663,0.007371369283646345,0.0073595973663032055,0.007368979975581169,0.007368979975581169,0
2022-07-06 00:00:00+01:00,0.007368436548858881,0.007386069744825363,0.007367839105427265,0.007377841509878635,0.007377841509878635,0
2022-07-06 01:00:00+01:00,0.007378058973699808,0.007382798474282026,0.007365451660007238,0.007371586747467518,0.007371586747467518,0
2022-07-06 02:00:00+01:00,0.007371586747467518,0.007401376497000456,0.007370988838374615,0.007391419727355242,0.007391419727355242,0
2022-07-06 03:00:00+01:00,0.007391419727355242,0.007401376497000456,0.007389235310256481,0.00739792687818408,0.00739792687818408,0
2022-07-06 04:00:00+01:00,0.007398200687021017,0.00740192411467433,0.0073870522901415825,0.00738759757950902,0.00738759757950902,0
2022-07-06 05:00:00+01:00,0.00738748861476779,0.007391529623419046,0.007380128838121891,0.007389071397483349,0.007389071397483349,0
2022-07-06 06:00:00+01:00,0.007389071397483349,0.007400829344987869,0.007388634607195854,0.007395301479846239,0.007395301479846239,0
2022-07-06 07:00:00+01:00,0.007395082153379917,0.007407407276332378,0.0073813265189528465,0.007385960780084133,0.007385960780084133,0
2022-07-06 08:00:00+01:00,0.007385905832052231,0.00739262206479907,0.00736941397190094,0.007384160999208689,0.007384160999208689,0
2022-07-06 09:00:00+01:00,0.007384106516838074,0.007405761629343033,0.0073815444484353065,0.007395792752504349,0.007395792752504349,0
2022-07-06 10:00:00+01:00,0.007395848166197538,0.007400280795991421,0.007384378928691149,0.007389890030026436,0.007389890030026436,0
2022-07-06 11:00:00+01:00,0.007390000391751528,0.007394809275865555,0.0073806182481348515,0.007386124227195978,0.007386124227195978,0
2022-07-06 12:00:00+01:00,0.007386069744825363,0.007396996486932039,0.007379964925348759,0.007393715437501669,0.007393715437501669,0
2022-07-06 13:00:00+01:00,0.007393660489469767,0.0074112508445978165,0.007387924939393997,0.0073991864919662476,0.0073991864919662476,0
2022-07-06 14:00:00+01:00,0.0073991864919662476,0.007410700898617506,0.007384978700429201,0.007390000391751528,0.007390000391751528,0
2022-07-06 15:00:00+01:00,0.007388634607195854,0.007389890030026436,0.007352509070187807,0.007370826322585344,0.007370826322585344,0
2022-07-06 16:00:00+01:00,0.007370880339294672,0.007380073890089989,0.007362468633800745,0.007370988838374615,0.007370988838374615,0
2022-07-06 17:00:00+01:00,0.007371369283646345,0.007375175133347511,0.007365994155406952,0.007366645615547895,0.007366645615547895,0
2022-07-06 18:00:00+01:00,0.007366699632257223,0.007373543921858072,0.007364258170127869,0.007370826322585344,0.007370826322585344,0
2022-07-06 19:00:00+01:00,0.007371586747467518,0.007378440350294113,0.0073541309684515,0.007355050649493933,0.007355050649493933,0
2022-07-06 20:00:00+01:00,0.00735494215041399,0.007362143602222204,0.007352401036769152,0.007359705399721861,0.007359705399721861,0
2022-07-06 21:00:00+01:00,0.007360084913671017,0.007363228127360344,0.007356186397373676,0.007357161026448011,0.007357161026448011,0
2022-07-06 22:00:00+01:00,0.00735829770565033,0.007359976880252361,0.007355374749749899,0.007357269059866667,0.007357269059866667,0
2022-07-06 23:00:00+01:00,0.007357648108154535,0.007366482634097338,0.007355753798037767,0.007358838804066181,0.007358838804066181,0
2022-07-07 00:00:00+01:00,0.007359272334724665,0.007360517978668213,0.007345919031649828,0.007355429232120514,0.007355429232120514,0
2022-07-07 01:00:00+01:00,0.007355482783168554,0.007368110585957766,0.007349320687353611,0.007365614175796509,0.007365614175796509,0
2022-07-07 02:00:00+01:00,0.0073657226748764515,0.007378984242677689,0.007362306583672762,0.007365397177636623,0.007365397177636623,0
2022-07-07 03:00:00+01:00,0.007365180179476738,0.007376807276159525,0.007363499607890844,0.007365885656327009,0.007365885656327009,0
2022-07-07 04:00:00+01:00,0.007365940138697624,0.007371369283646345,0.007363445125520229,0.007367351092398167,0.007367351092398167,0
2022-07-07 05:00:00+01:00,0.007367459591478109,0.007376262918114662,0.007365614175796509,0.0073701199144124985,0.0073701199144124985,0
2022-07-07 06:00:00+01:00,0.007370445877313614,0.007372456602752209,0.007356294430792332,0.007358676753938198,0.007358676753938198,0
2022-07-07 07:00:00+01:00,0.007358622271567583,0.007365940138697624,0.007352886721491814,0.0073612225241959095,0.0073612225241959095,0
2022-07-07 08:00:00+01:00,0.0073612770065665245,0.007368110585957766,0.007343330420553684,0.0073458109982311726,0.0073458109982311726,0
2022-07-07 09:00:00+01:00,0.0073458109982311726,0.007353481370955706,0.007340958341956139,0.0073461891151964664,0.0073461891151964664,0
2022-07-07 10:00:00+01:00,0.0073461891151964664,0.007354563567787409,0.007341443095356226,0.00735050905495882,0.00735050905495882,0
2022-07-07 11:00:00+01:00,0.007350670639425516,0.007363228127360344,0.007349428255110979,0.007361710537225008,0.007361710537225008,0
2022-07-07 12:00:00+01:00,0.007361656054854393,0.007373000029474497,0.007357702124863863,0.007369630970060825,0.007369630970060825,0
2022-07-07 13:00:00+01:00,0.00736979441717267,0.007378440350294113,0.007357052527368069,0.007357918191701174,0.007357918191701174,0
2022-07-07 14:00:00+01:00,0.007357756607234478,0.007368653547018766,0.007356348913162947,0.00736659113317728,0.00736659113317728,0
2022-07-07 15:00:00+01:00,0.007366699632257223,0.007372456602752209,0.007354726083576679,0.007355861831456423,0.007355861831456423,0
2022-07-07 16:00:00+01:00,0.007355861831456423,0.007361602038145065,0.007352130487561226,0.007353049237281084,0.007353049237281084,0
2022-07-07 17:00:00+01:00,0.007353103719651699,0.007358893286436796,0.00735050905495882,0.007350941188633442,0.007350941188633442,0
2022-07-07 18:00:00+01:00,0.007351049222052097,0.007355645764619112,0.0073491046205163,0.007349158171564341,0.007349158171564341,0
2022-07-07 19:00:00+01:00,0.007349374704062939,0.007352941203862429,0.007347106467932463,0.007347430102527142,0.007347430102527142,0
2022-07-07 20:00:00+01:00,0.007347214501351118,0.007355104200541973,0.007347052916884422,0.007353535853326321,0.007353535853326321,0
2022-07-07 21:00:00+01:00,0.007353481370955706,0.007355104200541973,0.007352346554398537,0.007354726083576679,0.007354726083576679,0
2022-07-07 22:00:00+01:00,0.007354834116995335,0.00735494215041399,0.007350779604166746,0.007352401036769152,0.007352401036769152,0
2022-07-07 23:00:00+01:00,0.007352509070187807,0.007355645764619112,0.007349752355366945,0.007352995686233044,0.007352995686233044,0
2022-07-08 00:00:00+01:00,0.00735331978648901,0.007359434384852648,0.007352293003350496,0.007357377093285322,0.007357377093285322,0
2022-07-08 01:00:00+01:00,0.00735743110999465,0.007360517978668213,0.007344894111156464,0.007355591282248497,0.007355591282248497,0
2022-07-08 02:00:00+01:00,0.007355482783168554,0.007365397177636623,0.007350454572588205,0.0073508331552147865,0.0073508331552147865,0
2022-07-08 03:00:00+01:00,0.007350725121796131,0.0073866150341928005,0.007348618470132351,0.007374958135187626,0.007374958135187626,0
2022-07-08 04:00:00+01:00,0.007374903187155724,0.007390436716377735,0.007363228127360344,0.007375011686235666,0.007375011686235666,0
2022-07-08 05:00:00+01:00,0.007375175133347511,0.007383342832326889,0.007366645615547895,0.007381871808320284,0.007381871808320284,0
2022-07-08 06:00:00+01:00,0.007381816860288382,0.007384433876723051,0.007366427686065435,0.007371913176029921,0.007371913176029921,0
2022-07-08 07:00:00+01:00,0.007371804676949978,0.007378440350294113,0.007365451660007238,0.007366862613707781,0.007366862613707781,0
2022-07-08 08:00:00+01:00,0.007366862613707781,0.007375175133347511,0.007358189206570387,0.007361872587352991,0.007361872587352991,0
2022-07-08 09:00:00+01:00,0.007362143602222204,0.0073806182481348515,0.007359868381172419,0.007367676589637995,0.007367676589637995,0
2022-07-08 10:00:00+01:00,0.007367405109107494,0.007371913176029921,0.0073552667163312435,0.007362740114331245,0.007362740114331245,0
2022-07-08 11:00:00+01:00,0.007362577132880688,0.007365940138697624,0.007354076486080885,0.007358568720519543,0.007358568720519543,0
2022-07-08 12:00:00+01:00,0.00735829770565033,0.007364855147898197,0.007356402929872274,0.007361927069723606,0.007361927069723606,0
2022-07-08 13:00:00+01:00,0.007361927069723606,0.007365397177636623,0.007322466932237148,0.007330357097089291,0.007330357097089291,0
2022-07-08 14:00:00+01:00,0.00733030354604125,0.007342682685703039,0.007325095124542713,0.007338856812566519,0.007338856812566519,0
2022-07-08 15:00:00+01:00,0.007338856812566519,0.007361602038145065,0.007338587194681168,0.0073502385057508945,0.0073502385057508945,0
2022-07-08 16:00:00+01:00,0.007350184954702854,0.007357810158282518,0.00734230550006032,0.007343707140535116,0.007343707140535116,0
2022-07-08 17:00:00+01:00,0.007343653589487076,0.007349698804318905,0.0073422519490122795,0.007344300393015146,0.007344300393015146,0
2022-07-08 18:00:00+01:00,0.007343761622905731,0.007346998900175095,0.007342629600316286,0.007344300393015146,0.007344300393015146,0
2022-07-08 19:00:00+01:00,0.007344247307628393,0.007346998900175095,0.0073422519490122795,0.007343006320297718,0.007343006320297718,0
2022-07-08 20:00:00+01:00,0.007342952769249678,0.007352401036769152,0.007342467550188303,0.00734980683773756,0.00734980683773756,0
2022-07-08 21:00:00+01:00,0.007349860388785601,0.0073518599383533,0.00734640471637249,0.0073518599383533,0.0073518599383533,0
2022-07-11 00:00:00+01:00,0.007343653589487076,0.007345919031649828,0.007333690300583839,0.007337026298046112,0.007337026298046112,0
2022-07-11 01:00:00+01:00,0.007336918730288744,0.007343222387135029,0.007327027153223753,0.007329766638576984,0.007329766638576984,0
2022-07-11 02:00:00+01:00,0.007328154519200325,0.00733191566541791,0.007284542080014944,0.007293520495295525,0.007293520495295525,0
2022-07-11 03:00:00+01:00,0.007293574046343565,0.007312614470720291,0.007289108354598284,0.00729767233133316,0.00729767233133316,0
2022-07-11 04:00:00+01:00,0.007297565694898367,0.0073083387687802315,0.007294743787497282,0.007298470940440893,0.007298470940440893,0
2022-07-11 05:00:00+01:00,0.007298631127923727,0.007306736893951893,0.007296979892998934,0.007299856282770634,0.007299856282770634,0
2022-07-11 06:00:00+01:00,0.007299856282770634,0.0073030018247663975,0.007290861569344997,0.007296979892998934,0.007296979892998934,0
2022-07-11 07:00:00+01:00,0.007297140080481768,0.007306203246116638,0.007296500261873007,0.007299802731722593,0.007299802731722593,0
2022-07-11 08:00:00+01:00,0.0073000164702534676,0.007316359784454107,0.007299856282770634,0.007309514097869396,0.007309514097869396,0
2022-07-11 09:00:00+01:00,0.007309514097869396,0.007312614470720291,0.007300549186766148,0.007300922647118568,0.007300922647118568,0
2022-07-11 10:00:00+01:00,0.007300708442926407,0.007303535006940365,0.007296287454664707,0.007298790384083986,0.007298790384083986,0
2022-07-11 11:00:00+01:00,0.007298790384083986,0.007301401346921921,0.007293520495295525,0.007294797338545322,0.007294797338545322,0
2022-07-11 12:00:00+01:00,0.007294850889593363,0.007298204582184553,0.007278549950569868,0.007280934602022171,0.007280934602022171,0
2022-07-11 13:00:00+01:00,0.007280934602022171,0.007283851969987154,0.007262586150318384,0.007267917040735483,0.007267917040735483,0
2022-07-11 14:00:00+01:00,0.007267970126122236,0.007283851969987154,0.007259317673742771,0.007275955285876989,0.007275955285876989,0
2022-07-11 15:00:00+01:00,0.007276060990989208,0.0072843823581933975,0.007270136848092079,0.007275637239217758,0.007275637239217758,0
2022-07-11 16:00:00+01:00,0.007275531534105539,0.007285974454134703,0.007273732218891382,0.007284010760486126,0.007284010760486126,0
2022-07-11 17:00:00+01:00,0.007283798418939114,0.007285444065928459,0.007276272866874933,0.007278020493686199,0.007278020493686199,0
2022-07-11 18:00:00+01:00,0.007278020493686199,0.0072843823581933975,0.007276801858097315,0.007282685022801161,0.007282685022801161,0
2022-07-11 19:00:00+01:00,0.00728279072791338,0.007285444065928459,0.007280563469976187,0.00728390458971262,0.00728390458971262,0
2022-07-11 20:00:00+01:00,0.007283639162778854,0.007287036627531052,0.007274949923157692,0.007279079873114824,0.007279079873114824,0
2022-07-11 21:00:00+01:00,0.007279079873114824,0.007281200028955936,0.007275373209267855,0.007276378571987152,0.007276378571987152,0
2022-07-11 22:00:00+01:00,0.007277278695255518,0.007278549950569868,0.007275902200490236,0.007276855409145355,0.007276855409145355,0
2022-07-11 23:00:00+01:00,0.007277226075530052,0.007283851969987154,0.007275955285876989,0.007280457764863968,0.007280457764863968,0
2022-07-12 00:00:00+01:00,0.007280828896909952,0.007285974454134703,0.00727664353325963,0.007277490571141243,0.007277490571141243,0
2022-07-12 01:00:00+01:00,0.007277278695255518,0.007293413858860731,0.007275584619492292,0.007287195418030024,0.007287195418030024,0
2022-07-12 02:00:00+01:00,0.007287461310625076,0.007299270015209913,0.007280934602022171,0.007295755669474602,0.007295755669474602,0
2022-07-12 03:00:00+01:00,0.007295382674783468,0.007297140080481768,0.007288630120456219,0.007292137481272221,0.007292137481272221,0
2022-07-12 04:00:00+01:00,0.007292137481272221,0.007295010145753622,0.007286399137228727,0.0072865053080022335,0.0072865053080022335,0
2022-07-12 05:00:00+01:00,0.0072865053080022335,0.007288098335266113,0.007281252648681402,0.007284010760486126,0.007284010760486126,0
2022-07-12 06:00:00+01:00,0.007283798418939114,0.0072865053080022335,0.007270929403603077,0.00727621978148818,0.00727621978148818,0
2022-07-12 07:00:00+01:00,0.007275955285876989,0.007290754932910204,0.0072714053094387054,0.007279398385435343,0.007279398385435343,0
2022-07-12 08:00:00+01:00,0.007279079873114824,0.007291287183761597,0.0072754789143800735,0.007281040772795677,0.007281040772795677,0
2022-07-12 09:00:00+01:00,0.007281306199729443,0.007293413858860731,0.007280828896909952,0.0072880457155406475,0.0072880457155406475,0
2022-07-12 10:00:00+01:00,0.007287885993719101,0.007307805120944977,0.007286770734935999,0.007304708939045668,0.007304708939045668,0
2022-07-12 11:00:00+01:00,0.007304868660867214,0.007311544846743345,0.007300069089978933,0.007307430729269981,0.007307430729269981,0
2022-07-12 12:00:00+01:00,0.007307430729269981,0.007321180310100317,0.007306416518986225,0.007311117369681597,0.007311117369681597,0
2022-07-12 13:00:00+01:00,0.007311117369681597,0.007319572847336531,0.00730695016682148,0.007317055016756058,0.007317055016756058,0
2022-07-12 14:00:00+01:00,0.007317001931369305,0.007324397563934326,0.007313950918614864,0.007321770302951336,0.007321770302951336,0
2022-07-12 15:00:00+01:00,0.0073213945142924786,0.007328691892325878,0.007314807269722223,0.007318287156522274,0.007318287156522274,0
2022-07-12 16:00:00+01:00,0.007318340241909027,0.007323861587792635,0.00731309549883008,0.007316733710467815,0.007316733710467815,0
2022-07-12 17:00:00+01:00,0.007316733710467815,0.007319036405533552,0.007312293630093336,0.007316092029213905,0.007316092029213905,0
2022-07-12 18:00:00+01:00,0.007316198665648699,0.007318501360714436,0.007310368586331606,0.0073126680217683315,0.0073126680217683315,0
2022-07-12 19:00:00+01:00,0.007312453351914883,0.007315289229154587,0.007310101762413979,0.007312453351914883,0.007312453351914883,0
2022-07-12 20:00:00+01:00,0.007312614470720291,0.007314218673855066,0.007308018393814564,0.007309941574931145,0.007309941574931145,0
2022-07-12 21:00:00+01:00,0.007309514097869396,0.007311544846743345,0.007305882405489683,0.00730695016682148,0.00730695016682148,0
2022-07-12 22:00:00+01:00,0.007306576240807772,0.007311544846743345,0.007306149695068598,0.007308071479201317,0.007308071479201317,0
2022-07-12 23:00:00+01:00,0.007308926433324814,0.007311010267585516,0.007304922211915255,0.007307110819965601,0.007307110819965601,0
2022-07-13 00:00:00+01:00,0.007307110819965601,0.0073174298740923405,0.007304228376597166,0.007313576992601156,0.007313576992601156,0
2022-07-13 01:00:00+01:00,0.007313684094697237,0.0073174298740923405,0.007296767085790634,0.007302948273718357,0.007302948273718357,0
2022-07-13 02:00:00+01:00,0.007303161546587944,0.007304602302610874,0.007285550236701965,0.007292084861546755,0.007292084861546755,0
2022-07-13 03:00:00+01:00,0.007291712332516909,0.00729767233133316,0.007288470398634672,0.0072950636968016624,0.0072950636968016624,0
2022-07-13 04:00:00+01:00,0.007295329123735428,0.007300868630409241,0.007289585657417774,0.007292669732123613,0.007292669732123613,0
2022-07-13 05:00:00+01:00,0.007292722351849079,0.007300868630409241,0.007290489971637726,0.00729708606377244,0.00729708606377244,0
2022-07-13 06:00:00+01:00,0.007296713534742594,0.007304068189114332,0.007295382674783468,0.007299109827727079,0.007299109827727079,0
2022-07-13 07:00:00+01:00,0.007298683747649193,0.007304602302610874,0.007287833373993635,0.007288364227861166,0.007288364227861166,0
2022-07-13 08:00:00+01:00,0.007288364227861166,0.0072987377643585205,0.0072858682833611965,0.007297405507415533,0.007297405507415533,0
2022-07-13 09:00:00+01:00,0.007297246251255274,0.007299270015209913,0.00729011744260788,0.007290915120393038,0.007290915120393038,0
2022-07-13 10:00:00+01:00,0.00729107391089201,0.007298204582184553,0.007288576569408178,0.007294850889593363,0.007294850889593363,0
2022-07-13 11:00:00+01:00,0.007294637616723776,0.0073019349947571754,0.007291233632713556,0.007298577576875687,0.007298577576875687,0
2022-07-13 12:00:00+01:00,0.007298470940440893,0.007299802731722593,0.00729235028848052,0.007296979892998934,0.007296979892998934,0
2022-07-13 13:00:00+01:00,0.0072970325127244,0.007300975266844034,0.0072610569186508656,0.007268287241458893,0.007268287241458893,0
2022-07-13 14:00:00+01:00,0.007268287241458893,0.007279079873114824,0.007263693492859602,0.007266438100486994,0.007266438100486994,0
2022-07-13 15:00:00+01:00,0.007268498186022043,0.0072955419309437275,0.0072533669881522655,0.0072913398034870625,0.0072913398034870625,0
2022-07-13 16:00:00+01:00,0.0072913398034870625,0.007292882539331913,0.00727833854034543,0.007280510850250721,0.007280510850250721,0
2022-07-13 17:00:00+01:00,0.007280934602022171,0.007294478360563517,0.007278232369571924,0.007287621032446623,0.007287621032446623,0
2022-07-13 18:00:00+01:00,0.007287779822945595,0.007294478360563517,0.007284860126674175,0.007287939544767141,0.007287939544767141,0
2022-07-13 19:00:00+01:00,0.007287992164492607,0.00729235028848052,0.007280722726136446,0.007281995378434658,0.007281995378434658,0
2022-07-13 20:00:00+01:00,0.007281941827386618,0.007285444065928459,0.007279610261321068,0.007282896898686886,0.007282896898686886,0
2022-07-13 21:00:00+01:00,0.0072828433476388454,0.0072843823581933975,0.007275796495378017,0.007281624246388674,0.007281624246388674,0
2022-07-13 22:00:00+01:00,0.007279610261321068,0.007286028005182743,0.007275902200490236,0.00727791478857398,0.00727791478857398,0
2022-07-13 23:00:00+01:00,0.007277490571141243,0.007283321116119623,0.0072752670384943485,0.007276484742760658,0.007276484742760658,0
2022-07-14 00:00:00+01:00,0.007276537828147411,0.007279079873114824,0.00726469699293375,0.0072657521814107895,0.0072657521814107895,0
2022-07-14 01:00:00+01:00,0.007265646476298571,0.007269555237144232,0.007247900124639273,0.007250632159411907,0.007250632159411907,0
2022-07-14 02:00:00+01:00,0.007250895258039236,0.007256893906742334,0.007245746906846762,0.007251894101500511,0.007251894101500511,0
2022-07-14 03:00:00+01:00,0.007251684088259935,0.007258948404341936,0.007239766418933868,0.007245694287121296,0.007245694287121296,0
2022-07-14 04:00:00+01:00,0.007245431654155254,0.007251631934195757,0.0072428081184625626,0.00724548427388072,0.00724548427388072,0
2022-07-14 05:00:00+01:00,0.00724548427388072,0.007247952278703451,0.007231337483972311,0.007233900483697653,0.007233900483697653,0
2022-07-14 06:00:00+01:00,0.007233848795294762,0.00723536591976881,0.00722115533426404,0.007224337197840214,0.007224337197840214,0
2022-07-14 07:00:00+01:00,0.007224232889711857,0.007227522321045399,0.007205234374850988,0.007206220645457506,0.007206220645457506,0
2022-07-14 08:00:00+01:00,0.007206064648926258,0.007210845593363047,0.0071851471439003944,0.00718912435695529,0.00718912435695529,0
2022-07-14 09:00:00+01:00,0.00718912435695529,0.0071968333795666695,0.007174063939601183,0.007190416567027569,0.007190416567027569,0
2022-07-14 10:00:00+01:00,0.007190261501818895,0.007216569036245346,0.007190106436610222,0.007202535402029753,0.007202535402029753,0
2022-07-14 11:00:00+01:00,0.007202276028692722,0.007209285162389278,0.0071897441521286964,0.007191191893070936,0.007191191893070936,0
2022-07-14 12:00:00+01:00,0.00719103729352355,0.007209285162389278,0.0071824113838374615,0.007201134692877531,0.007201134692877531,0
2022-07-14 13:00:00+01:00,0.007201134692877531,0.0072040921077132225,0.0071839080192148685,0.007187212351709604,0.007187212351709604,0
2022-07-14 14:00:00+01:00,0.007187367882579565,0.007194762118160725,0.007175454404205084,0.007187367882579565,0.007187367882579565,0
2022-07-14 15:00:00+01:00,0.007187419105321169,0.00718958955258131,0.007174579426646233,0.007181740831583738,0.007181740831583738,0
2022-07-14 16:00:00+01:00,0.007181740831583738,0.007210845593363047,0.007179988082498312,0.0071980771608650684,0.0071980771608650684,0
2022-07-14 17:00:00+01:00,0.007198024541139603,0.00719942431896925,0.007184888701885939,0.007197040598839521,0.007197040598839521,0
2022-07-14 18:00:00+01:00,0.007196988444775343,0.007207726594060659,0.007196367252618074,0.0071968333795666695,0.0071968333795666695,0
2022-07-14 19:00:00+01:00,0.007196885067969561,0.007209805306047201,0.007194607052952051,0.007202379405498505,0.007202379405498505,0
2022-07-14 20:00:00+01:00,0.007201964966952801,0.007204610854387283,0.007195641752332449,0.007199268788099289,0.007199268788099289,0
2022-07-14 21:00:00+01:00,0.007199372164905071,0.007202535402029753,0.007195590529590845,0.007196315098553896,0.007196315098553896,0
2022-07-14 22:00:00+01:00,0.007197299972176552,0.0071996827609837055,0.007194762118160725,0.007195641752332449,0.007195641752332449,0
2022-07-14 23:00:00+01:00,0.007195538375526667,0.0071968333795666695,0.007187574170529842,0.007193261291831732,0.007193261291831732,0
2022-07-15 00:00:00+01:00,0.007192123215645552,0.00719942431896925,0.007190364878624678,0.007195434998720884,0.007195434998720884,0
2022-07-15 01:00:00+01:00,0.007195538375526667,0.00720564927905798,0.007190261501818895,0.007201861124485731,0.007201861124485731,0
2022-07-15 02:00:00+01:00,0.007201705127954483,0.007207726594060659,0.007197040598839521,0.007201964966952801,0.007201964966952801,0
2022-07-15 03:00:00+01:00,0.007202016189694405,0.00720564927905798,0.007193882018327713,0.007199112791568041,0.007199112791568041,0
2022-07-15 04:00:00+01:00,0.007199061568826437,0.007202016189694405,0.0071897441521286964,0.007194296922534704,0.007194296922534704,0
2022-07-15 05:00:00+01:00,0.007194192614406347,0.007198905572295189,0.007191347423940897,0.007192640099674463,0.007192640099674463,0
2022-07-15 06:00:00+01:00,0.007192795630544424,0.007199942599982023,0.0071912952698767185,0.007196004502475262,0.007196004502475262,0
2022-07-15 07:00:00+01:00,0.007196004502475262,0.00721292570233345,0.00719445152208209,0.0072111571207642555,0.0072111571207642555,0
2022-07-15 08:00:00+01:00,0.007212665397673845,0.007218652870506048,0.007197299972176552,0.007198854349553585,0.007198854349553585,0
2022-07-15 09:00:00+01:00,0.007198905572295189,0.00720876595005393,0.0071978699415922165,0.0072040921077132225,0.0072040921077132225,0
2022-07-15 10:00:00+01:00,0.007204039953649044,0.007212405558675528,0.007201808970421553,0.007205700967460871,0.007205700967460871,0
2022-07-15 11:00:00+01:00,0.00720616802573204,0.007214486598968506,0.007204921916127205,0.007210169453173876,0.007210169453173876,0
2022-07-15 12:00:00+01:00,0.007209805306047201,0.007213445380330086,0.007202743086963892,0.007210792973637581,0.007210792973637581,0
2022-07-15 13:00:00+01:00,0.007210533134639263,0.007221259642392397,0.007197817787528038,0.007216256577521563,0.007216256577521563,0
2022-07-15 14:00:00+01:00,0.0072158402763307095,0.0072191739454865456,0.0072017572820186615,0.007206324487924576,0.007206324487924576,0
2022-07-15 15:00:00+01:00,0.007206220645457506,0.007227522321045399,0.007205753121525049,0.007216933649033308,0.007216933649033308,0
2022-07-15 16:00:00+01:00,0.007217141799628735,0.007223345804959536,0.007211833260953426,0.007217455189675093,0.007217455189675093,0
2022-07-15 17:00:00+01:00,0.007217350881546736,0.007221259642392397,0.007212821394205093,0.007217402569949627,0.007217402569949627,0
2022-07-15 18:00:00+01:00,0.007217559032142162,0.007222824264317751,0.007217090111225843,0.007218236569315195,0.007218236569315195,0
2022-07-15 19:00:00+01:00,0.007218236569315195,0.007220737636089325,0.007216101046651602,0.00721677765250206,0.00721677765250206,0
2022-07-15 20:00:00+01:00,0.007216986268758774,0.007221780717372894,0.007215787656605244,0.007218496408313513,0.007218496408313513,0
2022-07-15 21:00:00+01:00,0.00721860071644187,0.007223032880574465,0.007217141799628735,0.00722047733142972,0.00722047733142972,0
2022-07-18 00:00:00+01:00,0.0072232941165566444,0.007233273237943649,0.007221468258649111,0.007231024093925953,0.007231024093925953,0
2022-07-18 01:00:00+01:00,0.007231181021779776,0.00723955687135458,0.007228933274745941,0.007237199228256941,0.007237199228256941,0
2022-07-18 02:00:00+01:00,0.007237461395561695,0.007246376946568489,0.007234947755932808,0.007241129409521818,0.007241129409521818,0
2022-07-18 03:00:00+01:00,0.0072409724816679955,0.0072442772798240185,0.007235261611640453,0.007236413657665253,0.007236413657665253,0
2022-07-18 04:00:00+01:00,0.007236413657665253,0.00723955687135458,0.007222407031804323,0.0072291940450668335,0.0072291940450668335,0
2022-07-18 05:00:00+01:00,0.0072290897369384766,0.007233796175569296,0.007226529996842146,0.0072290897369384766,0.0072290897369384766,0
2022-07-18 06:00:00+01:00,0.007229038048535585,0.00724060507491231,0.007228567264974117,0.007231337483972311,0.007231337483972311,0
2022-07-18 07:00:00+01:00,0.00723112840205431,0.0072400812059640884,0.007229926530271769,0.007234842982143164,0.007234842982143164,0
2022-07-18 08:00:00+01:00,0.007235052064061165,0.007247427478432655,0.007232488598674536,0.007241758983582258,0.007241758983582258,0
2022-07-18 09:00:00+01:00,0.0072417063638567924,0.007253735791891813,0.00723866606131196,0.0072405533865094185,0.0072405533865094185,0
2022-07-18 10:00:00+01:00,0.0072405533865094185,0.0072421785444021225,0.007231808267533779,0.007234790828078985,0.007234790828078985,0
2022-07-18 11:00:00+01:00,0.007234842982143164,0.00723955687135458,0.007229038048535585,0.007235261611640453,0.007235261611640453,0
2022-07-18 12:00:00+01:00,0.007235314231365919,0.007241654209792614,0.00722997821867466,0.0072316513396799564,0.0072316513396799564,0
2022-07-18 13:00:00+01:00,0.007231703959405422,0.007234320044517517,0.0072244941256940365,0.007230866700410843,0.007230866700410843,0
2022-07-18 14:00:00+01:00,0.007230710703879595,0.007243752013891935,0.007223345804959536,0.007233691401779652,0.007233691401779652,0
2022-07-18 15:00:00+01:00,0.007233691401779652,0.007249528542160988,0.0072334823198616505,0.007244696840643883,0.007244696840643883,0
2022-07-18 16:00:00+01:00,0.007244748994708061,0.007247952278703451,0.007232279051095247,0.007233744021505117,0.007233744021505117,0
2022-07-18 17:00:00+01:00,0.007233796175569296,0.0072442772798240185,0.007233586627990007,0.007242545485496521,0.007242545485496521,0
2022-07-18 18:00:00+01:00,0.0072426507249474525,0.007247427478432655,0.007240290753543377,0.0072421785444021225,0.0072421785444021225,0
2022-07-18 19:00:00+01:00,0.0072423359379172325,0.007247952278703451,0.007239609491080046,0.007244119420647621,0.007244119420647621,0
2022-07-18 20:00:00+01:00,0.007244119420647621,0.007247952278703451,0.007241182029247284,0.007243332453072071,0.007243332453072071,0
2022-07-18 21:00:00+01:00,0.007243279833346605,0.007244802080094814,0.0072381943464279175,0.0072395047172904015,0.0072395047172904015,0
2022-07-18 22:00:00+01:00,0.007240028586238623,0.007245326414704323,0.007236937526613474,0.007239976432174444,0.007239976432174444,0
2022-07-18 23:00:00+01:00,0.007239976432174444,0.0072421785444021225,0.007233586627990007,0.007234162651002407,0.007234162651002407,0
2022-07-19 00:00:00+01:00,0.007233796175569296,0.00723955687135458,0.007227940019220114,0.007232906762510538,0.007232906762510538,0
2022-07-19 01:00:00+01:00,0.007232959382236004,0.007237984798848629,0.007225798908621073,0.007233953103423119,0.007233953103423119,0
2022-07-19 02:00:00+01:00,0.007234057877212763,0.00723955687135458,0.007230291608721018,0.007239033002406359,0.007239033002406359,0
2022-07-19 03:00:00+01:00,0.007237356621772051,0.0072400812059640884,0.007231233175843954,0.0072364662773907185,0.0072364662773907185,0
2022-07-19 04:00:00+01:00,0.0072364662773907185,0.007249003276228905,0.00723609933629632,0.007246481720358133,0.007246481720358133,0
2022-07-19 05:00:00+01:00,0.007248477544635534,0.007251105736941099,0.007240658160299063,0.007243227679282427,0.007243227679282427,0
2022-07-19 06:00:00+01:00,0.0072421785444021225,0.007251105736941099,0.007240709848701954,0.007246901746839285,0.007246901746839285,0
2022-07-19 07:00:00+01:00,0.007246376946568489,0.007263746578246355,0.007246376946568489,0.007256683427840471,0.007256683427840471,0
2022-07-19 08:00:00+01:00,0.007256736513227224,0.007263219449669123,0.007245274260640144,0.007260371930897236,0.007260371930897236,0
2022-07-19 09:00:00+01:00,0.007260213140398264,0.007267970126122236,0.007256525103002787,0.0072610038332641125,0.0072610038332641125,0
2022-07-19 10:00:00+01:00,0.007261109538376331,0.007269555237144232,0.007258896250277758,0.007262639235705137,0.007262639235705137,0
2022-07-19 11:00:00+01:00,0.007262586150318384,0.007275373209267855,0.007262164261192083,0.0072738914750516415,0.0072738914750516415,0
2022-07-19 12:00:00+01:00,0.007273837924003601,0.007280669640749693,0.007270400412380695,0.007274102885276079,0.007274102885276079,0
2022-07-19 13:00:00+01:00,0.007273837924003601,0.007275373209267855,0.0072588431648910046,0.007265276741236448,0.007265276741236448,0
2022-07-19 14:00:00+01:00,0.007265013176947832,0.007277490571141243,0.007262744475156069,0.007264432962983847,0.007264432962983847,0
2022-07-19 15:00:00+01:00,0.007264327257871628,0.007274314295500517,0.00724821537733078,0.00725315697491169,0.00725315697491169,0
2022-07-19 16:00:00+01:00,0.007253104820847511,0.007262164261192083,0.007248162291944027,0.007249633781611919,0.007249633781611919,0
2022-07-19 17:00:00+01:00,0.007249633781611919,0.0072553143836557865,0.007243752013891935,0.007244224660098553,0.007244224660098553,0
2022-07-19 18:00:00+01:00,0.007244224660098553,0.007246376946568489,0.007237408310174942,0.007237984798848629,0.007237984798848629,0
2022-07-19 19:00:00+01:00,0.007237984798848629,0.0072400812059640884,0.0072336397133767605,0.007235995028167963,0.007235995028167963,0
2022-07-19 20:00:00+01:00,0.00723594194278121,0.007239033002406359,0.007233534939587116,0.007234842982143164,0.007234842982143164,0
2022-07-19 21:00:00+01:00,0.0072344765067100525,0.0072418637573719025,0.007233377546072006,0.007236832287162542,0.007236832287162542,0
2022-07-19 22:00:00+01:00,0.007238979917019606,0.007239766418933868,0.007236413657665253,0.0072379326447844505,0.0072379326447844505,0
2022-07-19 23:00:00+01:00,0.007237513083964586,0.00724060507491231,0.007235732860863209,0.007238299120217562,0.007238299120217562,0
2022-07-20 00:00:00+01:00,0.0072376178577542305,0.00724060507491231,0.007233848795294762,0.007236937526613474,0.007236937526613474,0
2022-07-20 01:00:00+01:00,0.007236727513372898,0.007243227679282427,0.007226686459034681,0.007238456513732672,0.007238456513732672,0
2022-07-20 02:00:00+01:00,0.007238404359668493,0.007252157665789127,0.007235471624881029,0.007243699859827757,0.007243699859827757,0
2022-07-20 03:00:00+01:00,0.007243699859827757,0.007245852146297693,0.007234529126435518,0.007240500301122665,0.007240500301122665,0
2022-07-20 04:00:00+01:00,0.007240500301122665,0.007245852146297693,0.007236832287162542,0.007241286803036928,0.007241286803036928,0
2022-07-20 05:00:00+01:00,0.007241391576826572,0.007250054739415646,0.0072404476813972,0.007247006520628929,0.007247006520628929,0
2022-07-20 06:00:00+01:00,0.007246639579534531,0.0072532095946371555,0.007240238133817911,0.007242545485496521,0.007242545485496521,0
2022-07-20 07:00:00+01:00,0.0072421785444021225,0.007245326414704323,0.007228933274745941,0.007237408310174942,0.007237408310174942,0
2022-07-20 08:00:00+01:00,0.007237303536385298,0.007245326414704323,0.007235576398670673,0.0072395047172904015,0.0072395047172904015,0
2022-07-20 09:00:00+01:00,0.007239452097564936,0.007243227679282427,0.007232331205159426,0.007233115844428539,0.007233115844428539,0
2022-07-20 10:00:00+01:00,0.007233115844428539,0.0072442772798240185,0.007233011070638895,0.007238246966153383,0.007238246966153383,0
2022-07-20 11:00:00+01:00,0.007238613907247782,0.0072421785444021225,0.007233063690364361,0.007236675824970007,0.007236675824970007,0
2022-07-20 12:00:00+01:00,0.00723651796579361,0.0072442772798240185,0.007233325857669115,0.0072400812059640884,0.0072400812059640884,0
2022-07-20 13:00:00+01:00,0.007238875608891249,0.007245852146297693,0.007234580814838409,0.007243175059556961,0.007243175059556961,0
2022-07-20 14:00:00+01:00,0.007243018131703138,0.007249528542160988,0.007238875608891249,0.007241811137646437,0.007241811137646437,0
2022-07-20 15:00:00+01:00,0.007241758983582258,0.007246376946568489,0.007234215270727873,0.00724154943600297,0.00724154943600297,0
2022-07-20 16:00:00+01:00,0.00724154943600297,0.007246901746839285,0.007236361503601074,0.007237565703690052,0.007237565703690052,0
2022-07-20 17:00:00+01:00,0.007237565703690052,0.00723955687135458,0.007231703959405422,0.007232959382236004,0.007232959382236004,0
2022-07-20 18:00:00+01:00,0.007232959382236004,0.0072385091334581375,0.007231599185615778,0.0072322264313697815,0.0072322264313697815,0
2022-07-20 19:00:00+01:00,0.0072321221232414246,0.007235890254378319,0.007231075782328844,0.007233011070638895,0.007233011070638895,0
2022-07-20 20:00:00+01:00,0.007233063690364361,0.007236937526613474,0.007230919320136309,0.007235471624881029,0.007235471624881029,0
2022-07-20 21:00:00+01:00,0.007235209457576275,0.0072385091334581375,0.007230344228446484,0.007235837634652853,0.007235837634652853,0
2022-07-20 22:00:00+01:00,0.0072322264313697815,0.00723866606131196,0.0072322264313697815,0.007233796175569296,0.007233796175569296,0
2022-07-20 23:00:00+01:00,0.007233796175569296,0.007236937526613474,0.007230449002236128,0.007232697680592537,0.007232697680592537,0
2022-07-21 00:00:00+01:00,0.007233273237943649,0.007236937526613474,0.007221676409244537,0.007224651053547859,0.007224651053547859,0
2022-07-21 01:00:00+01:00,0.007224651053547859,0.007227522321045399,0.007217402569949627,0.007222354877740145,0.007222354877740145,0
2022-07-21 02:00:00+01:00,0.007222093641757965,0.007236937526613474,0.007221729028970003,0.007229560054838657,0.007229560054838657,0
2022-07-21 03:00:00+01:00,0.007229560054838657,0.007234842982143164,0.00722470274195075,0.007229142356663942,0.007229142356663942,0
2022-07-21 04:00:00+01:00,0.007228723727166653,0.007247742265462875,0.0072192782536149025,0.007231703959405422,0.007231703959405422,0
2022-07-21 05:00:00+01:00,0.007231703959405422,0.0072442772798240185,0.007231337483972311,0.007237461395561695,0.007237461395561695,0
2022-07-21 06:00:00+01:00,0.007237670477479696,0.0072421785444021225,0.0072344765067100525,0.0072344765067100525,0.0072344765067100525,0
2022-07-21 07:00:00+01:00,0.007234320044517517,0.0072400812059640884,0.007227418012917042,0.007229717448353767,0.007229717448353767,0
2022-07-21 08:00:00+01:00,0.007229873910546303,0.0072322264313697815,0.007212041411548853,0.007215579506009817,0.007215579506009817,0
2022-07-21 09:00:00+01:00,0.0072154756635427475,0.007223867811262608,0.007210324984043837,0.0072118849493563175,0.0072118849493563175,0
2022-07-21 10:00:00+01:00,0.0072121452540159225,0.007214486598968506,0.007200512569397688,0.007208401802927256,0.007208401802927256,0
2022-07-21 11:00:00+01:00,0.007208714261651039,0.007217090111225843,0.007205700967460871,0.007215892896056175,0.007215892896056175,0
2022-07-21 12:00:00+01:00,0.007215787656605244,0.007218132261186838,0.007206999696791172,0.00720725953578949,0.00720725953578949,0
2022-07-21 13:00:00+01:00,0.007207467220723629,0.007231703959405422,0.007202016189694405,0.0072255381383001804,0.0072255381383001804,0
2022-07-21 14:00:00+01:00,0.007225642446428537,0.007234320044517517,0.007218496408313513,0.007230291608721018,0.007230291608721018,0
2022-07-21 15:00:00+01:00,0.007230291608721018,0.007260582409799099,0.0072291940450668335,0.007254682946950197,0.007254682946950197,0
2022-07-21 16:00:00+01:00,0.0072546303272247314,0.007263219449669123,0.007242388091981411,0.007248162291944027,0.007248162291944027,0
2022-07-21 17:00:00+01:00,0.007248320151120424,0.007256367709487677,0.007245536427944899,0.007249476388096809,0.007249476388096809,0
2022-07-21 18:00:00+01:00,0.007249423768371344,0.0072584738954901695,0.007249371614307165,0.007255262229591608,0.007255262229591608,0
2022-07-21 19:00:00+01:00,0.00725536746904254,0.007265329826623201,0.00725505081936717,0.007262796629220247,0.007262796629220247,0
2022-07-21 20:00:00+01:00,0.007262691389769316,0.007275373209267855,0.007261794991791248,0.007272093091160059,0.007272093091160059,0
2022-07-21 21:00:00+01:00,0.0072719338349998,0.007284912746399641,0.007268868386745453,0.0072799804620444775,0.0072799804620444775,0
2022-07-21 22:00:00+01:00,0.007280828896909952,0.007282259874045849,0.0072764321230351925,0.007279715966433287,0.007279715966433287,0
2022-07-21 23:00:00+01:00,0.007279822137206793,0.007280139718204737,0.007269660942256451,0.00727621978148818,0.00727621978148818,0
2022-07-22 00:00:00+01:00,0.00727621978148818,0.007299270015209913,0.007275690324604511,0.007295010145753622,0.007295010145753622,0
2022-07-22 01:00:00+01:00,0.007295169867575169,0.0072987377643585205,0.007280087098479271,0.007280563469976187,0.007280563469976187,0
2022-07-22 02:00:00+01:00,0.007280298974364996,0.007285444065928459,0.0072714053094387054,0.00727621978148818,0.00727621978148818,0
2022-07-22 03:00:00+01:00,0.007276167161762714,0.007279079873114824,0.007267653476446867,0.007269555237144232,0.007269555237144232,0
2022-07-22 04:00:00+01:00,0.007269607856869698,0.007272727321833372,0.007259738631546497,0.0072648548521101475,0.0072648548521101475,0
2022-07-22 05:00:00+01:00,0.007264643907546997,0.00726902624592185,0.007251578848809004,0.007253261748701334,0.007253261748701334,0
2022-07-22 06:00:00+01:00,0.007253104820847511,0.007257947698235512,0.007248688489198685,0.007251684088259935,0.007251684088259935,0
2022-07-22 07:00:00+01:00,0.007251684088259935,0.007265857420861721,0.007248740643262863,0.007260950747877359,0.007260950747877359,0
2022-07-22 08:00:00+01:00,0.007260950747877359,0.007273785304278135,0.007258211262524128,0.007268392480909824,0.007268392480909824,0
2022-07-22 09:00:00+01:00,0.007268392480909824,0.007271669339388609,0.007259158883243799,0.00726543553173542,0.00726543553173542,0
2022-07-22 10:00:00+01:00,0.00726543553173542,0.007285974454134703,0.007265382446348667,0.007279504090547562,0.007279504090547562,0
2022-07-22 11:00:00+01:00,0.0072797685861587524,0.007285974454134703,0.007270929403603077,0.007283586543053389,0.007283586543053389,0
2022-07-22 12:00:00+01:00,0.007283851969987154,0.007311544846743345,0.007280669640749693,0.007304868660867214,0.007304868660867214,0
2022-07-22 13:00:00+01:00,0.007304922211915255,0.007321716286242008,0.007299430202692747,0.007307056803256273,0.007307056803256273,0
2022-07-22 14:00:00+01:00,0.0073072174564003944,0.007359976880252361,0.00730550941079855,0.007351698353886604,0.007351698353886604,0
2022-07-22 15:00:00+01:00,0.007351535838097334,0.00737789599224925,0.007342575117945671,0.007348618470132351,0.007348618470132351,0
2022-07-22 16:00:00+01:00,0.007348618470132351,0.007356186397373676,0.007339503616094589,0.007345487829297781,0.007345487829297781,0
2022-07-22 17:00:00+01:00,0.007345649879425764,0.007355104200541973,0.007339934352785349,0.007351914420723915,0.007351914420723915,0
2022-07-22 18:00:00+01:00,0.0073519679717719555,0.007361059542745352,0.007346890866756439,0.007349914871156216,0.007349914871156216,0
2022-07-22 19:00:00+01:00,0.007349860388785601,0.007352401036769152,0.007337833754718304,0.007343006320297718,0.007343006320297718,0
2022-07-22 20:00:00+01:00,0.007343113888055086,0.007355104200541973,0.0073394495993852615,0.007353427819907665,0.007353427819907665,0
2022-07-22 21:00:00+01:00,0.007353427819907665,0.007355104200541973,0.007342359516769648,0.007351049222052097,0.007351049222052097,0
2022-07-22 22:00:00+01:00,0.0073502385057508945,0.0073502385057508945,0.0073502385057508945,0.0073502385057508945,0.0073502385057508945,0
2022-07-25 00:00:00+01:00,0.007337295915931463,0.007339987903833389,0.007330411113798618,0.007334443274885416,0.007334443274885416,0
2022-07-25 01:00:00+01:00,0.00733476597815752,0.007335680536925793,0.007320001255720854,0.007324934005737305,0.007324934005737305,0
2022-07-25 02:00:00+01:00,0.007324450649321079,0.007350779604166746,0.007323164027184248,0.007347700651735067,0.007347700651735067,0
2022-07-25 03:00:00+01:00,0.007347755134105682,0.007360517978668213,0.0073403650894761086,0.007344192825257778,0.007344192825257778,0
2022-07-25 04:00:00+01:00,0.007344354875385761,0.007347538135945797,0.007335572969168425,0.007338749244809151,0.007338749244809151,0
2022-07-25 05:00:00+01:00,0.007338372059166431,0.0073502385057508945,0.007337241433560848,0.007341766729950905,0.007341766729950905,0
2022-07-25 06:00:00+01:00,0.007341604679822922,0.007343222387135029,0.00733239995315671,0.007336542010307312,0.007336542010307312,0
2022-07-25 07:00:00+01:00,0.007336488459259272,0.007339987903833389,0.007327832281589508,0.0073302495293319225,0.0073302495293319225,0
2022-07-25 08:00:00+01:00,0.007330357097089291,0.007340527139604092,0.007327081169933081,0.007331378757953644,0.007331378757953644,0
2022-07-25 09:00:00+01:00,0.007331002037972212,0.0073394495993852615,0.007327027153223753,0.007331002037972212,0.007331002037972212,0
2022-07-25 10:00:00+01:00,0.007331055589020252,0.007342682685703039,0.0073283701203763485,0.007337295915931463,0.007337295915931463,0
2022-07-25 11:00:00+01:00,0.007336918730288744,0.007339987903833389,0.007329121232032776,0.007330088876187801,0.007330088876187801,0
2022-07-25 12:00:00+01:00,0.00733030354604125,0.007334604859352112,0.007318287156522274,0.0073197330348193645,0.0073197330348193645,0
2022-07-25 13:00:00+01:00,0.007320001255720854,0.0073254709132015705,0.007312828209251165,0.0073237004689872265,0.0073237004689872265,0
2022-07-25 14:00:00+01:00,0.0073237004689872265,0.00733030354604125,0.007320483680814505,0.007324397563934326,0.007324397563934326,0
2022-07-25 15:00:00+01:00,0.007324021775275469,0.00733191566541791,0.007311919238418341,0.007315930910408497,0.007315930910408497,0
2022-07-25 16:00:00+01:00,0.007316198665648699,0.007320108357816935,0.007310529239475727,0.007313844282180071,0.007313844282180071,0
2022-07-25 17:00:00+01:00,0.007313791196793318,0.0073206438682973385,0.007312721107155085,0.007315556053072214,0.007315556053072214,0
2022-07-25 18:00:00+01:00,0.00731534231454134,0.007319572847336531,0.007313630077987909,0.007315128110349178,0.007315128110349178,0
2022-07-25 19:00:00+01:00,0.007315128110349178,0.007322788704186678,0.007313684094697237,0.007314218673855066,0.007314218673855066,0
2022-07-25 20:00:00+01:00,0.007313844282180071,0.007320108357816935,0.007313844282180071,0.007318233139812946,0.007318233139812946,0
2022-07-25 21:00:00+01:00,0.007318447344005108,0.007322251796722412,0.007316198665648699,0.007316680625081062,0.007316680625081062,0
2022-07-25 22:00:00+01:00,0.007317536976188421,0.007319036405533552,0.007315502967685461,0.007318180054426193,0.007318180054426193,0
2022-07-25 23:00:00+01:00,0.0073174298740923405,0.007324934005737305,0.00731732277199626,0.007323217578232288,0.007323217578232288,0
2022-07-26 00:00:00+01:00,0.0073237004689872265,0.007335680536925793,0.007323217578232288,0.007330733351409435,0.007330733351409435,0
2022-07-26 01:00:00+01:00,0.007330679800361395,0.0073394495993852615,0.0073240757919847965,0.007330411113798618,0.007330411113798618,0
2022-07-26 02:00:00+01:00,0.007330411113798618,0.007337833754718304,0.007327779196202755,0.007334873080253601,0.007334873080253601,0
2022-07-26 03:00:00+01:00,0.007334819994866848,0.007337295915931463,0.007327564526349306,0.007328046951442957,0.007328046951442957,0
2022-07-26 04:00:00+01:00,0.007327993866056204,0.007332453038543463,0.0073223598301410675,0.007324290461838245,0.007324290461838245,0
2022-07-26 05:00:00+01:00,0.007324290461838245,0.007329766638576984,0.007321770302951336,0.0073237004689872265,0.0073237004689872265,0
2022-07-26 06:00:00+01:00,0.00732343178242445,0.007329228799790144,0.007315448950976133,0.007316092029213905,0.007316092029213905,0
2022-07-26 07:00:00+01:00,0.007316092029213905,0.007321716286242008,0.007313309703022242,0.007315823808312416,0.007315823808312416,0
2022-07-26 08:00:00+01:00,0.007315823808312416,0.007324934005737305,0.007315128110349178,0.007317751180380583,0.007317751180380583,0
2022-07-26 09:00:00+01:00,0.007317804731428623,0.007329228799790144,0.0073174298740923405,0.007323538884520531,0.007323538884520531,0
2022-07-26 10:00:00+01:00,0.007323807571083307,0.007328154519200325,0.007318554446101189,0.007321340497583151,0.007321340497583151,0
2022-07-26 11:00:00+01:00,0.0073213945142924786,0.007323324680328369,0.0073075913824141026,0.007318340241909027,0.007318340241909027,0
2022-07-26 12:00:00+01:00,0.007318180054426193,0.007322788704186678,0.007312025874853134,0.007317590992897749,0.007317590992897749,0
2022-07-26 13:00:00+01:00,0.007317590992897749,0.0073329913429915905,0.007313309703022242,0.007325202226638794,0.007325202226638794,0
2022-07-26 14:00:00+01:00,0.007325309794396162,0.007338911294937134,0.007320697885006666,0.007331593427807093,0.007331593427807093,0
2022-07-26 15:00:00+01:00,0.007331217173486948,0.007338911294937134,0.007316894829273224,0.007321555633097887,0.007321555633097887,0
2022-07-26 16:00:00+01:00,0.007321609184145927,0.007328154519200325,0.007315770722925663,0.00731946574524045,0.00731946574524045,0
2022-07-26 17:00:00+01:00,0.007319250609725714,0.007322251796722412,0.007316198665648699,0.007319625932723284,0.007319625932723284,0
2022-07-26 18:00:00+01:00,0.00731946574524045,0.007324397563934326,0.00731470063328743,0.00731641286984086,0.00731641286984086,0
2022-07-26 19:00:00+01:00,0.007316627074033022,0.0073206438682973385,0.007314753718674183,0.007315877825021744,0.007315877825021744,0
2022-07-26 20:00:00+01:00,0.007315930910408497,0.007317965850234032,0.007308445405215025,0.007308552041649818,0.007308552041649818,0
2022-07-26 21:00:00+01:00,0.007308606058359146,0.007311544846743345,0.007301081903278828,0.007307805120944977,0.007307805120944977,0
2022-07-26 22:00:00+01:00,0.007307537831366062,0.007308125030249357,0.0073019349947571754,0.007304174825549126,0.007304174825549126,0
2022-07-26 23:00:00+01:00,0.007304388098418713,0.007309407461434603,0.007303161546587944,0.007308125030249357,0.007308125030249357,0
2022-07-27 00:00:00+01:00,0.0073075913824141026,0.007309407461434603,0.0072999089024960995,0.007301348727196455,0.007301348727196455,0
2022-07-27 01:00:00+01:00,0.007301508914679289,0.007311544846743345,0.007292935159057379,0.0072958082892000675,0.0072958082892000675,0
2022-07-27 02:00:00+01:00,0.0072958082892000675,0.0073030018247663975,0.007291658781468868,0.00729916337877512,0.00729916337877512,0
2022-07-27 03:00:00+01:00,0.00729916337877512,0.007302468176931143,0.007294371724128723,0.00729916337877512,0.00729916337877512,0
2022-07-27 04:00:00+01:00,0.007299270015209913,0.0073072705417871475,0.0072987377643585205,0.0073030018247663975,0.0073030018247663975,0
2022-07-27 05:00:00+01:00,0.0073030018247663975,0.007304068189114332,0.007297246251255274,0.007298843935132027,0.007298843935132027,0
2022-07-27 06:00:00+01:00,0.007299216464161873,0.007305669132620096,0.0072979386895895,0.007303641643375158,0.007303641643375158,0
2022-07-27 07:00:00+01:00,0.007303694728761911,0.007309941574931145,0.0072968197055161,0.007298843935132027,0.007298843935132027,0
2022-07-27 08:00:00+01:00,0.007298790384083986,0.007306203246116638,0.0072966068983078,0.0073002297431230545,0.0073002297431230545,0
2022-07-27 09:00:00+01:00,0.0073002297431230545,0.007313684094697237,0.007299962919205427,0.0073097278364002705,0.0073097278364002705,0
2022-07-27 10:00:00+01:00,0.0073097278364002705,0.007323324680328369,0.007308606058359146,0.007317751180380583,0.007317751180380583,0
2022-07-27 11:00:00+01:00,0.007317965850234032,0.007326007355004549,0.007313416339457035,0.007314432878047228,0.007314432878047228,0
2022-07-27 12:00:00+01:00,0.007314379792660475,0.007321716286242008,0.007311063352972269,0.007311384659260511,0.007311384659260511,0
2022-07-27 13:00:00+01:00,0.007311598397791386,0.007314218673855066,0.007299962919205427,0.00730273500084877,0.00730273500084877,0
2022-07-27 14:00:00+01:00,0.007304602302610874,0.007312079891562462,0.007298310752958059,0.007302788086235523,0.007302788086235523,0
2022-07-27 15:00:00+01:00,0.007303108461201191,0.007306736893951893,0.007282896898686886,0.007285230793058872,0.007285230793058872,0
2022-07-27 16:00:00+01:00,0.007285284344106913,0.007293413858860731,0.007280563469976187,0.007280828896909952,0.007280828896909952,0
2022-07-27 17:00:00+01:00,0.007280988153070211,0.0072875674813985825,0.0072764321230351925,0.007280245888978243,0.007280245888978243,0
2022-07-27 18:00:00+01:00,0.007280245888978243,0.007291818503290415,0.007280193269252777,0.007288630120456219,0.007288630120456219,0
2022-07-27 19:00:00+01:00,0.007288948632776737,0.007336757145822048,0.007274684961885214,0.007331485860049725,0.007331485860049725,0
2022-07-27 20:00:00+01:00,0.007331378757953644,0.007334066554903984,0.007318715564906597,0.007325523998588324,0.007325523998588324,0
2022-07-27 21:00:00+01:00,0.007325416896492243,0.007329228799790144,0.007319143507629633,0.0073237004689872265,0.0073237004689872265,0
2022-07-27 22:00:00+01:00,0.007324129343032837,0.007327348925173283,0.007321716286242008,0.007322412915527821,0.007322412915527821,0
2022-07-27 23:00:00+01:00,0.0073230029083788395,0.007329766638576984,0.007321770302951336,0.007328046951442957,0.007328046951442957,0
2022-07-28 00:00:00+01:00,0.0073287454433739185,0.007349698804318905,0.0073286378756165504,0.007346945349127054,0.007346945349127054,0
2022-07-28 01:00:00+01:00,0.007346728350967169,0.0073518599383533,0.0073302495293319225,0.007344408426433802,0.007344408426433802,0
2022-07-28 02:00:00+01:00,0.007344408426433802,0.007403567899018526,0.007344408426433802,0.007383997552096844,0.007383997552096844,0
2022-07-28 03:00:00+01:00,0.007383670192211866,0.007395355496555567,0.0073760454542934895,0.00738759757950902,0.00738759757950902,0
2022-07-28 04:00:00+01:00,0.0073873247019946575,0.007395902182906866,0.007383397780358791,0.0073875426314771175,0.0073875426314771175,0
2022-07-28 05:00:00+01:00,0.00738759757950902,0.007389890030026436,0.007380018942058086,0.007382252719253302,0.007382252719253302,0
2022-07-28 06:00:00+01:00,0.007382143754512072,0.007393169216811657,0.007375066634267569,0.00738759757950902,0.00738759757950902,0
2022-07-28 07:00:00+01:00,0.00738759757950902,0.007395355496555567,0.007377786561846733,0.007382252719253302,0.007382252719253302,0
2022-07-28 08:00:00+01:00,0.0073805092833936214,0.007384978700429201,0.00736377015709877,0.007375665009021759,0.007375665009021759,0
2022-07-28 09:00:00+01:00,0.007375665009021759,0.007392075844109058,0.007373000029474497,0.007390327751636505,0.007390327751636505,0
2022-07-28 10:00:00+01:00,0.007390436716377735,0.00739262206479907,0.007382689509540796,0.007383997552096844,0.007383997552096844,0
2022-07-28 11:00:00+01:00,0.007384269963949919,0.007386069744825363,0.007370717823505402,0.007375827990472317,0.007375827990472317,0
2022-07-28 12:00:00+01:00,0.007375501561909914,0.007378440350294113,0.007366645615547895,0.0073702833615243435,0.0073702833615243435,0
2022-07-28 13:00:00+01:00,0.007368653547018766,0.007433286402374506,0.007368219085037708,0.007423353381454945,0.007423353381454945,0
2022-07-28 14:00:00+01:00,0.00742324348539114,0.007444907445460558,0.007413118612021208,0.007423739414662123,0.007423739414662123,0
2022-07-28 15:00:00+01:00,0.007423849776387215,0.007436050102114677,0.007420709822326899,0.007433230523020029,0.007433230523020029,0
2022-07-28 16:00:00+01:00,0.007433230523020029,0.0074454620480537415,0.007426165509968996,0.0074382624588906765,0.0074382624588906765,0
2022-07-28 17:00:00+01:00,0.007438041269779205,0.007439369335770607,0.00742737902328372,0.00743483379483223,0.00743483379483223,0
2022-07-28 18:00:00+01:00,0.007434777915477753,0.007443799637258053,0.007433783728629351,0.007437985390424728,0.007437985390424728,0
2022-07-28 19:00:00+01:00,0.007437764201313257,0.0074454620480537415,0.007431352511048317,0.007443688809871674,0.007443688809871674,0
2022-07-28 20:00:00+01:00,0.007443632930517197,0.007453231140971184,0.007442857604473829,0.007447180338203907,0.007447180338203907,0
2022-07-28 21:00:00+01:00,0.007447069510817528,0.007452676072716713,0.007446237839758396,0.007447679992765188,0.007447679992765188,0
2022-07-28 22:00:00+01:00,0.0074488455429673195,0.007449899800121784,0.0074429684318602085,0.007445572875440121,0.007445572875440121,0
2022-07-28 23:00:00+01:00,0.007444409187883139,0.007448235061019659,0.007428979035466909,0.0074465712532401085,0.0074465712532401085,0
2022-07-29 00:00:00+01:00,0.007449067197740078,0.007450454402714968,0.007434777915477753,0.007440476678311825,0.007440476678311825,0
2022-07-29 01:00:00+01:00,0.007440420798957348,0.007448235061019659,0.0074253384955227375,0.00743483379483223,0.00743483379483223,0
2022-07-29 02:00:00+01:00,0.007435220759361982,0.007441583089530468,0.007430745288729668,0.007435165345668793,0.007435165345668793,0
2022-07-29 03:00:00+01:00,0.007435220759361982,0.0074510094709694386,0.007435220759361982,0.0074465712532401085,0.0074465712532401085,0
2022-07-29 04:00:00+01:00,0.0074465153738856316,0.007522247266024351,0.00744457496330142,0.007509424351155758,0.007509424351155758,0
2022-07-29 05:00:00+01:00,0.0075090862810611725,0.007515971083194017,0.007492713630199432,0.007497207727283239,0.007497207727283239,0
2022-07-29 06:00:00+01:00,0.007497207727283239,0.007533070165663958,0.007496869657188654,0.007517440244555473,0.007517440244555473,0
2022-07-29 07:00:00+01:00,0.007516931742429733,0.007548309396952391,0.007511398755013943,0.007543298881500959,0.007543298881500959,0
2022-07-29 08:00:00+01:00,0.007540853228420019,0.007542615756392479,0.00752066308632493,0.007531879004091024,0.007531879004091024,0
2022-07-29 09:00:00+01:00,0.007532389368861914,0.007534659467637539,0.007513599935919046,0.007519475184381008,0.007519475184381008,0
2022-07-29 10:00:00+01:00,0.0075196451507508755,0.007521624676883221,0.007487159688025713,0.007497881539165974,0.007497881539165974,0
2022-07-29 11:00:00+01:00,0.00749760027974844,0.007512019481509924,0.007493836805224419,0.007505760528147221,0.007505760528147221,0
2022-07-29 12:00:00+01:00,0.007505817338824272,0.007510327268391848,0.007490861229598522,0.007493723649531603,0.007493723649531603,0
2022-07-29 13:00:00+01:00,0.007493667770177126,0.007495689671486616,0.007449067197740078,0.007458901964128017,0.007458901964128017,0
2022-07-29 14:00:00+01:00,0.00745895691215992,0.007461572531610727,0.007429586257785559,0.007456398569047451,0.007456398569047451,0
2022-07-29 15:00:00+01:00,0.0074562872759997845,0.007486150600016117,0.007444409187883139,0.00748189352452755,0.00748189352452755,0
2022-07-29 16:00:00+01:00,0.007481614127755165,0.007508071139454842,0.007479096297174692,0.007506493013352156,0.007506493013352156,0
2022-07-29 17:00:00+01:00,0.00750632444396615,0.007507507689297199,0.007489907555282116,0.0075014252215623856,0.0075014252215623856,0
2022-07-29 18:00:00+01:00,0.0075014252215623856,0.00750356400385499,0.007494510151445866,0.00749911880120635,0.00749911880120635,0
2022-07-29 19:00:00+01:00,0.007498949766159058,0.00750356400385499,0.007497994229197502,0.007500356528908014,0.007500356528908014,0
2022-07-29 20:00:00+01:00,0.007499455939978361,0.007504127454012632,0.007494173478335142,0.0074994005262851715,0.0074994005262851715,0
2022-07-29 21:00:00+01:00,0.0074994005262851715,0.007509142160415649,0.00749855674803257,0.007507000118494034,0.007507000118494034,0
2022-08-01 00:00:00+01:00,0.0075000193901360035,0.007503001485019922,0.007487159688025713,0.007498050574213266,0.007498050574213266,0
2022-08-01 01:00:00+01:00,0.007497938349843025,0.007534091826528311,0.007495465222746134,0.007525813300162554,0.007525813300162554,0
2022-08-01 02:00:00+01:00,0.007525813300162554,0.007574036251753569,0.007520437240600586,0.007551729679107666,0.007551729679107666,0
2022-08-01 03:00:00+01:00,0.00755167193710804,0.00756429648026824,0.0075476826168596745,0.007552926894277334,0.007552926894277334,0
2022-08-01 04:00:00+01:00,0.007552812807261944,0.007555723190307617,0.007532332558184862,0.007543753832578659,0.007543753832578659,0
2022-08-01 05:00:00+01:00,0.007542615756392479,0.007558578625321388,0.007538692094385624,0.007541534956544638,0.007541534956544638,0
2022-08-01 06:00:00+01:00,0.007541534956544638,0.007553440518677235,0.00753948837518692,0.007544095162302256,0.007544095162302256,0
2022-08-01 07:00:00+01:00,0.007544095162302256,0.007564868777990341,0.007541080471128225,0.007558979094028473,0.007558979094028473,0
2022-08-01 08:00:00+01:00,0.007559093181043863,0.007571741938591003,0.007541989907622337,0.007544208783656359,0.007544208783656359,0
2022-08-01 09:00:00+01:00,0.007544208783656359,0.007560293190181255,0.007537612691521645,0.0075561231933534145,0.0075561231933534145,0
2022-08-01 10:00:00+01:00,0.007555952295660973,0.007583686150610447,0.007551843300461769,0.007575184106826782,0.007575184106826782,0
2022-08-01 11:00:00+01:00,0.007574782241135836,0.007583226077258587,0.007561150472611189,0.007561779581010342,0.007561779581010342,0
2022-08-01 12:00:00+01:00,0.007561893668025732,0.007566013373434544,0.007547340821474791,0.007552299648523331,0.007552299648523331,0
2022-08-01 13:00:00+01:00,0.0075519573874771595,0.007574036251753569,0.007546714507043362,0.007572602946311235,0.007572602946311235,0
2022-08-01 14:00:00+01:00,0.007572602946311235,0.007587829604744911,0.007570252288132906,0.007579087745398283,0.007579087745398283,0
2022-08-01 15:00:00+01:00,0.007579145487397909,0.0075935907661914825,0.007553383242338896,0.007586965803056955,0.007586965803056955,0
2022-08-01 16:00:00+01:00,0.007586965803056955,0.0076005165465176105,0.007579432334750891,0.007586044725030661,0.007586044725030661,0
2022-08-01 17:00:00+01:00,0.007586044725030661,0.0075935907661914825,0.007581846322864294,0.0075894990004599094,0.0075894990004599094,0
2022-08-01 18:00:00+01:00,0.0075894990004599094,0.007592437323182821,0.007579202298074961,0.007580179255455732,0.007580179255455732,0
2022-08-01 19:00:00+01:00,0.0075802369974553585,0.007589557208120823,0.007576159667223692,0.007586965803056955,0.007586965803056955,0
2022-08-01 20:00:00+01:00,0.007586965803056955,0.007599361706525087,0.007584433536976576,0.007596360053867102,0.007596360053867102,0
2022-08-01 21:00:00+01:00,0.007596360053867102,0.0076005165465176105,0.00759480195119977,0.0075987838208675385,0.0075987838208675385,0
2022-08-01 22:00:00+01:00,0.0075983223505318165,0.0076005165465176105,0.007590305991470814,0.007596244569867849,0.007596244569867849,0
2022-08-01 23:00:00+01:00,0.007596014067530632,0.007607455365359783,0.007591400761157274,0.007601384073495865,0.007601384073495865,0
2022-08-02 00:00:00+01:00,0.007601441349834204,0.007612667512148619,0.007594109978526831,0.007610118016600609,0.007610118016600609,0
2022-08-02 01:00:00+01:00,0.00761006074026227,0.0076587265357375145,0.007603002246469259,0.007637435104697943,0.007637435104697943,0
2022-08-02 02:00:00+01:00,0.00763726094737649,0.0076693580485880375,0.00763521995395422,0.0076521048322319984,0.0076521048322319984,0
2022-08-02 03:00:00+01:00,0.007652280852198601,0.0076616606675088406,0.007645435631275177,0.007654037792235613,0.007654037792235613,0
2022-08-02 04:00:00+01:00,0.007653217297047377,0.007656381465494633,0.007636385969817638,0.007642630487680435,0.007642630487680435,0
2022-08-02 05:00:00+01:00,0.007642630487680435,0.00765169458463788,0.007641521282494068,0.007650172803550959,0.007650172803550959,0
2022-08-02 06:00:00+01:00,0.007650523446500301,0.007668712176382542,0.007649704813957214,0.007654095999896526,0.007654095999896526,0
2022-08-02 07:00:00+01:00,0.007653920911252499,0.007656381465494633,0.007628230843693018,0.007641579024493694,0.007641579024493694,0
2022-08-02 08:00:00+01:00,0.007641579024493694,0.007655208930373192,0.007636560592800379,0.0076439157128334045,0.0076439157128334045,0
2022-08-02 09:00:00+01:00,0.0076437401585280895,0.00764818349853158,0.007623171433806419,0.0076410542242228985,0.0076410542242228985,0
2022-08-02 10:00:00+01:00,0.007640995550900698,0.007652866188436747,0.007630442269146442,0.0076452018693089485,0.0076452018693089485,0
2022-08-02 11:00:00+01:00,0.007645084988325834,0.007647013757377863,0.0076328301802277565,0.007634112611413002,0.007634112611413002,0
2022-08-02 12:00:00+01:00,0.007633995730429888,0.007643506862223148,0.007630034815520048,0.007634053938090801,0.007634053938090801,0
2022-08-02 13:00:00+01:00,0.007634229026734829,0.0076557956635952,0.007628928869962692,0.00764818349853158,0.00764818349853158,0
2022-08-02 14:00:00+01:00,0.00764818349853158,0.007652866188436747,0.007604967802762985,0.007609828840941191,0.007609828840941191,0
2022-08-02 15:00:00+01:00,0.00760994479060173,0.007617306429892778,0.0075861020013689995,0.007591746281832457,0.007591746281832457,0
2022-08-02 16:00:00+01:00,0.007591861300170422,0.007594744674861431,0.007553212344646454,0.007558407727628946,0.007558407727628946,0
2022-08-02 17:00:00+01:00,0.0075583504512906075,0.007570022251456976,0.007553098723292351,0.0075613223016262054,0.0075613223016262054,0
2022-08-02 18:00:00+01:00,0.007561150472611189,0.007564868777990341,0.00752281304448843,0.007531310897320509,0.007531310897320509,0
2022-08-02 19:00:00+01:00,0.00753108412027359,0.0075329565443098545,0.007519023027271032,0.007519362028688192,0.007519362028688192,0
2022-08-02 20:00:00+01:00,0.00751987099647522,0.0075357952155172825,0.007514164317399263,0.007514955010265112,0.007514955010265112,0
2022-08-02 21:00:00+01:00,0.007514672353863716,0.007516536861658096,0.007508804090321064,0.007509706541895866,0.007509706541895866,0
2022-08-02 22:00:00+01:00,0.007510100491344929,0.007512019481509924,0.007507507689297199,0.007509593851864338,0.007509593851864338,0
2022-08-02 23:00:00+01:00,0.007508071139454842,0.007527286186814308,0.007502831984311342,0.007517101243138313,0.007517101243138313,0
2022-08-03 00:00:00+01:00,0.0075189098715782166,0.0075210584327578545,0.007484862115234137,0.00749956863000989,0.00749956863000989,0
2022-08-03 01:00:00+01:00,0.007500187493860722,0.0075052534230053425,0.007468204014003277,0.007474121171981096,0.007474121171981096,0
2022-08-03 02:00:00+01:00,0.007473953068256378,0.007496813777834177,0.007471049204468727,0.007483685854822397,0.007483685854822397,0
2022-08-03 03:00:00+01:00,0.007483965251594782,0.0075182318687438965,0.007481334265321493,0.0075107780285179615,0.0075107780285179615,0
2022-08-03 04:00:00+01:00,0.0075107780285179615,0.007544322870671749,0.007506267633289099,0.007541194092482328,0.007541194092482328,0
2022-08-03 05:00:00+01:00,0.0075410231947898865,0.0075608654879033566,0.00752875953912735,0.007534943521022797,0.007534943521022797,0
2022-08-03 06:00:00+01:00,0.007535511162132025,0.0075374990701675415,0.0075052534230053425,0.00750615494325757,0.00750615494325757,0
2022-08-03 07:00:00+01:00,0.007506210822612047,0.007516536861658096,0.007495521567761898,0.007510327268391848,0.007510327268391848,0
2022-08-03 08:00:00+01:00,0.007510495837777853,0.007526153698563576,0.007500074803829193,0.007506662514060736,0.007506662514060736,0
2022-08-03 09:00:00+01:00,0.007506662514060736,0.007514277007430792,0.007502044551074505,0.007507394999265671,0.007507394999265671,0
2022-08-03 10:00:00+01:00,0.007507563568651676,0.007522756699472666,0.007505084853619337,0.007510044611990452,0.007510044611990452,0
2022-08-03 11:00:00+01:00,0.007509931921958923,0.0075154067017138,0.007488729432225227,0.00749855674803257,0.00749855674803257,0
2022-08-03 12:00:00+01:00,0.007498387712985277,0.007512583397328854,0.007492320146411657,0.007492320146411657,0.007492320146411657,0
2022-08-03 13:00:00+01:00,0.00749254459515214,0.007494566962122917,0.0074793198145926,0.007486430928111076,0.007486430928111076,0
2022-08-03 14:00:00+01:00,0.0074863191694021225,0.007494566962122917,0.007479263469576836,0.007486879359930754,0.007486879359930754,0
2022-08-03 15:00:00+01:00,0.007486486807465553,0.007486935704946518,0.007432126440107822,0.007441638968884945,0.007441638968884945,0
2022-08-03 16:00:00+01:00,0.007441749796271324,0.007455453276634216,0.007440420798957348,0.0074513982981443405,0.0074513982981443405,0
2022-08-03 17:00:00+01:00,0.007451287005096674,0.007477753795683384,0.0074510653503239155,0.007456009741872549,0.007456009741872549,0
2022-08-03 18:00:00+01:00,0.00745589891448617,0.0074632433243095875,0.00745345326140523,0.007461238652467728,0.007461238652467728,0
2022-08-03 19:00:00+01:00,0.007461127359420061,0.007464357651770115,0.00745239807292819,0.007456510327756405,0.007456510327756405,0
2022-08-03 20:00:00+01:00,0.007456454448401928,0.007468817755579948,0.007452731020748615,0.007465750444680452,0.007465750444680452,0
2022-08-03 21:00:00+01:00,0.007465695030987263,0.007473282981663942,0.007465082220733166,0.007472165860235691,0.007472165860235691,0
2022-08-03 22:00:00+01:00,0.007470882497727871,0.007476355880498886,0.007467702031135559,0.007471999153494835,0.007471999153494835,0
2022-08-03 23:00:00+01:00,0.007472333963960409,0.007473841309547424,0.007461127359420061,0.007467033341526985,0.007467033341526985,0
2022-08-04 00:00:00+01:00,0.007466810289770365,0.007469375152140856,0.007454897742718458,0.007466642651706934,0.007466642651706934,0
2022-08-04 01:00:00+01:00,0.007466865703463554,0.007488393224775791,0.0074646915309131145,0.007483741734176874,0.007483741734176874,0
2022-08-04 02:00:00+01:00,0.007483853492885828,0.007496252190321684,0.007466976996511221,0.007469933945685625,0.007469933945685625,0
2022-08-04 03:00:00+01:00,0.00746943149715662,0.007481669541448355,0.0074692084454,0.007473282981663942,0.007473282981663942,0
2022-08-04 04:00:00+01:00,0.0074731153436005116,0.00747999083250761,0.007471328601241112,0.0074744559824466705,0.0074744559824466705,0
2022-08-04 05:00:00+01:00,0.007474400568753481,0.00748278945684433,0.00747350649908185,0.0074795992113649845,0.0074795992113649845,0
2022-08-04 06:00:00+01:00,0.007479208055883646,0.007481669541448355,0.007456843741238117,0.00745895691215992,0.00745895691215992,0
2022-08-04 07:00:00+01:00,0.00745895691215992,0.007463800720870495,0.007445794530212879,0.0074525089003145695,0.0074525089003145695,0
2022-08-04 08:00:00+01:00,0.007452620193362236,0.007467144634574652,0.007448012474924326,0.007453953381627798,0.007453953381627798,0
2022-08-04 09:00:00+01:00,0.0074540083296597,0.007458233740180731,0.007439203094691038,0.007446072064340115,0.007446072064340115,0
2022-08-04 10:00:00+01:00,0.007446348667144775,0.007458789739757776,0.007441196125000715,0.007456621620804071,0.007456621620804071,0
2022-08-04 11:00:00+01:00,0.007456454448401928,0.007458789739757776,0.00744912214577198,0.007452342193573713,0.007452342193573713,0
2022-08-04 12:00:00+01:00,0.007452563848346472,0.00747999083250761,0.007447069510817528,0.007474400568753481,0.007474400568753481,0
2022-08-04 13:00:00+01:00,0.007474735379219055,0.00751145463436842,0.007470100652426481,0.007489514537155628,0.007489514537155628,0
2022-08-04 14:00:00+01:00,0.007489234674721956,0.007496252190321684,0.007474009413272142,0.007494285702705383,0.007494285702705383,0
2022-08-04 15:00:00+01:00,0.007494285702705383,0.007517666090279818,0.007490972988307476,0.007511849980801344,0.007511849980801344,0
2022-08-04 16:00:00+01:00,0.0075119067914783955,0.007514841388911009,0.007496532518416643,0.007502719759941101,0.007502719759941101,0
2022-08-04 17:00:00+01:00,0.007503001485019922,0.007523888256400824,0.007501088082790375,0.007513994351029396,0.007513994351029396,0
2022-08-04 18:00:00+01:00,0.007513938471674919,0.0075182318687438965,0.007507056929171085,0.0075110034085810184,0.0075110034085810184,0
2022-08-04 19:00:00+01:00,0.00751145463436842,0.007527286186814308,0.007508409209549427,0.007524454966187477,0.007524454966187477,0
2022-08-04 20:00:00+01:00,0.007524568121880293,0.007534091826528311,0.007520040962845087,0.007526096422225237,0.007526096422225237,0
2022-08-04 21:00:00+01:00,0.00752604054287076,0.007528532762080431,0.00751953199505806,0.007525247056037188,0.007525247056037188,0
2022-08-04 22:00:00+01:00,0.007525870110839605,0.007527853362262249,0.007517666090279818,0.007519701961427927,0.007519701961427927,0
2022-08-04 23:00:00+01:00,0.007518627215176821,0.007527286186814308,0.00751089071854949,0.007522869855165482,0.007522869855165482,0
2022-08-05 00:00:00+01:00,0.00752604054287076,0.007547169923782349,0.007524681277573109,0.007540510967373848,0.007540510967373848,0
2022-08-05 01:00:00+01:00,0.0075401137582957745,0.0075448923744261265,0.007518288213759661,0.007520267274230719,0.007520267274230719,0
2022-08-05 02:00:00+01:00,0.0075203231535851955,0.007523322477936745,0.007498387712985277,0.007504747249186039,0.007504747249186039,0
2022-08-05 03:00:00+01:00,0.007504690438508987,0.007518797181546688,0.007502776104956865,0.0075052534230053425,0.0075052534230053425,0
2022-08-05 04:00:00+01:00,0.007504915818572044,0.007514277007430792,0.007504408713430166,0.00750615494325757,0.00750615494325757,0
2022-08-05 05:00:00+01:00,0.00750615494325757,0.007510327268391848,0.0074973758310079575,0.007500299718230963,0.007500299718230963,0
2022-08-05 06:00:00+01:00,0.0075000193901360035,0.007508071139454842,0.007492095697671175,0.007502719759941101,0.007502719759941101,0
2022-08-05 07:00:00+01:00,0.007502831984311342,0.007514277007430792,0.007493779994547367,0.007512019481509924,0.007512019481509924,0
2022-08-05 08:00:00+01:00,0.007512301206588745,0.007513712625950575,0.007496869657188654,0.007501875516027212,0.007501875516027212,0
2022-08-05 09:00:00+01:00,0.007501931861042976,0.007517666090279818,0.007500693667680025,0.007514107972383499,0.007514107972383499,0
2022-08-05 10:00:00+01:00,0.007514164317399263,0.0075295534916222095,0.007508973591029644,0.007515632547438145,0.007515632547438145,0
2022-08-05 11:00:00+01:00,0.007515575736761093,0.007525020744651556,0.0075054229237139225,0.0075117372907698154,0.0075117372907698154,0
2022-08-05 12:00:00+01:00,0.007511624135077,0.0075182318687438965,0.00750818382948637,0.0075106085278093815,0.0075106085278093815,0
2022-08-05 13:00:00+01:00,0.007510665338486433,0.007515971083194017,0.007415207102894783,0.007424952462315559,0.007424952462315559,0
2022-08-05 14:00:00+01:00,0.007425118237733841,0.00742942001670599,0.0074072424322366714,0.007416197098791599,0.007416197098791599,0
2022-08-05 15:00:00+01:00,0.007414162624627352,0.0074156466871500015,0.00738710630685091,0.00739060016348958,0.00739060016348958,0
2022-08-05 16:00:00+01:00,0.007390710059553385,0.007400280795991421,0.007379746995866299,0.007390710059553385,0.007390710059553385,0
2022-08-05 17:00:00+01:00,0.007390764541924,0.007405761629343033,0.0073850336484611034,0.007400061935186386,0.007400061935186386,0
2022-08-05 18:00:00+01:00,0.007400061935186386,0.00741674704477191,0.007398145738989115,0.007404829375445843,0.007404829375445843,0
2022-08-05 19:00:00+01:00,0.007404939271509647,0.007410700898617506,0.007398912217468023,0.0074018146842718124,0.0074018146842718124,0
2022-08-05 20:00:00+01:00,0.007402033545076847,0.0074128988198935986,0.007400664500892162,0.007404939271509647,0.007404939271509647,0
2022-08-05 21:00:00+01:00,0.00740510318428278,0.007413118612021208,0.007401595823466778,0.007409987039864063,0.007409987039864063,0
2022-08-08 00:00:00+01:00,0.007398200687021017,0.0074090538546442986,0.007398145738989115,0.007404664997011423,0.007404664997011423,0
2022-08-08 01:00:00+01:00,0.0074043357744812965,0.007407407276332378,0.007375556509941816,0.0073885805904865265,0.0073885805904865265,0
2022-08-08 02:00:00+01:00,0.007388634607195854,0.007405761629343033,0.007388634607195854,0.0073980363085865974,0.0073980363085865974,0
2022-08-08 03:00:00+01:00,0.0073980363085865974,0.007400280795991421,0.007384433876723051,0.007395355496555567,0.007395355496555567,0
2022-08-08 04:00:00+01:00,0.007394316606223583,0.007404664997011423,0.00739087350666523,0.007400992792099714,0.007400992792099714,0
2022-08-08 05:00:00+01:00,0.007401048205792904,0.007403020281344652,0.0073911468498408794,0.007393933832645416,0.007393933832645416,0
2022-08-08 06:00:00+01:00,0.007393496576696634,0.007398638408631086,0.0073888530023396015,0.007395957596600056,0.007395957596600056,0
2022-08-08 07:00:00+01:00,0.007396012544631958,0.0073991864919662476,0.007381925825029612,0.007389781065285206,0.007389781065285206,0
2022-08-08 08:00:00+01:00,0.007389890030026436,0.0074139973148703575,0.007385524921119213,0.007407901342958212,0.007407901342958212,0
2022-08-08 09:00:00+01:00,0.007407955825328827,0.0074139973148703575,0.007396012544631958,0.007400390226393938,0.007400390226393938,0
2022-08-08 10:00:00+01:00,0.007400390226393938,0.0074090538546442986,0.007396175991743803,0.0074067492969334126,0.0074067492969334126,0
2022-08-08 11:00:00+01:00,0.007406859192997217,0.007420048583298922,0.007403458468616009,0.00741597730666399,0.00741597730666399,0
2022-08-08 12:00:00+01:00,0.00741597730666399,0.0074310763739049435,0.007411799859255552,0.007418507244437933,0.007418507244437933,0
2022-08-08 13:00:00+01:00,0.007418342866003513,0.007422252092510462,0.007407407276332378,0.00741597730666399,0.00741597730666399,0
2022-08-08 14:00:00+01:00,0.00741597730666399,0.00744269136339426,0.007412404287606478,0.007437709253281355,0.007437709253281355,0
2022-08-08 15:00:00+01:00,0.007437709253281355,0.007444353308528662,0.007420654408633709,0.0074220867827534676,0.0074220867827534676,0
2022-08-08 16:00:00+01:00,0.007422142196446657,0.007437709253281355,0.0074194432236254215,0.007422416936606169,0.007422416936606169,0
2022-08-08 17:00:00+01:00,0.007422416936606169,0.0074310763739049435,0.007421260233968496,0.007428261451423168,0.007428261451423168,0
2022-08-08 18:00:00+01:00,0.007428151089698076,0.007429972756654024,0.0074208746664226055,0.007422252092510462,0.007422252092510462,0
2022-08-08 19:00:00+01:00,0.007422306574881077,0.007426110096275806,0.007414052728563547,0.007415316998958588,0.007415316998958588,0
2022-08-08 20:00:00+01:00,0.007415042724460363,0.007417847402393818,0.0074012670665979385,0.0074032945558428764,0.0074032945558428764,0
2022-08-08 21:00:00+01:00,0.007403403986245394,0.007413447834551334,0.007403239607810974,0.007409547921270132,0.007409547921270132,0
2022-08-08 22:00:00+01:00,0.007416251581162214,0.007418342866003513,0.007406309712678194,0.007407791912555695,0.007407791912555695,0
2022-08-08 23:00:00+01:00,0.0074092731811106205,0.007413447834551334,0.007406419608741999,0.007407407276332378,0.007407407276332378,0
2022-08-09 00:00:00+01:00,0.0074071879498660564,0.007419498637318611,0.0074071879498660564,0.007416637148708105,0.007416637148708105,0
2022-08-09 01:00:00+01:00,0.00741674704477191,0.0074217007495462894,0.007405377458781004,0.007414162624627352,0.007414162624627352,0
2022-08-09 02:00:00+01:00,0.007414327934384346,0.007427764590829611,0.007413502316921949,0.007421426009386778,0.007421426009386778,0
2022-08-09 03:00:00+01:00,0.007421315647661686,0.007425007876008749,0.007414712104946375,0.007414877414703369,0.007414877414703369,0
2022-08-09 04:00:00+01:00,0.007415042724460363,0.00741674704477191,0.007404829375445843,0.0074113053269684315,0.0074113053269684315,0
2022-08-09 05:00:00+01:00,0.0074113053269684315,0.007418397348374128,0.007408120669424534,0.007412404287606478,0.007412404287606478,0
2022-08-09 06:00:00+01:00,0.007412404287606478,0.007415097206830978,0.007404061499983072,0.007407133001834154,0.007407133001834154,0
2022-08-09 07:00:00+01:00,0.0074071879498660564,0.007414547726511955,0.007398638408631086,0.007412348873913288,0.007412348873913288,0
2022-08-09 08:00:00+01:00,0.007412348873913288,0.007417847402393818,0.007406913675367832,0.0074139428324997425,0.0074139428324997425,0
2022-08-09 09:00:00+01:00,0.007413667626678944,0.007420048583298922,0.007405542302876711,0.0074129533022642136,0.0074129533022642136,0
2022-08-09 10:00:00+01:00,0.0074129533022642136,0.007417296525090933,0.0074094925075769424,0.007415262516587973,0.007415262516587973,0
2022-08-09 11:00:00+01:00,0.007416251581162214,0.007424456067383289,0.007410810794681311,0.007413502316921949,0.007413502316921949,0
2022-08-09 12:00:00+01:00,0.007413723040372133,0.0074156466871500015,0.007402417249977589,0.007403020281344652,0.007403020281344652,0
2022-08-09 13:00:00+01:00,0.007403185125440359,0.00741674704477191,0.007396887522190809,0.007411470171064138,0.007411470171064138,0
2022-08-09 14:00:00+01:00,0.007411634549498558,0.00741674704477191,0.007403788156807423,0.007406309712678194,0.007406309712678194,0
2022-08-09 15:00:00+01:00,0.007406255695968866,0.00741674704477191,0.007403678726404905,0.007409932557493448,0.007409932557493448,0
2022-08-09 16:00:00+01:00,0.00741015188395977,0.0074139973148703575,0.007404939271509647,0.007410096935927868,0.007410096935927868,0
2022-08-09 17:00:00+01:00,0.007410096935927868,0.007413447834551334,0.007405158597975969,0.007405432872474194,0.007405432872474194,0
2022-08-09 18:00:00+01:00,0.007405432872474194,0.007409602403640747,0.007402033545076847,0.007402363233268261,0.007402363233268261,0
2022-08-09 19:00:00+01:00,0.007402143906801939,0.007403567899018526,0.00739644980058074,0.0073980363085865974,0.0073980363085865974,0
2022-08-09 20:00:00+01:00,0.0073980363085865974,0.007403020281344652,0.007396340370178223,0.007401376497000456,0.007401376497000456,0
2022-08-09 21:00:00+01:00,0.007400883361697197,0.007406859192997217,0.007398365531116724,0.007405377458781004,0.007405377458781004,0
2022-08-09 22:00:00+01:00,0.007406584452837706,0.007406638935208321,0.007399733643978834,0.007403075695037842,0.007403075695037842,0
2022-08-09 23:00:00+01:00,0.00740285636857152,0.007405213546007872,0.007400280795991421,0.00740165077149868,0.00740165077149868,0
2022-08-10 00:00:00+01:00,0.007401541341096163,0.007403567899018526,0.007396504282951355,0.007396996486932039,0.007396996486932039,0
2022-08-10 01:00:00+01:00,0.007396559230983257,0.007403020281344652,0.007390819489955902,0.007395738735795021,0.007395738735795021,0
2022-08-10 02:00:00+01:00,0.007395792752504349,0.007406309712678194,0.007394098211079836,0.007404171396046877,0.007404171396046877,0
2022-08-10 03:00:00+01:00,0.007404280826449394,0.00741015188395977,0.007401705253869295,0.007407845929265022,0.007407845929265022,0
2022-08-10 04:00:00+01:00,0.007407572120428085,0.007413447834551334,0.00740510318428278,0.007410096935927868,0.007410096935927868,0
2022-08-10 05:00:00+01:00,0.0074103716760873795,0.007415097206830978,0.007407078519463539,0.007408120669424534,0.007408120669424534,0
2022-08-10 06:00:00+01:00,0.007408120669424534,0.0074128988198935986,0.007404116913676262,0.007407572120428085,0.007407572120428085,0
2022-08-10 07:00:00+01:00,0.0074081760831177235,0.007409602403640747,0.007402033545076847,0.007404939271509647,0.007404939271509647,0
2022-08-10 08:00:00+01:00,0.007404883857816458,0.0074139973148703575,0.007402636576443911,0.0074103716760873795,0.0074103716760873795,0
2022-08-10 09:00:00+01:00,0.00741015188395977,0.007413447834551334,0.0074045006185770035,0.007409602403640747,0.007409602403640747,0
2022-08-10 10:00:00+01:00,0.007409163750708103,0.007417847402393818,0.0074080112390220165,0.007410756312310696,0.007410756312310696,0
2022-08-10 11:00:00+01:00,0.007410810794681311,0.0074139973148703575,0.0074067492969334126,0.007408779114484787,0.007408779114484787,0
2022-08-10 12:00:00+01:00,0.007408724632114172,0.007420048583298922,0.007405432872474194,0.007417627610266209,0.007417627610266209,0
2022-08-10 13:00:00+01:00,0.007417737506330013,0.0075377835892140865,0.007402472663670778,0.007510833907872438,0.007510833907872438,0
2022-08-10 14:00:00+01:00,0.0075107780285179615,0.007544322870671749,0.007500749547034502,0.007542160805314779,0.007542160805314779,0
2022-08-10 15:00:00+01:00,0.007542274426668882,0.007575757801532745,0.007538238074630499,0.007570252288132906,0.007570252288132906,0
2022-08-10 16:00:00+01:00,0.0075703090988099575,0.007574036251753569,0.007536931429058313,0.007542900275439024,0.007542900275439024,0
2022-08-10 17:00:00+01:00,0.0075432416051626205,0.007550018839538097,0.007537215016782284,0.007546030450612307,0.007546030450612307,0
2022-08-10 18:00:00+01:00,0.0075447214767336845,0.007557435892522335,0.00754068186506629,0.0075411368161439896,0.0075411368161439896,0
2022-08-10 19:00:00+01:00,0.007541421335190535,0.007544322870671749,0.007514672353863716,0.007526323199272156,0.007526323199272156,0
2022-08-10 20:00:00+01:00,0.0075262668542563915,0.007527853362262249,0.007517044432461262,0.007523888256400824,0.007523888256400824,0
2022-08-10 21:00:00+01:00,0.007523775100708008,0.007527853362262249,0.007521454710513353,0.007525813300162554,0.007525813300162554,0
2022-08-10 22:00:00+01:00,0.007526323199272156,0.0075280796736478806,0.007521624676883221,0.007526153698563576,0.007526153698563576,0
2022-08-10 23:00:00+01:00,0.007526549510657787,0.0075357952155172825,0.007521285675466061,0.007527456618845463,0.007527456618845463,0
2022-08-11 00:00:00+01:00,0.00752734299749136,0.007533523719757795,0.007523718755692244,0.007529837545007467,0.007529837545007467,0
2022-08-11 01:00:00+01:00,0.0075295534916222095,0.007542615756392479,0.007524568121880293,0.007532218936830759,0.007532218936830759,0
2022-08-11 02:00:00+01:00,0.007531934883445501,0.007533523719757795,0.0075082965195178986,0.007512188050895929,0.007512188050895929,0
2022-08-11 03:00:00+01:00,0.007512188050895929,0.007517101243138313,0.007501143496483564,0.007504690438508987,0.007504690438508987,0
2022-08-11 04:00:00+01:00,0.007504747249186039,0.007513712625950575,0.007502776104956865,0.007509706541895866,0.007509706541895866,0
2022-08-11 05:00:00+01:00,0.007509931921958923,0.007518797181546688,0.007507788948714733,0.007511511445045471,0.007511511445045471,0
2022-08-11 06:00:00+01:00,0.007511567324399948,0.007514841388911009,0.007507958449423313,0.007509649731218815,0.007509649731218815,0
2022-08-11 07:00:00+01:00,0.007509593851864338,0.007543184328824282,0.007508578710258007,0.007536931429058313,0.007536931429058313,0
2022-08-11 08:00:00+01:00,0.007536931429058313,0.00755287054926157,0.007533240597695112,0.007551159709692001,0.007551159709692001,0
2022-08-11 09:00:00+01:00,0.007550874259322882,0.007552299648523331,0.007537215016782284,0.007546486798673868,0.007546486798673868,0
2022-08-11 10:00:00+01:00,0.007546543143689632,0.007551729679107666,0.0075354548171162605,0.0075423880480229855,0.0075423880480229855,0
2022-08-11 11:00:00+01:00,0.007542673032730818,0.0075454614125192165,0.0075351702980697155,0.0075401137582957745,0.0075401137582957745,0
2022-08-11 12:00:00+01:00,0.007540170103311539,0.0075608654879033566,0.007539317477494478,0.0075540682300925255,0.0075540682300925255,0
2022-08-11 13:00:00+01:00,0.007554296404123306,0.007592437323182821,0.007553840056061745,0.0075795468874275684,0.0075795468874275684,0
2022-08-11 14:00:00+01:00,0.007579432334750891,0.00758437579497695,0.007560350466519594,0.007569449488073587,0.007569449488073587,0
2022-08-11 15:00:00+01:00,0.007569449488073587,0.007573463022708893,0.007534205447882414,0.007542274426668882,0.007542274426668882,0
2022-08-11 16:00:00+01:00,0.007542274426668882,0.007546600420027971,0.007525020744651556,0.0075370450504124165,0.0075370450504124165,0
2022-08-11 17:00:00+01:00,0.007536816876381636,0.007542615756392479,0.007528419606387615,0.007531141396611929,0.007531141396611929,0
2022-08-11 18:00:00+01:00,0.007531425449997187,0.007534659467637539,0.007516422774642706,0.007518458180129528,0.007518458180129528,0
2022-08-11 19:00:00+01:00,0.007518400903791189,0.007524454966187477,0.007512640208005905,0.00752281304448843,0.00752281304448843,0
2022-08-11 20:00:00+01:00,0.007522756699472666,0.007524454966187477,0.007511116564273834,0.007512470707297325,0.007512470707297325,0
2022-08-11 21:00:00+01:00,0.007512470707297325,0.007523096166551113,0.007511511445045471,0.007518797181546688,0.007518797181546688,0
2022-08-11 22:00:00+01:00,0.007519136182963848,0.0075234356336295605,0.0075168185867369175,0.007518458180129528,0.007518458180129528,0
2022-08-11 23:00:00+01:00,0.007518797181546688,0.007526719942688942,0.007517497055232525,0.007521172519773245,0.007521172519773245,0
2022-08-12 00:00:00+01:00,0.007521794177591801,0.007523322477936745,0.007512245327234268,0.007518119178712368,0.007518119178712368,0
2022-08-12 01:00:00+01:00,0.007518005091696978,0.007526153698563576,0.007493836805224419,0.00750356400385499,0.00750356400385499,0
2022-08-12 02:00:00+01:00,0.007503508124500513,0.00751089071854949,0.007496869657188654,0.007501706946641207,0.007501706946641207,0
2022-08-12 03:00:00+01:00,0.007501762825995684,0.00750356400385499,0.007491029798984528,0.00749394902959466,0.00749394902959466,0
2022-08-12 04:00:00+01:00,0.007494004443287849,0.007506380323320627,0.0074933310970664024,0.007503056898713112,0.007503056898713112,0
2022-08-12 05:00:00+01:00,0.007503113709390163,0.0075154067017138,0.007499680854380131,0.007504915818572044,0.007504915818572044,0
2022-08-12 06:00:00+01:00,0.0075050280429422855,0.007516536861658096,0.007502607069909573,0.007508635520935059,0.007508635520935059,0
2022-08-12 07:00:00+01:00,0.0075082965195178986,0.007512583397328854,0.007496589329093695,0.007500074803829193,0.007500074803829193,0
2022-08-12 08:00:00+01:00,0.007500074803829193,0.007510327268391848,0.00749394902959466,0.007504127454012632,0.007504127454012632,0
2022-08-12 09:00:00+01:00,0.007504070643335581,0.00751089071854949,0.007498275488615036,0.007505817338824272,0.007505817338824272,0
2022-08-12 10:00:00+01:00,0.007505535148084164,0.007507507689297199,0.0074915350414812565,0.007492039352655411,0.007492039352655411,0
2022-08-12 11:00:00+01:00,0.007492151577025652,0.007500749547034502,0.007477920968085527,0.007484805770218372,0.007484805770218372,0
2022-08-12 12:00:00+01:00,0.007484581787139177,0.00749063678085804,0.007468594703823328,0.00747255701571703,0.00747255701571703,0
2022-08-12 13:00:00+01:00,0.007472501136362553,0.007495128083974123,0.007468985393643379,0.007481669541448355,0.007481669541448355,0
2022-08-12 14:00:00+01:00,0.007480326574295759,0.007494566962122917,0.007475797086954117,0.007491759490221739,0.007491759490221739,0
2022-08-12 15:00:00+01:00,0.007491983473300934,0.007495689671486616,0.007469765841960907,0.0074783689342439175,0.0074783689342439175,0
2022-08-12 16:00:00+01:00,0.0074783689342439175,0.007490076124668121,0.007478257175534964,0.007486038375645876,0.007486038375645876,0
2022-08-12 17:00:00+01:00,0.007486150600016117,0.007491759490221739,0.007484357804059982,0.007485814392566681,0.007485814392566681,0
2022-08-12 18:00:00+01:00,0.007485814392566681,0.007495689671486616,0.007485534064471722,0.0074918149039149284,0.0074918149039149284,0
2022-08-12 19:00:00+01:00,0.007491647265851498,0.007495689671486616,0.007489907555282116,0.007491647265851498,0.007491647265851498,0
2022-08-12 20:00:00+01:00,0.007491478230804205,0.007495689671486616,0.007489009294658899,0.007491478230804205,0.007491478230804205,0
2022-08-12 21:00:00+01:00,0.007491422817111015,0.007497544400393963,0.007488449104130268,0.007496926002204418,0.007496926002204418,0
2022-08-12 22:00:00+01:00,0.007491590455174446,0.007491759490221739,0.007491590455174446,0.007491759490221739,0.007491759490221739,0
2022-08-15 00:00:00+01:00,0.007490749005228281,0.007508635520935059,0.0074904682114720345,0.007500975392758846,0.007500975392758846,0
2022-08-15 01:00:00+01:00,0.007500863168388605,0.007526153698563576,0.0074964771047234535,0.0075171575881540775,0.0075171575881540775,0
2022-08-15 02:00:00+01:00,0.007517101243138313,0.007521624676883221,0.007501594722270966,0.007502663880586624,0.007502663880586624,0
2022-08-15 03:00:00+01:00,0.007502325344830751,0.007508071139454842,0.00749934371560812,0.007501875516027212,0.007501875516027212,0
2022-08-15 04:00:00+01:00,0.007501875516027212,0.007513147778809071,0.007498275488615036,0.007508409209549427,0.007508409209549427,0
2022-08-15 05:00:00+01:00,0.007508127950131893,0.00751089071854949,0.007505535148084164,0.007507676258683205,0.007507676258683205,0
2022-08-15 06:00:00+01:00,0.007507450878620148,0.007513147778809071,0.007503226399421692,0.007507958449423313,0.007507958449423313,0
2022-08-15 07:00:00+01:00,0.007507958449423313,0.007513147778809071,0.007499680854380131,0.007500749547034502,0.007500749547034502,0
2022-08-15 08:00:00+01:00,0.007500749547034502,0.0075052534230053425,0.007488280534744263,0.007490076124668121,0.007490076124668121,0
2022-08-15 09:00:00+01:00,0.007489626761525869,0.007500749547034502,0.007489402312785387,0.007498050574213266,0.007498050574213266,0
2022-08-15 10:00:00+01:00,0.007497994229197502,0.00750694377347827,0.007494510151445866,0.007494679186493158,0.007494679186493158,0
2022-08-15 11:00:00+01:00,0.007494903635233641,0.007502438500523567,0.007490972988307476,0.00749855674803257,0.00749855674803257,0
2022-08-15 12:00:00+01:00,0.007498724851757288,0.00751145463436842,0.007496532518416643,0.007508409209549427,0.007508409209549427,0
2022-08-15 13:00:00+01:00,0.007508578710258007,0.007546030450612307,0.007508409209549427,0.007536760531365871,0.007536760531365871,0
2022-08-15 14:00:00+01:00,0.007536362856626511,0.0075454614125192165,0.007528306450694799,0.0075334105640649796,0.0075334105640649796,0
2022-08-15 15:00:00+01:00,0.007533354219049215,0.0075374990701675415,0.007513543125241995,0.007519079837948084,0.007519079837948084,0
2022-08-15 16:00:00+01:00,0.0075191929936409,0.007524454966187477,0.007508240640163422,0.0075106085278093815,0.0075106085278093815,0
2022-08-15 17:00:00+01:00,0.0075105526484549046,0.007514277007430792,0.00750333908945322,0.007511286064982414,0.007511286064982414,0
2022-08-15 18:00:00+01:00,0.007511116564273834,0.007512019481509924,0.0075022694654762745,0.007502382155507803,0.007502382155507803,0
2022-08-15 19:00:00+01:00,0.007502494379878044,0.007508071139454842,0.0074998498894274235,0.0075014811009168625,0.0075014811009168625,0
2022-08-15 20:00:00+01:00,0.0075014252215623856,0.007505817338824272,0.00749956863000989,0.007502212654799223,0.007502212654799223,0
2022-08-15 21:00:00+01:00,0.007502044551074505,0.007504127454012632,0.007499062456190586,0.007501368876546621,0.007501368876546621,0
2022-08-15 22:00:00+01:00,0.007501537911593914,0.007508409209549427,0.0074987816624343395,0.0075036208145320415,0.0075036208145320415,0
2022-08-15 23:00:00+01:00,0.00750395841896534,0.007514841388911009,0.007503395434468985,0.0075106085278093815,0.0075106085278093815,0
2022-08-16 00:00:00+01:00,0.007510100491344929,0.007517666090279818,0.007508973591029644,0.007511398755013943,0.007511398755013943,0
2022-08-16 01:00:00+01:00,0.007511398755013943,0.007523322477936745,0.007504690438508987,0.007508015260100365,0.007508015260100365,0
2022-08-16 02:00:00+01:00,0.007507958449423313,0.00751089071854949,0.007491422817111015,0.007497938349843025,0.007497938349843025,0
2022-08-16 03:00:00+01:00,0.00749760027974844,0.007504127454012632,0.007494173478335142,0.0074982186779379845,0.0074982186779379845,0
2022-08-16 04:00:00+01:00,0.007498331367969513,0.007504127454012632,0.007496139965951443,0.00749911880120635,0.00749911880120635,0
2022-08-16 05:00:00+01:00,0.00749911880120635,0.007500749547034502,0.007490917574614286,0.007493667770177126,0.007493667770177126,0
2022-08-16 06:00:00+01:00,0.007493555545806885,0.007504127454012632,0.007491422817111015,0.007502044551074505,0.007502044551074505,0
2022-08-16 07:00:00+01:00,0.007501987740397453,0.007505817338824272,0.007493218872696161,0.0074951839633286,0.0074951839633286,0
2022-08-16 08:00:00+01:00,0.0074951839633286,0.007498500403016806,0.007473841309547424,0.00748189352452755,0.00748189352452755,0
2022-08-16 09:00:00+01:00,0.007481165695935488,0.007484469562768936,0.007465249393135309,0.007466085720807314,0.007466085720807314,0
2022-08-16 10:00:00+01:00,0.00746625242754817,0.007471607998013496,0.007451565004885197,0.007454675622284412,0.007454675622284412,0
2022-08-16 11:00:00+01:00,0.007454508915543556,0.0074610160663723946,0.007449178025126457,0.007451287005096674,0.007451287005096674,0
2022-08-16 12:00:00+01:00,0.007451342884451151,0.007453231140971184,0.007435663137584925,0.007441084831953049,0.007441084831953049,0
2022-08-16 13:00:00+01:00,0.007441140711307526,0.007449344266206026,0.0074247317388653755,0.007429696619510651,0.007429696619510651,0
2022-08-16 14:00:00+01:00,0.007429586257785559,0.007440476678311825,0.0074254488572478294,0.0074345022439956665,0.0074345022439956665,0
2022-08-16 15:00:00+01:00,0.0074345022439956665,0.007452676072716713,0.007432291749864817,0.007441693916916847,0.007441693916916847,0
2022-08-16 16:00:00+01:00,0.007441693916916847,0.007450454402714968,0.007438207510858774,0.007441417779773474,0.007441417779773474,0
2022-08-16 17:00:00+01:00,0.007441251073032618,0.007444907445460558,0.007437211461365223,0.007440641988068819,0.007440641988068819,0
2022-08-16 18:00:00+01:00,0.007440420798957348,0.007447125390172005,0.007440199609845877,0.007443965412676334,0.007443965412676334,0
2022-08-16 19:00:00+01:00,0.007443965412676334,0.0074510094709694386,0.007443965412676334,0.007449732627719641,0.007449732627719641,0
2022-08-16 20:00:00+01:00,0.007449843920767307,0.007454897742718458,0.0074488455429673195,0.007451953832060099,0.007451953832060099,0
2022-08-16 21:00:00+01:00,0.007451675832271576,0.007454342674463987,0.007447236217558384,0.007451176177710295,0.007451176177710295,0
2022-08-16 22:00:00+01:00,0.007450065575540066,0.007454175502061844,0.007449289318174124,0.007450176402926445,0.007450176402926445,0
2022-08-16 23:00:00+01:00,0.007449566852301359,0.0074521200731396675,0.007446072064340115,0.0074469586834311485,0.0074469586834311485,0
2022-08-17 00:00:00+01:00,0.007446792908012867,0.007451565004885197,0.0074446857906877995,0.007447125390172005,0.007447125390172005,0
2022-08-17 01:00:00+01:00,0.007447125390172005,0.007457677740603685,0.0074387602508068085,0.007455453276634216,0.007455453276634216,0
2022-08-17 02:00:00+01:00,0.007455342449247837,0.007464357651770115,0.007451176177710295,0.0074616288766264915,0.0074616288766264915,0
2022-08-17 03:00:00+01:00,0.007461572531610727,0.007469375152140856,0.007454175502061844,0.007454453501850367,0.007454453501850367,0
2022-08-17 04:00:00+01:00,0.007454508915543556,0.007458233740180731,0.007450787350535393,0.007455176208168268,0.007455176208168268,0
2022-08-17 05:00:00+01:00,0.007455176208168268,0.007458233740180731,0.00745239807292819,0.007454175502061844,0.007454175502061844,0
2022-08-17 06:00:00+01:00,0.007454231381416321,0.007459346670657396,0.0074499547481536865,0.0074538420885801315,0.0074538420885801315,0
2022-08-17 07:00:00+01:00,0.007453731261193752,0.007454897742718458,0.007430247962474823,0.007439479697495699,0.007439479697495699,0
2022-08-17 08:00:00+01:00,0.007439590524882078,0.0074421376921236515,0.007415262516587973,0.007418837398290634,0.007418837398290634,0
2022-08-17 09:00:00+01:00,0.007418617606163025,0.007423905190080404,0.007412404287606478,0.007417627610266209,0.007417627610266209,0
2022-08-17 10:00:00+01:00,0.007417901884764433,0.007428316865116358,0.007415152620524168,0.007418948225677013,0.007418948225677013,0
2022-08-17 11:00:00+01:00,0.007418892811983824,0.0074217007495462894,0.007408614736050367,0.007409602403640747,0.007409602403640747,0
2022-08-17 12:00:00+01:00,0.007409547921270132,0.007412348873913288,0.00739644980058074,0.007398857269436121,0.007398857269436121,0
2022-08-17 13:00:00+01:00,0.007398857269436121,0.007407407276332378,0.007385796867311001,0.007401760201901197,0.007401760201901197,0
2022-08-17 14:00:00+01:00,0.00740165077149868,0.007412348873913288,0.007390819489955902,0.0073912013322114944,0.0073912013322114944,0
2022-08-17 15:00:00+01:00,0.007391256280243397,0.0073991864919662476,0.007381272502243519,0.007382143754512072,0.007382143754512072,0
2022-08-17 16:00:00+01:00,0.007382307667285204,0.007391529623419046,0.007380018942058086,0.007384160999208689,0.007384160999208689,0
2022-08-17 17:00:00+01:00,0.007384269963949919,0.007391529623419046,0.007381762843579054,0.007385524921119213,0.007385524921119213,0
2022-08-17 18:00:00+01:00,0.007385469973087311,0.007389344274997711,0.0073811085894703865,0.007384924683719873,0.007384924683719873,0
2022-08-17 19:00:00+01:00,0.007384869735687971,0.007420599926263094,0.007384378928691149,0.007405048701912165,0.007405048701912165,0
2022-08-17 20:00:00+01:00,0.00740510318428278,0.0074112508445978165,0.007403623312711716,0.007406309712678194,0.007406309712678194,0
2022-08-17 21:00:00+01:00,0.007406309712678194,0.007409383077174425,0.0074018146842718124,0.007404664997011423,0.007404664997011423,0
2022-08-17 22:00:00+01:00,0.007406365126371384,0.007409383077174425,0.007400829344987869,0.00740192411467433,0.00740192411467433,0
2022-08-17 23:00:00+01:00,0.007402417249977589,0.007405761629343033,0.007397489156574011,0.007403567899018526,0.007403567899018526,0
2022-08-18 00:00:00+01:00,0.007403458468616009,0.007412348873913288,0.007398255169391632,0.007409987039864063,0.007409987039864063,0
2022-08-18 01:00:00+01:00,0.007410042453557253,0.007423353381454945,0.007405816111713648,0.0074179572984576225,0.0074179572984576225,0
2022-08-18 02:00:00+01:00,0.007418123073875904,0.007422252092510462,0.0074089993722736835,0.007416197098791599,0.007416197098791599,0
2022-08-18 03:00:00+01:00,0.007416197098791599,0.007417847402393818,0.007408779114484787,0.007414547726511955,0.007414547726511955,0
2022-08-18 04:00:00+01:00,0.007414712104946375,0.007417847402393818,0.007402472663670778,0.007403842639178038,0.007403842639178038,0
2022-08-18 05:00:00+01:00,0.007403458468616009,0.007407407276332378,0.007399295922368765,0.0074033490382134914,0.0074033490382134914,0
2022-08-18 06:00:00+01:00,0.007403623312711716,0.007409602403640747,0.007393824402242899,0.007395738735795021,0.007395738735795021,0
2022-08-18 07:00:00+01:00,0.007395738735795021,0.007400280795991421,0.007383779156953096,0.007385196629911661,0.007385196629911661,0
2022-08-18 08:00:00+01:00,0.0073851426132023335,0.007401376497000456,0.007384815718978643,0.007391037885099649,0.007391037885099649,0
2022-08-18 09:00:00+01:00,0.007391256280243397,0.007400829344987869,0.0073895626701414585,0.007396121975034475,0.007396121975034475,0
2022-08-18 10:00:00+01:00,0.007396121975034475,0.007400829344987869,0.0073883612640202045,0.0073980912566185,0.0073980912566185,0
2022-08-18 11:00:00+01:00,0.007396833039820194,0.007403567899018526,0.007393551059067249,0.007395629305392504,0.007395629305392504,0
2022-08-18 12:00:00+01:00,0.007395629305392504,0.007421150337904692,0.007394644897431135,0.007418397348374128,0.007418397348374128,0
2022-08-18 13:00:00+01:00,0.0074180676601827145,0.007428316865116358,0.007399349939078093,0.0074113053269684315,0.0074113053269684315,0
2022-08-18 14:00:00+01:00,0.007411414757370949,0.007417296525090933,0.007404116913676262,0.0074071879498660564,0.0074071879498660564,0
2022-08-18 15:00:00+01:00,0.007407407276332378,0.00741015188395977,0.007395464926958084,0.007396230939775705,0.007396230939775705,0
2022-08-18 16:00:00+01:00,0.007396175991743803,0.007405213546007872,0.007388798985630274,0.007391529623419046,0.007391529623419046,0
2022-08-18 17:00:00+01:00,0.007391037885099649,0.007394261658191681,0.007369305472820997,0.007372565101832151,0.007372565101832151,0
2022-08-18 18:00:00+01:00,0.007372565101832151,0.00737408734858036,0.00735829770565033,0.00735851377248764,0.00735851377248764,0
2022-08-18 19:00:00+01:00,0.0073587847873568535,0.007363228127360344,0.007358405739068985,0.007358838804066181,0.007358838804066181,0
2022-08-18 20:00:00+01:00,0.0073587303049862385,0.00736268563196063,0.007358352188020945,0.007359434384852648,0.007359434384852648,0
2022-08-18 21:00:00+01:00,0.007359164301306009,0.007361059542745352,0.00735829770565033,0.007359056267887354,0.007359056267887354,0
2022-08-18 22:00:00+01:00,0.007359650917351246,0.007362143602222204,0.007359001319855452,0.007359976880252361,0.007359976880252361,0
2022-08-18 23:00:00+01:00,0.007360301446169615,0.00736377015709877,0.007358352188020945,0.007360680960118771,0.007360680960118771,0
2022-08-19 00:00:00+01:00,0.007358568720519543,0.007369739934802055,0.00735851377248764,0.007363499607890844,0.007363499607890844,0
2022-08-19 01:00:00+01:00,0.007364149671047926,0.007364313118159771,0.007332722190767527,0.007337887305766344,0.007337887305766344,0
2022-08-19 02:00:00+01:00,0.007338156923651695,0.007346459198743105,0.007334604859352112,0.007340095471590757,0.007340095471590757,0
2022-08-19 03:00:00+01:00,0.007339826785027981,0.007350779604166746,0.00733955716714263,0.007346998900175095,0.007346998900175095,0
2022-08-19 04:00:00+01:00,0.007346620783209801,0.007347538135945797,0.007335949689149857,0.007336488459259272,0.007336488459259272,0
2022-08-19 05:00:00+01:00,0.00733664957806468,0.007343761622905731,0.007334335707128048,0.007338372059166431,0.007338372059166431,0
2022-08-19 06:00:00+01:00,0.007338587194681168,0.007348078768700361,0.007336918730288744,0.007341981865465641,0.007341981865465641,0
2022-08-19 07:00:00+01:00,0.007342036347836256,0.007343761622905731,0.0073264907114207745,0.0073264907114207745,0.0073264907114207745,0
2022-08-19 08:00:00+01:00,0.007326704915612936,0.00733030354604125,0.007315877825021744,0.0073174298740923405,0.0073174298740923405,0
2022-08-19 09:00:00+01:00,0.007317483890801668,0.007332453038543463,0.007311865221709013,0.0073272958397865295,0.0073272958397865295,0
2022-08-19 10:00:00+01:00,0.0073271882720291615,0.007333528716117144,0.007319840136915445,0.007321770302951336,0.007321770302951336,0
2022-08-19 11:00:00+01:00,0.007321716286242008,0.007323861587792635,0.007305402774363756,0.007306469604372978,0.007306469604372978,0
2022-08-19 12:00:00+01:00,0.007306469604372978,0.007311010267585516,0.007291871123015881,0.007298045326024294,0.007298045326024294,0
2022-08-19 13:00:00+01:00,0.0072979386895895,0.007311010267585516,0.007295222952961922,0.00730871269479394,0.00730871269479394,0
2022-08-19 14:00:00+01:00,0.007308552041649818,0.007315289229154587,0.007294530980288982,0.007303961552679539,0.007303961552679539,0
2022-08-19 15:00:00+01:00,0.007303854916244745,0.0073083387687802315,0.007286983076483011,0.007292669732123613,0.007292669732123613,0
2022-08-19 16:00:00+01:00,0.007292616181075573,0.0073030018247663975,0.007288204971700907,0.007299270015209913,0.007299270015209913,0
2022-08-19 17:00:00+01:00,0.00729809794574976,0.007309407461434603,0.007297991309314966,0.007306042592972517,0.007306042592972517,0
2022-08-19 18:00:00+01:00,0.007306149695068598,0.007313684094697237,0.007304388098418713,0.007309888489544392,0.007309888489544392,0
2022-08-19 19:00:00+01:00,0.007309888489544392,0.007314753718674183,0.00730465492233634,0.007304975297302008,0.007304975297302008,0
2022-08-19 20:00:00+01:00,0.007304922211915255,0.007312079891562462,0.007304922211915255,0.007310476154088974,0.007310476154088974,0
2022-08-19 21:00:00+01:00,0.007310476154088974,0.007313148584216833,0.007299643475562334,0.00730465492233634,0.00730465492233634,0
2022-08-22 00:00:00+01:00,0.007299376651644707,0.007304602302610874,0.007295116316527128,0.0072981514967978,0.0072981514967978,0
2022-08-22 01:00:00+01:00,0.00729788513854146,0.007303535006940365,0.007284434977918863,0.007285602856427431,0.007285602856427431,0
2022-08-22 02:00:00+01:00,0.007284966297447681,0.007290224079042673,0.007278232369571924,0.007281571626663208,0.007281571626663208,0
2022-08-22 03:00:00+01:00,0.007281889207661152,0.007285974454134703,0.007276272866874933,0.007282896898686886,0.007282896898686886,0
2022-08-22 04:00:00+01:00,0.007283108774572611,0.007290224079042673,0.007280087098479271,0.0072865053080022335,0.0072865053080022335,0
2022-08-22 05:00:00+01:00,0.0072863465175032616,0.007295010145753622,0.007285284344106913,0.007286611013114452,0.007286611013114452,0
2022-08-22 06:00:00+01:00,0.00728645222261548,0.007292882539331913,0.007283851969987154,0.007285974454134703,0.007285974454134703,0
2022-08-22 07:00:00+01:00,0.007284010760486126,0.0073051354847848415,0.007283003069460392,0.0072960746474564075,0.0072960746474564075,0
2022-08-22 08:00:00+01:00,0.007295914925634861,0.007313148584216833,0.007295755669474602,0.007307698018848896,0.007307698018848896,0
2022-08-22 09:00:00+01:00,0.007307751104235649,0.007316894829273224,0.007300442550331354,0.007302894722670317,0.007302894722670317,0
2022-08-22 10:00:00+01:00,0.007302948273718357,0.007314218673855066,0.0072987377643585205,0.007311598397791386,0.007311598397791386,0
2022-08-22 11:00:00+01:00,0.00731181213632226,0.007313148584216833,0.007295755669474602,0.0072975121438503265,0.0072975121438503265,0
2022-08-22 12:00:00+01:00,0.007297565694898367,0.007306203246116638,0.00729383947327733,0.007300335913896561,0.007300335913896561,0
2022-08-22 13:00:00+01:00,0.007300335913896561,0.007301401346921921,0.007286080624908209,0.007289745379239321,0.007289745379239321,0
2022-08-22 14:00:00+01:00,0.007289692759513855,0.007299802731722593,0.007279927842319012,0.007280669640749693,0.007280669640749693,0
2022-08-22 15:00:00+01:00,0.007280193269252777,0.007293413858860731,0.007279079873114824,0.007289426866918802,0.007289426866918802,0
2022-08-22 16:00:00+01:00,0.007289426866918802,0.007291818503290415,0.007264749146997929,0.00726902624592185,0.00726902624592185,0
2022-08-22 17:00:00+01:00,0.00726902624592185,0.007281729951500893,0.007268128450959921,0.0072752139531075954,0.0072752139531075954,0
2022-08-22 18:00:00+01:00,0.00727516133338213,0.007282259874045849,0.007272780407220125,0.007275955285876989,0.007275955285876989,0
2022-08-22 19:00:00+01:00,0.007275796495378017,0.007280139718204737,0.007270929403603077,0.007271775044500828,0.007271775044500828,0
2022-08-22 20:00:00+01:00,0.007271616719663143,0.007280669640749693,0.007271511014550924,0.007275796495378017,0.007275796495378017,0
2022-08-22 21:00:00+01:00,0.007275743875652552,0.007276590447872877,0.00727119343355298,0.0072748432867228985,0.0072748432867228985,0
2022-08-22 22:00:00+01:00,0.007276590447872877,0.007278390694409609,0.007272304501384497,0.007272674236446619,0.007272674236446619,0
2022-08-22 23:00:00+01:00,0.007273361552506685,0.007277490571141243,0.007271352224051952,0.007275743875652552,0.007275743875652552,0
2022-08-23 00:00:00+01:00,0.00727516133338213,0.007277490571141243,0.007266754750162363,0.007268762681633234,0.007268762681633234,0
2022-08-23 01:00:00+01:00,0.0072688148356974125,0.007290224079042673,0.007261794991791248,0.007286134175956249,0.007286134175956249,0
2022-08-23 02:00:00+01:00,0.007286240346729755,0.0072939456440508366,0.0072797685861587524,0.007292191032320261,0.007292191032320261,0
2022-08-23 03:00:00+01:00,0.007291871123015881,0.0072966068983078,0.00728395814076066,0.007284328807145357,0.007284328807145357,0
2022-08-23 04:00:00+01:00,0.007284434977918863,0.007291287183761597,0.0072814119048416615,0.007288630120456219,0.007288630120456219,0
2022-08-23 05:00:00+01:00,0.007288417313247919,0.007295010145753622,0.007283692713826895,0.007284010760486126,0.007284010760486126,0
2022-08-23 06:00:00+01:00,0.00728395814076066,0.007291287183761597,0.007281677331775427,0.007284116931259632,0.007284116931259632,0
2022-08-23 07:00:00+01:00,0.007284010760486126,0.007294478360563517,0.007276855409145355,0.0072916061617434025,0.0072916061617434025,0
2022-08-23 08:00:00+01:00,0.007291871123015881,0.007298204582184553,0.007283427286893129,0.007284753955900669,0.007284753955900669,0
2022-08-23 09:00:00+01:00,0.00728459469974041,0.007291287183761597,0.007281624246388674,0.007287992164492607,0.007287992164492607,0
2022-08-23 10:00:00+01:00,0.007288098335266113,0.0072891609743237495,0.007277119439095259,0.007280139718204737,0.007280139718204737,0
2022-08-23 11:00:00+01:00,0.007279927842319012,0.007283321116119623,0.007270189002156258,0.007275743875652552,0.007275743875652552,0
2022-08-23 12:00:00+01:00,0.007275531534105539,0.0072865053080022335,0.0072748963721096516,0.007279715966433287,0.007279715966433287,0
2022-08-23 13:00:00+01:00,0.007279504090547562,0.007283321116119623,0.007265065796673298,0.007271669339388609,0.007271669339388609,0
2022-08-23 14:00:00+01:00,0.007271722424775362,0.007319036405533552,0.007266438100486994,0.007309781387448311,0.007309781387448311,0
2022-08-23 15:00:00+01:00,0.007310048211365938,0.007364855147898197,0.007309407461434603,0.007338911294937134,0.007338911294937134,0
2022-08-23 16:00:00+01:00,0.007338856812566519,0.007355104200541973,0.007331539411097765,0.007333314046263695,0.007333314046263695,0
2022-08-23 17:00:00+01:00,0.007333151996135712,0.0073362188413739204,0.007327456492930651,0.007329443469643593,0.007329443469643593,0
2022-08-23 18:00:00+01:00,0.0073294974863529205,0.00733191566541791,0.007306256331503391,0.007310689892619848,0.007310689892619848,0
2022-08-23 19:00:00+01:00,0.0073106358759105206,0.007316894829273224,0.0073053487576544285,0.0073053487576544285,0.0073053487576544285,0
2022-08-23 20:00:00+01:00,0.007305562030524015,0.007313148584216833,0.0073053487576544285,0.007310208864510059,0.007310208864510059,0
2022-08-23 21:00:00+01:00,0.007309995125979185,0.007314753718674183,0.007308552041649818,0.007312079891562462,0.007312079891562462,0
2022-08-23 22:00:00+01:00,0.0073126680217683315,0.007315289229154587,0.007311010267585516,0.007314646616578102,0.007314646616578102,0
2022-08-23 23:00:00+01:00,0.00731470063328743,0.007320108357816935,0.007312934845685959,0.007319036405533552,0.007319036405533552,0
2022-08-24 00:00:00+01:00,0.0073196799494326115,0.0073206438682973385,0.007307377178221941,0.007313148584216833,0.007313148584216833,0
2022-08-24 01:00:00+01:00,0.00731309549883008,0.007319036405533552,0.007302094716578722,0.00730465492233634,0.00730465492233634,0
2022-08-24 02:00:00+01:00,0.00730465492233634,0.007313148584216833,0.00729708606377244,0.007307805120944977,0.007307805120944977,0
2022-08-24 03:00:00+01:00,0.007307537831366062,0.007313148584216833,0.007301722187548876,0.007304602302610874,0.007304602302610874,0
2022-08-24 04:00:00+01:00,0.00730465492233634,0.007312079891562462,0.007303694728761911,0.0073097278364002705,0.0073097278364002705,0
2022-08-24 05:00:00+01:00,0.007309941574931145,0.007335142698138952,0.007307964842766523,0.007327081169933081,0.007327081169933081,0
2022-08-24 06:00:00+01:00,0.007326759397983551,0.007334066554903984,0.007317590992897749,0.007318394258618355,0.007318394258618355,0
2022-08-24 07:00:00+01:00,0.007318233139812946,0.007321180310100317,0.007310422603040934,0.007317965850234032,0.007317965850234032,0
2022-08-24 08:00:00+01:00,0.007317965850234032,0.0073265437968075275,0.007307163905352354,0.007323485799133778,0.007323485799133778,0
2022-08-24 09:00:00+01:00,0.007323592901229858,0.00733191566541791,0.007322948891669512,0.0073283156380057335,0.0073283156380057335,0
2022-08-24 10:00:00+01:00,0.007328208535909653,0.007344840560108423,0.007326329126954079,0.007327779196202755,0.007327779196202755,0
2022-08-24 11:00:00+01:00,0.007327779196202755,0.007333528716117144,0.007310208864510059,0.007311544846743345,0.007311544846743345,0
2022-08-24 12:00:00+01:00,0.007311491761356592,0.007319572847336531,0.007306362967938185,0.007314432878047228,0.007314432878047228,0
2022-08-24 13:00:00+01:00,0.007314486429095268,0.007324397563934326,0.0072983643040061,0.007306630257517099,0.007306630257517099,0
2022-08-24 14:00:00+01:00,0.007306790444999933,0.007309941574931145,0.007290170527994633,0.00729383947327733,0.00729383947327733,0
2022-08-24 15:00:00+01:00,0.007293999195098877,0.007316359784454107,0.007286292966455221,0.007311972789466381,0.007311972789466381,0
2022-08-24 16:00:00+01:00,0.007311705499887466,0.007315289229154587,0.007301401346921921,0.007303108461201191,0.007303108461201191,0
2022-08-24 17:00:00+01:00,0.007303108461201191,0.0073051354847848415,0.0072916061617434025,0.007295435760170221,0.007295435760170221,0
2022-08-24 18:00:00+01:00,0.007295382674783468,0.007300868630409241,0.007291712332516909,0.007296021096408367,0.007296021096408367,0
2022-08-24 19:00:00+01:00,0.007295968476682901,0.007300335913896561,0.007293626666069031,0.007294478360563517,0.007294478360563517,0
2022-08-24 20:00:00+01:00,0.007294530980288982,0.007298204582184553,0.0072880457155406475,0.0072939456440508366,0.0072939456440508366,0
2022-08-24 21:00:00+01:00,0.007293999195098877,0.007297140080481768,0.007290754932910204,0.007295010145753622,0.007295010145753622,0
2022-08-24 22:00:00+01:00,0.007294850889593363,0.007299216464161873,0.007291287183761597,0.0072939456440508366,0.0072939456440508366,0
2022-08-24 23:00:00+01:00,0.007293574046343565,0.0073019349947571754,0.007293520495295525,0.0072958082892000675,0.0072958082892000675,0
2022-08-25 00:00:00+01:00,0.007294850889593363,0.007299270015209913,0.007291712332516909,0.00729410583153367,0.00729410583153367,0
2022-08-25 01:00:00+01:00,0.007294212002307177,0.007314218673855066,0.007288576569408178,0.007302628364413977,0.007302628364413977,0
2022-08-25 02:00:00+01:00,0.007302788086235523,0.007322788704186678,0.0073000164702534676,0.007314807269722223,0.007314807269722223,0
2022-08-25 03:00:00+01:00,0.007314807269722223,0.007316894829273224,0.0073083387687802315,0.0073091937229037285,0.0073091937229037285,0
2022-08-25 04:00:00+01:00,0.007308765780180693,0.007314753718674183,0.007306897081434727,0.007309300359338522,0.007309300359338522,0
2022-08-25 05:00:00+01:00,0.0073091937229037285,0.007321716286242008,0.007307377178221941,0.007317376788705587,0.007317376788705587,0
2022-08-25 06:00:00+01:00,0.00731732277199626,0.0073265437968075275,0.00731304194778204,0.007316145114600658,0.007316145114600658,0
2022-08-25 07:00:00+01:00,0.007315930910408497,0.00733030354604125,0.007310368586331606,0.0073174298740923405,0.0073174298740923405,0
2022-08-25 08:00:00+01:00,0.007317376788705587,0.007332453038543463,0.007315877825021744,0.007326812483370304,0.007326812483370304,0
2022-08-25 09:00:00+01:00,0.007326812483370304,0.0073329913429915905,0.007320590782910585,0.00732740294188261,0.00732740294188261,0
2022-08-25 10:00:00+01:00,0.007327348925173283,0.007337295915931463,0.00732343178242445,0.007328691892325878,0.007328691892325878,0
2022-08-25 11:00:00+01:00,0.00732826255261898,0.007330840453505516,0.007322520483285189,0.007324290461838245,0.007324290461838245,0
2022-08-25 12:00:00+01:00,0.007324236445128918,0.007336757145822048,0.0073210191912949085,0.007331485860049725,0.007331485860049725,0
2022-08-25 13:00:00+01:00,0.007331271190196276,0.007334066554903984,0.007307805120944977,0.007316573988646269,0.007316573988646269,0
2022-08-25 14:00:00+01:00,0.00731641286984086,0.0073206438682973385,0.007301668170839548,0.007304868660867214,0.007304868660867214,0
2022-08-25 15:00:00+01:00,0.007304815575480461,0.0073206438682973385,0.007301722187548876,0.00731539586558938,0.00731539586558938,0
2022-08-25 16:00:00+01:00,0.007314325775951147,0.007321716286242008,0.007307644467800856,0.007307964842766523,0.007307964842766523,0
2022-08-25 17:00:00+01:00,0.007308018393814564,0.0073206438682973385,0.007305081933736801,0.007318501360714436,0.007318501360714436,0
2022-08-25 18:00:00+01:00,0.007318447344005108,0.0073329913429915905,0.007317536976188421,0.007328100968152285,0.007328100968152285,0
2022-08-25 19:00:00+01:00,0.007328100968152285,0.007331378757953644,0.007322895806282759,0.0073287454433739185,0.0073287454433739185,0
2022-08-25 20:00:00+01:00,0.0073286378756165504,0.007329766638576984,0.00732311001047492,0.007325309794396162,0.007325309794396162,0
2022-08-25 21:00:00+01:00,0.007325202226638794,0.007329605054110289,0.007323378697037697,0.007329336367547512,0.007329336367547512,0
2022-08-25 22:00:00+01:00,0.007328691892325878,0.007329336367547512,0.007323324680328369,0.0073272958397865295,0.0073272958397865295,0
2022-08-25 23:00:00+01:00,0.007327510509639978,0.007331378757953644,0.007324236445128918,0.007327081169933081,0.007327081169933081,0
2022-08-26 00:00:00+01:00,0.007325578015297651,0.0073265437968075275,0.007319411728531122,0.007322788704186678,0.007322788704186678,0
2022-08-26 01:00:00+01:00,0.00732273468747735,0.007327617611736059,0.0073129888623952866,0.007315930910408497,0.007315930910408497,0
2022-08-26 02:00:00+01:00,0.0073159849271178246,0.007321180310100317,0.0073109036311507225,0.007312614470720291,0.007312614470720291,0
2022-08-26 03:00:00+01:00,0.0073126680217683315,0.007315823808312416,0.007310315500944853,0.007314325775951147,0.007314325775951147,0
2022-08-26 04:00:00+01:00,0.007314218673855066,0.007319036405533552,0.007312934845685959,0.007317751180380583,0.007317751180380583,0
2022-08-26 05:00:00+01:00,0.007317644078284502,0.007319036405533552,0.007307857740670443,0.007307964842766523,0.007307964842766523,0
2022-08-26 06:00:00+01:00,0.0073083387687802315,0.007314753718674183,0.0073051354847848415,0.007306576240807772,0.007306576240807772,0
2022-08-26 07:00:00+01:00,0.007306576240807772,0.007309407461434603,0.007294903509318829,0.007298045326024294,0.007298045326024294,0
2022-08-26 08:00:00+01:00,0.007297832053154707,0.0073030018247663975,0.007292510010302067,0.00729809794574976,0.00729809794574976,0
2022-08-26 09:00:00+01:00,0.0072979386895895,0.007307805120944977,0.007296767085790634,0.007303801830857992,0.007303801830857992,0
2022-08-26 10:00:00+01:00,0.007304068189114332,0.007311010267585516,0.0073014553636312485,0.00730550941079855,0.00730550941079855,0
2022-08-26 11:00:00+01:00,0.00730577576905489,0.007307805120944977,0.0073019880801439285,0.007304121740162373,0.007304121740162373,0
2022-08-26 12:00:00+01:00,0.007304174825549126,0.007307805120944977,0.007296926341950893,0.007300442550331354,0.007300442550331354,0
2022-08-26 13:00:00+01:00,0.007300442550331354,0.007327081169933081,0.00729809794574976,0.007316680625081062,0.007316680625081062,0
2022-08-26 14:00:00+01:00,0.00731641286984086,0.00733030354604125,0.007310208864510059,0.00731534231454134,0.00731534231454134,0
2022-08-26 15:00:00+01:00,0.007315448950976133,0.007342844735831022,0.007280934602022171,0.007283374667167664,0.007283374667167664,0
2022-08-26 16:00:00+01:00,0.007283374667167664,0.007305669132620096,0.00727516133338213,0.0072955419309437275,0.0072955419309437275,0
2022-08-26 17:00:00+01:00,0.007295329123735428,0.0072987377643585205,0.007279610261321068,0.007281624246388674,0.007281624246388674,0
2022-08-26 18:00:00+01:00,0.007281518075615168,0.007285444065928459,0.0072748432867228985,0.007281624246388674,0.007281624246388674,0
2022-08-26 19:00:00+01:00,0.007281306199729443,0.007285444065928459,0.00727701373398304,0.007278867997229099,0.007278867997229099,0
2022-08-26 20:00:00+01:00,0.007278973702341318,0.007281200028955936,0.0072735208086669445,0.007275531534105539,0.007275531534105539,0
2022-08-26 21:00:00+01:00,0.007275373209267855,0.007280139718204737,0.007270929403603077,0.007272093091160059,0.007272093091160059,0
2022-08-29 00:00:00+01:00,0.007253104820847511,0.007257947698235512,0.007235105149447918,0.007238037418574095,0.007238037418574095,0
2022-08-29 01:00:00+01:00,0.007237984798848629,0.007243752013891935,0.0072256941348314285,0.007226373068988323,0.007226373068988323,0
2022-08-29 02:00:00+01:00,0.007226529996842146,0.007234842982143164,0.0072153713554143906,0.00721969548612833,0.00721969548612833,0
2022-08-29 03:00:00+01:00,0.007219851482659578,0.007227000314742327,0.007211937569081783,0.007222407031804323,0.007222407031804323,0
2022-08-29 04:00:00+01:00,0.007222458720207214,0.0072243898175656796,0.0072112614288926125,0.007216048426926136,0.007216048426926136,0
2022-08-29 05:00:00+01:00,0.007216048426926136,0.0072191739454865456,0.007199786603450775,0.007200979627668858,0.007200979627668858,0
2022-08-29 06:00:00+01:00,0.007201290689408779,0.007208246272057295,0.007194140926003456,0.0072040921077132225,0.0072040921077132225,0
2022-08-29 07:00:00+01:00,0.007203728426247835,0.007213966455310583,0.007202016189694405,0.007205285597592592,0.007205285597592592,0
2022-08-29 08:00:00+01:00,0.007205181755125523,0.007214486598968506,0.007199112791568041,0.007209805306047201,0.007209805306047201,0
2022-08-29 09:00:00+01:00,0.007209856994450092,0.007213966455310583,0.0072011868469417095,0.007209805306047201,0.007209805306047201,0
2022-08-29 10:00:00+01:00,0.007209389936178923,0.007218652870506048,0.007207363378256559,0.007215319667011499,0.007215319667011499,0
2022-08-29 11:00:00+01:00,0.007215163204818964,0.0072290897369384766,0.00721313338726759,0.007219539023935795,0.007219539023935795,0
2022-08-29 12:00:00+01:00,0.007219643332064152,0.007222302258014679,0.0072121452540159225,0.007216204889118671,0.007216204889118671,0
2022-08-29 13:00:00+01:00,0.007216204889118671,0.007233796175569296,0.007209856994450092,0.007220008410513401,0.007220008410513401,0
2022-08-29 14:00:00+01:00,0.007220112252980471,0.007228044327348471,0.007214539218693972,0.0072204251773655415,0.0072204251773655415,0
2022-08-29 15:00:00+01:00,0.0072204251773655415,0.007230657618492842,0.007206064648926258,0.007208090275526047,0.007208090275526047,0
2022-08-29 16:00:00+01:00,0.007208090275526047,0.007217090111225843,0.007202120032161474,0.00720751890912652,0.00720751890912652,0
2022-08-29 17:00:00+01:00,0.00720751890912652,0.007211365271359682,0.007201808970421553,0.007208090275526047,0.007208090275526047,0
2022-08-29 18:00:00+01:00,0.007208038587123156,0.007213966455310583,0.0072061168029904366,0.007206428330391645,0.007206428330391645,0
2022-08-29 19:00:00+01:00,0.007206636015325785,0.007209805306047201,0.007200512569397688,0.007203832268714905,0.007203832268714905,0
2022-08-29 20:00:00+01:00,0.007203781045973301,0.007211365271359682,0.007203417364507914,0.007209960836917162,0.007209960836917162,0
2022-08-29 21:00:00+01:00,0.007209753151983023,0.007212405558675528,0.007207050919532776,0.007209233473986387,0.007209233473986387,0
2022-08-29 22:00:00+01:00,0.007210169453173876,0.007216569036245346,0.007207934744656086,0.007209805306047201,0.007209805306047201,0
2022-08-29 23:00:00+01:00,0.007209389936178923,0.007213445380330086,0.007205805275589228,0.007210324984043837,0.007210324984043837,0
2022-08-30 00:00:00+01:00,0.007209805306047201,0.0072176107205450535,0.00720637571066618,0.007212717551738024,0.007212717551738024,0
2022-08-30 01:00:00+01:00,0.007212717551738024,0.007224911358207464,0.007211208809167147,0.007220633327960968,0.007220633327960968,0
2022-08-30 02:00:00+01:00,0.007220581639558077,0.007228044327348471,0.0072121452540159225,0.007214902900159359,0.007214902900159359,0
2022-08-30 03:00:00+01:00,0.007215059362351894,0.007218652870506048,0.007211001124233007,0.007216464728116989,0.007216464728116989,0
2022-08-30 04:00:00+01:00,0.007216517347842455,0.007221780717372894,0.007213966455310583,0.007216569036245346,0.007216569036245346,0
2022-08-30 05:00:00+01:00,0.0072163608856499195,0.007229612208902836,0.00721521582454443,0.007220998406410217,0.007220998406410217,0
2022-08-30 06:00:00+01:00,0.007220998406410217,0.007227522321045399,0.007219955790787935,0.00722157210111618,0.00722157210111618,0
2022-08-30 07:00:00+01:00,0.007221468258649111,0.007224911358207464,0.007211833260953426,0.007221415638923645,0.007221415638923645,0
2022-08-30 08:00:00+01:00,0.007221311330795288,0.0072259558364748955,0.0072129773907363415,0.007222563028335571,0.007222563028335571,0
2022-08-30 09:00:00+01:00,0.007222667336463928,0.00724060507491231,0.007222302258014679,0.007231755647808313,0.007231755647808313,0
2022-08-30 10:00:00+01:00,0.007231755647808313,0.007235890254378319,0.007226112764328718,0.00722846295684576,0.00722846295684576,0
2022-08-30 11:00:00+01:00,0.007228567264974117,0.007235890254378319,0.007226529996842146,0.007233115844428539,0.007233115844428539,0
2022-08-30 12:00:00+01:00,0.007233115844428539,0.007245326414704323,0.0072323838248848915,0.007235995028167963,0.007235995028167963,0
2022-08-30 13:00:00+01:00,0.007235995028167963,0.007237984798848629,0.007220163941383362,0.007220581639558077,0.007220581639558077,0
2022-08-30 14:00:00+01:00,0.007220685947686434,0.007239033002406359,0.007217037957161665,0.007226164452731609,0.007226164452731609,0
2022-08-30 15:00:00+01:00,0.007226321380585432,0.007227522321045399,0.007190106436610222,0.007200149819254875,0.007200149819254875,0
2022-08-30 16:00:00+01:00,0.007200201973319054,0.007216048426926136,0.007196522783488035,0.0072083501145243645,0.0072083501145243645,0
2022-08-30 17:00:00+01:00,0.007208453956991434,0.007213966455310583,0.007206012960523367,0.0072102732956409454,0.0072102732956409454,0
2022-08-30 18:00:00+01:00,0.007210377603769302,0.00721292570233345,0.00720616802573204,0.007207571063190699,0.007207571063190699,0
2022-08-30 19:00:00+01:00,0.00720751890912652,0.007216048426926136,0.007207311224192381,0.007212196942418814,0.007212196942418814,0
2022-08-30 20:00:00+01:00,0.007212249096482992,0.007214486598968506,0.007204663008451462,0.007208505645394325,0.007208505645394325,0
2022-08-30 21:00:00+01:00,0.007208505645394325,0.007210324984043837,0.007203781045973301,0.0072050257585942745,0.0072050257585942745,0
2022-08-30 22:00:00+01:00,0.00720544159412384,0.007210689131170511,0.007204610854387283,0.007207103539258242,0.007207103539258242,0
2022-08-30 23:00:00+01:00,0.007206636015325785,0.00720876595005393,0.007204559165984392,0.007205856963992119,0.007205856963992119,0
2022-08-31 00:00:00+01:00,0.007205234374850988,0.007211365271359682,0.007202276028692722,0.007206688169389963,0.007206688169389963,0
2022-08-31 01:00:00+01:00,0.007206843234598637,0.007224911358207464,0.007204870693385601,0.007213549688458443,0.007213549688458443,0
2022-08-31 02:00:00+01:00,0.0072134980000555515,0.007222824264317751,0.007212353404611349,0.007217350881546736,0.007217350881546736,0
2022-08-31 03:00:00+01:00,0.0072171944193542,0.0072259558364748955,0.007215059362351894,0.007219382096081972,0.007219382096081972,0
2022-08-31 04:00:00+01:00,0.0072191739454865456,0.007223345804959536,0.0072137583047151566,0.00721521582454443,0.00721521582454443,0
2022-08-31 05:00:00+01:00,0.007215163204818964,0.007230657618492842,0.007213809993118048,0.007222197949886322,0.007222197949886322,0
2022-08-31 06:00:00+01:00,0.007221885025501251,0.007228567264974117,0.007220841944217682,0.007224598433822393,0.007224598433822393,0
2022-08-31 07:00:00+01:00,0.007224441505968571,0.007232750300318003,0.007218757178634405,0.00722997821867466,0.00722997821867466,0
2022-08-31 08:00:00+01:00,0.00722997821867466,0.007233796175569296,0.007214643061161041,0.007214851211756468,0.007214851211756468,0
2022-08-31 09:00:00+01:00,0.007215163204818964,0.007220216561108828,0.00720564927905798,0.007216101046651602,0.007216101046651602,0
2022-08-31 10:00:00+01:00,0.007215892896056175,0.007217090111225843,0.007202224340289831,0.007202950306236744,0.007202950306236744,0
2022-08-31 11:00:00+01:00,0.007203002460300922,0.007210324984043837,0.0071996827609837055,0.007208558265119791,0.007208558265119791,0
2022-08-31 12:00:00+01:00,0.007208609487861395,0.007213966455310583,0.007204766850918531,0.00720725953578949,0.00720725953578949,0
2022-08-31 13:00:00+01:00,0.00720725953578949,0.007223345804959536,0.007205909118056297,0.007215527817606926,0.007215527817606926,0
2022-08-31 14:00:00+01:00,0.00721521582454443,0.007222302258014679,0.007201861124485731,0.00720544159412384,0.00720544159412384,0
2022-08-31 15:00:00+01:00,0.00720544159412384,0.0072243898175656796,0.007202120032161474,0.007213914301246405,0.007213914301246405,0
2022-08-31 16:00:00+01:00,0.0072137583047151566,0.007220216561108828,0.007207674905657768,0.007210533134639263,0.007210533134639263,0
2022-08-31 17:00:00+01:00,0.0072095454670488834,0.00721292570233345,0.007207050919532776,0.007209389936178923,0.007209389936178923,0
2022-08-31 18:00:00+01:00,0.007209389936178923,0.007210845593363047,0.007204403169453144,0.007206688169389963,0.007206688169389963,0
2022-08-31 19:00:00+01:00,0.007206479553133249,0.007214486598968506,0.007205909118056297,0.00720876595005393,0.00720876595005393,0
2022-08-31 20:00:00+01:00,0.0072083501145243645,0.007211365271359682,0.007196677848696709,0.007198542822152376,0.007198542822152376,0
2022-08-31 21:00:00+01:00,0.007198802195489407,0.007200979627668858,0.007194037549197674,0.007196470629423857,0.007196470629423857,0
2022-08-31 22:00:00+01:00,0.007196781225502491,0.007208246272057295,0.0071893311105668545,0.007190881762653589,0.007190881762653589,0
2022-08-31 23:00:00+01:00,0.007190675009042025,0.007194762118160725,0.007187057286500931,0.007192382123321295,0.007192382123321295,0
2022-09-01 00:00:00+01:00,0.007190261501818895,0.007191657554358244,0.007171337492763996,0.007177256979048252,0.007177256979048252,0
2022-09-01 01:00:00+01:00,0.007177205290645361,0.007180813234299421,0.007164144888520241,0.0071698459796607494,0.0071698459796607494,0
2022-09-01 02:00:00+01:00,0.007169743534177542,0.007177205290645361,0.007160092703998089,0.007168355863541365,0.007168355863541365,0
2022-09-01 03:00:00+01:00,0.0071684070862829685,0.007173601537942886,0.007166147232055664,0.007169229444116354,0.007169229444116354,0
2022-09-01 04:00:00+01:00,0.0071691786870360374,0.007172057870775461,0.007162092719227076,0.007167379837483168,0.007167379837483168,0
2022-09-01 05:00:00+01:00,0.0071673281490802765,0.007171543315052986,0.00716460682451725,0.007168253418058157,0.007168253418058157,0
2022-09-01 06:00:00+01:00,0.007168253418058157,0.007180296815931797,0.007167688105255365,0.0071768444031476974,0.0071768444031476974,0
2022-09-01 07:00:00+01:00,0.007177051156759262,0.007181328721344471,0.007170874625444412,0.00717529933899641,0.00717529933899641,0
2022-09-01 08:00:00+01:00,0.007174990605562925,0.007188555784523487,0.007172263693064451,0.007180296815931797,0.007180296815931797,0
2022-09-01 09:00:00+01:00,0.007179936859756708,0.007191140670329332,0.007176277693361044,0.007183185312896967,0.007183185312896967,0
2022-09-01 10:00:00+01:00,0.00718297902494669,0.007192692253738642,0.007180193904787302,0.007186644244939089,0.007186644244939089,0
2022-09-01 11:00:00+01:00,0.007186644244939089,0.007190106436610222,0.007175248581916094,0.00717885373160243,0.00717885373160243,0
2022-09-01 12:00:00+01:00,0.007179008796811104,0.007187522016465664,0.007175917737185955,0.00718246353790164,0.00718246353790164,0
2022-09-01 13:00:00+01:00,0.007182669825851917,0.007185972761362791,0.0071581448428332806,0.007165634073317051,0.007165634073317051,0
2022-09-01 14:00:00+01:00,0.007165634073317051,0.007175660226494074,0.007162348832935095,0.00716897239908576,0.00716897239908576,0
2022-09-01 15:00:00+01:00,0.007169075310230255,0.007169229444116354,0.007131497375667095,0.007140561938285828,0.007140561938285828,0
2022-09-01 16:00:00+01:00,0.007140459958463907,0.007152564357966185,0.007140204776078463,0.0071465326473116875,0.0071465326473116875,0
2022-09-01 17:00:00+01:00,0.007146787829697132,0.007151030004024506,0.007140306755900383,0.007140561938285828,0.007140561938285828,0
2022-09-01 18:00:00+01:00,0.007140561938285828,0.007144898176193237,0.007135263178497553,0.007142092101275921,0.007142092101275921,0
2022-09-01 19:00:00+01:00,0.00714214239269495,0.007147451862692833,0.007131142076104879,0.0071313451044261456,0.0071313451044261456,0
2022-09-01 20:00:00+01:00,0.007131395861506462,0.007140306755900383,0.007131142076104879,0.007132616359740496,0.007132616359740496,0
2022-09-01 21:00:00+01:00,0.007132718339562416,0.007135721389204264,0.007131395861506462,0.007132819853723049,0.007132819853723049,0
2022-09-01 22:00:00+01:00,0.00713276956230402,0.007137911394238472,0.0071310908533632755,0.0071326675824820995,0.0071326675824820995,0
2022-09-01 23:00:00+01:00,0.0071317520923912525,0.007136740256100893,0.007131040096282959,0.0071335830725729465,0.0071335830725729465,0
2022-09-02 00:00:00+01:00,0.007133329287171364,0.0071423472836613655,0.007129006553441286,0.007138625252991915,0.007138625252991915,0
2022-09-02 01:00:00+01:00,0.007138625252991915,0.007151030004024506,0.007136485073715448,0.007138676010072231,0.007138676010072231,0
2022-09-02 02:00:00+01:00,0.007138676010072231,0.007147451862692833,0.007135059684514999,0.007136281579732895,0.007136281579732895,0
2022-09-02 03:00:00+01:00,0.007136281579732895,0.007141327019780874,0.007132514845579863,0.007136180065572262,0.007136180065572262,0
2022-09-02 04:00:00+01:00,0.007135924883186817,0.007139286957681179,0.00713317608460784,0.007135110907256603,0.007135110907256603,0
2022-09-02 05:00:00+01:00,0.0071351611986756325,0.007137758657336235,0.007122507318854332,0.007126059848815203,0.007126059848815203,0
2022-09-02 06:00:00+01:00,0.007125552278012037,0.007130633108317852,0.00712301442399621,0.0071257553063333035,0.0071257553063333035,0
2022-09-02 07:00:00+01:00,0.007125805597752333,0.007133685518056154,0.007120833266526461,0.007129820063710213,0.007129820063710213,0
2022-09-02 08:00:00+01:00,0.007129718083888292,0.00713724922388792,0.007127330172806978,0.007130277808755636,0.007130277808755636,0
2022-09-02 09:00:00+01:00,0.007130633108317852,0.007132158614695072,0.0071257553063333035,0.00712590804323554,0.00712590804323554,0
2022-09-02 10:00:00+01:00,0.00712595833465457,0.007129108067601919,0.007122152019292116,0.007123775780200958,0.007123775780200958,0
2022-09-02 11:00:00+01:00,0.007123724557459354,0.007130633108317852,0.007122912909835577,0.007126720156520605,0.007126720156520605,0
2022-09-02 12:00:00+01:00,0.007126821670681238,0.007129616569727659,0.007118045352399349,0.007120732218027115,0.007120732218027115,0
2022-09-02 13:00:00+01:00,0.007120680995285511,0.007146941032260656,0.0071022226475179195,0.0071134380996227264,0.0071134380996227264,0
2022-09-02 14:00:00+01:00,0.007113741710782051,0.007144387811422348,0.007107926532626152,0.0071360268630087376,0.0071360268630087376,0
2022-09-02 15:00:00+01:00,0.007135976105928421,0.007146430667489767,0.007131599821150303,0.0071428571827709675,0.0071428571827709675,0
2022-09-02 16:00:00+01:00,0.00714107183739543,0.00714898481965065,0.007129616569727659,0.007140306755900383,0.007140306755900383,0
2022-09-02 17:00:00+01:00,0.007140561938285828,0.0071428571827709675,0.007129260804504156,0.007131142076104879,0.007131142076104879,0
2022-09-02 18:00:00+01:00,0.0071310908533632755,0.007141327019780874,0.007129870355129242,0.007137096021324396,0.007137096021324396,0
2022-09-02 19:00:00+01:00,0.007137096021324396,0.007140306755900383,0.00713567016646266,0.007136587053537369,0.007136587053537369,0
2022-09-02 20:00:00+01:00,0.007136587053537369,0.007139286957681179,0.007126465905457735,0.0071304296143352985,0.0071304296143352985,0
2022-09-02 21:00:00+01:00,0.0071304296143352985,0.007136230356991291,0.007130226586014032,0.00713551789522171,0.00713551789522171,0
2022-09-02 22:00:00+01:00,0.0071341427974402905,0.007135110907256603,0.0071341427974402905,0.007135110907256603,0.007135110907256603,0
2022-09-05 00:00:00+01:00,0.007126059848815203,0.007128091994673014,0.007114905398339033,0.007115563843399286,0.007115563843399286,0
2022-09-05 01:00:00+01:00,0.007115462329238653,0.007130124606192112,0.007114602252840996,0.007127177435904741,0.007127177435904741,0
2022-09-05 02:00:00+01:00,0.007127177435904741,0.007138268556445837,0.007126262877136469,0.007134550716727972,0.007134550716727972,0
2022-09-05 03:00:00+01:00,0.007134499493986368,0.007138268556445837,0.00712448637932539,0.007128091994673014,0.007128091994673014,0
2022-09-05 04:00:00+01:00,0.007127990014851093,0.007131650112569332,0.0071251969784498215,0.007125247735530138,0.007125247735530138,0
2022-09-05 05:00:00+01:00,0.0071251969784498215,0.007129108067601919,0.007121492642909288,0.0071250442415475845,0.0071250442415475845,0
2022-09-05 06:00:00+01:00,0.007124993950128555,0.007127583492547274,0.007118299137800932,0.007125247735530138,0.007125247735530138,0
2022-09-05 07:00:00+01:00,0.007125247735530138,0.007129108067601919,0.007119819521903992,0.007124739699065685,0.007124739699065685,0
2022-09-05 08:00:00+01:00,0.007122963201254606,0.007124029565602541,0.0071125272661447525,0.007113893050700426,0.007113893050700426,0
2022-09-05 09:00:00+01:00,0.007113842759281397,0.0071219997480511665,0.007112931925803423,0.007115412503480911,0.007115412503480911,0
2022-09-05 10:00:00+01:00,0.007115412503480911,0.0071250442415475845,0.007113943807780743,0.007121036294847727,0.007121036294847727,0
2022-09-05 11:00:00+01:00,0.007121036294847727,0.007124029565602541,0.007117386907339096,0.007117691449820995,0.007117691449820995,0
2022-09-05 12:00:00+01:00,0.0071174888871610165,0.007120478432625532,0.007114551030099392,0.007117386907339096,0.007117386907339096,0
2022-09-05 13:00:00+01:00,0.007117235101759434,0.007118957582861185,0.00710979662835598,0.007113236002624035,0.007113236002624035,0
2022-09-05 14:00:00+01:00,0.007113236002624035,0.007116931490600109,0.007109190337359905,0.0071119205094873905,0.0071119205094873905,0
2022-09-05 15:00:00+01:00,0.0071120718494057655,0.007118957582861185,0.007111059967428446,0.007114500738680363,0.007114500738680363,0
2022-09-05 16:00:00+01:00,0.007114500738680363,0.007119971793144941,0.007114449981600046,0.007118248846381903,0.007118248846381903,0
2022-09-05 17:00:00+01:00,0.00711814733222127,0.007119464222341776,0.007114703301340342,0.0071159182116389275,0.0071159182116389275,0
2022-09-05 18:00:00+01:00,0.0071159182116389275,0.007117943838238716,0.007114703301340342,0.007115260232239962,0.007115260232239962,0
2022-09-05 19:00:00+01:00,0.007115209009498358,0.007116931490600109,0.007114096079021692,0.007115513551980257,0.007115513551980257,0
2022-09-05 20:00:00+01:00,0.007115513551980257,0.007117437664419413,0.007114096079021692,0.007115006912499666,0.007115006912499666,0
2022-09-05 21:00:00+01:00,0.007115209009498358,0.007116931490600109,0.007111869752407074,0.007114298641681671,0.007114298641681671,0
2022-09-05 22:00:00+01:00,0.00711379200220108,0.007115310523658991,0.007111717481166124,0.00711338734254241,0.00711338734254241,0
2022-09-05 23:00:00+01:00,0.007113185245543718,0.0071219997480511665,0.007112881634384394,0.007119464222341776,0.007119464222341776,0
2022-09-06 00:00:00+01:00,0.007119160145521164,0.007126567419618368,0.007116830442100763,0.00712088355794549,0.00712088355794549,0
2022-09-06 01:00:00+01:00,0.007121036294847727,0.007131650112569332,0.007119819521903992,0.007128650322556496,0.007128650322556496,0
2022-09-06 02:00:00+01:00,0.007128650322556496,0.007129616569727659,0.007120934780687094,0.00712205097079277,0.00712205097079277,0
2022-09-06 03:00:00+01:00,0.00712205097079277,0.007124536670744419,0.007114096079021692,0.007118602748960257,0.007118602748960257,0
2022-09-06 04:00:00+01:00,0.0071188053116202354,0.007120478432625532,0.0071119205094873905,0.007112578023225069,0.007112578023225069,0
2022-09-06 05:00:00+01:00,0.007112780585885048,0.007115412503480911,0.007093959487974644,0.007095872424542904,0.007095872424542904,0
2022-09-06 06:00:00+01:00,0.007095822133123875,0.007101263850927353,0.007087222300469875,0.007090237457305193,0.007090237457305193,0
2022-09-06 07:00:00+01:00,0.007090690080076456,0.007092701271176338,0.0070801470428705215,0.007083357311785221,0.007083357311785221,0
2022-09-06 08:00:00+01:00,0.0070833065547049046,0.0070856655947864056,0.007055320776998997,0.007065440062433481,0.007065440062433481,0
2022-09-06 09:00:00+01:00,0.007065389771014452,0.007068137172609568,0.0070490045472979546,0.007057711016386747,0.007057711016386747,0
2022-09-06 10:00:00+01:00,0.007057661190629005,0.0070646414533257484,0.007052185945212841,0.0070590064860880375,0.0070590064860880375,0
2022-09-06 11:00:00+01:00,0.007058856543153524,0.00706514110788703,0.0070515894331038,0.007054673507809639,0.007054673507809639,0
2022-09-06 12:00:00+01:00,0.007054474670439959,0.007057661190629005,0.007036951370537281,0.007046917919069529,0.007046917919069529,0
2022-09-06 13:00:00+01:00,0.007046869024634361,0.007049700245261192,0.007022373843938112,0.007023556623607874,0.007023556623607874,0
2022-09-06 14:00:00+01:00,0.007023556623607874,0.007027901243418455,0.00701503362506628,0.007017051801085472,0.007017051801085472,0
2022-09-06 15:00:00+01:00,0.007005008403211832,0.007016558665782213,0.00699765607714653,0.007007658947259188,0.007007658947259188,0
2022-09-06 16:00:00+01:00,0.007007462903857231,0.007015574723482132,0.0069941808469593525,0.006995453033596277,0.006995453033596277,0
2022-09-06 17:00:00+01:00,0.006995355244725943,0.007002801168709993,0.006989341229200363,0.006996480748057365,0.006996480748057365,0
2022-09-06 18:00:00+01:00,0.006996285170316696,0.007002801168709993,0.006994523573666811,0.006995746400207281,0.006995746400207281,0
2022-09-06 19:00:00+01:00,0.006995550822466612,0.007001820020377636,0.006994523573666811,0.0069984388537704945,0.0069984388537704945,0
2022-09-06 20:00:00+01:00,0.006998586002737284,0.007006235886365175,0.0069984388537704945,0.007002654485404491,0.007002654485404491,0
2022-09-06 21:00:00+01:00,0.007002654485404491,0.007004763465374708,0.007000986952334642,0.007003634702414274,0.007003634702414274,0
2022-09-06 22:00:00+01:00,0.007003340404480696,0.00700942799448967,0.007002801168709993,0.0070043704472482204,0.0070043704472482204,0
2022-09-06 23:00:00+01:00,0.00700486171990633,0.007006235886365175,0.006963594350963831,0.006976420059800148,0.006976420059800148,0
2022-09-07 00:00:00+01:00,0.006976370699703693,0.006992518436163664,0.006975202821195126,0.006985288579016924,0.006985288579016924,0
2022-09-07 01:00:00+01:00,0.006985191255807877,0.006997901014983654,0.006976420059800148,0.00698821758851409,0.00698821758851409,0
2022-09-07 02:00:00+01:00,0.006988119799643755,0.006992029026150703,0.0069776857271790504,0.006984947714954615,0.006984947714954615,0
2022-09-07 03:00:00+01:00,0.006984947714954615,0.006987143773585558,0.006957150995731354,0.006959426216781139,0.006959426216781139,0
2022-09-07 04:00:00+01:00,0.006959378253668547,0.006966699380427599,0.006940058432519436,0.0069443960674107075,0.0069443960674107075,0
2022-09-07 05:00:00+01:00,0.006944106891751289,0.006953135598450899,0.006925879046320915,0.006944830063730478,0.006944830063730478,0
2022-09-07 06:00:00+01:00,0.006944926455616951,0.006957489997148514,0.006936688907444477,0.006937699392437935,0.006937699392437935,0
2022-09-07 07:00:00+01:00,0.0069375550374388695,0.006951202638447285,0.0069322166964411736,0.006939577404409647,0.006939577404409647,0
2022-09-07 08:00:00+01:00,0.006939481012523174,0.006952652242034674,0.006934524513781071,0.006949222180992365,0.006949222180992365,0
2022-09-07 09:00:00+01:00,0.006949367001652718,0.006951685529202223,0.006939577404409647,0.006941937375813723,0.006941937375813723,0
2022-09-07 10:00:00+01:00,0.006941889878362417,0.0069444444961845875,0.0069354381412267685,0.006938951089978218,0.006938951089978218,0
2022-09-07 11:00:00+01:00,0.006938902661204338,0.006941069848835468,0.006909655872732401,0.006910945754498243,0.006910945754498243,0
2022-09-07 12:00:00+01:00,0.006910897325724363,0.006913716904819012,0.006896932143718004,0.006898502353578806,0.006898502353578806,0
2022-09-07 13:00:00+01:00,0.006898502353578806,0.006917542777955532,0.006898168940097094,0.006905028130859137,0.006905028130859137,0
2022-09-07 14:00:00+01:00,0.00690517108887434,0.006914194673299789,0.006898835767060518,0.006903360132128,0.006903360132128,0
2022-09-07 15:00:00+01:00,0.0069032167084515095,0.006935293786227703,0.006902978289872408,0.0069207982160151005,0.0069207982160151005,0
2022-09-07 16:00:00+01:00,0.006920463405549526,0.006930967792868614,0.006916968617588282,0.006926023401319981,0.006926023401319981,0
2022-09-07 17:00:00+01:00,0.006925927475094795,0.006938180420547724,0.00692290673032403,0.0069302949123084545,0.0069302949123084545,0
2022-09-07 18:00:00+01:00,0.006930151022970676,0.006953135598450899,0.006929094437509775,0.006947531830519438,0.006947531830519438,0
2022-09-07 19:00:00+01:00,0.0069477735087275505,0.006949270609766245,0.006937266327440739,0.006937988102436066,0.006937988102436066,0
2022-09-07 20:00:00+01:00,0.00693794060498476,0.0069618490524590015,0.0069376034662127495,0.0069579738192260265,0.0069579738192260265,0
2022-09-07 21:00:00+01:00,0.006957925856113434,0.006959619931876659,0.006951444316655397,0.006956521887332201,0.006956521887332201,0
2022-09-07 22:00:00+01:00,0.0069571021012961864,0.006959813646972179,0.006953619420528412,0.0069570052437484264,0.0069570052437484264,0
2022-09-07 23:00:00+01:00,0.0069571021012961864,0.006959039252251387,0.006938180420547724,0.006941552273929119,0.006941552273929119,0
2022-09-08 00:00:00+01:00,0.006943239364773035,0.006945409346371889,0.006929430644959211,0.006940154824405909,0.006940154824405909,0
2022-09-08 01:00:00+01:00,0.006940106861293316,0.0069463737308979034,0.0069175902754068375,0.006928566377609968,0.006928566377609968,0
2022-09-08 02:00:00+01:00,0.006928614806383848,0.006949270609766245,0.006928518880158663,0.0069375550374388695,0.0069375550374388695,0
2022-09-08 03:00:00+01:00,0.006937507074326277,0.006942516192793846,0.006932409014552832,0.006934524513781071,0.006934524513781071,0
2022-09-08 04:00:00+01:00,0.006934524513781071,0.006947822403162718,0.006929478608071804,0.0069444444961845875,0.0069444444961845875,0
2022-09-08 05:00:00+01:00,0.0069443960674107075,0.006960395257920027,0.006942274980247021,0.006944348104298115,0.006944348104298115,0
2022-09-08 06:00:00+01:00,0.006944251712411642,0.0069681559689342976,0.00693871034309268,0.006956328172236681,0.006956328172236681,0
2022-09-08 07:00:00+01:00,0.006956038065254688,0.006972042378038168,0.006953474134206772,0.006960831582546234,0.006960831582546234,0
2022-09-08 08:00:00+01:00,0.006960928440093994,0.006964273285120726,0.0069477250799536705,0.006953087635338306,0.006953087635338306,0
2022-09-08 09:00:00+01:00,0.006953038740903139,0.006972528528422117,0.006937266327440739,0.006942419335246086,0.006942419335246086,0
2022-09-08 10:00:00+01:00,0.006942419335246086,0.006953619420528412,0.006937891710549593,0.006950816139578819,0.006950816139578819,0
2022-09-08 11:00:00+01:00,0.006950670853257179,0.006964758038520813,0.006948401220142841,0.006959959398955107,0.006959959398955107,0
2022-09-08 12:00:00+01:00,0.006960298400372267,0.006978854537010193,0.0069574411027133465,0.006969466805458069,0.006969466805458069,0
2022-09-08 13:00:00+01:00,0.006969515699893236,0.006974473129957914,0.006936544552445412,0.006938373204320669,0.006938373204320669,0
2022-09-08 14:00:00+01:00,0.006938228849321604,0.0069570052437484264,0.006923050154000521,0.006947531830519438,0.006947531830519438,0
2022-09-08 15:00:00+01:00,0.006947484333068132,0.006951202638447285,0.006934860721230507,0.006946663837879896,0.006946663837879896,0
2022-09-08 16:00:00+01:00,0.006946614943444729,0.006953619420528412,0.006940684746950865,0.006941118277609348,0.006941118277609348,0
2022-09-08 17:00:00+01:00,0.006941118277609348,0.006944926455616951,0.006932504940778017,0.006938373204320669,0.006938373204320669,0
2022-09-08 18:00:00+01:00,0.006938470061868429,0.006951685529202223,0.006935919169336557,0.0069417450577020645,0.0069417450577020645,0
2022-09-08 19:00:00+01:00,0.006941648665815592,0.006951685529202223,0.0069407811388373375,0.006943672429770231,0.006943672429770231,0
2022-09-08 20:00:00+01:00,0.006943672429770231,0.006948304828256369,0.006943528540432453,0.006943768821656704,0.006943768821656704,0
2022-09-08 21:00:00+01:00,0.006943672429770231,0.0069463737308979034,0.00693871034309268,0.006939336191862822,0.006939336191862822,0
2022-09-08 22:00:00+01:00,0.006939721293747425,0.006941600237041712,0.006938806269317865,0.006939866114407778,0.006939866114407778,0
2022-09-08 23:00:00+01:00,0.006939481012523174,0.006952652242034674,0.006938566453754902,0.006945120170712471,0.006945120170712471,0
2022-09-09 00:00:00+01:00,0.006944637279957533,0.006955553777515888,0.006943768821656704,0.0069505744613707066,0.0069505744613707066,0
2022-09-09 01:00:00+01:00,0.0069506228901445866,0.006963788066059351,0.006946471054106951,0.006954587064683437,0.006954587064683437,0
2022-09-09 02:00:00+01:00,0.00695453817024827,0.006966213695704937,0.006952555850148201,0.006960976403206587,0.006960976403206587,0
2022-09-09 03:00:00+01:00,0.006960928440093994,0.006969126407057047,0.0069570052437484264,0.006958506535738707,0.006958506535738707,0
2022-09-09 04:00:00+01:00,0.006958555430173874,0.00699154008179903,0.0069580706767737865,0.006985581945627928,0.006985581945627928,0
2022-09-09 05:00:00+01:00,0.006986069958657026,0.007020993158221245,0.006982313934713602,0.007001427933573723,0.007001427933573723,0
2022-09-09 06:00:00+01:00,0.007001575548201799,0.007008199580013752,0.006994474213570356,0.006995061878114939,0.006995061878114939,0
2022-09-09 07:00:00+01:00,0.006995208095759153,0.007010656408965588,0.00698577705770731,0.007008936256170273,0.007008936256170273,0
2022-09-09 08:00:00+01:00,0.007008789107203484,0.007036307360976934,0.007007364649325609,0.00702439621090889,0.00702439621090889,0
2022-09-09 09:00:00+01:00,0.007024642080068588,0.007049203384667635,0.00701956357806921,0.007044386584311724,0.007044386584311724,0
2022-09-09 10:00:00+01:00,0.007044089026749134,0.0070467195473611355,0.007027653977274895,0.007041956298053265,0.007041956298053265,0
2022-09-09 11:00:00+01:00,0.007041906006634235,0.007068137172609568,0.007041857112199068,0.007058259099721909,0.007058259099721909,0
2022-09-09 12:00:00+01:00,0.007058159448206425,0.007060152478516102,0.00701109878718853,0.007015525363385677,0.007015525363385677,0
2022-09-09 13:00:00+01:00,0.007015525363385677,0.007033437490463257,0.007001575548201799,0.007025136146694422,0.007025136146694422,0
2022-09-09 14:00:00+01:00,0.007024889346212149,0.007035811897367239,0.00700579397380352,0.007014689035713673,0.007014689035713673,0
2022-09-09 15:00:00+01:00,0.007014590315520763,0.0070288884453475475,0.007011295296251774,0.007020795252174139,0.007020795252174139,0
2022-09-09 16:00:00+01:00,0.007020746357738972,0.007023457903414965,0.007013261783868074,0.0070203025825321674,0.0070203025825321674,0
2022-09-09 17:00:00+01:00,0.007020154502242804,0.007022472098469734,0.007007217034697533,0.0070149837993085384,0.0070149837993085384,0
2022-09-09 18:00:00+01:00,0.00701508205384016,0.007017544005066156,0.007007904816418886,0.0070079537108540535,0.0070079537108540535,0
2022-09-09 19:00:00+01:00,0.007007904816418886,0.007011639419943094,0.007004468701779842,0.007008003070950508,0.007008003070950508,0
2022-09-09 20:00:00+01:00,0.0070078554563224316,0.007014590315520763,0.00700633367523551,0.00700810132548213,0.00700810132548213,0
2022-09-09 21:00:00+01:00,0.007008248940110207,0.007022472098469734,0.007007168605923653,0.0070143938064575195,0.0070143938064575195,0
2022-09-12 00:00:00+01:00,0.0070098694413900375,0.007017642259597778,0.007004959508776665,0.007014540955424309,0.007014540955424309,0
2022-09-12 01:00:00+01:00,0.0070143938064575195,0.0070185293443500996,0.006995110306888819,0.0070025562308728695,0.0070025562308728695,0
2022-09-12 02:00:00+01:00,0.007002506870776415,0.007027406711131334,0.0070019676350057125,0.007016362156718969,0.007016362156718969,0
2022-09-12 03:00:00+01:00,0.007016313262283802,0.007017544005066156,0.006999026983976364,0.007001427933573723,0.007001427933573723,0
2022-09-12 04:00:00+01:00,0.007001281715929508,0.007008199580013752,0.0069911000318825245,0.006995453033596277,0.006995453033596277,0
2022-09-12 05:00:00+01:00,0.006995550822466612,0.00699937017634511,0.006981046870350838,0.0069845085963606834,0.0069845085963606834,0
2022-09-12 06:00:00+01:00,0.006984459236264229,0.0069949631579220295,0.006977491080760956,0.006981680169701576,0.006981680169701576,0
2022-09-12 07:00:00+01:00,0.006981631275266409,0.006995942443609238,0.0069689322263002396,0.006993349641561508,0.006993349641561508,0
2022-09-12 08:00:00+01:00,0.006993349641561508,0.007012622430920601,0.006990464869886637,0.0070043704472482204,0.0070043704472482204,0
2022-09-12 09:00:00+01:00,0.007004419807344675,0.007013606373220682,0.006994865369051695,0.0070083956234157085,0.0070083956234157085,0
2022-09-12 10:00:00+01:00,0.007008297834545374,0.007018036209046841,0.007003242615610361,0.007006431929767132,0.007006431929767132,0
2022-09-12 11:00:00+01:00,0.007006382569670677,0.00701508205384016,0.006999320816248655,0.007012327667325735,0.007012327667325735,0
2022-09-12 12:00:00+01:00,0.007012425921857357,0.007022965233772993,0.007005253806710243,0.00701503362506628,0.00701503362506628,0
2022-09-12 13:00:00+01:00,0.007014934904873371,0.007032348774373531,0.007009280379861593,0.00701621500775218,0.00701621500775218,0
2022-09-12 14:00:00+01:00,0.00701621500775218,0.007020007353276014,0.006999026983976364,0.007012819871306419,0.007012819871306419,0
2022-09-12 15:00:00+01:00,0.007012819871306419,0.0070254323072731495,0.007005597464740276,0.007022619713097811,0.007022619713097811,0
2022-09-12 16:00:00+01:00,0.007022619713097811,0.007028394844383001,0.00701956357806921,0.0070205493830144405,0.0070205493830144405,0
2022-09-12 17:00:00+01:00,0.007020401302725077,0.007035811897367239,0.00701956357806921,0.007032843306660652,0.007032843306660652,0
2022-09-12 18:00:00+01:00,0.007031804881989956,0.00703333830460906,0.007020401302725077,0.0070214360021054745,0.0070214360021054745,0
2022-09-12 19:00:00+01:00,0.0070214360021054745,0.007022965233772993,0.007002702914178371,0.007006480824202299,0.007006480824202299,0
2022-09-12 20:00:00+01:00,0.007006431929767132,0.007008199580013752,0.007000693120062351,0.007001623976975679,0.007001623976975679,0
2022-09-12 21:00:00+01:00,0.007001575548201799,0.007006235886365175,0.0070002032443881035,0.0070014772936701775,0.0070014772936701775,0
2022-09-12 22:00:00+01:00,0.007001427933573723,0.007004027720540762,0.007000349927693605,0.00700240908190608,0.00700240908190608,0
2022-09-12 23:00:00+01:00,0.007002359721809626,0.007017051801085472,0.007002359721809626,0.00700672622770071,0.00700672622770071,0
2022-09-13 00:00:00+01:00,0.007006530184298754,0.00701508205384016,0.007003782317042351,0.00701350811868906,0.00701350811868906,0
2022-09-13 01:00:00+01:00,0.00701350811868906,0.007022472098469734,0.007005744613707066,0.007020105607807636,0.007020105607807636,0
2022-09-13 02:00:00+01:00,0.007019858807325363,0.007026913110166788,0.007006431929767132,0.007024938240647316,0.007024938240647316,0
2022-09-13 03:00:00+01:00,0.007024938240647316,0.007027901243418455,0.007013261783868074,0.007013852708041668,0.007013852708041668,0
2022-09-13 04:00:00+01:00,0.007013901136815548,0.007024445105344057,0.007012967020273209,0.007017593365162611,0.007017593365162611,0
2022-09-13 05:00:00+01:00,0.007017297204583883,0.007020993158221245,0.007012720685452223,0.007013802882283926,0.007013802882283926,0
2022-09-13 06:00:00+01:00,0.007014049217104912,0.007026913110166788,0.007013606373220682,0.007023162208497524,0.007023162208497524,0
2022-09-13 07:00:00+01:00,0.007023162208497524,0.0070412615314126015,0.0070205493830144405,0.007025036960840225,0.007025036960840225,0
2022-09-13 08:00:00+01:00,0.007025185041129589,0.007031853776425123,0.00701843062415719,0.00702982721850276,0.00702982721850276,0
2022-09-13 09:00:00+01:00,0.00702982721850276,0.007032348774373531,0.007021831348538399,0.00702982721850276,0.00702982721850276,0
2022-09-13 10:00:00+01:00,0.007029877044260502,0.007035317365080118,0.00702597526833415,0.00703135970979929,0.00703135970979929,0
2022-09-13 11:00:00+01:00,0.00703135970979929,0.007042253389954567,0.007029234431684017,0.00703843729570508,0.00703843729570508,0
2022-09-13 12:00:00+01:00,0.007038387004286051,0.007049700245261192,0.0070377434603869915,0.007040270604193211,0.007040270604193211,0
2022-09-13 13:00:00+01:00,0.007040220778435469,0.007062246091663837,0.00692285830155015,0.006925208028405905,0.006925208028405905,0
2022-09-13 14:00:00+01:00,0.006924823857843876,0.006955553777515888,0.006911518517881632,0.006938902661204338,0.006938902661204338,0
2022-09-13 15:00:00+01:00,0.006938951089978218,0.006951685529202223,0.0069322166964411736,0.006933851167559624,0.006933851167559624,0
2022-09-13 16:00:00+01:00,0.006933754775673151,0.006938180420547724,0.006928038317710161,0.006929382681846619,0.006929382681846619,0
2022-09-13 17:00:00+01:00,0.006929142866283655,0.006932409014552832,0.006920942105352879,0.00692981481552124,0.00692981481552124,0
2022-09-13 18:00:00+01:00,0.006930006667971611,0.006939624901860952,0.00692175654694438,0.006923961453139782,0.006923961453139782,0
2022-09-13 19:00:00+01:00,0.006924008950591087,0.006932409014552832,0.006920702289789915,0.006924968212842941,0.006924968212842941,0
2022-09-13 20:00:00+01:00,0.006924968212842941,0.006929527036845684,0.006919936742633581,0.006921852007508278,0.006921852007508278,0
2022-09-13 21:00:00+01:00,0.0069217081181705,0.006923289969563484,0.006915964186191559,0.006917830090969801,0.006917830090969801,0
2022-09-13 22:00:00+01:00,0.006918212864547968,0.00692017562687397,0.00691037205979228,0.006911661941558123,0.006911661941558123,0
2022-09-13 23:00:00+01:00,0.006911375559866428,0.006913047283887863,0.006898264400660992,0.006905028130859137,0.006905028130859137,0
2022-09-14 00:00:00+01:00,0.00690293125808239,0.0069304876960814,0.006899596657603979,0.006922570988535881,0.006922570988535881,0
2022-09-14 01:00:00+01:00,0.0069226669147610664,0.006941552273929119,0.006912283133715391,0.0069245845079422,0.0069245845079422,0
2022-09-14 02:00:00+01:00,0.006924488581717014,0.006926646921783686,0.006903693079948425,0.006918882951140404,0.006918882951140404,0
2022-09-14 03:00:00+01:00,0.006918882951140404,0.006929527036845684,0.0069181653670966625,0.006926358677446842,0.006926358677446842,0
2022-09-14 04:00:00+01:00,0.006925879046320915,0.006935293786227703,0.00691706407815218,0.0069247763603925705,0.0069247763603925705,0
2022-09-14 05:00:00+01:00,0.0069247763603925705,0.006961412727832794,0.006923050154000521,0.006950912997126579,0.006950912997126579,0
2022-09-14 06:00:00+01:00,0.006950912997126579,0.0069681559689342976,0.006948594003915787,0.006952604278922081,0.006952604278922081,0
2022-09-14 07:00:00+01:00,0.006952410563826561,0.006968641187995672,0.006951154675334692,0.006962963845580816,0.006962963845580816,0
2022-09-14 08:00:00+01:00,0.006963060703128576,0.006981289945542812,0.006961994804441929,0.006977880373597145,0.006977880373597145,0
2022-09-14 09:00:00+01:00,0.006977588403970003,0.00699937017634511,0.006971118506044149,0.006976420059800148,0.006976420059800148,0
2022-09-14 10:00:00+01:00,0.006976517383009195,0.00699300691485405,0.0069576832465827465,0.006988657172769308,0.006988657172769308,0
2022-09-14 11:00:00+01:00,0.006988608743995428,0.00699937017634511,0.006979828234761953,0.006980120204389095,0.006980120204389095,0
2022-09-14 12:00:00+01:00,0.006980120204389095,0.006986167281866074,0.006969612557440996,0.006974278949201107,0.006974278949201107,0
2022-09-14 13:00:00+01:00,0.006974375806748867,0.007002801168709993,0.006967669818550348,0.006991931237280369,0.006991931237280369,0
2022-09-14 14:00:00+01:00,0.006992029026150703,0.007014098111540079,0.0069883642718195915,0.0069984388537704945,0.0069984388537704945,0
2022-09-14 15:00:00+01:00,0.007000938057899475,0.007016066927462816,0.0069949631579220295,0.007010951172560453,0.007010951172560453,0
2022-09-14 16:00:00+01:00,0.007010951172560453,0.007016558665782213,0.006995599251240492,0.0069965785369277,0.0069965785369277,0
2022-09-14 17:00:00+01:00,0.0069969212636351585,0.007002801168709993,0.006995599251240492,0.006996382959187031,0.006996382959187031,0
2022-09-14 18:00:00+01:00,0.0069965785369277,0.0069983904249966145,0.006984752137213945,0.00698646018281579,0.00698646018281579,0
2022-09-14 19:00:00+01:00,0.0069863623939454556,0.006992029026150703,0.006984801031649113,0.006987192202359438,0.006987192202359438,0
2022-09-14 20:00:00+01:00,0.006986997090280056,0.006988608743995428,0.0069821677170693874,0.006983825471252203,0.006983825471252203,0
2022-09-14 21:00:00+01:00,0.006984020117670298,0.0069875833578407764,0.006982509046792984,0.00698646018281579,0.00698646018281579,0
2022-09-14 22:00:00+01:00,0.006988706532865763,0.006997901014983654,0.006984703708440065,0.006987094879150391,0.006987094879150391,0
2022-09-14 23:00:00+01:00,0.006987094879150391,0.006996432319283485,0.006986167281866074,0.006990709342062473,0.006990709342062473,0
2022-09-15 00:00:00+01:00,0.006990709342062473,0.0070042721927165985,0.006988754961639643,0.006996970158070326,0.006996970158070326,0
2022-09-15 01:00:00+01:00,0.0069969212636351585,0.006998879835009575,0.006979730911552906,0.00698641175404191,0.00698641175404191,0
2022-09-15 02:00:00+01:00,0.0069865090772509575,0.0069983904249966145,0.006983630359172821,0.006994376424700022,0.006994376424700022,0
2022-09-15 03:00:00+01:00,0.006994327064603567,0.006995942443609238,0.006971653085201979,0.0069790976122021675,0.0069790976122021675,0
2022-09-15 04:00:00+01:00,0.0069790976122021675,0.0069793411530554295,0.006968981120735407,0.006973986979573965,0.006973986979573965,0
2022-09-15 05:00:00+01:00,0.0069730631075799465,0.006979828234761953,0.00696504907682538,0.006969029549509287,0.006969029549509287,0
2022-09-15 06:00:00+01:00,0.006969029549509287,0.00697058392688632,0.006958990357816219,0.006964127533137798,0.006964127533137798,0
2022-09-15 07:00:00+01:00,0.006964030675590038,0.0069681559689342976,0.0069555058144032955,0.006960105150938034,0.006960105150938034,0
2022-09-15 08:00:00+01:00,0.006959911435842514,0.006970098242163658,0.006954005919396877,0.006965582724660635,0.006965582724660635,0
2022-09-15 09:00:00+01:00,0.006965292152017355,0.006978366989642382,0.006960008293390274,0.006971993483603001,0.006971993483603001,0
2022-09-15 10:00:00+01:00,0.006972042378038168,0.006983727682381868,0.006968738045543432,0.006978221237659454,0.006978221237659454,0
2022-09-15 11:00:00+01:00,0.006978172343224287,0.006981777958571911,0.006963012740015984,0.0069697098806500435,0.0069697098806500435,0
2022-09-15 12:00:00+01:00,0.006969466805458069,0.0069803157821297646,0.006966941524296999,0.0069681559689342976,0.0069681559689342976,0
2022-09-15 13:00:00+01:00,0.00696810707449913,0.006987143773585558,0.0069578769616782665,0.006977392826229334,0.006977392826229334,0
2022-09-15 14:00:00+01:00,0.006977392826229334,0.006982752121984959,0.006965389009565115,0.006980022881180048,0.006980022881180048,0
2022-09-15 15:00:00+01:00,0.006980120204389095,0.006986655294895172,0.006967378780245781,0.006970389746129513,0.006970389746129513,0
2022-09-15 16:00:00+01:00,0.006970341317355633,0.006977392826229334,0.006963982712477446,0.006965194828808308,0.006965194828808308,0
2022-09-15 17:00:00+01:00,0.00696514593437314,0.006972528528422117,0.006963497027754784,0.006969029549509287,0.006969029549509287,0
2022-09-15 18:00:00+01:00,0.006969078443944454,0.006978366989642382,0.006968641187995672,0.006973938085138798,0.006973938085138798,0
2022-09-15 19:00:00+01:00,0.006973938085138798,0.006975932512432337,0.0069692726247012615,0.006969321519136429,0.006969321519136429,0
2022-09-15 20:00:00+01:00,0.0069692726247012615,0.006973500829190016,0.00696592265740037,0.006970778573304415,0.006970778573304415,0
2022-09-15 21:00:00+01:00,0.006970778573304415,0.006973500829190016,0.006967378780245781,0.00696820393204689,0.00696820393204689,0
2022-09-15 22:00:00+01:00,0.006968641187995672,0.006972237024456263,0.006967427674680948,0.006969904061406851,0.006969904061406851,0
2022-09-15 23:00:00+01:00,0.006970000918954611,0.006977392826229334,0.006967184599488974,0.006975592579692602,0.006975592579692602,0
2022-09-16 00:00:00+01:00,0.006975592579692602,0.006979828234761953,0.0069729662500321865,0.006976468022912741,0.006976468022912741,0
2022-09-16 01:00:00+01:00,0.006976517383009195,0.007002310827374458,0.006973598152399063,0.006992909125983715,0.006992909125983715,0
2022-09-16 02:00:00+01:00,0.0069928597658872604,0.007001330144703388,0.006978025659918785,0.006982265040278435,0.006982265040278435,0
2022-09-16 03:00:00+01:00,0.006981923710554838,0.006985679734498262,0.0069688353687524796,0.006971312686800957,0.006971312686800957,0
2022-09-16 04:00:00+01:00,0.006971070077270269,0.006977880373597145,0.0069699520245194435,0.006975154858082533,0.006975154858082533,0
2022-09-16 05:00:00+01:00,0.006975251715630293,0.006983727682381868,0.0069738407619297504,0.006979194935411215,0.006979194935411215,0
2022-09-16 06:00:00+01:00,0.006979243829846382,0.006981289945542812,0.006962479092180729,0.006966456770896912,0.006966456770896912,0
2022-09-16 07:00:00+01:00,0.006966601591557264,0.006972528528422117,0.006959329824894667,0.00696461321786046,0.00696461321786046,0
2022-09-16 08:00:00+01:00,0.006964758038520813,0.0069832406006753445,0.006963545922189951,0.006970973219722509,0.006970973219722509,0
2022-09-16 09:00:00+01:00,0.006971021182835102,0.006981777958571911,0.006968884263187647,0.006975641008466482,0.006975641008466482,0
2022-09-16 10:00:00+01:00,0.006975641008466482,0.006987143773585558,0.006974278949201107,0.006977636367082596,0.006977636367082596,0
2022-09-16 11:00:00+01:00,0.006977783050388098,0.006987143773585558,0.006975641008466482,0.0069830939173698425,0.0069830939173698425,0
2022-09-16 12:00:00+01:00,0.006982898805290461,0.0069969212636351585,0.006980022881180048,0.006989194545894861,0.006989194545894861,0
2022-09-16 13:00:00+01:00,0.006989243905991316,0.00699154008179903,0.006977491080760956,0.006978561636060476,0.006978561636060476,0
2022-09-16 14:00:00+01:00,0.006978902500122786,0.006990562658756971,0.006975543685257435,0.006985874846577644,0.006985874846577644,0
2022-09-16 15:00:00+01:00,0.006985874846577644,0.0070008402690291405,0.006985288579016924,0.0069949631579220295,0.0069949631579220295,0
2022-09-16 16:00:00+01:00,0.0069949631579220295,0.0070008402690291405,0.006988413631916046,0.006991149391978979,0.006991149391978979,0
2022-09-16 17:00:00+01:00,0.006991149391978979,0.00699937017634511,0.006989927496761084,0.00699154008179903,0.00699154008179903,0
2022-09-16 18:00:00+01:00,0.006991588976234198,0.006997410673648119,0.006990367081016302,0.0069917356595396996,0.0069917356595396996,0
2022-09-16 19:00:00+01:00,0.00699154008179903,0.007000349927693605,0.006991295609623194,0.006995061878114939,0.006995061878114939,0
2022-09-16 20:00:00+01:00,0.0069949147291481495,0.007001820020377636,0.006993887480348349,0.00699765607714653,0.00699765607714653,0
2022-09-16 21:00:00+01:00,0.006997557822614908,0.006999419070780277,0.006993545219302177,0.00699878204613924,0.00699878204613924,0
2022-09-16 22:00:00+01:00,0.006999223027378321,0.006999223027378321,0.006997410673648119,0.0069976067170500755,0.0069976067170500755,0
2022-09-19 00:00:00+01:00,0.007000349927693605,0.007012131158262491,0.006995208095759153,0.00700486171990633,0.00700486171990633,0
2022-09-19 01:00:00+01:00,0.0070048123598098755,0.007009673397988081,0.0069933002814650536,0.006997410673648119,0.006997410673648119,0
2022-09-19 02:00:00+01:00,0.006996382959187031,0.006998879835009575,0.0069863139651715755,0.006986606866121292,0.006986606866121292,0
2022-09-19 03:00:00+01:00,0.006986704189330339,0.0069910516031086445,0.006982557475566864,0.006989781279116869,0.006989781279116869,0
2022-09-19 04:00:00+01:00,0.006989585235714912,0.00699154008179903,0.0069832406006753445,0.006984654348343611,0.006984654348343611,0
2022-09-19 05:00:00+01:00,0.0069845570251345634,0.006988119799643755,0.006981631275266409,0.0069820210337638855,0.0069820210337638855,0
2022-09-19 06:00:00+01:00,0.0069820210337638855,0.0069832406006753445,0.006978366989642382,0.00698109483346343,0.00698109483346343,0
2022-09-19 07:00:00+01:00,0.006980949081480503,0.006983727682381868,0.0069750575348734856,0.006978756282478571,0.006978756282478571,0
2022-09-19 08:00:00+01:00,0.006978561636060476,0.006982752121984959,0.006966407876461744,0.0069681559689342976,0.0069681559689342976,0
2022-09-19 09:00:00+01:00,0.00696805864572525,0.006976906210184097,0.006966747809201479,0.006970244459807873,0.006970244459807873,0
2022-09-19 10:00:00+01:00,0.006970098242163658,0.006973986979573965,0.006968592293560505,0.0069689322263002396,0.0069689322263002396,0
2022-09-19 11:00:00+01:00,0.006969126407057047,0.0069754463620483875,0.00696514593437314,0.006972042378038168,0.006972042378038168,0
2022-09-19 12:00:00+01:00,0.006971653085201979,0.006973986979573965,0.006961703300476074,0.006962624844163656,0.006962624844163656,0
2022-09-19 13:00:00+01:00,0.006962527520954609,0.0069754463620483875,0.0069616553373634815,0.0069699520245194435,0.0069699520245194435,0
2022-09-19 14:00:00+01:00,0.0069698551669716835,0.006979828234761953,0.006966601591557264,0.006968009751290083,0.006968009751290083,0
2022-09-19 15:00:00+01:00,0.006967863999307156,0.0069803157821297646,0.006964418571442366,0.006978123914450407,0.006978123914450407,0
2022-09-19 16:00:00+01:00,0.006978123914450407,0.006986167281866074,0.006974813994020224,0.006976420059800148,0.006976420059800148,0
2022-09-19 17:00:00+01:00,0.006976225413382053,0.006984703708440065,0.006975981872528791,0.006981631275266409,0.006981631275266409,0
2022-09-19 18:00:00+01:00,0.006981680169701576,0.006986655294895172,0.0069753979332745075,0.006975592579692602,0.006975592579692602,0
2022-09-19 19:00:00+01:00,0.006975592579692602,0.006981777958571911,0.006973986979573965,0.006980120204389095,0.006980120204389095,0
2022-09-19 20:00:00+01:00,0.006980169098824263,0.006987143773585558,0.006979585159569979,0.006984654348343611,0.006984654348343611,0
2022-09-19 21:00:00+01:00,0.006984801031649113,0.006985679734498262,0.006979585159569979,0.006983581930398941,0.006983581930398941,0
2022-09-19 22:00:00+01:00,0.006983971688896418,0.006985581945627928,0.0069808028638362885,0.006981485523283482,0.006981485523283482,0
2022-09-19 23:00:00+01:00,0.006981046870350838,0.006984703708440065,0.006979535799473524,0.006982216611504555,0.006982216611504555,0
2022-09-20 00:00:00+01:00,0.006981582846492529,0.006984703708440065,0.006976420059800148,0.006984117906540632,0.006984117906540632,0
2022-09-20 01:00:00+01:00,0.006985191255807877,0.006997410673648119,0.006980218458920717,0.006984069477766752,0.006984069477766752,0
2022-09-20 02:00:00+01:00,0.006984069477766752,0.0069969212636351585,0.006980997510254383,0.006981533952057362,0.006981533952057362,0
2022-09-20 03:00:00+01:00,0.006981582846492529,0.0069910516031086445,0.006978464312851429,0.006988608743995428,0.006988608743995428,0
2022-09-20 04:00:00+01:00,0.006988706532865763,0.006990562658756971,0.006982411723583937,0.006983971688896418,0.006983971688896418,0
2022-09-20 05:00:00+01:00,0.006983435247093439,0.006985191255807877,0.006974327843636274,0.006978805176913738,0.006978805176913738,0
2022-09-20 06:00:00+01:00,0.00697807502001524,0.006984216161072254,0.006975835654884577,0.006979292258620262,0.006979292258620262,0
2022-09-20 07:00:00+01:00,0.0069793895818293095,0.006981777958571911,0.006970973219722509,0.006974035408347845,0.006974035408347845,0
2022-09-20 08:00:00+01:00,0.006974035408347845,0.006976420059800148,0.00696592265740037,0.0069702924229204655,0.0069702924229204655,0
2022-09-20 09:00:00+01:00,0.00697058392688632,0.006972042378038168,0.006956472992897034,0.006961170118302107,0.006961170118302107,0
2022-09-20 10:00:00+01:00,0.006960976403206587,0.006963788066059351,0.0069532329216599464,0.006959619931876659,0.006959619931876659,0
2022-09-20 11:00:00+01:00,0.006959716789424419,0.0069681559689342976,0.006956860888749361,0.006962915882468224,0.006962915882468224,0
2022-09-20 12:00:00+01:00,0.006963303312659264,0.006971070077270269,0.006961073260754347,0.006962575949728489,0.006962575949728489,0
2022-09-20 13:00:00+01:00,0.006962624844163656,0.006970098242163658,0.006957586854696274,0.006959862541407347,0.006959862541407347,0
2022-09-20 14:00:00+01:00,0.006959911435842514,0.006964758038520813,0.006948111578822136,0.006957296282052994,0.006957296282052994,0
2022-09-20 15:00:00+01:00,0.0069573442451655865,0.006963303312659264,0.00695149227976799,0.0069577316753566265,0.0069577316753566265,0
2022-09-20 16:00:00+01:00,0.006957828067243099,0.006964273285120726,0.006956279743462801,0.006961800158023834,0.006961800158023834,0
2022-09-20 17:00:00+01:00,0.006962430663406849,0.006965243257582188,0.006958796642720699,0.006963740102946758,0.006963740102946758,0
2022-09-20 18:00:00+01:00,0.006963691208511591,0.006968641187995672,0.006959619931876659,0.006962236482650042,0.006962236482650042,0
2022-09-20 19:00:00+01:00,0.006962188519537449,0.006966213695704937,0.006958748679608107,0.006960782688111067,0.006960782688111067,0
2022-09-20 20:00:00+01:00,0.006960734724998474,0.006963788066059351,0.006958748679608107,0.006960153114050627,0.006960153114050627,0
2022-09-20 21:00:00+01:00,0.006960153114050627,0.006963303312659264,0.006955941207706928,0.006957199890166521,0.006957199890166521,0
2022-09-20 22:00:00+01:00,0.006958022713661194,0.006963594350963831,0.006956521887332201,0.0069578769616782665,0.0069578769616782665,0
2022-09-20 23:00:00+01:00,0.0069577316753566265,0.006962818559259176,0.0069570052437484264,0.006960540544241667,0.006960540544241667,0
2022-09-21 00:00:00+01:00,0.0069614616222679615,0.0069681559689342976,0.006958942394703627,0.006964661180973053,0.006964661180973053,0
2022-09-21 01:00:00+01:00,0.00696471007540822,0.006971070077270269,0.006956182885915041,0.0069579738192260265,0.0069579738192260265,0
2022-09-21 02:00:00+01:00,0.0069579738192260265,0.006962818559259176,0.006952217314392328,0.006959911435842514,0.006959911435842514,0
2022-09-21 03:00:00+01:00,0.006959959398955107,0.006963788066059351,0.0069551668129861355,0.006955747026950121,0.006955747026950121,0
2022-09-21 04:00:00+01:00,0.006955747026950121,0.006958457641303539,0.006950332783162594,0.006952410563826561,0.006952410563826561,0
2022-09-21 05:00:00+01:00,0.006952604278922081,0.006956038065254688,0.0069417934864759445,0.006943528540432453,0.006943528540432453,0
2022-09-21 06:00:00+01:00,0.006943528540432453,0.006950235925614834,0.006940733175724745,0.0069465674459934235,0.0069465674459934235,0
2022-09-21 07:00:00+01:00,0.006946614943444729,0.006973986979573965,0.006945457309484482,0.006963788066059351,0.006963788066059351,0
2022-09-21 08:00:00+01:00,0.006963497027754784,0.006977392826229334,0.006956715136766434,0.006956957280635834,0.006956957280635834,0
2022-09-21 09:00:00+01:00,0.006956860888749361,0.0069618490524590015,0.006952507887035608,0.006956764031201601,0.006956764031201601,0
2022-09-21 10:00:00+01:00,0.006956764031201601,0.0069579738192260265,0.006946277339011431,0.006950719747692347,0.006950719747692347,0
2022-09-21 11:00:00+01:00,0.006950332783162594,0.006953619420528412,0.006946471054106951,0.006948690861463547,0.006948690861463547,0
2022-09-21 12:00:00+01:00,0.0069487872533500195,0.006949753500521183,0.006934476085007191,0.006940973456948996,0.006940973456948996,0
2022-09-21 13:00:00+01:00,0.0069408295676112175,0.006949270609766245,0.006938855163753033,0.006945312954485416,0.006945312954485416,0
2022-09-21 14:00:00+01:00,0.006945457309484482,0.0069487872533500195,0.006941937375813723,0.006942467764019966,0.006942467764019966,0
2022-09-21 15:00:00+01:00,0.006942467764019966,0.006951685529202223,0.006939914543181658,0.006941359490156174,0.006941359490156174,0
2022-09-21 16:00:00+01:00,0.006941022351384163,0.006942033767700195,0.006934187840670347,0.006937699392437935,0.006937699392437935,0
2022-09-21 17:00:00+01:00,0.006937650963664055,0.006938180420547724,0.0069253514520823956,0.006925687193870544,0.006925687193870544,0
2022-09-21 18:00:00+01:00,0.006925447378307581,0.006942516192793846,0.006925208028405905,0.0069335144944489,0.0069335144944489,0
2022-09-21 19:00:00+01:00,0.00693356292322278,0.006974473129957914,0.006910659372806549,0.006969078443944454,0.006969078443944454,0
2022-09-21 20:00:00+01:00,0.006969078443944454,0.006972042378038168,0.00694184098392725,0.006951057352125645,0.006951057352125645,0
2022-09-21 21:00:00+01:00,0.006951057352125645,0.006952652242034674,0.0069391438737511635,0.006941311061382294,0.006941311061382294,0
2022-09-21 22:00:00+01:00,0.006942419335246086,0.006946663837879896,0.006940106861293316,0.006941167172044516,0.006941167172044516,0
2022-09-21 23:00:00+01:00,0.006941552273929119,0.0069443960674107075,0.006923433858901262,0.006926070898771286,0.006926070898771286,0
2022-09-22 00:00:00+01:00,0.006925974972546101,0.00693673687055707,0.006917925551533699,0.0069327931851148605,0.0069327931851148605,0
2022-09-22 01:00:00+01:00,0.006932985503226519,0.006938662379980087,0.006921996362507343,0.006924248766154051,0.006924248766154051,0
2022-09-22 02:00:00+01:00,0.006924248766154051,0.006932889577001333,0.006920942105352879,0.006923961453139782,0.006923961453139782,0
2022-09-22 03:00:00+01:00,0.006925208028405905,0.0069687869399785995,0.006877720821648836,0.0069177341647446156,0.0069177341647446156,0
2022-09-22 04:00:00+01:00,0.006917686201632023,0.006933610420674086,0.006898407358676195,0.006903550587594509,0.006903550587594509,0
2022-09-22 05:00:00+01:00,0.0069035980850458145,0.0069151511415839195,0.006899168249219656,0.006905934773385525,0.006905934773385525,0
2022-09-22 06:00:00+01:00,0.006905743386596441,0.006909417919814587,0.006894554477185011,0.006900073494762182,0.006900073494762182,0
2022-09-22 07:00:00+01:00,0.006900073494762182,0.0069046467542648315,0.006864549126476049,0.0068656327202916145,0.0068656327202916145,0
2022-09-22 08:00:00+01:00,0.006865726783871651,0.006869547069072723,0.006853962782770395,0.006859839893877506,0.006859839893877506,0
2022-09-22 09:00:00+01:00,0.006859839893877506,0.007110049482434988,0.0068565476685762405,0.007038238923996687,0.007038238923996687,0
2022-09-22 10:00:00+01:00,0.007038140203803778,0.007048855535686016,0.006973598152399063,0.00698314281180501,0.00698314281180501,0
2022-09-22 11:00:00+01:00,0.006982996128499508,0.0070254323072731495,0.006982801482081413,0.00701769208535552,0.00701769208535552,0
2022-09-22 12:00:00+01:00,0.007017297204583883,0.007081150077283382,0.007002213038504124,0.00707974610850215,0.00707974610850215,0
2022-09-22 13:00:00+01:00,0.007079495582729578,0.007126059848815203,0.007069285959005356,0.007106360979378223,0.007106360979378223,0
2022-09-22 14:00:00+01:00,0.007106360979378223,0.007107320707291365,0.007040220778435469,0.0070472657680511475,0.0070472657680511475,0
2022-09-22 15:00:00+01:00,0.00704721687361598,0.0070831566117703915,0.007032794412225485,0.0070406170561909676,0.0070406170561909676,0
2022-09-22 16:00:00+01:00,0.007040419150143862,0.007049203384667635,0.007024543825536966,0.007034377194941044,0.007034377194941044,0
2022-09-22 17:00:00+01:00,0.007034228648990393,0.007036307360976934,0.007020352408289909,0.007024593185633421,0.007024593185633421,0
2022-09-22 18:00:00+01:00,0.007024494931101799,0.007039279211312532,0.007024050690233707,0.007027604151517153,0.007027604151517153,0
2022-09-22 19:00:00+01:00,0.007027456536889076,0.007029877044260502,0.007017297204583883,0.007018233649432659,0.007018233649432659,0
2022-09-22 20:00:00+01:00,0.007017987314611673,0.007029877044260502,0.007017937488853931,0.007025086786597967,0.007025086786597967,0
2022-09-22 21:00:00+01:00,0.007025185041129589,0.0070279501378536224,0.007020845077931881,0.00702375452965498,0.00702375452965498,0
2022-09-22 22:00:00+01:00,0.007023951970040798,0.007028098683804274,0.007021929603070021,0.007027259096503258,0.007027259096503258,0
2022-09-22 23:00:00+01:00,0.0070254323072731495,0.007028493564575911,0.007013261783868074,0.007020795252174139,0.007020795252174139,0
2022-09-23 00:00:00+01:00,0.007020746357738972,0.00703135970979929,0.0070174941793084145,0.007028987165540457,0.007028987165540457,0
2022-09-23 01:00:00+01:00,0.00702883955091238,0.007040270604193211,0.007020253222435713,0.0070368023589253426,0.0070368023589253426,0
2022-09-23 02:00:00+01:00,0.007036703638732433,0.007055171299725771,0.007032893132418394,0.007036901544779539,0.007036901544779539,0
2022-09-23 03:00:00+01:00,0.0070365057326853275,0.007045727223157883,0.00703333830460906,0.0070415097288787365,0.0070415097288787365,0
2022-09-23 04:00:00+01:00,0.0070415097288787365,0.007048706989735365,0.007029531057924032,0.007031953427940607,0.007031953427940607,0
2022-09-23 05:00:00+01:00,0.007031508255749941,0.007035811897367239,0.0070260739885270596,0.007027901243418455,0.007027901243418455,0
2022-09-23 06:00:00+01:00,0.007027702871710062,0.007037793286144733,0.007027060724794865,0.007035267539322376,0.007035267539322376,0
2022-09-23 07:00:00+01:00,0.0070353662595152855,0.007039279211312532,0.007026024162769318,0.007031310815364122,0.007031310815364122,0
2022-09-23 08:00:00+01:00,0.0070312609896063805,0.00703878328204155,0.007019661832600832,0.007028493564575911,0.007028493564575911,0
2022-09-23 09:00:00+01:00,0.00702859228476882,0.00703135970979929,0.006998096592724323,0.0069995662197470665,0.0069995662197470665,0
2022-09-23 10:00:00+01:00,0.00699937017634511,0.007029333151876926,0.006979925557971001,0.007014590315520763,0.007014590315520763,0
2022-09-23 11:00:00+01:00,0.007014540955424309,0.007016066927462816,0.006984801031649113,0.006984947714954615,0.006984947714954615,0
2022-09-23 12:00:00+01:00,0.006984898820519447,0.0070247408002614975,0.006984605919569731,0.007002948317676783,0.007002948317676783,0
2022-09-23 13:00:00+01:00,0.00700299721211195,0.007010165136307478,0.006992909125983715,0.006995501462370157,0.006995501462370157,0
2022-09-23 14:00:00+01:00,0.006995599251240492,0.007007217034697533,0.006979243829846382,0.006988462060689926,0.006988462060689926,0
2022-09-23 15:00:00+01:00,0.00698885228484869,0.006992029026150703,0.006978172343224287,0.006979682482779026,0.006979682482779026,0
2022-09-23 16:00:00+01:00,0.006979535799473524,0.006988119799643755,0.006976858247071505,0.0069843134842813015,0.0069843134842813015,0
2022-09-23 17:00:00+01:00,0.006984216161072254,0.0069900741800665855,0.006978513207286596,0.006983727682381868,0.006983727682381868,0
2022-09-23 18:00:00+01:00,0.006984117906540632,0.006988119799643755,0.006974035408347845,0.006975008174777031,0.006975008174777031,0
2022-09-23 19:00:00+01:00,0.0069750575348734856,0.006979828234761953,0.00697053549811244,0.006975154858082533,0.006975154858082533,0
2022-09-23 20:00:00+01:00,0.006975008174777031,0.006982265040278435,0.006974765565246344,0.006978707853704691,0.006978707853704691,0
2022-09-23 21:00:00+01:00,0.006978707853704691,0.0069808028638362885,0.006974084302783012,0.006978561636060476,0.006978561636060476,0
2022-09-23 22:00:00+01:00,0.006977392826229334,0.006977392826229334,0.006977392826229334,0.006977392826229334,0.006977392826229334,0
2022-09-26 00:00:00+01:00,0.0069692726247012615,0.0069754463620483875,0.00696495221927762,0.006967572961002588,0.006967572961002588,0
2022-09-26 01:00:00+01:00,0.006967572961002588,0.006974473129957914,0.006940444465726614,0.006954489275813103,0.006954489275813103,0
2022-09-26 02:00:00+01:00,0.00695453817024827,0.0069618490524590015,0.00694454088807106,0.006955456919968128,0.006955456919968128,0
2022-09-26 03:00:00+01:00,0.006955456919968128,0.0069618490524590015,0.006943962536752224,0.0069464221596717834,0.0069464221596717834,0
2022-09-26 04:00:00+01:00,0.006946325767785311,0.006950719747692347,0.006936448160558939,0.006946663837879896,0.006946663837879896,0
2022-09-26 05:00:00+01:00,0.006946471054106951,0.0069487872533500195,0.006934716831892729,0.006936592981219292,0.006936592981219292,0
2022-09-26 06:00:00+01:00,0.006936688907444477,0.006968592293560505,0.006931688170880079,0.006952507887035608,0.006952507887035608,0
2022-09-26 07:00:00+01:00,0.006952507887035608,0.0069618490524590015,0.00694294972345233,0.006944685708731413,0.006944685708731413,0
2022-09-26 08:00:00+01:00,0.006944685708731413,0.006962333340197802,0.006942274980247021,0.006953184027224779,0.006953184027224779,0
2022-09-26 09:00:00+01:00,0.006953135598450899,0.006967184599488974,0.006950670853257179,0.006952362600713968,0.006952362600713968,0
2022-09-26 10:00:00+01:00,0.006952410563826561,0.006958942394703627,0.006940106861293316,0.006941263098269701,0.006941263098269701,0
2022-09-26 11:00:00+01:00,0.006941311061382294,0.006946856621652842,0.006930679548531771,0.006931928917765617,0.006931928917765617,0
2022-09-26 12:00:00+01:00,0.006931976415216923,0.006940106861293316,0.006926407106220722,0.006934668403118849,0.006934668403118849,0
2022-09-26 13:00:00+01:00,0.006934668403118849,0.006956038065254688,0.0069321682676672935,0.006950043141841888,0.006950043141841888,0
2022-09-26 14:00:00+01:00,0.006950043141841888,0.0069521693512797356,0.006935486104339361,0.006936207413673401,0.006936207413673401,0
2022-09-26 15:00:00+01:00,0.006936496589332819,0.0069391438737511635,0.006927030626684427,0.006927510257810354,0.006927510257810354,0
2022-09-26 16:00:00+01:00,0.0069273184053599834,0.006935293786227703,0.006920032203197479,0.006921900436282158,0.006921900436282158,0
2022-09-26 17:00:00+01:00,0.006921852007508278,0.006923769600689411,0.006913668476045132,0.006918212864547968,0.006918212864547968,0
2022-09-26 18:00:00+01:00,0.006918547675013542,0.006919936742633581,0.006907317321747541,0.00690994318574667,0.00690994318574667,0
2022-09-26 19:00:00+01:00,0.006909799296408892,0.006920894142240286,0.006906602066010237,0.006914673373103142,0.006914673373103142,0
2022-09-26 20:00:00+01:00,0.006914434023201466,0.0069213733077049255,0.006912522483617067,0.006916681304574013,0.006916681304574013,0
2022-09-26 21:00:00+01:00,0.006916442885994911,0.006920894142240286,0.0069084628485143185,0.006908749230206013,0.006908749230206013,0
2022-09-26 22:00:00+01:00,0.006908749230206013,0.006917112041264772,0.0069084628485143185,0.006911996752023697,0.006911996752023697,0
2022-09-26 23:00:00+01:00,0.006912044249475002,0.00691706407815218,0.0069090835750103,0.0069151511415839195,0.0069151511415839195,0
2022-09-27 00:00:00+01:00,0.006915246602147818,0.006924248766154051,0.006913907825946808,0.006922139786183834,0.006922139786183834,0
2022-09-27 01:00:00+01:00,0.0069218045100569725,0.006932409014552832,0.006920846179127693,0.0069247279316186905,0.0069247279316186905,0
2022-09-27 02:00:00+01:00,0.006923337932676077,0.006930006667971611,0.0069151511415839195,0.006917542777955532,0.006917542777955532,0
2022-09-27 03:00:00+01:00,0.006918500177562237,0.006923769600689411,0.006913621444255114,0.006920942105352879,0.006920942105352879,0
2022-09-27 04:00:00+01:00,0.006920894142240286,0.0069304876960814,0.006918260827660561,0.006924632005393505,0.006924632005393505,0
2022-09-27 05:00:00+01:00,0.0069245845079422,0.006928086746484041,0.006918021477758884,0.006919457111507654,0.006919457111507654,0
2022-09-27 06:00:00+01:00,0.006919074337929487,0.006928086746484041,0.006917830090969801,0.006925495807081461,0.006925495807081461,0
2022-09-27 07:00:00+01:00,0.006925447378307581,0.006935775279998779,0.0069223796017467976,0.006928854156285524,0.006928854156285524,0
2022-09-27 08:00:00+01:00,0.006928614806383848,0.00694299815222621,0.006926311179995537,0.006931351963430643,0.006931351963430643,0
2022-09-27 09:00:00+01:00,0.006931351963430643,0.006934812758117914,0.00692525552585721,0.006925687193870544,0.006925687193870544,0
2022-09-27 10:00:00+01:00,0.006925735156983137,0.006929527036845684,0.006920319516211748,0.006923289969563484,0.006923289969563484,0
2022-09-27 11:00:00+01:00,0.006923194043338299,0.006934331730008125,0.00692290673032403,0.0069310637190938,0.0069310637190938,0
2022-09-27 12:00:00+01:00,0.006931159645318985,0.006932889577001333,0.006922523491084576,0.006923002190887928,0.006923002190887928,0
2022-09-27 13:00:00+01:00,0.006923002190887928,0.00692760618403554,0.00690989475697279,0.006910897325724363,0.006910897325724363,0
2022-09-27 14:00:00+01:00,0.006910706404596567,0.006920894142240286,0.0069084628485143185,0.006913382094353437,0.006913382094353437,0
2022-09-27 15:00:00+01:00,0.006913382094353437,0.00691610760986805,0.0069035980850458145,0.006910754833370447,0.006910754833370447,0
2022-09-27 16:00:00+01:00,0.006910754833370447,0.006918500177562237,0.00690440833568573,0.006910229567438364,0.006910229567438364,0
2022-09-27 17:00:00+01:00,0.006910276599228382,0.006912760902196169,0.006903360132128,0.006905647926032543,0.006905647926032543,0
2022-09-27 18:00:00+01:00,0.006905600428581238,0.006909417919814587,0.00690112030133605,0.006902740802615881,0.006902740802615881,0
2022-09-27 19:00:00+01:00,0.006902550347149372,0.006910850293934345,0.006901739630848169,0.006908749230206013,0.006908749230206013,0
2022-09-27 20:00:00+01:00,0.006908701732754707,0.00690989475697279,0.006901502143591642,0.0069045512937009335,0.0069045512937009335,0
2022-09-27 21:00:00+01:00,0.006904504261910915,0.006908176466822624,0.006902406923472881,0.006906697526574135,0.006906697526574135,0
2022-09-27 22:00:00+01:00,0.006908319424837828,0.0069092740304768085,0.006905123125761747,0.0069070314057171345,0.0069070314057171345,0
2022-09-27 23:00:00+01:00,0.006907270289957523,0.00690989475697279,0.006903741043061018,0.006906458642333746,0.006906458642333746,0
2022-09-28 00:00:00+01:00,0.006906935945153236,0.006912760902196169,0.006902787834405899,0.006910610944032669,0.006910610944032669,0
2022-09-28 01:00:00+01:00,0.006910610944032669,0.00691706407815218,0.006905839312821627,0.00690903514623642,0.00690903514623642,0
2022-09-28 02:00:00+01:00,0.00690903514623642,0.0069267903454601765,0.00690521951764822,0.006910850293934345,0.006910850293934345,0
2022-09-28 03:00:00+01:00,0.006910993251949549,0.00691610760986805,0.006903550587594509,0.0069142901338636875,0.0069142901338636875,0
2022-09-28 04:00:00+01:00,0.006914385594427586,0.006917542777955532,0.006910468451678753,0.006910610944032669,0.006910610944032669,0
2022-09-28 05:00:00+01:00,0.006910801865160465,0.006914673373103142,0.006906983442604542,0.006912283133715391,0.006912283133715391,0
2022-09-28 06:00:00+01:00,0.006912187673151493,0.006915628910064697,0.0069090835750103,0.00691472040489316,0.00691472040489316,0
2022-09-28 07:00:00+01:00,0.006914911791682243,0.006918021477758884,0.006904980633407831,0.006905839312821627,0.006905839312821627,0
2022-09-28 08:00:00+01:00,0.006905839312821627,0.006921852007508278,0.006905647926032543,0.006917303428053856,0.006917303428053856,0
2022-09-28 09:00:00+01:00,0.006917303428053856,0.006919457111507654,0.006908176466822624,0.006910420022904873,0.006910420022904873,0
2022-09-28 10:00:00+01:00,0.006910420022904873,0.006913239136338234,0.0069060297682881355,0.006907651666551828,0.006907651666551828,0
2022-09-28 11:00:00+01:00,0.006907603703439236,0.0069223311729729176,0.006905505433678627,0.0069121397100389,0.0069121397100389,0
2022-09-28 12:00:00+01:00,0.006912187673151493,0.006914673373103142,0.0069046467542648315,0.006908939685672522,0.006908939685672522,0
2022-09-28 13:00:00+01:00,0.006908606272190809,0.006921852007508278,0.006908081471920013,0.0069158682599663734,0.0069158682599663734,0
2022-09-28 14:00:00+01:00,0.00691610760986805,0.006933851167559624,0.006912617944180965,0.0069212778471410275,0.0069212778471410275,0
2022-09-28 15:00:00+01:00,0.006921038031578064,0.006931928917765617,0.006915533449500799,0.006916155107319355,0.006916155107319355,0
2022-09-28 16:00:00+01:00,0.00691625103354454,0.006938180420547724,0.006914481986314058,0.006936929188668728,0.006936929188668728,0
2022-09-28 17:00:00+01:00,0.006936832796782255,0.006943962536752224,0.00692760618403554,0.006933995522558689,0.006933995522558689,0
2022-09-28 18:00:00+01:00,0.006934331730008125,0.006950235925614834,0.006932553369551897,0.006939432583749294,0.006939432583749294,0
2022-09-28 19:00:00+01:00,0.006939239799976349,0.0069487872533500195,0.006935822777450085,0.006946614943444729,0.006946614943444729,0
2022-09-28 20:00:00+01:00,0.006946614943444729,0.0069487872533500195,0.006936688907444477,0.006939721293747425,0.006939721293747425,0
2022-09-28 21:00:00+01:00,0.006939721293747425,0.006941069848835468,0.00693524582311511,0.006936207413673401,0.006936207413673401,0
2022-09-28 22:00:00+01:00,0.00693875877186656,0.006944348104298115,0.0069335144944489,0.006939769722521305,0.006939769722521305,0
2022-09-28 23:00:00+01:00,0.006939818151295185,0.006941552273929119,0.006932553369551897,0.006933706346899271,0.006933706346899271,0
2022-09-29 00:00:00+01:00,0.006932937540113926,0.006935293786227703,0.006922043859958649,0.0069247279316186905,0.0069247279316186905,0
2022-09-29 01:00:00+01:00,0.006924488581717014,0.006934331730008125,0.0069223796017467976,0.006931688170880079,0.006931688170880079,0
2022-09-29 02:00:00+01:00,0.006931592244654894,0.006935775279998779,0.006926262751221657,0.006932409014552832,0.006932409014552832,0
2022-09-29 03:00:00+01:00,0.006932264659553766,0.006935775279998779,0.006926982197910547,0.006928758230060339,0.006928758230060339,0
2022-09-29 04:00:00+01:00,0.006928758230060339,0.006930967792868614,0.006924200337380171,0.006925015710294247,0.006925015710294247,0
2022-09-29 05:00:00+01:00,0.006925112102180719,0.006926646921783686,0.006919074337929487,0.006921181920915842,0.006921181920915842,0
2022-09-29 06:00:00+01:00,0.006921181920915842,0.006924248766154051,0.00691128009930253,0.0069135259836912155,0.0069135259836912155,0
2022-09-29 07:00:00+01:00,0.0069134775549173355,0.00691706407815218,0.006909179035574198,0.006910897325724363,0.006910897325724363,0
2022-09-29 08:00:00+01:00,0.006910897325724363,0.006921852007508278,0.006906697526574135,0.0069121397100389,0.0069121397100389,0
2022-09-29 09:00:00+01:00,0.006912044249475002,0.006917542777955532,0.006906411144882441,0.006907794624567032,0.006907794624567032,0
2022-09-29 10:00:00+01:00,0.006907938048243523,0.006915628910064697,0.006906125228852034,0.006910276599228382,0.006910276599228382,0
2022-09-29 11:00:00+01:00,0.006910324562340975,0.0069151511415839195,0.006908414885401726,0.006912283133715391,0.006912283133715391,0
2022-09-29 12:00:00+01:00,0.0069123306311666965,0.00691706407815218,0.006910085678100586,0.006910754833370447,0.006910754833370447,0
2022-09-29 13:00:00+01:00,0.006910754833370447,0.006915628910064697,0.006906983442604542,0.006910038646310568,0.006910038646310568,0
2022-09-29 14:00:00+01:00,0.006910038646310568,0.0069228108040988445,0.00690836738795042,0.006916155107319355,0.006916155107319355,0
2022-09-29 15:00:00+01:00,0.00691625103354454,0.0069223311729729176,0.00691161397844553,0.0069159166887402534,0.0069159166887402534,0
2022-09-29 16:00:00+01:00,0.0069160121493041515,0.006925208028405905,0.006914003286510706,0.0069227623753249645,0.0069227623753249645,0
2022-09-29 17:00:00+01:00,0.0069227623753249645,0.006933370605111122,0.006919265724718571,0.006919936742633581,0.006919936742633581,0
2022-09-29 18:00:00+01:00,0.006919936742633581,0.0069247279316186905,0.00691381236538291,0.00691472040489316,0.00691472040489316,0
2022-09-29 19:00:00+01:00,0.006914816331118345,0.006929046008735895,0.00691472040489316,0.006924919784069061,0.006924919784069061,0
2022-09-29 20:00:00+01:00,0.006924919784069061,0.006930006667971611,0.006923194043338299,0.006923529785126448,0.006923529785126448,0
2022-09-29 21:00:00+01:00,0.006923433858901262,0.0069268387742340565,0.006919218227267265,0.0069245845079422,0.0069245845079422,0
2022-09-29 22:00:00+01:00,0.006924680434167385,0.006927510257810354,0.00692017562687397,0.006922619417309761,0.006922619417309761,0
2022-09-29 23:00:00+01:00,0.006922523491084576,0.006930967792868614,0.006921900436282158,0.006923913024365902,0.006923913024365902,0
2022-09-30 00:00:00+01:00,0.006923481356352568,0.006929046008735895,0.006921325344592333,0.006924104876816273,0.006924104876816273,0
2022-09-30 01:00:00+01:00,0.006924008950591087,0.006926646921783686,0.006908653769642115,0.006912569515407085,0.006912569515407085,0
2022-09-30 02:00:00+01:00,0.006912283133715391,0.006918021477758884,0.006909513380378485,0.006911232136189938,0.006911232136189938,0
2022-09-30 03:00:00+01:00,0.006911232136189938,0.0069151511415839195,0.006907460745424032,0.006912092212587595,0.006912092212587595,0
2022-09-30 04:00:00+01:00,0.0069121397100389,0.0069151511415839195,0.0069084628485143185,0.0069092740304768085,0.0069092740304768085,0
2022-09-30 05:00:00+01:00,0.006909131538122892,0.0069223311729729176,0.006908939685672522,0.0069159166887402534,0.0069159166887402534,0
2022-09-30 06:00:00+01:00,0.00691610760986805,0.006923289969563484,0.006914911791682243,0.006921085994690657,0.006921085994690657,0
2022-09-30 07:00:00+01:00,0.0069212778471410275,0.0069247279316186905,0.006916155107319355,0.006921516731381416,0.006921516731381416,0
2022-09-30 08:00:00+01:00,0.0069213733077049255,0.006932889577001333,0.006921325344592333,0.0069291903637349606,0.0069291903637349606,0
2022-09-30 09:00:00+01:00,0.006929142866283655,0.006935775279998779,0.006925927475094795,0.00693130400031805,0.00693130400031805,0
2022-09-30 10:00:00+01:00,0.006931351963430643,0.006933851167559624,0.006923002190887928,0.006923577282577753,0.006923577282577753,0
2022-09-30 11:00:00+01:00,0.006923577282577753,0.00692760618403554,0.0069190263748168945,0.0069223311729729176,0.0069223311729729176,0
2022-09-30 12:00:00+01:00,0.0069223311729729176,0.0069247279316186905,0.006913621444255114,0.006914147175848484,0.006914147175848484,0
2022-09-30 13:00:00+01:00,0.006914242636412382,0.0069247279316186905,0.006908319424837828,0.006918930448591709,0.006918930448591709,0
2022-09-30 14:00:00+01:00,0.006918930448591709,0.0069223311729729176,0.006913764402270317,0.0069204154424369335,0.0069204154424369335,0
2022-09-30 15:00:00+01:00,0.006920510903000832,0.0069247279316186905,0.006907890550792217,0.006908701732754707,0.006908701732754707,0
2022-09-30 16:00:00+01:00,0.006908749230206013,0.006917542777955532,0.006907460745424032,0.006910181138664484,0.006910181138664484,0
2022-09-30 17:00:00+01:00,0.006909990217536688,0.006912760902196169,0.006907794624567032,0.006910181138664484,0.006910181138664484,0
2022-09-30 18:00:00+01:00,0.006910229567438364,0.006914194673299789,0.006908271927386522,0.006909655872732401,0.006909655872732401,0
2022-09-30 19:00:00+01:00,0.006909655872732401,0.006911805830895901,0.0069066500291228294,0.006906840484589338,0.006906840484589338,0
2022-09-30 20:00:00+01:00,0.006906840484589338,0.006912283133715391,0.006905600428581238,0.006909990217536688,0.006909990217536688,0
2022-09-30 21:00:00+01:00,0.006908319424837828,0.0069127134047448635,0.006905743386596441,0.006910945754498243,0.006910945754498243,0
2022-09-30 22:00:00+01:00,0.006909464951604605,0.006909464951604605,0.006909464951604605,0.006909464951604605,0.006909464951604605,0
2022-10-03 00:00:00+01:00,0.0069077471271157265,0.00690989475697279,0.006901978049427271,0.006906125228852034,0.006906125228852034,0
2022-10-03 01:00:00+01:00,0.006905886344611645,0.006920894142240286,0.006903026252985001,0.006906983442604542,0.006906983442604542,0
2022-10-03 02:00:00+01:00,0.006907222326844931,0.00691037205979228,0.006903788540512323,0.0069078425876796246,0.0069078425876796246,0
2022-10-03 03:00:00+01:00,0.006907890550792217,0.00691037205979228,0.006905314512550831,0.006905839312821627,0.006905839312821627,0
2022-10-03 04:00:00+01:00,0.006905839312821627,0.006907986011356115,0.00690293125808239,0.006904170382767916,0.006904170382767916,0
2022-10-03 05:00:00+01:00,0.006904026959091425,0.006914673373103142,0.006881128530949354,0.00689945463091135,0.00689945463091135,0
2022-10-03 06:00:00+01:00,0.006899359170347452,0.00691037205979228,0.006898835767060518,0.006907603703439236,0.006907603703439236,0
2022-10-03 07:00:00+01:00,0.006907651666551828,0.006909417919814587,0.00689013721421361,0.00689640874043107,0.00689640874043107,0
2022-10-03 08:00:00+01:00,0.00689640874043107,0.0069046467542648315,0.006893984042108059,0.006895315367728472,0.006895315367728472,0
2022-10-03 09:00:00+01:00,0.006895315367728472,0.006900358945131302,0.006892368663102388,0.0068945069797337055,0.0068945069797337055,0
2022-10-03 10:00:00+01:00,0.0068944594822824,0.006896076258271933,0.006886293180286884,0.0068899462930858135,0.0068899462930858135,0
2022-10-03 11:00:00+01:00,0.006890184246003628,0.006894649937748909,0.0068885707296431065,0.006888997741043568,0.006888997741043568,0
2022-10-03 12:00:00+01:00,0.00688866525888443,0.006906077265739441,0.006888238247483969,0.006904170382767916,0.006904170382767916,0
2022-10-03 13:00:00+01:00,0.006903741043061018,0.006908939685672522,0.006898597348481417,0.0068999300710856915,0.0068999300710856915,0
2022-10-03 14:00:00+01:00,0.006900358945131302,0.00690989475697279,0.006897788494825363,0.00690083485096693,0.00690083485096693,0
2022-10-03 15:00:00+01:00,0.006901787593960762,0.006926166824996471,0.006900549400597811,0.006922043859958649,0.006922043859958649,0
2022-10-03 16:00:00+01:00,0.0069217081181705,0.006938180420547724,0.006919744424521923,0.006920510903000832,0.006920510903000832,0
2022-10-03 17:00:00+01:00,0.0069204154424369335,0.006926166824996471,0.006915581412613392,0.00691960146650672,0.00691960146650672,0
2022-10-03 18:00:00+01:00,0.006919936742633581,0.006921852007508278,0.006912951823323965,0.006913239136338234,0.006913239136338234,0
2022-10-03 19:00:00+01:00,0.006913239136338234,0.006915628910064697,0.0069084628485143185,0.006909369491040707,0.006909369491040707,0
2022-10-03 20:00:00+01:00,0.006909369491040707,0.006914194673299789,0.0069063156843185425,0.006912378594279289,0.006912378594279289,0
2022-10-03 21:00:00+01:00,0.0069123306311666965,0.006920319516211748,0.006910276599228382,0.006918834988027811,0.006918834988027811,0
2022-10-03 22:00:00+01:00,0.006918834988027811,0.0069217081181705,0.006914673373103142,0.00691610760986805,0.00691610760986805,0
2022-10-03 23:00:00+01:00,0.006915628910064697,0.006924248766154051,0.006914194673299789,0.006919792853295803,0.006919792853295803,0
2022-10-04 00:00:00+01:00,0.006919648498296738,0.0069247279316186905,0.006916825193911791,0.006919361650943756,0.006919361650943756,0
2022-10-04 01:00:00+01:00,0.006919265724718571,0.006925687193870544,0.006908176466822624,0.00691161397844553,0.00691161397844553,0
2022-10-04 02:00:00+01:00,0.0069115664809942245,0.006913716904819012,0.006904790177941322,0.006905791349709034,0.006905791349709034,0
2022-10-04 03:00:00+01:00,0.006905505433678627,0.006907508242875338,0.006900453940033913,0.006903360132128,0.006903360132128,0
2022-10-04 04:00:00+01:00,0.0069033121690154076,0.006913716904819012,0.0069016446359455585,0.00690989475697279,0.00690989475697279,0
2022-10-04 05:00:00+01:00,0.006909655872732401,0.006910850293934345,0.006903026252985001,0.006906125228852034,0.006906125228852034,0
2022-10-04 06:00:00+01:00,0.006906172726303339,0.006911327596753836,0.006903073750436306,0.006904694717377424,0.006904694717377424,0
2022-10-04 07:00:00+01:00,0.006904694717377424,0.00691610760986805,0.006902692839503288,0.006911757402122021,0.006911757402122021,0
2022-10-04 08:00:00+01:00,0.006911853328347206,0.006920894142240286,0.006908271927386522,0.006913239136338234,0.006913239136338234,0
2022-10-04 09:00:00+01:00,0.006912808865308762,0.006917542777955532,0.006906172726303339,0.006908701732754707,0.006908701732754707,0
2022-10-04 10:00:00+01:00,0.006908701732754707,0.006912760902196169,0.006905314512550831,0.0069081285037100315,0.0069081285037100315,0
2022-10-04 11:00:00+01:00,0.006907938048243523,0.006916585844010115,0.006907460745424032,0.0069090835750103,0.0069090835750103,0
2022-10-04 12:00:00+01:00,0.0069090835750103,0.006911327596753836,0.006903550587594509,0.006905647926032543,0.006905647926032543,0
2022-10-04 13:00:00+01:00,0.006905457004904747,0.006914194673299789,0.006899596657603979,0.006910324562340975,0.006910324562340975,0
2022-10-04 14:00:00+01:00,0.006910276599228382,0.006914194673299789,0.006903360132128,0.006911423057317734,0.006911423057317734,0
2022-10-04 15:00:00+01:00,0.0069114710204303265,0.006926166824996471,0.006911327596753836,0.006922043859958649,0.006922043859958649,0
2022-10-04 16:00:00+01:00,0.0069223796017467976,0.006931928917765617,0.006920942105352879,0.006928230170160532,0.006928230170160532,0
2022-10-04 17:00:00+01:00,0.006928470451384783,0.006948304828256369,0.006928230170160532,0.006933370605111122,0.006933370605111122,0
2022-10-04 18:00:00+01:00,0.0069334665313363075,0.006941069848835468,0.00693039083853364,0.006937074009329081,0.006937074009329081,0
2022-10-04 19:00:00+01:00,0.006936544552445412,0.0069487872533500195,0.006934956647455692,0.006947000976651907,0.006947000976651907,0
2022-10-04 20:00:00+01:00,0.006947049405425787,0.006950719747692347,0.006938566453754902,0.006941937375813723,0.006941937375813723,0
2022-10-04 21:00:00+01:00,0.006941889878362417,0.0069463737308979034,0.006936399731785059,0.006938662379980087,0.006938662379980087,0
2022-10-04 22:00:00+01:00,0.006940154824405909,0.006941407453268766,0.006932889577001333,0.006933754775673151,0.006933754775673151,0
2022-10-04 23:00:00+01:00,0.006933706346899271,0.006941069848835468,0.006931928917765617,0.00693673687055707,0.00693673687055707,0
2022-10-05 00:00:00+01:00,0.006937266327440739,0.006956521887332201,0.006937122438102961,0.006951541174203157,0.006951541174203157,0
2022-10-05 01:00:00+01:00,0.0069517819210886955,0.006968641187995672,0.006943624932318926,0.006951879244297743,0.006951879244297743,0
2022-10-05 02:00:00+01:00,0.0069519272074103355,0.006956038065254688,0.0069314963184297085,0.006932889577001333,0.006932889577001333,0
2022-10-05 03:00:00+01:00,0.006932745687663555,0.0069391438737511635,0.006928230170160532,0.0069334665313363075,0.0069334665313363075,0
2022-10-05 04:00:00+01:00,0.00693356292322278,0.006943479645997286,0.006933129858225584,0.006941069848835468,0.006941069848835468,0
2022-10-05 05:00:00+01:00,0.006940973456948996,0.006943479645997286,0.006935101468116045,0.006938228849321604,0.006938228849321604,0
2022-10-05 06:00:00+01:00,0.006938036531209946,0.006945891305804253,0.006936352234333754,0.006937507074326277,0.006937507074326277,0
2022-10-05 07:00:00+01:00,0.006937218364328146,0.006942033767700195,0.00693125557154417,0.0069334181025624275,0.0069334181025624275,0
2022-10-05 08:00:00+01:00,0.0069334181025624275,0.006935293786227703,0.006919840816408396,0.006923194043338299,0.006923194043338299,0
2022-10-05 09:00:00+01:00,0.006923433858901262,0.006932409014552832,0.006917399354279041,0.006926886271685362,0.006926886271685362,0
2022-10-05 10:00:00+01:00,0.006927126552909613,0.0069304876960814,0.006920271087437868,0.006921181920915842,0.006921181920915842,0
2022-10-05 11:00:00+01:00,0.006921133492141962,0.0069304876960814,0.006919744424521923,0.006927942391484976,0.006927942391484976,0
2022-10-05 12:00:00+01:00,0.00692789489403367,0.006930967792868614,0.006917973980307579,0.006919936742633581,0.006919936742633581,0
2022-10-05 13:00:00+01:00,0.006919792853295803,0.00692760618403554,0.006918930448591709,0.0069217081181705,0.0069217081181705,0
2022-10-05 14:00:00+01:00,0.006921900436282158,0.006925208028405905,0.006912808865308762,0.006915772799402475,0.006915772799402475,0
2022-10-05 15:00:00+01:00,0.006915820762515068,0.006916585844010115,0.006903884466737509,0.006907699164003134,0.006907699164003134,0
2022-10-05 16:00:00+01:00,0.006907699164003134,0.006912283133715391,0.006903836503624916,0.0069090835750103,0.0069090835750103,0
2022-10-05 17:00:00+01:00,0.0069090835750103,0.006918021477758884,0.006907174829393625,0.006908701732754707,0.006908701732754707,0
2022-10-05 18:00:00+01:00,0.006908176466822624,0.006916585844010115,0.006906554568558931,0.006912283133715391,0.006912283133715391,0
2022-10-05 19:00:00+01:00,0.006912426091730595,0.0069228108040988445,0.006911853328347206,0.006921420805156231,0.006921420805156231,0
2022-10-05 20:00:00+01:00,0.006921516731381416,0.006926646921783686,0.006917399354279041,0.006917447317391634,0.006917447317391634,0
2022-10-05 21:00:00+01:00,0.006917494814842939,0.006919457111507654,0.006911184638738632,0.006914673373103142,0.006914673373103142,0
2022-10-05 22:00:00+01:00,0.006914911791682243,0.006918547675013542,0.006913239136338234,0.006915772799402475,0.006915772799402475,0
2022-10-05 23:00:00+01:00,0.0069159166887402534,0.0069228108040988445,0.0069151511415839195,0.0069212294183671474,0.0069212294183671474,0
2022-10-06 00:00:00+01:00,0.006920702289789915,0.0069247279316186905,0.006917830090969801,0.006923289969563484,0.006923289969563484,0
2022-10-06 01:00:00+01:00,0.006923529785126448,0.006927126552909613,0.00691472040489316,0.0069158682599663734,0.0069158682599663734,0
2022-10-06 02:00:00+01:00,0.006915820762515068,0.006918500177562237,0.006910706404596567,0.006912760902196169,0.006912760902196169,0
2022-10-06 03:00:00+01:00,0.006912569515407085,0.006917542777955532,0.006911327596753836,0.006915724836289883,0.006915724836289883,0
2022-10-06 04:00:00+01:00,0.006915677338838577,0.006921852007508278,0.006914864294230938,0.006916872691363096,0.006916872691363096,0
2022-10-06 05:00:00+01:00,0.006917016580700874,0.0069213733077049255,0.006913907825946808,0.006919936742633581,0.006919936742633581,0
2022-10-06 06:00:00+01:00,0.00691960146650672,0.0069228108040988445,0.006916825193911791,0.006919314153492451,0.006919314153492451,0
2022-10-06 07:00:00+01:00,0.006919409614056349,0.0069223311729729176,0.006915437988936901,0.006916298996657133,0.006916298996657133,0
2022-10-06 08:00:00+01:00,0.00691610760986805,0.006919457111507654,0.006911709439009428,0.006916298996657133,0.006916298996657133,0
2022-10-06 09:00:00+01:00,0.006916298996657133,0.006918500177562237,0.00690903514623642,0.006913143675774336,0.006913143675774336,0
2022-10-06 10:00:00+01:00,0.006913143675774336,0.006914673373103142,0.00690822396427393,0.006911948788911104,0.006911948788911104,0
2022-10-06 11:00:00+01:00,0.006911805830895901,0.006914194673299789,0.006907222326844931,0.006909751333296299,0.006909751333296299,0
2022-10-06 12:00:00+01:00,0.0069093224592506886,0.006913716904819012,0.0069074127823114395,0.006911041215062141,0.006911041215062141,0
2022-10-06 13:00:00+01:00,0.006911041215062141,0.006917542777955532,0.0069085583090782166,0.0069088926538825035,0.0069088926538825035,0
2022-10-06 14:00:00+01:00,0.00690903514623642,0.006912283133715391,0.006902692839503288,0.006906983442604542,0.006906983442604542,0
2022-10-06 15:00:00+01:00,0.00690707890316844,0.006908939685672522,0.0069005973637104034,0.0069022634997963905,0.0069022634997963905,0
2022-10-06 16:00:00+01:00,0.0069022634997963905,0.006909417919814587,0.006898407358676195,0.00689902575686574,0.00689902575686574,0
2022-10-06 17:00:00+01:00,0.006899168249219656,0.0069032167084515095,0.006892843637615442,0.0068993112072348595,0.0068993112072348595,0
2022-10-06 18:00:00+01:00,0.0068993112072348595,0.0069032167084515095,0.006896884646266699,0.006898073945194483,0.006898073945194483,0
2022-10-06 19:00:00+01:00,0.006898264400660992,0.006900358945131302,0.006892843637615442,0.006892843637615442,0.006892843637615442,0
2022-10-06 20:00:00+01:00,0.006893033627420664,0.006896551698446274,0.0068899462930858135,0.0068907542154192924,0.0068907542154192924,0
2022-10-06 21:00:00+01:00,0.0068908012472093105,0.006894174497574568,0.0068898992612957954,0.006890468765050173,0.006890468765050173,0
2022-10-06 22:00:00+01:00,0.006890563759952784,0.006893699057400227,0.0068898992612957954,0.006892416160553694,0.006892416160553694,0
2022-10-06 23:00:00+01:00,0.006892938632518053,0.006899264175444841,0.0068907542154192924,0.006895743310451508,0.006895743310451508,0
2022-10-07 00:00:00+01:00,0.006895553320646286,0.0069022634997963905,0.006891418714076281,0.006894411984831095,0.006894411984831095,0
2022-10-07 01:00:00+01:00,0.0068944594822824,0.006905123125761747,0.006891513708978891,0.006899359170347452,0.006899359170347452,0
2022-10-07 02:00:00+01:00,0.006899359170347452,0.0069022634997963905,0.006893366575241089,0.0068965996615588665,0.0068965996615588665,0
2022-10-07 03:00:00+01:00,0.006895981263369322,0.0069022634997963905,0.0068934615701437,0.006899596657603979,0.006899596657603979,0
2022-10-07 04:00:00+01:00,0.006899596657603979,0.006901787593960762,0.00689640874043107,0.006898407358676195,0.006898407358676195,0
2022-10-07 05:00:00+01:00,0.006898407358676195,0.00690083485096693,0.006895268335938454,0.006895600352436304,0.006895600352436304,0
2022-10-07 06:00:00+01:00,0.006895553320646286,0.00690083485096693,0.006895220372825861,0.0068977405317127705,0.0068977405317127705,0
2022-10-07 07:00:00+01:00,0.00689764553681016,0.006899883039295673,0.00689255865290761,0.0068953633308410645,0.0068953633308410645,0
2022-10-07 08:00:00+01:00,0.00689512537792325,0.006905123125761747,0.0068944594822824,0.006900787819176912,0.006900787819176912,0
2022-10-07 09:00:00+01:00,0.0069005973637104034,0.006911327596753836,0.006900549400597811,0.006904790177941322,0.006904790177941322,0
2022-10-07 10:00:00+01:00,0.006904885172843933,0.006907508242875338,0.006901216227561235,0.0069032167084515095,0.0069032167084515095,0
2022-10-07 11:00:00+01:00,0.0069032167084515095,0.006905600428581238,0.006899264175444841,0.006899549625813961,0.006899549625813961,0
2022-10-07 12:00:00+01:00,0.006899501662701368,0.006904170382767916,0.006898502353578806,0.006899835076183081,0.006899835076183081,0
2022-10-07 13:00:00+01:00,0.006899787113070488,0.006906554568558931,0.006879992317408323,0.006893366575241089,0.006893366575241089,0
2022-10-07 14:00:00+01:00,0.006893223617225885,0.006900358945131302,0.0068872892297804356,0.006888285744935274,0.006888285744935274,0
2022-10-07 15:00:00+01:00,0.006888285744935274,0.006893223617225885,0.0068841599859297276,0.006889756768941879,0.006889756768941879,0
2022-10-07 16:00:00+01:00,0.00688985176384449,0.006892274133861065,0.006884776521474123,0.006887384690344334,0.006887384690344334,0
2022-10-07 17:00:00+01:00,0.006887147203087807,0.006890849210321903,0.0068813650868833065,0.006884065456688404,0.006884065456688404,0
2022-10-07 18:00:00+01:00,0.006883922964334488,0.006886577699333429,0.006881460081785917,0.006881507113575935,0.006881507113575935,0
2022-10-07 19:00:00+01:00,0.0068816496059298515,0.006883733440190554,0.006879471708089113,0.006879755295813084,0.006879755295813084,0
2022-10-07 20:00:00+01:00,0.006879708729684353,0.006881839130073786,0.006875498685985804,0.006879471708089113,0.006879471708089113,0
2022-10-07 21:00:00+01:00,0.006879613734781742,0.006886198651045561,0.00687710614874959,0.006886198651045561,0.006886198651045561,0
2022-10-10 00:00:00+01:00,0.006877153646200895,0.00688041839748621,0.006873372010886669,0.0068746949546039104,0.0068746949546039104,0
2022-10-10 01:00:00+01:00,0.006874552927911282,0.0068766335025429726,0.006864878349006176,0.006873277481645346,0.006873277481645346,0
2022-10-10 02:00:00+01:00,0.006873372010886669,0.006881839130073786,0.006872143596410751,0.006879803258925676,0.006879803258925676,0
2022-10-10 03:00:00+01:00,0.00687966076657176,0.0068813650868833065,0.006875546183437109,0.00687710614874959,0.00687710614874959,0
2022-10-10 04:00:00+01:00,0.006876964587718248,0.006878525018692017,0.006873514037579298,0.006875970866531134,0.006875970866531134,0
2022-10-10 05:00:00+01:00,0.006875970866531134,0.006878052372485399,0.006873797159641981,0.006875309627503157,0.006875309627503157,0
2022-10-10 06:00:00+01:00,0.00687540415674448,0.00688041839748621,0.006875309627503157,0.006877248175442219,0.006877248175442219,0
2022-10-10 07:00:00+01:00,0.006877437233924866,0.006884681526571512,0.006877153646200895,0.006879093125462532,0.006879093125462532,0
2022-10-10 08:00:00+01:00,0.006879045628011227,0.006886577699333429,0.006875735241919756,0.006876065395772457,0.006876065395772457,0
2022-10-10 09:00:00+01:00,0.006876160856336355,0.00687710614874959,0.006869500037282705,0.006872474681586027,0.006872474681586027,0
2022-10-10 10:00:00+01:00,0.006872569210827351,0.006877579260617495,0.006872380152344704,0.00687512056902051,0.00687512056902051,0
2022-10-10 11:00:00+01:00,0.006875073071569204,0.006878052372485399,0.0068709636107087135,0.006872096098959446,0.006872096098959446,0
2022-10-10 12:00:00+01:00,0.006872190628200769,0.0068766335025429726,0.006868415046483278,0.006871435325592756,0.006871435325592756,0
2022-10-10 13:00:00+01:00,0.006871010642498732,0.006874269340187311,0.006868037395179272,0.006872474681586027,0.006872474681586027,0
2022-10-10 14:00:00+01:00,0.006872474681586027,0.0068766335025429726,0.006866952870041132,0.0068685561418533325,0.0068685561418533325,0
2022-10-10 15:00:00+01:00,0.006868698168545961,0.006875215098261833,0.006860451307147741,0.006862711627036333,0.006862711627036333,0
2022-10-10 16:00:00+01:00,0.0068631358444690704,0.006864831782877445,0.0068584284745156765,0.0068621463142335415,0.0068621463142335415,0
2022-10-10 17:00:00+01:00,0.0068621463142335415,0.0068662455305457115,0.006859933957457542,0.0068599809892475605,0.0068599809892475605,0
2022-10-10 18:00:00+01:00,0.006860028021037579,0.006866716779768467,0.0068590398877859116,0.006864077411592007,0.006864077411592007,0
2022-10-10 19:00:00+01:00,0.006864218972623348,0.006869075354188681,0.006862805690616369,0.006863559130579233,0.006863559130579233,0
2022-10-10 20:00:00+01:00,0.00686374818906188,0.006866716779768467,0.006860969588160515,0.006862758193165064,0.006862758193165064,0
2022-10-10 21:00:00+01:00,0.006862476002424955,0.006865208502858877,0.006861911155283451,0.006863512098789215,0.006863512098789215,0
2022-10-10 22:00:00+01:00,0.006864077411592007,0.006865726783871651,0.006861299276351929,0.0068629467859864235,0.0068629467859864235,0
2022-10-10 23:00:00+01:00,0.006863182410597801,0.0068662455305457115,0.006861723028123379,0.006865444127470255,0.006865444127470255,0
2022-10-11 00:00:00+01:00,0.0068662455305457115,0.006868131458759308,0.0068633705377578735,0.006864925846457481,0.006864925846457481,0
2022-10-11 01:00:00+01:00,0.006864737253636122,0.006871907506138086,0.006861251778900623,0.006865161471068859,0.006865161471068859,0
2022-10-11 02:00:00+01:00,0.006865113973617554,0.006868131458759308,0.006859557703137398,0.006863323971629143,0.006863323971629143,0
2022-10-11 03:00:00+01:00,0.0068633705377578735,0.006867660209536552,0.006861675530672073,0.006863182410597801,0.006863182410597801,0
2022-10-11 04:00:00+01:00,0.006863323971629143,0.0068662455305457115,0.006861251778900623,0.006862005218863487,0.006862005218863487,0
2022-10-11 05:00:00+01:00,0.006862005218863487,0.006864831782877445,0.006856970023363829,0.0068596042692661285,0.0068596042692661285,0
2022-10-11 06:00:00+01:00,0.006859839893877506,0.006863418035209179,0.006855701096355915,0.006859275512397289,0.006859275512397289,0
2022-10-11 07:00:00+01:00,0.0068593695759773254,0.0068662455305457115,0.006856735795736313,0.006863229908049107,0.006863229908049107,0
2022-10-11 08:00:00+01:00,0.006863323971629143,0.006872380152344704,0.0068631358444690704,0.006867141462862492,0.006867141462862492,0
2022-10-11 09:00:00+01:00,0.006867046933621168,0.006874269340187311,0.006863418035209179,0.006864030379801989,0.006864030379801989,0
2022-10-11 10:00:00+01:00,0.0068639833480119705,0.006867660209536552,0.006860451307147741,0.006861957721412182,0.006861957721412182,0
2022-10-11 11:00:00+01:00,0.006861957721412182,0.006867660209536552,0.006860357243567705,0.006867518182843924,0.006867518182843924,0
2022-10-11 12:00:00+01:00,0.006867424119263887,0.006874269340187311,0.006866198033094406,0.006869925186038017,0.006869925186038017,0
2022-10-11 13:00:00+01:00,0.00686973612755537,0.006872380152344704,0.006864878349006176,0.00686568021774292,0.00686568021774292,0
2022-10-11 14:00:00+01:00,0.0068656327202916145,0.0068700192496180534,0.006860639899969101,0.006861063651740551,0.006861063651740551,0
2022-10-11 15:00:00+01:00,0.006861063651740551,0.006866716779768467,0.006859275512397289,0.006861911155283451,0.006861911155283451,0
2022-10-11 16:00:00+01:00,0.006861957721412182,0.006872380152344704,0.006860592868179083,0.0068709636107087135,0.0068709636107087135,0
2022-10-11 17:00:00+01:00,0.006870490964502096,0.00687710614874959,0.006866764277219772,0.006869830656796694,0.006869830656796694,0
2022-10-11 18:00:00+01:00,0.0068700192496180534,0.006871907506138086,0.006863888818770647,0.006865585222840309,0.006865585222840309,0
2022-10-11 19:00:00+01:00,0.006865774281322956,0.006867188960313797,0.006857722997665405,0.006858240347355604,0.006858240347355604,0
2022-10-11 20:00:00+01:00,0.0068578170612454414,0.006861533969640732,0.0068541038781404495,0.006857581436634064,0.006857581436634064,0
2022-10-11 21:00:00+01:00,0.006857440806925297,0.006861533969640732,0.006855607498437166,0.006856829393655062,0.006856829393655062,0
2022-10-11 22:00:00+01:00,0.0068566882982850075,0.006862287875264883,0.006856076885014772,0.006859086453914642,0.006859086453914642,0
2022-10-11 23:00:00+01:00,0.006859086453914642,0.006867660209536552,0.006857064086943865,0.006858522538095713,0.006858522538095713,0
2022-10-12 00:00:00+01:00,0.006857769563794136,0.006861063651740551,0.006851895712316036,0.006855889223515987,0.006855889223515987,0
2022-10-12 01:00:00+01:00,0.0068544321693480015,0.006859181448817253,0.0068385424092411995,0.0068436902947723866,0.0068436902947723866,0
2022-10-12 02:00:00+01:00,0.00684354966506362,0.006847907789051533,0.0068322340957820415,0.00683723296970129,0.00683723296970129,0
2022-10-12 03:00:00+01:00,0.00683723296970129,0.006842285394668579,0.0068311612121760845,0.006840693764388561,0.006840693764388561,0
2022-10-12 04:00:00+01:00,0.006840693764388561,0.006842753384262323,0.006836532149463892,0.00683975825086236,0.00683975825086236,0
2022-10-12 05:00:00+01:00,0.00683957152068615,0.006850253790616989,0.006837700493633747,0.006839664652943611,0.006839664652943611,0
2022-10-12 06:00:00+01:00,0.006839804816991091,0.006843221373856068,0.006836017593741417,0.006839617621153593,0.006839617621153593,0
2022-10-12 07:00:00+01:00,0.006839617621153593,0.006846501491963863,0.006837092339992523,0.0068413494154810905,0.0068413494154810905,0
2022-10-12 08:00:00+01:00,0.006841162219643593,0.006847907789051533,0.0068395244888961315,0.0068413494154810905,0.0068413494154810905,0
2022-10-12 09:00:00+01:00,0.006841208320111036,0.006843221373856068,0.006834662519395351,0.006835924461483955,0.006835924461483955,0
2022-10-12 10:00:00+01:00,0.006836017593741417,0.006838073953986168,0.006829108111560345,0.006831908132880926,0.006831908132880926,0
2022-10-12 11:00:00+01:00,0.006831861101090908,0.006834335159510374,0.0068232836201786995,0.006824960466474295,0.006824960466474295,0
2022-10-12 12:00:00+01:00,0.006824913434684277,0.006834335159510374,0.006819793488830328,0.006821375340223312,0.006821375340223312,0
2022-10-12 13:00:00+01:00,0.006821189075708389,0.006823609583079815,0.006810968276113272,0.006815099623054266,0.006815099623054266,0
2022-10-12 14:00:00+01:00,0.006815099623054266,0.006818026769906282,0.006808417849242687,0.0068085105158388615,0.0068085105158388615,0
2022-10-12 15:00:00+01:00,0.0068085575476288795,0.006818026769906282,0.006806239951401949,0.0068099480122327805,0.0068099480122327805,0
2022-10-12 16:00:00+01:00,0.006810133811086416,0.006811525207012892,0.006804479751735926,0.006808463949710131,0.006808463949710131,0
2022-10-12 17:00:00+01:00,0.0068083712831139565,0.006810133811086416,0.006803970318287611,0.006804943084716797,0.006804943084716797,0
2022-10-12 18:00:00+01:00,0.006805035751312971,0.006811525207012892,0.00680406391620636,0.0068081398494541645,0.0068081398494541645,0
2022-10-12 19:00:00+01:00,0.00680804718285799,0.0068198866210877895,0.006806657183915377,0.006808881182223558,0.006808881182223558,0
2022-10-12 20:00:00+01:00,0.006808835547417402,0.00681198900565505,0.006806147750467062,0.0068102264776825905,0.0068102264776825905,0
2022-10-12 21:00:00+01:00,0.006810086779296398,0.006811525207012892,0.006806055083870888,0.006807212717831135,0.006807212717831135,0
2022-10-12 22:00:00+01:00,0.006807305384427309,0.006811525207012892,0.006806888617575169,0.006809160113334656,0.006809160113334656,0
2022-10-12 23:00:00+01:00,0.006808973848819733,0.006814774125814438,0.006808973848819733,0.006813335232436657,0.006813335232436657,0
2022-10-13 00:00:00+01:00,0.006813242565840483,0.006819421891123056,0.00681277783587575,0.006813195534050465,0.006813195534050465,0
2022-10-13 01:00:00+01:00,0.006813149433583021,0.006817562505602837,0.0068080006167292595,0.006812870502471924,0.006812870502471924,0
2022-10-13 02:00:00+01:00,0.006813288666307926,0.006815238855779171,0.006809855345636606,0.006810968276113272,0.006810968276113272,0
2022-10-13 03:00:00+01:00,0.00681073684245348,0.006812453269958496,0.00680869584903121,0.006809716112911701,0.006809716112911701,0
2022-10-13 04:00:00+01:00,0.006809716112911701,0.006815703120082617,0.006808278616517782,0.006811850238591433,0.006811850238591433,0
2022-10-13 05:00:00+01:00,0.006811896339058876,0.006815703120082617,0.006809576880186796,0.006810551043599844,0.006810551043599844,0
2022-10-13 06:00:00+01:00,0.006810365244746208,0.006812453269958496,0.006807166151702404,0.0068078613840043545,0.0068078613840043545,0
2022-10-13 07:00:00+01:00,0.006808278616517782,0.006814309861510992,0.006807305384427309,0.006810411810874939,0.006810411810874939,0
2022-10-13 08:00:00+01:00,0.0068105971440672874,0.006815703120082617,0.0068102264776825905,0.006810411810874939,0.006810411810874939,0
2022-10-13 09:00:00+01:00,0.00681045837700367,0.0068133813329041,0.006809160113334656,0.006810782477259636,0.006810782477259636,0
2022-10-13 10:00:00+01:00,0.006810643710196018,0.006816632580012083,0.0068083712831139565,0.00681198900565505,0.00681198900565505,0
2022-10-13 11:00:00+01:00,0.0068120816722512245,0.006814774125814438,0.006810782477259636,0.00681171054020524,0.00681171054020524,0
2022-10-13 12:00:00+01:00,0.00681171054020524,0.006821282207965851,0.00681087514385581,0.0068166786804795265,0.0068166786804795265,0
2022-10-13 13:00:00+01:00,0.006816632580012083,0.0068198866210877895,0.006779385264962912,0.006789465434849262,0.006789465434849262,0
2022-10-13 14:00:00+01:00,0.006789419800043106,0.006829621270298958,0.006771672982722521,0.0067916326224803925,0.0067916326224803925,0
2022-10-13 15:00:00+01:00,0.006792094092816114,0.006795786786824465,0.006779339164495468,0.0067855496890842915,0.0067855496890842915,0
2022-10-13 16:00:00+01:00,0.006785733625292778,0.006806888617575169,0.0067840758711099625,0.006795186549425125,0.006795186549425125,0
2022-10-13 17:00:00+01:00,0.006795786786824465,0.006805498618632555,0.006791448220610619,0.006792970933020115,0.006792970933020115,0
2022-10-13 18:00:00+01:00,0.006792878266423941,0.006810782477259636,0.006791402120143175,0.006802720949053764,0.006802720949053764,0
2022-10-13 19:00:00+01:00,0.006802396848797798,0.006805035751312971,0.006792370695620775,0.006795740220695734,0.006795740220695734,0
2022-10-13 20:00:00+01:00,0.006795740220695734,0.006797172594815493,0.006789603736251593,0.006790756247937679,0.006790756247937679,0
2022-10-13 21:00:00+01:00,0.006790618412196636,0.006798003800213337,0.006788866128772497,0.006798003800213337,0.006798003800213337,0
2022-10-13 22:00:00+01:00,0.006797726731747389,0.006799113471060991,0.006790710613131523,0.006795786786824465,0.006795786786824465,0
2022-10-13 23:00:00+01:00,0.006795509252697229,0.006796617992222309,0.006789050530642271,0.00679103285074234,0.00679103285074234,0
2022-10-14 00:00:00+01:00,0.006790618412196636,0.006792555097490549,0.006787667982280254,0.006788543425500393,0.006788543425500393,0
2022-10-14 01:00:00+01:00,0.006788543425500393,0.006792555097490549,0.0067818681709468365,0.006787253078073263,0.006787253078073263,0
2022-10-14 02:00:00+01:00,0.006787069141864777,0.00679994560778141,0.006786884739995003,0.006796017289161682,0.006796017289161682,0
2022-10-14 03:00:00+01:00,0.006795925088226795,0.006798096466809511,0.006786793004721403,0.006787852384150028,0.006787852384150028,0
2022-10-14 04:00:00+01:00,0.006788037251681089,0.006791171617805958,0.006784859113395214,0.006786286365240812,0.006786286365240812,0
2022-10-14 05:00:00+01:00,0.006786286365240812,0.00678840558975935,0.006781361997127533,0.006783385761082172,0.006783385761082172,0
2022-10-14 06:00:00+01:00,0.0067828805185854435,0.006786562502384186,0.006780948024243116,0.006781361997127533,0.006781361997127533,0
2022-10-14 07:00:00+01:00,0.0067813158966600895,0.0067874835804104805,0.006779890973120928,0.00678430637344718,0.00678430637344718,0
2022-10-14 08:00:00+01:00,0.00678430637344718,0.006786562502384186,0.006774608511477709,0.006780580617487431,0.006780580617487431,0
2022-10-14 09:00:00+01:00,0.006780396681278944,0.006781959906220436,0.006768601946532726,0.006771213840693235,0.006771213840693235,0
2022-10-14 10:00:00+01:00,0.006771305575966835,0.006774608511477709,0.00676644966006279,0.006770526524633169,0.006770526524633169,0
2022-10-14 11:00:00+01:00,0.006770572625100613,0.006779201794415712,0.006769518367946148,0.0067717647179961205,0.0067717647179961205,0
2022-10-14 12:00:00+01:00,0.006771672982722521,0.006773690693080425,0.0067621939815580845,0.006765808444470167,0.006765808444470167,0
2022-10-14 13:00:00+01:00,0.006765854544937611,0.006774608511477709,0.0067626056261360645,0.00677034305408597,0.00677034305408597,0
2022-10-14 14:00:00+01:00,0.006770297419279814,0.006772773806005716,0.006755204871296883,0.006757943890988827,0.006757943890988827,0
2022-10-14 15:00:00+01:00,0.006757715251296759,0.006758491974323988,0.006735503673553467,0.006740497890859842,0.006740497890859842,0
2022-10-14 16:00:00+01:00,0.006740133743733168,0.006745362654328346,0.006734143011271954,0.006735820788890123,0.006735820788890123,0
2022-10-14 17:00:00+01:00,0.006735912058502436,0.006740815471857786,0.006717766635119915,0.006718624383211136,0.006718624383211136,0
2022-10-14 18:00:00+01:00,0.006718488410115242,0.006727664265781641,0.006717901676893234,0.006720881909132004,0.006720881909132004,0
2022-10-14 19:00:00+01:00,0.006720836739987135,0.006727211643010378,0.006719120778143406,0.00672549195587635,0.00672549195587635,0
2022-10-14 20:00:00+01:00,0.006725311279296875,0.006732646841555834,0.0067232768051326275,0.0067288861609995365,0.0067288861609995365,0
2022-10-14 21:00:00+01:00,0.006728614680469036,0.006732646841555834,0.006721197627484798,0.006723818834871054,0.006723818834871054,0
2022-10-14 22:00:00+01:00,0.006723367143422365,0.006723367143422365,0.006723367143422365,0.006723367143422365,0.006723367143422365,0
2022-10-17 00:00:00+01:00,0.006727664265781641,0.006736909970641136,0.006725899409502745,0.006728116422891617,0.006728116422891617,0
2022-10-17 01:00:00+01:00,0.0067277089692652225,0.006738726515322924,0.006725673098117113,0.006731740199029446,0.006731740199029446,0
2022-10-17 02:00:00+01:00,0.006731830537319183,0.006733916234225035,0.006726261228322983,0.006730788853019476,0.006730788853019476,0
2022-10-17 03:00:00+01:00,0.006728977430611849,0.006732646841555834,0.006727392785251141,0.0067290677689015865,0.0067290677689015865,0
2022-10-17 04:00:00+01:00,0.006728841457515955,0.006731785833835602,0.006726441904902458,0.006727392785251141,0.006727392785251141,0
2022-10-17 05:00:00+01:00,0.006727030035108328,0.006728841457515955,0.006720294710248709,0.006720565725117922,0.006720565725117922,0
2022-10-17 06:00:00+01:00,0.006720565725117922,0.0067277089692652225,0.006720475386828184,0.006724406499415636,0.006724406499415636,0
2022-10-17 07:00:00+01:00,0.006724406499415636,0.00672979187220335,0.006721785292029381,0.006723321974277496,0.006723321974277496,0
2022-10-17 08:00:00+01:00,0.0067232768051326275,0.006732057314366102,0.006723231170326471,0.006727256812155247,0.006727256812155247,0
2022-10-17 09:00:00+01:00,0.006727573927491903,0.0067297471687197685,0.0067218756303191185,0.0067243617959320545,0.0067243617959320545,0
2022-10-17 10:00:00+01:00,0.006724452134221792,0.0067296563647687435,0.00672318646684289,0.006725356914103031,0.006725356914103031,0
2022-10-17 11:00:00+01:00,0.006725447252392769,0.0067308335565030575,0.006716141942888498,0.006719030439853668,0.006719030439853668,0
2022-10-17 12:00:00+01:00,0.006718804594129324,0.00672454247251153,0.006717540789395571,0.006718488410115242,0.006718488410115242,0
2022-10-17 13:00:00+01:00,0.006718534044921398,0.006730380933731794,0.006716277450323105,0.00672549195587635,0.00672549195587635,0
2022-10-17 14:00:00+01:00,0.006725220941007137,0.006732510402798653,0.006720113568007946,0.006722282152622938,0.006722282152622938,0
2022-10-17 15:00:00+01:00,0.006722147110849619,0.006727664265781641,0.006720927078276873,0.006724045146256685,0.006724045146256685,0
2022-10-17 16:00:00+01:00,0.006724045146256685,0.006727392785251141,0.006718894932419062,0.006724406499415636,0.006724406499415636,0
2022-10-17 17:00:00+01:00,0.006724406499415636,0.006726713851094246,0.006718488410115242,0.006719301454722881,0.006719301454722881,0
2022-10-17 18:00:00+01:00,0.006719255819916725,0.006724496837705374,0.006717766635119915,0.006718624383211136,0.006718624383211136,0
2022-10-17 19:00:00+01:00,0.006718669086694717,0.006721287965774536,0.0067158713936805725,0.006716322619467974,0.006716322619467974,0
2022-10-17 20:00:00+01:00,0.006716322619467974,0.006718534044921398,0.006707402877509594,0.006707943044602871,0.006707943044602871,0
2022-10-17 21:00:00+01:00,0.006708032917231321,0.006713121198117733,0.00670776329934597,0.006709968205541372,0.006709968205541372,0
2022-10-17 22:00:00+01:00,0.00671140942722559,0.0067156460136175156,0.0067099230363965034,0.00671262526884675,0.00671262526884675,0
2022-10-17 23:00:00+01:00,0.006712716072797775,0.006716007366776466,0.006710824090987444,0.006712040398269892,0.006712040398269892,0
2022-10-18 00:00:00+01:00,0.0067105540074408054,0.006716908887028694,0.006709878332912922,0.006712806411087513,0.006712806411087513,0
2022-10-18 01:00:00+01:00,0.006712896283715963,0.006724496837705374,0.006712670903652906,0.0067221918143332005,0.0067221918143332005,0
2022-10-18 02:00:00+01:00,0.006722101476043463,0.006727800238877535,0.0067166839726269245,0.006718624383211136,0.006718624383211136,0
2022-10-18 03:00:00+01:00,0.006718488410115242,0.006720700766891241,0.006713797338306904,0.006714383140206337,0.006714383140206337,0
2022-10-18 04:00:00+01:00,0.006714248564094305,0.006718940567225218,0.006714022718369961,0.006716232281178236,0.006716232281178236,0
2022-10-18 05:00:00+01:00,0.006716277450323105,0.006724271457642317,0.006716097239404917,0.006721243262290955,0.006721243262290955,0
2022-10-18 06:00:00+01:00,0.006721197627484798,0.006723728496581316,0.006715826690196991,0.006716322619467974,0.006716322619467974,0
2022-10-18 07:00:00+01:00,0.006716412492096424,0.006719978526234627,0.006714158225804567,0.006716908887028694,0.006716908887028694,0
2022-10-18 08:00:00+01:00,0.006716728676110506,0.0067200688645243645,0.0067088427022099495,0.006713031325489283,0.006713031325489283,0
2022-10-18 09:00:00+01:00,0.006712986622005701,0.0067173149436712265,0.006698462180793285,0.006698910612612963,0.006698910612612963,0
2022-10-18 10:00:00+01:00,0.006698910612612963,0.006751510314643383,0.0066984170116484165,0.006709157954901457,0.006709157954901457,0
2022-10-18 11:00:00+01:00,0.0067090680822730064,0.006711679510772228,0.006702008657157421,0.0067041656002402306,0.0067041656002402306,0
2022-10-18 12:00:00+01:00,0.006704210303723812,0.006709203124046326,0.006701918784528971,0.006706458516418934,0.006706458516418934,0
2022-10-18 13:00:00+01:00,0.006706413812935352,0.006718308199197054,0.0067046149633824825,0.006711949594318867,0.006711949594318867,0
2022-10-18 14:00:00+01:00,0.006711995229125023,0.00671546533703804,0.006706368178129196,0.0067078531719744205,0.0067078531719744205,0
2022-10-18 15:00:00+01:00,0.006707897875458002,0.00671334657818079,0.0067035360261797905,0.006708077620714903,0.006708077620714903,0
2022-10-18 16:00:00+01:00,0.006708032917231321,0.006709878332912922,0.006698327604681253,0.006701065693050623,0.006701065693050623,0
2022-10-18 17:00:00+01:00,0.006701065693050623,0.0067088427022099495,0.006700212601572275,0.006703266408294439,0.006703266408294439,0
2022-10-18 18:00:00+01:00,0.006703311577439308,0.006706008687615395,0.006698641460388899,0.006701289676129818,0.006701289676129818,0
2022-10-18 19:00:00+01:00,0.006701155565679073,0.006704973988234997,0.006699179764837027,0.006702907383441925,0.006702907383441925,0
2022-10-18 20:00:00+01:00,0.006702907383441925,0.006705514155328274,0.006700212601572275,0.006702727638185024,0.006702727638185024,0
2022-10-18 21:00:00+01:00,0.006702727638185024,0.006704479455947876,0.006700032390654087,0.006700257305055857,0.006700257305055857,0
2022-10-18 22:00:00+01:00,0.006700796540826559,0.0067056939005851746,0.0066988212056458,0.006703805644065142,0.006703805644065142,0
2022-10-18 23:00:00+01:00,0.006703940685838461,0.006706458516418934,0.006701289676129818,0.00670367106795311,0.00670367106795311,0
2022-10-19 00:00:00+01:00,0.006704030558466911,0.006707808002829552,0.00670075137168169,0.006701693870127201,0.006701693870127201,0
2022-10-19 01:00:00+01:00,0.00670173903927207,0.006708257365971804,0.00669967383146286,0.006703491322696209,0.006703491322696209,0
2022-10-19 02:00:00+01:00,0.00670344615355134,0.006707448046654463,0.006701020523905754,0.00670398585498333,0.00670398585498333,0
2022-10-19 03:00:00+01:00,0.006703895516693592,0.006706188432872295,0.006701289676129818,0.006703805644065142,0.006703805644065142,0
2022-10-19 04:00:00+01:00,0.0067038508132100105,0.006706593558192253,0.0067015597596764565,0.00670214369893074,0.00670214369893074,0
2022-10-19 05:00:00+01:00,0.006702323444187641,0.0067046149633824825,0.006697699893265963,0.006698102690279484,0.006698102690279484,0
2022-10-19 06:00:00+01:00,0.006698237732052803,0.006701199803501368,0.006696129683405161,0.006698102690279484,0.006698102690279484,0
2022-10-19 07:00:00+01:00,0.006698102690279484,0.006701514590531588,0.006690708454698324,0.006691693793982267,0.006691693793982267,0
2022-10-19 08:00:00+01:00,0.006691604387015104,0.006700840778648853,0.006689679343253374,0.006695905234664679,0.006695905234664679,0
2022-10-19 09:00:00+01:00,0.006695950403809547,0.0066984170116484165,0.006691380403935909,0.006692992057651281,0.006692992057651281,0
2022-10-19 10:00:00+01:00,0.006692678667604923,0.00669496413320303,0.0066898581571877,0.006691738031804562,0.006691738031804562,0
2022-10-19 11:00:00+01:00,0.006691693793982267,0.006695232819765806,0.0066840010695159435,0.0066856988705694675,0.0066856988705694675,0
2022-10-19 12:00:00+01:00,0.006685653701424599,0.006688963156193495,0.006679268553853035,0.00668359873816371,0.00668359873816371,0
2022-10-19 13:00:00+01:00,0.00668359873816371,0.006685251835733652,0.006676637101918459,0.006680070888251066,0.006680070888251066,0
2022-10-19 14:00:00+01:00,0.0066783311776816845,0.006681499071419239,0.0066762357018888,0.006677171681076288,0.006677171681076288,0
2022-10-19 15:00:00+01:00,0.006677261553704739,0.0066851177252829075,0.006676993332803249,0.006679268553853035,0.006679268553853035,0
2022-10-19 16:00:00+01:00,0.006679357495158911,0.006682615727186203,0.0066762808710336685,0.006676949094980955,0.006676949094980955,0
2022-10-19 17:00:00+01:00,0.006676860153675079,0.006679446902126074,0.006673651747405529,0.006674141623079777,0.006674141623079777,0
2022-10-19 18:00:00+01:00,0.006674052681773901,0.006676637101918459,0.006671603303402662,0.00667195999994874,0.00667195999994874,0
2022-10-19 19:00:00+01:00,0.006671825889497995,0.006674988195300102,0.006671425420790911,0.006671871058642864,0.006671871058642864,0
2022-10-19 20:00:00+01:00,0.006671825889497995,0.006675567477941513,0.006671114359050989,0.0066726719960570335,0.0066726719960570335,0
2022-10-19 21:00:00+01:00,0.006672850344330072,0.006674497853964567,0.00667080283164978,0.006671871058642864,0.006671871058642864,0
2022-10-19 22:00:00+01:00,0.006673384457826614,0.006680294405668974,0.006671425420790911,0.0066740973852574825,0.0066740973852574825,0
2022-10-19 23:00:00+01:00,0.006673428695648909,0.006681589409708977,0.006672404706478119,0.0066751218400895596,0.0066751218400895596,0
2022-10-20 00:00:00+01:00,0.006674141623079777,0.006678242236375809,0.006673028692603111,0.006674453616142273,0.006674453616142273,0
2022-10-20 01:00:00+01:00,0.006674497853964567,0.006676904391497374,0.0066694230772554874,0.006670135073363781,0.006670135073363781,0
2022-10-20 02:00:00+01:00,0.006670179311186075,0.006673562806099653,0.006668534129858017,0.006670401897281408,0.006670401897281408,0
2022-10-20 03:00:00+01:00,0.0066703129559755325,0.006673384457826614,0.006669067777693272,0.006670624949038029,0.006670624949038029,0
2022-10-20 04:00:00+01:00,0.006670490838587284,0.006672894582152367,0.0066696456633508205,0.0066707138903439045,0.0066707138903439045,0
2022-10-20 05:00:00+01:00,0.006670624949038029,0.006674453616142273,0.006669067777693272,0.006670846603810787,0.006670846603810787,0
2022-10-20 06:00:00+01:00,0.006670846603810787,0.006672583054751158,0.006668756250292063,0.006669334135949612,0.006669334135949612,0
2022-10-20 07:00:00+01:00,0.0066691115498542786,0.0066721378825604916,0.006667688954621553,0.0066693793050944805,0.0066693793050944805,0
2022-10-20 08:00:00+01:00,0.006669290363788605,0.00668324064463377,0.006662758067250252,0.006672226823866367,0.006672226823866367,0
2022-10-20 09:00:00+01:00,0.006672360468655825,0.006675656419247389,0.006668000016361475,0.006669067777693272,0.006669067777693272,0
2022-10-20 10:00:00+01:00,0.0066691115498542786,0.006678108591586351,0.006669022608548403,0.006674319971352816,0.006674319971352816,0
2022-10-20 11:00:00+01:00,0.006674408912658691,0.006681990344077349,0.006672583054751158,0.0066786883398890495,0.0066786883398890495,0
2022-10-20 12:00:00+01:00,0.0066783311776816845,0.006682526785880327,0.0066751218400895596,0.00667525501921773,0.00667525501921773,0
2022-10-20 13:00:00+01:00,0.00667525501921773,0.006682705134153366,0.006670357193797827,0.006670757662504911,0.006670757662504911,0
2022-10-20 14:00:00+01:00,0.006670846603810787,0.00667610252276063,0.006669912487268448,0.006671425420790911,0.006671425420790911,0
2022-10-20 15:00:00+01:00,0.006671693176031113,0.006688381545245647,0.006671203300356865,0.0066853854805231094,0.0066853854805231094,0
2022-10-20 16:00:00+01:00,0.006685341242700815,0.0066871740855276585,0.006673428695648909,0.006674631964415312,0.006674631964415312,0
2022-10-20 17:00:00+01:00,0.006674497853964567,0.0066766818054020405,0.006668933667242527,0.006670357193797827,0.006670357193797827,0
2022-10-20 18:00:00+01:00,0.006670357193797827,0.006672404706478119,0.006664223503321409,0.006664445158094168,0.006664445158094168,0
2022-10-20 19:00:00+01:00,0.006664489861577749,0.006667022127658129,0.006655662786215544,0.006660361774265766,0.006660361774265766,0
2022-10-20 20:00:00+01:00,0.00666027283295989,0.00666204746812582,0.006654201075434685,0.006659430451691151,0.006659430451691151,0
2022-10-20 21:00:00+01:00,0.006659385748207569,0.00666231382638216,0.0066577899269759655,0.006660893559455872,0.006660893559455872,0
2022-10-20 22:00:00+01:00,0.006661515217274427,0.006666755303740501,0.006659563165158033,0.0066625806502997875,0.0066625806502997875,0
2022-10-20 23:00:00+01:00,0.006662535946816206,0.0066659110598266125,0.006659873761236668,0.006661515217274427,0.006661515217274427,0
2022-10-21 00:00:00+01:00,0.006661382038146257,0.0066632903181016445,0.00665712496265769,0.006659163627773523,0.006659163627773523,0
2022-10-21 01:00:00+01:00,0.006659075152128935,0.006661825813353062,0.0066569033078849316,0.006660006940364838,0.006660006940364838,0
2022-10-21 02:00:00+01:00,0.006659784819930792,0.006661692634224892,0.006655263714492321,0.006656238343566656,0.006656238343566656,0
2022-10-21 03:00:00+01:00,0.006656283047050238,0.006658321246504784,0.0066540236584842205,0.0066553084179759026,0.0066553084179759026,0
2022-10-21 04:00:00+01:00,0.006655263714492321,0.006658277474343777,0.006649731658399105,0.006651147268712521,0.006651147268712521,0
2022-10-21 05:00:00+01:00,0.006650926545262337,0.0066529614850878716,0.0066475216299295425,0.006649466697126627,0.006649466697126627,0
2022-10-21 06:00:00+01:00,0.006649643648415804,0.006652828771620989,0.006648626644164324,0.006651014555245638,0.006651014555245638,0
2022-10-21 07:00:00+01:00,0.006651014555245638,0.006655263714492321,0.006646549794822931,0.0066481404937803745,0.0066481404937803745,0
2022-10-21 08:00:00+01:00,0.006648007780313492,0.006652607582509518,0.00664513697847724,0.006645489949733019,0.006645489949733019,0
2022-10-21 09:00:00+01:00,0.006645445246249437,0.006650262977927923,0.006624841596931219,0.0066253687255084515,0.0066253687255084515,0
2022-10-21 10:00:00+01:00,0.00662528071552515,0.006633059587329626,0.006623218767344952,0.006624754052609205,0.006624754052609205,0
2022-10-21 11:00:00+01:00,0.006624710280448198,0.0066282665356993675,0.006606809329241514,0.006607856601476669,0.006607856601476669,0
2022-10-21 12:00:00+01:00,0.0066077690571546555,0.006610215175896883,0.006596741266548634,0.006600093562155962,0.006600093562155962,0
2022-10-21 13:00:00+01:00,0.006599919404834509,0.006620455998927355,0.006581372115761042,0.006601967383176088,0.006601967383176088,0
2022-10-21 14:00:00+01:00,0.006601836532354355,0.006620324216783047,0.006592522840946913,0.006608991883695126,0.006608991883695126,0
2022-10-21 15:00:00+01:00,0.006608206313103437,0.006713752634823322,0.006594522390514612,0.00666284654289484,0.00666284654289484,0
2022-10-21 16:00:00+01:00,0.00666311290115118,0.006838073953986168,0.0066621811129152775,0.006834195461124182,0.006834195461124182,0
2022-10-21 17:00:00+01:00,0.006834289059042931,0.0068418169394135475,0.006750917993485928,0.0067915404215455055,0.0067915404215455055,0
2022-10-21 18:00:00+01:00,0.006791448220610619,0.006798096466809511,0.006736456416547298,0.006738998461514711,0.006738998461514711,0
2022-10-21 19:00:00+01:00,0.00673886202275753,0.006790710613131523,0.006736002862453461,0.006781776435673237,0.006781776435673237,0
2022-10-21 20:00:00+01:00,0.0067818681709468365,0.006821562070399523,0.006772314663976431,0.006772452499717474,0.006772452499717474,0
2022-10-21 21:00:00+01:00,0.00677258986979723,0.0067975884303450584,0.006766815669834614,0.006777363363653421,0.006777363363653421,0
2022-10-21 22:00:00+01:00,0.006773690693080425,0.006773690693080425,0.006773690693080425,0.006773690693080425,0.006773690693080425,0
2022-10-24 00:00:00+01:00,0.006698552053421736,0.0068747419863939285,0.006679580081254244,0.006773966830223799,0.006773966830223799,0
2022-10-24 01:00:00+01:00,0.006773782428354025,0.00678697694092989,0.006710418500006199,0.00672454247251153,0.00672454247251153,0
2022-10-24 02:00:00+01:00,0.006724632810801268,0.006733190268278122,0.006709517911076546,0.0067145642824471,0.0067145642824471,0
2022-10-24 03:00:00+01:00,0.00671393284574151,0.006724496837705374,0.006711093708872795,0.006717676762491465,0.006717676762491465,0
2022-10-24 04:00:00+01:00,0.006717676762491465,0.006721785292029381,0.006712085101753473,0.00671695452183485,0.00671695452183485,0
2022-10-24 05:00:00+01:00,0.006716999225318432,0.006720881909132004,0.006713978014886379,0.006715781521052122,0.006715781521052122,0
2022-10-24 06:00:00+01:00,0.006715826690196991,0.006722237449139357,0.006711859721690416,0.00671262526884675,0.00671262526884675,0
2022-10-24 07:00:00+01:00,0.006712760776281357,0.006717179901897907,0.0066988212056458,0.006705334410071373,0.006705334410071373,0
2022-10-24 08:00:00+01:00,0.0067053791135549545,0.006714068353176117,0.0066953678615391254,0.0066998982802033424,0.0066998982802033424,0
2022-10-24 09:00:00+01:00,0.006699719000607729,0.0067032212391495705,0.006693127099424601,0.00669868616387248,0.00669868616387248,0
2022-10-24 10:00:00+01:00,0.006696846801787615,0.00670066149905324,0.006690708454698324,0.006693574599921703,0.006693574599921703,0
2022-10-24 11:00:00+01:00,0.006693619769066572,0.006699135527014732,0.006691514980047941,0.006694470997899771,0.006694470997899771,0
2022-10-24 12:00:00+01:00,0.006694515701383352,0.006745499558746815,0.006693574599921703,0.006711364258080721,0.006711364258080721,0
2022-10-24 13:00:00+01:00,0.006710824090987444,0.006722327787429094,0.006700616329908371,0.006708482746034861,0.006708482746034861,0
2022-10-24 14:00:00+01:00,0.0067085279151797295,0.006728524342179298,0.006701379548758268,0.006717360578477383,0.006717360578477383,0
2022-10-24 15:00:00+01:00,0.0067184437066316605,0.00672693969681859,0.006706953048706055,0.006722553167492151,0.006722553167492151,0
2022-10-24 16:00:00+01:00,0.006722553167492151,0.006726125720888376,0.006716052070260048,0.006721920799463987,0.006721920799463987,0
2022-10-24 17:00:00+01:00,0.006722055841237307,0.006726487539708614,0.006712580565363169,0.006713392212986946,0.006713392212986946,0
2022-10-24 18:00:00+01:00,0.0067132567055523396,0.0067194364964962006,0.006712490692734718,0.00671393284574151,0.00671393284574151,0
2022-10-24 19:00:00+01:00,0.006715015042573214,0.006721197627484798,0.0067097884602844715,0.0067194364964962006,0.0067194364964962006,0
2022-10-24 20:00:00+01:00,0.006719617638736963,0.0067221918143332005,0.006711634807288647,0.006712400820106268,0.006712400820106268,0
2022-10-24 21:00:00+01:00,0.0067125353962183,0.006714473478496075,0.006707088556140661,0.006713887210935354,0.006713887210935354,0
2022-10-24 22:00:00+01:00,0.006715917028486729,0.006717225071042776,0.006711859721690416,0.006713842507451773,0.006713842507451773,0
2022-10-24 23:00:00+01:00,0.0067085279151797295,0.006721197627484798,0.006706953048706055,0.006716908887028694,0.006716908887028694,0
2022-10-25 00:00:00+01:00,0.00671695452183485,0.006724406499415636,0.006714969407767057,0.006716503296047449,0.006716503296047449,0
2022-10-25 01:00:00+01:00,0.006716503296047449,0.006736002862453461,0.006711319554597139,0.006712760776281357,0.006712760776281357,0
2022-10-25 02:00:00+01:00,0.006712490692734718,0.00671794731169939,0.006708752829581499,0.006714158225804567,0.006714158225804567,0
2022-10-25 03:00:00+01:00,0.006713978014886379,0.006718940567225218,0.006711769383400679,0.006716277450323105,0.006716277450323105,0
2022-10-25 04:00:00+01:00,0.006716322619467974,0.006722689140588045,0.00671546533703804,0.006718488410115242,0.006718488410115242,0
2022-10-25 05:00:00+01:00,0.006718894932419062,0.0067228698171675205,0.006716007366776466,0.006716412492096424,0.006716412492096424,0
2022-10-25 06:00:00+01:00,0.006716141942888498,0.006719978526234627,0.00671262526884675,0.006715826690196991,0.006715826690196991,0
2022-10-25 07:00:00+01:00,0.006715555675327778,0.006719797849655151,0.006711319554597139,0.0067132567055523396,0.0067132567055523396,0
2022-10-25 08:00:00+01:00,0.006712986622005701,0.00671907514333725,0.006711003836244345,0.00671465415507555,0.00671465415507555,0
2022-10-25 09:00:00+01:00,0.00671465415507555,0.006720113568007946,0.006713166367262602,0.0067197526805102825,0.0067197526805102825,0
2022-10-25 10:00:00+01:00,0.006717270240187645,0.006719707977026701,0.006714473478496075,0.0067161875776946545,0.0067161875776946545,0
2022-10-25 11:00:00+01:00,0.006716232281178236,0.006718894932419062,0.006711815018206835,0.006715285126119852,0.006715285126119852,0
2022-10-25 12:00:00+01:00,0.006715195253491402,0.006719301454722881,0.006712940987199545,0.006715691182762384,0.006715691182762384,0
2022-10-25 13:00:00+01:00,0.0067156460136175156,0.0067268493585288525,0.006713707000017166,0.006721514277160168,0.006721514277160168,0
2022-10-25 14:00:00+01:00,0.006721649784594774,0.006770114414393902,0.006720385048538446,0.00676736468449235,0.00676736468449235,0
2022-10-25 15:00:00+01:00,0.006766906939446926,0.006779660936444998,0.006749049760401249,0.006764847319573164,0.006764847319573164,0
2022-10-25 16:00:00+01:00,0.0067649842239916325,0.006780074909329414,0.006762147881090641,0.0067633832804858685,0.0067633832804858685,0
2022-10-25 17:00:00+01:00,0.006763154175132513,0.006767319515347481,0.00674996105954051,0.00675511360168457,0.00675511360168457,0
2022-10-25 18:00:00+01:00,0.0067551592364907265,0.00676159979775548,0.006751008797436953,0.006758903153240681,0.006758903153240681,0
2022-10-25 19:00:00+01:00,0.0067588575184345245,0.006766174454241991,0.006755843758583069,0.006757350172847509,0.006757350172847509,0
2022-10-25 20:00:00+01:00,0.006757304538041353,0.00676635792478919,0.006757121998816729,0.006760319694876671,0.006760319694876671,0
2022-10-25 21:00:00+01:00,0.006760182324796915,0.00676448130980134,0.006758994422852993,0.006760137155652046,0.006760137155652046,0
2022-10-25 22:00:00+01:00,0.006761005148291588,0.006761827971786261,0.006749232765287161,0.006753197405487299,0.006753197405487299,0
2022-10-25 23:00:00+01:00,0.006753608118742704,0.006757258903235197,0.006740270648151636,0.006750189233571291,0.006750189233571291,0
2022-10-26 00:00:00+01:00,0.006751875393092632,0.0067602284252643585,0.006749550811946392,0.0067578526213765144,0.0067578526213765144,0
2022-10-26 01:00:00+01:00,0.006757715251296759,0.006763748824596405,0.006746682804077864,0.006750735454261303,0.006750735454261303,0
2022-10-26 02:00:00+01:00,0.006750735454261303,0.006754474714398384,0.006741405930370092,0.006742679048329592,0.006742679048329592,0
2022-10-26 03:00:00+01:00,0.006742724683135748,0.006745180580765009,0.006737954448908567,0.006742406170815229,0.006742406170815229,0
2022-10-26 04:00:00+01:00,0.0067425877787172794,0.006750690285116434,0.006741679273545742,0.0067460909485816956,0.0067460909485816956,0
2022-10-26 05:00:00+01:00,0.006745863240212202,0.0067520118318498135,0.006744498386979103,0.006745089776813984,0.006745089776813984,0
2022-10-26 06:00:00+01:00,0.006745134945958853,0.006755387410521507,0.006744134705513716,0.006750553380697966,0.006750553380697966,0
2022-10-26 07:00:00+01:00,0.006750644650310278,0.006769976578652859,0.006749732885509729,0.00676676956936717,0.00676676956936717,0
2022-10-26 08:00:00+01:00,0.006766906939446926,0.00680174957960844,0.006764160934835672,0.006798835936933756,0.006798835936933756,0
2022-10-26 09:00:00+01:00,0.006798789370805025,0.006815517786890268,0.0067934319376945496,0.006803091149777174,0.006803091149777174,0
2022-10-26 10:00:00+01:00,0.006803091149777174,0.00681788707152009,0.006791494321078062,0.006796248722821474,0.006796248722821474,0
2022-10-26 11:00:00+01:00,0.006796340923756361,0.006802166346460581,0.006788266822695732,0.006796525325626135,0.006796525325626135,0
2022-10-26 12:00:00+01:00,0.006796617992222309,0.00681547075510025,0.006793939508497715,0.006798142567276955,0.006798142567276955,0
2022-10-26 13:00:00+01:00,0.006798188667744398,0.006807305384427309,0.006786286365240812,0.0067897881381213665,0.0067897881381213665,0
2022-10-26 14:00:00+01:00,0.006789741571992636,0.00681282440200448,0.0067874835804104805,0.006807537283748388,0.006807537283748388,0
2022-10-26 15:00:00+01:00,0.006807537283748388,0.006828875280916691,0.006807166151702404,0.0068197473883628845,0.0068197473883628845,0
2022-10-26 16:00:00+01:00,0.0068198866210877895,0.00683246785774827,0.006819095928221941,0.006825845222920179,0.006825845222920179,0
2022-10-26 17:00:00+01:00,0.006825798656791449,0.00684008514508605,0.006820398382842541,0.006829528138041496,0.006829528138041496,0
2022-10-26 18:00:00+01:00,0.006829668302088976,0.006837326567620039,0.0068260314874351025,0.006832934450358152,0.006832934450358152,0
2022-10-26 19:00:00+01:00,0.006832888349890709,0.006840553600341082,0.006832514889538288,0.006837139371782541,0.006837139371782541,0
2022-10-26 20:00:00+01:00,0.0068369521759450436,0.006839243695139885,0.006830461323261261,0.006833448074758053,0.006833448074758053,0
2022-10-26 21:00:00+01:00,0.006833634804934263,0.006835877429693937,0.006829901598393917,0.006831814534962177,0.006831814534962177,0
2022-10-26 22:00:00+01:00,0.00683214096352458,0.006835970561951399,0.006831067614257336,0.006831534206867218,0.006831534206867218,0
2022-10-26 23:00:00+01:00,0.006831301376223564,0.006839290261268616,0.006826870609074831,0.006832888349890709,0.006832888349890709,0
2022-10-27 00:00:00+01:00,0.006832747720181942,0.006847111042588949,0.0068284086883068085,0.006845376454293728,0.006845376454293728,0
2022-10-27 01:00:00+01:00,0.006845564115792513,0.006851426791399717,0.0068357838317751884,0.006846969947218895,0.006846969947218895,0
2022-10-27 02:00:00+01:00,0.006846595089882612,0.006854761391878128,0.006842799950391054,0.006845423951745033,0.006845423951745033,0
2022-10-27 03:00:00+01:00,0.006845611147582531,0.00684715760871768,0.006830787751823664,0.006837513297796249,0.006837513297796249,0
2022-10-27 04:00:00+01:00,0.00683755986392498,0.00684626679867506,0.006837185937911272,0.006843924056738615,0.006843924056738615,0
2022-10-27 05:00:00+01:00,0.006843830458819866,0.0068617695942521095,0.006841255817562342,0.00685791065916419,0.00685791065916419,0
2022-10-27 06:00:00+01:00,0.006857769563794136,0.0068927486427128315,0.006857769563794136,0.0068848710507154465,0.0068848710507154465,0
2022-10-27 07:00:00+01:00,0.006884681526571512,0.006891846191138029,0.006858380977064371,0.0068644070997834206,0.0068644070997834206,0
2022-10-27 08:00:00+01:00,0.006864265538752079,0.00687200203537941,0.006853774655610323,0.006862523499876261,0.006862523499876261,0
2022-10-27 09:00:00+01:00,0.006862664129585028,0.006868839263916016,0.006848986726254225,0.0068518491461873055,0.0068518491461873055,0
2022-10-27 10:00:00+01:00,0.00685166148468852,0.006854667328298092,0.006826917175203562,0.006828968413174152,0.006828968413174152,0
2022-10-27 11:00:00+01:00,0.006829155143350363,0.006839196663349867,0.006827056873589754,0.006834942847490311,0.006834942847490311,0
2022-10-27 12:00:00+01:00,0.00683489628136158,0.0068378872238099575,0.006815888918936253,0.006818538531661034,0.006818538531661034,0
2022-10-27 13:00:00+01:00,0.006818445399403572,0.006831067614257336,0.00680563785135746,0.00682454090565443,0.00682454090565443,0
2022-10-27 14:00:00+01:00,0.00682454090565443,0.006851191632449627,0.006818259600549936,0.00683989841490984,0.00683989841490984,0
2022-10-27 15:00:00+01:00,0.006843783892691135,0.0068662455305457115,0.006843456067144871,0.006849080324172974,0.006849080324172974,0
2022-10-27 16:00:00+01:00,0.0068486579693853855,0.006866339594125748,0.006845938507467508,0.006848236545920372,0.006848236545920372,0
2022-10-27 17:00:00+01:00,0.006848330143839121,0.006858663633465767,0.006841021589934826,0.006843268871307373,0.006843268871307373,0
2022-10-27 18:00:00+01:00,0.006843503098934889,0.006853445898741484,0.0068406471982598305,0.006843127775937319,0.006843127775937319,0
2022-10-27 19:00:00+01:00,0.006843221373856068,0.006846173200756311,0.006834335159510374,0.0068366252817213535,0.0068366252817213535,0
2022-10-27 20:00:00+01:00,0.006837092339992523,0.006844486575573683,0.006834522821009159,0.006838963367044926,0.006838963367044926,0
2022-10-27 21:00:00+01:00,0.00683957152068615,0.006845282856374979,0.006834522821009159,0.006837653927505016,0.006837653927505016,0
2022-10-27 22:00:00+01:00,0.006836532149463892,0.006845517549663782,0.006833354942500591,0.006835456471890211,0.006835456471890211,0
2022-10-27 23:00:00+01:00,0.006836344953626394,0.006847111042588949,0.006833822466433048,0.006843736860901117,0.006843736860901117,0
2022-10-28 00:00:00+01:00,0.006843268871307373,0.006846173200756311,0.0068345689214766026,0.006836297921836376,0.006836297921836376,0
2022-10-28 01:00:00+01:00,0.006836111191660166,0.006838355213403702,0.006819700822234154,0.006821189075708389,0.006821189075708389,0
2022-10-28 02:00:00+01:00,0.006821049842983484,0.006834055297076702,0.006815888918936253,0.006829621270298958,0.006829621270298958,0
2022-10-28 03:00:00+01:00,0.006829901598393917,0.006851051468402147,0.006809345446527004,0.006839851848781109,0.006839851848781109,0
2022-10-28 04:00:00+01:00,0.006839711219072342,0.0068463608622550964,0.006821515038609505,0.006845564115792513,0.006845564115792513,0
2022-10-28 05:00:00+01:00,0.006844626739621162,0.006851051468402147,0.006834335159510374,0.0068361577577888966,0.0068361577577888966,0
2022-10-28 06:00:00+01:00,0.006836484652012587,0.006841395515948534,0.006828268989920616,0.006829574704170227,0.006829574704170227,0
2022-10-28 07:00:00+01:00,0.006829202175140381,0.006835877429693937,0.006818677298724651,0.0068210032768547535,0.0068210032768547535,0
2022-10-28 08:00:00+01:00,0.006821049842983484,0.00682454090565443,0.006796109490096569,0.006799390539526939,0.006799390539526939,0
2022-10-28 09:00:00+01:00,0.006799529306590557,0.006802211981266737,0.00677534332498908,0.006782282143831253,0.006782282143831253,0
2022-10-28 10:00:00+01:00,0.0067825582809746265,0.006786839105188847,0.006762833800166845,0.0067713516764342785,0.0067713516764342785,0
2022-10-28 11:00:00+01:00,0.00677185645326972,0.006779660936444998,0.006769014522433281,0.0067733703181147575,0.0067733703181147575,0
2022-10-28 12:00:00+01:00,0.006773049011826515,0.006797634530812502,0.006768784951418638,0.006780764553695917,0.006780764553695917,0
2022-10-28 13:00:00+01:00,0.006780810188502073,0.00679740309715271,0.0067637027241289616,0.006769793573766947,0.006769793573766947,0
2022-10-28 14:00:00+01:00,0.006769793573766947,0.006787622347474098,0.006768784951418638,0.006780304946005344,0.006780304946005344,0
2022-10-28 15:00:00+01:00,0.006780764553695917,0.006792370695620775,0.006771076936274767,0.006779430899769068,0.006779430899769068,0
2022-10-28 16:00:00+01:00,0.006779660936444998,0.006784951314330101,0.0067694722674787045,0.006771443411707878,0.006771443411707878,0
2022-10-28 17:00:00+01:00,0.006771443411707878,0.006775159388780594,0.006767685525119305,0.006769793573766947,0.006769793573766947,0
2022-10-28 18:00:00+01:00,0.006770068313926458,0.006776996422559023,0.006768327206373215,0.006771672982722521,0.006771672982722521,0
2022-10-28 19:00:00+01:00,0.0067719933576881886,0.006781913805752993,0.006771626882255077,0.0067786043509840965,0.0067786043509840965,0
2022-10-28 20:00:00+01:00,0.0067789251916110516,0.006788313388824463,0.006778282579034567,0.00678315619006753,0.00678315619006753,0
2022-10-28 21:00:00+01:00,0.006783248391002417,0.006785411387681961,0.0067801205441355705,0.006781499832868576,0.006781499832868576,0
2022-10-31 00:00:00+00:00,0.0067653963342309,0.006769655738025904,0.006743997801095247,0.006746454630047083,0.006746454630047083,0
2022-10-31 01:00:00+00:00,0.006746454630047083,0.006755524780601263,0.006744771264493465,0.006752604618668556,0.006752604618668556,0
2022-10-31 02:00:00+00:00,0.006752513349056244,0.006757989525794983,0.0067483214661479,0.006754839327186346,0.006754839327186346,0
2022-10-31 03:00:00+00:00,0.0067545208148658276,0.006764526944607496,0.006752194371074438,0.006762239616364241,0.006762239616364241,0
2022-10-31 04:00:00+00:00,0.006762285251170397,0.006767044775187969,0.006757304538041353,0.006758400704711676,0.006758400704711676,0
2022-10-31 05:00:00+00:00,0.006758263800293207,0.006768601946532726,0.0067566195502877235,0.0067609138786792755,0.0067609138786792755,0
2022-10-31 06:00:00+00:00,0.0067609138786792755,0.006770297419279814,0.006760182324796915,0.006765167694538832,0.006765167694538832,0
2022-10-31 07:00:00+00:00,0.006765167694538832,0.0067696101032197475,0.0067545208148658276,0.0067560262978076935,0.0067560262978076935,0
2022-10-31 08:00:00+00:00,0.0067560262978076935,0.006758811883628368,0.006741497199982405,0.006744998972862959,0.006744998972862959,0
2022-10-31 09:00:00+00:00,0.006745089776813984,0.006749460007995367,0.0067359572276473045,0.0067380452528595924,0.0067380452528595924,0
2022-10-31 10:00:00+00:00,0.006738271564245224,0.0067410883493721485,0.006725040264427662,0.006728705018758774,0.006728705018758774,0
2022-10-31 11:00:00+00:00,0.00672875065356493,0.0067357756197452545,0.00672318646684289,0.006725854706019163,0.006725854706019163,0
2022-10-31 12:00:00+00:00,0.006725899409502745,0.0067296563647687435,0.006720836739987135,0.006723096128553152,0.006723096128553152,0
2022-10-31 13:00:00+00:00,0.006722960155457258,0.006731060333549976,0.006720836739987135,0.006722553167492151,0.006722553167492151,0
2022-10-31 14:00:00+00:00,0.0067224628292024136,0.006737636402249336,0.006720927078276873,0.006721965968608856,0.006721965968608856,0
2022-10-31 15:00:00+00:00,0.006722055841237307,0.006732873618602753,0.006718217860907316,0.006727483123540878,0.006727483123540878,0
2022-10-31 16:00:00+00:00,0.006727437488734722,0.0067338705994188786,0.0067263515666127205,0.006729610729962587,0.006729610729962587,0
2022-10-31 17:00:00+00:00,0.006729610729962587,0.006734777707606554,0.0067263515666127205,0.006728252861648798,0.006728252861648798,0
2022-10-31 18:00:00+00:00,0.006728116422891617,0.00673427851870656,0.006727573927491903,0.00672875065356493,0.00672875065356493,0
2022-10-31 19:00:00+00:00,0.00672902213409543,0.0067308335565030575,0.006722960155457258,0.006725673098117113,0.006725673098117113,0
2022-10-31 20:00:00+00:00,0.006725673098117113,0.006728026084601879,0.006721785292029381,0.006724045146256685,0.006724045146256685,0
2022-10-31 21:00:00+00:00,0.006726125720888376,0.006729928310960531,0.006721694953739643,0.006724316161125898,0.006724316161125898,0
2022-10-31 22:00:00+00:00,0.006722372490912676,0.0067308335565030575,0.006721785292029381,0.0067260353825986385,0.0067260353825986385,0
2022-10-31 23:00:00+00:00,0.00672608008608222,0.006732782814651728,0.006720204837620258,0.006723503116518259,0.006723503116518259,0
2022-11-01 00:00:00+00:00,0.006723231170326471,0.006729610729962587,0.006719255819916725,0.006723638158291578,0.006723638158291578,0
2022-11-01 01:00:00+00:00,0.006723547820001841,0.006748549174517393,0.006723321974277496,0.006739725824445486,0.006739725824445486,0
2022-11-01 02:00:00+00:00,0.006739770527929068,0.0067526958882808685,0.006736909970641136,0.00674927793443203,0.00674927793443203,0
2022-11-01 03:00:00+00:00,0.006748913787305355,0.006752194371074438,0.006739180069416761,0.006741224322468042,0.006741224322468042,0
2022-11-01 04:00:00+00:00,0.0067411791533231735,0.006744679994881153,0.006736683659255505,0.006738271564245224,0.006738271564245224,0
2022-11-01 05:00:00+00:00,0.0067383176647126675,0.00675401883199811,0.006737228017300367,0.006752285175025463,0.006752285175025463,0
2022-11-01 06:00:00+00:00,0.006751920562237501,0.006774150300770998,0.006748640444129705,0.006765991449356079,0.006765991449356079,0
2022-11-01 07:00:00+00:00,0.006766128819435835,0.006781040225178003,0.006755432579666376,0.006760182324796915,0.006760182324796915,0
2022-11-01 08:00:00+00:00,0.006760182324796915,0.006780948024243116,0.006758949253708124,0.006777593400329351,0.006777593400329351,0
2022-11-01 09:00:00+00:00,0.006777593400329351,0.0067861019633710384,0.00676695303991437,0.006781407631933689,0.006781407631933689,0
2022-11-01 10:00:00+00:00,0.0067813158966600895,0.006804943084716797,0.006781270261853933,0.006791770923882723,0.006791770923882723,0
2022-11-01 11:00:00+00:00,0.00679186312481761,0.00679943710565567,0.00678651686757803,0.006792416796088219,0.006792416796088219,0
2022-11-01 12:00:00+00:00,0.006792555097490549,0.0068046655505895615,0.006788359023630619,0.006800177041441202,0.006800177041441202,0
2022-11-01 13:00:00+00:00,0.006800223141908646,0.006802720949053764,0.006777501665055752,0.006782603915780783,0.006782603915780783,0
2022-11-01 14:00:00+00:00,0.00678237434476614,0.006782603915780783,0.006746955681592226,0.006752832792699337,0.006752832792699337,0
2022-11-01 15:00:00+00:00,0.006752787157893181,0.006756300572305918,0.006744725164026022,0.0067516472190618515,0.0067516472190618515,0
2022-11-01 16:00:00+00:00,0.006751601584255695,0.006770480889827013,0.006746454630047083,0.006748913787305355,0.006748913787305355,0
2022-11-01 17:00:00+00:00,0.0067487312480807304,0.006751510314643383,0.0067409975454211235,0.006746454630047083,0.006746454630047083,0
2022-11-01 18:00:00+00:00,0.00674663670361042,0.006751601584255695,0.006743770092725754,0.006749778985977173,0.006749778985977173,0
2022-11-01 19:00:00+00:00,0.006749869789928198,0.006751283071935177,0.006744088605046272,0.006749323569238186,0.006749323569238186,0
2022-11-01 20:00:00+00:00,0.006749368738383055,0.006751100532710552,0.006745134945958853,0.006745772436261177,0.006745772436261177,0
2022-11-01 21:00:00+00:00,0.006746408995240927,0.006747865583747625,0.006743133999407291,0.006746499799191952,0.006746499799191952,0
2022-11-01 22:00:00+00:00,0.006746545899659395,0.006751283071935177,0.0067393165081739426,0.006749642081558704,0.006749642081558704,0
2022-11-01 23:00:00+00:00,0.0067495969124138355,0.0067662205547094345,0.006748640444129705,0.00676077650859952,0.00676077650859952,0
2022-11-02 00:00:00+00:00,0.0067606400698423386,0.006794216576963663,0.0067580812610685825,0.006791955325752497,0.006791955325752497,0
2022-11-02 01:00:00+00:00,0.006791955325752497,0.006796248722821474,0.0067828805185854435,0.006788451224565506,0.006788451224565506,0
2022-11-02 02:00:00+00:00,0.0067897881381213665,0.00679347850382328,0.006783385761082172,0.006787944119423628,0.006787944119423628,0
2022-11-02 03:00:00+00:00,0.006788128986954689,0.006792370695620775,0.006779890973120928,0.006780810188502073,0.006780810188502073,0
2022-11-02 04:00:00+00:00,0.006780901923775673,0.006783248391002417,0.006770022213459015,0.00677424157038331,0.00677424157038331,0
2022-11-02 05:00:00+00:00,0.006774195469915867,0.006788866128772497,0.006773920264095068,0.006779430899769068,0.006779430899769068,0
2022-11-02 06:00:00+00:00,0.006779109593480825,0.006792693864554167,0.006776629015803337,0.006783294025808573,0.006783294025808573,0
2022-11-02 07:00:00+00:00,0.006783110089600086,0.006793801672756672,0.006781959906220436,0.0067870235070586205,0.0067870235070586205,0
2022-11-02 08:00:00+00:00,0.006787069141864777,0.006803230382502079,0.0067860097624361515,0.0067954170517623425,0.0067954170517623425,0
2022-11-02 09:00:00+00:00,0.006795648019760847,0.006802720949053764,0.006791309919208288,0.006796433124691248,0.006796433124691248,0
2022-11-02 10:00:00+00:00,0.006796525325626135,0.006811107508838177,0.00679370854049921,0.006809484213590622,0.006809484213590622,0
2022-11-02 11:00:00+00:00,0.006809484213590622,0.006811385974287987,0.006795694585889578,0.006799344439059496,0.006799344439059496,0
2022-11-02 12:00:00+00:00,0.006799390539526939,0.0068030450493097305,0.006784352939575911,0.006798466667532921,0.006798466667532921,0
2022-11-02 13:00:00+00:00,0.00679842010140419,0.006809113547205925,0.006795139983296394,0.006801240611821413,0.006801240611821413,0
2022-11-02 14:00:00+00:00,0.006801194045692682,0.006811060942709446,0.006798188667744398,0.006806471385061741,0.006806471385061741,0
2022-11-02 15:00:00+00:00,0.006806471385061741,0.006808788515627384,0.006795786786824465,0.006797634530812502,0.006797634530812502,0
2022-11-02 16:00:00+00:00,0.006797541864216328,0.006802396848797798,0.00679490901529789,0.00679994560778141,0.00679994560778141,0
2022-11-02 17:00:00+00:00,0.00679994560778141,0.006805730517953634,0.006795232184231281,0.006800870876759291,0.006800870876759291,0
2022-11-02 18:00:00+00:00,0.0068012867122888565,0.0068662455305457115,0.006792139727622271,0.006806008517742157,0.006806008517742157,0
2022-11-02 19:00:00+00:00,0.006805591285228729,0.006808881182223558,0.006757989525794983,0.006768510211259127,0.006768510211259127,0
2022-11-02 20:00:00+00:00,0.006768510211259127,0.006771397776901722,0.006758811883628368,0.0067617823369801044,0.0067617823369801044,0
2022-11-02 21:00:00+00:00,0.006764526944607496,0.0067735533230006695,0.0067617823369801044,0.006767227780073881,0.006767227780073881,0
2022-11-02 22:00:00+00:00,0.006767273414880037,0.006769151426851749,0.00675698509439826,0.006760593969374895,0.006760593969374895,0
2022-11-02 23:00:00+00:00,0.006760593969374895,0.006765579339116812,0.006756756920367479,0.006762376986443996,0.006762376986443996,0
2022-11-03 00:00:00+00:00,0.006761691067367792,0.006789512000977993,0.006760731339454651,0.006786562502384186,0.006786562502384186,0
2022-11-03 01:00:00+00:00,0.006786793004721403,0.006799297872930765,0.006777960807085037,0.006785503588616848,0.006785503588616848,0
2022-11-03 02:00:00+00:00,0.006785641890019178,0.00679828180000186,0.00678375456482172,0.0067860097624361515,0.0067860097624361515,0
2022-11-03 03:00:00+00:00,0.0067860097624361515,0.006793893873691559,0.0067860097624361515,0.006790756247937679,0.006790756247937679,0
2022-11-03 04:00:00+00:00,0.006790756247937679,0.00679430877789855,0.006786424666643143,0.00679080281406641,0.00679080281406641,0
2022-11-03 05:00:00+00:00,0.006790664047002792,0.006793339736759663,0.006784169003367424,0.006784536875784397,0.006784536875784397,0
2022-11-03 06:00:00+00:00,0.006784352939575911,0.006786747369915247,0.0067710308358073235,0.006776491180062294,0.006776491180062294,0
2022-11-03 07:00:00+00:00,0.0067765372805297375,0.006777915172278881,0.006754702888429165,0.006761279422789812,0.006761279422789812,0
2022-11-03 08:00:00+00:00,0.006761416792869568,0.006764709483832121,0.006747957319021225,0.006751236971467733,0.006751236971467733,0
2022-11-03 09:00:00+00:00,0.006751236971467733,0.0067557524889707565,0.006742042955011129,0.0067461817525327206,0.0067461817525327206,0
2022-11-03 10:00:00+00:00,0.006746363826096058,0.0067520118318498135,0.0067372736521065235,0.006743588484823704,0.006743588484823704,0
2022-11-03 11:00:00+00:00,0.006743588484823704,0.006751875393092632,0.006740270648151636,0.006746226921677589,0.006746226921677589,0
2022-11-03 12:00:00+00:00,0.006746226921677589,0.0067551592364907265,0.006736501585692167,0.006737000774592161,0.006737000774592161,0
2022-11-03 13:00:00+00:00,0.006736864801496267,0.0067617823369801044,0.006736274808645248,0.006758994422852993,0.006758994422852993,0
2022-11-03 14:00:00+00:00,0.006758537609130144,0.0067763072438538074,0.006758537609130144,0.006763154175132513,0.006763154175132513,0
2022-11-03 15:00:00+00:00,0.006763016805052757,0.006767640355974436,0.006747957319021225,0.006748549174517393,0.006748549174517393,0
2022-11-03 16:00:00+00:00,0.0067487312480807304,0.006752057932317257,0.006740224547684193,0.0067461817525327206,0.0067461817525327206,0
2022-11-03 17:00:00+00:00,0.006746226921677589,0.006750781554728746,0.006743224803358316,0.006744134705513716,0.006744134705513716,0
2022-11-03 18:00:00+00:00,0.00674445228651166,0.006750735454261303,0.006742543075233698,0.006745817139744759,0.006745817139744759,0
2022-11-03 19:00:00+00:00,0.006745726335793734,0.006749824620783329,0.00674486206844449,0.006746318191289902,0.006746318191289902,0
2022-11-03 20:00:00+00:00,0.006746363826096058,0.006749915890395641,0.006742633879184723,0.006749915890395641,0.006749915890395641,0
2022-11-03 21:00:00+00:00,0.006747957319021225,0.006755387410521507,0.006743088364601135,0.006749732885509729,0.006749732885509729,0
2022-11-03 22:00:00+00:00,0.006749141030013561,0.0067585832439363,0.006745499558746815,0.006749460007995367,0.006749460007995367,0
2022-11-03 23:00:00+00:00,0.006749141030013561,0.006750826723873615,0.006739407312124968,0.0067396340891718864,0.0067396340891718864,0
2022-11-04 00:00:00+00:00,0.0067391349002718925,0.00675401883199811,0.0067384084686636925,0.0067477747797966,0.0067477747797966,0
2022-11-04 01:00:00+00:00,0.006747683510184288,0.006758217699825764,0.006746136117726564,0.006752331275492907,0.006752331275492907,0
2022-11-04 02:00:00+00:00,0.00675237737596035,0.006755707319825888,0.0067483666352927685,0.006752924062311649,0.006752924062311649,0
2022-11-04 03:00:00+00:00,0.006752741523087025,0.006756893824785948,0.006749869789928198,0.006752650719136,0.006752650719136,0
2022-11-04 04:00:00+00:00,0.006752604618668556,0.006765076424926519,0.006751419510692358,0.006762697361409664,0.006762697361409664,0
2022-11-04 05:00:00+00:00,0.006762879900634289,0.006766128819435835,0.0067557524889707565,0.0067585832439363,0.0067585832439363,0
2022-11-04 06:00:00+00:00,0.006758172530680895,0.006772910710424185,0.006755432579666376,0.0067586749792099,0.0067586749792099,0
2022-11-04 07:00:00+00:00,0.006758491974323988,0.006766723934561014,0.006754748523235321,0.006761965341866016,0.006761965341866016,0
2022-11-04 08:00:00+00:00,0.006765991449356079,0.006779385264962912,0.006763886660337448,0.006769976578652859,0.006769976578652859,0
2022-11-04 09:00:00+00:00,0.006770022213459015,0.006775802467018366,0.006764938589185476,0.00676644966006279,0.00676644966006279,0
2022-11-04 10:00:00+00:00,0.006766311824321747,0.006771305575966835,0.0067626056261360645,0.006766265723854303,0.006766265723854303,0
2022-11-04 11:00:00+00:00,0.006766082718968391,0.006776032038033009,0.0067621939815580845,0.006773094180971384,0.006773094180971384,0
2022-11-04 12:00:00+00:00,0.006773094180971384,0.006798466667532921,0.006747182924300432,0.006793939508497715,0.006793939508497715,0
2022-11-04 13:00:00+00:00,0.006793893873691559,0.006807352416217327,0.006784628611057997,0.00679555581882596,0.00679555581882596,0
2022-11-04 14:00:00+00:00,0.006795463617891073,0.006824587471783161,0.00679273996502161,0.006814449559897184,0.006814449559897184,0
2022-11-04 15:00:00+00:00,0.006814449559897184,0.006819281727075577,0.006790756247937679,0.006792278494685888,0.006792278494685888,0
2022-11-04 16:00:00+00:00,0.006790156941860914,0.006799252238124609,0.0067870235070586205,0.006795601453632116,0.006795601453632116,0
2022-11-04 17:00:00+00:00,0.006795878987759352,0.006805545184761286,0.006794724613428116,0.006803322583436966,0.006803322583436966,0
2022-11-04 18:00:00+00:00,0.0068036471493542194,0.0068150535225868225,0.006797958165407181,0.00681277783587575,0.00681277783587575,0
2022-11-04 19:00:00+00:00,0.006812870502471924,0.006825192831456661,0.0068092988803982735,0.006817562505602837,0.006817562505602837,0
2022-11-04 20:00:00+00:00,0.006817422807216644,0.006825192831456661,0.006815378088504076,0.006821049842983484,0.006821049842983484,0
2022-11-07 00:00:00+00:00,0.006810086779296398,0.006817562505602837,0.006798235233873129,0.006802952848374844,0.006802952848374844,0
2022-11-07 01:00:00+00:00,0.006802767515182495,0.006809345446527004,0.00679260166361928,0.006797958165407181,0.006797958165407181,0
2022-11-07 02:00:00+00:00,0.00679791159927845,0.006799760740250349,0.006791494321078062,0.0067935241386294365,0.0067935241386294365,0
2022-11-07 03:00:00+00:00,0.0067935241386294365,0.00679994560778141,0.006786654237657785,0.006793155334889889,0.006793155334889889,0
2022-11-07 04:00:00+00:00,0.006792832165956497,0.006800408009439707,0.006791448220610619,0.006794170942157507,0.006794170942157507,0
2022-11-07 05:00:00+00:00,0.006794078275561333,0.006802351213991642,0.00679347850382328,0.0067954170517623425,0.0067954170517623425,0
2022-11-07 06:00:00+00:00,0.0067954170517623425,0.006798743735998869,0.006790249142795801,0.006791448220610619,0.006791448220610619,0
2022-11-07 07:00:00+00:00,0.006791217718273401,0.006793847307562828,0.006777041591703892,0.0067790173925459385,0.0067790173925459385,0
2022-11-07 08:00:00+00:00,0.006779109593480825,0.0068138460628688335,0.0067765372805297375,0.006809160113334656,0.006809160113334656,0
2022-11-07 09:00:00+00:00,0.006810133811086416,0.00682333018630743,0.006809066515415907,0.006816354114562273,0.006816354114562273,0
2022-11-07 10:00:00+00:00,0.0068164002150297165,0.006831067614257336,0.006814588326960802,0.00681691151112318,0.00681691151112318,0
2022-11-07 11:00:00+00:00,0.006817097309976816,0.006828828249126673,0.006814449559897184,0.006820166017860174,0.006820166017860174,0
2022-11-07 12:00:00+00:00,0.006820212118327618,0.006827056873589754,0.0068124993704259396,0.00682393554598093,0.00682393554598093,0
2022-11-07 13:00:00+00:00,0.0068241688422858715,0.006843503098934889,0.006821328774094582,0.006834195461124182,0.006834195461124182,0
2022-11-07 14:00:00+00:00,0.0068342420272529125,0.006846689153462648,0.0068260785192251205,0.006829014979302883,0.006829014979302883,0
2022-11-07 15:00:00+00:00,0.006829062011092901,0.006836064159870148,0.006818724330514669,0.006829901598393917,0.006829901598393917,0
2022-11-07 16:00:00+00:00,0.0068279895931482315,0.006830694619566202,0.006815238855779171,0.006819421891123056,0.006819421891123056,0
2022-11-07 17:00:00+00:00,0.0068194679915905,0.006827103439718485,0.006818677298724651,0.006827056873589754,0.006827056873589754,0
2022-11-07 18:00:00+00:00,0.006825146730989218,0.006830694619566202,0.006823377218097448,0.006826917175203562,0.006826917175203562,0
2022-11-07 19:00:00+00:00,0.0068269637413322926,0.006829807534813881,0.0068217008374631405,0.006822352763265371,0.006822352763265371,0
2022-11-07 20:00:00+00:00,0.006822678260505199,0.0068272436037659645,0.006820723880082369,0.006821515038609505,0.006821515038609505,0
2022-11-07 21:00:00+00:00,0.006821793969720602,0.006825146730989218,0.006817468907684088,0.006819700822234154,0.006819700822234154,0
2022-11-07 22:00:00+00:00,0.006818212568759918,0.006823981646448374,0.006817655172199011,0.006822026800364256,0.006822026800364256,0
2022-11-07 23:00:00+00:00,0.006822026800364256,0.00682393554598093,0.0068156104534864426,0.006820259150117636,0.006820259150117636,0
2022-11-08 00:00:00+00:00,0.006819979753345251,0.006836438551545143,0.006818352732807398,0.006825798656791449,0.006825798656791449,0
2022-11-08 01:00:00+00:00,0.006825565826147795,0.006829108111560345,0.00681282440200448,0.006817375775426626,0.006817375775426626,0
2022-11-08 02:00:00+00:00,0.006817004177719355,0.006827196571975946,0.006813613697886467,0.00681491382420063,0.00681491382420063,0
2022-11-08 03:00:00+00:00,0.006814681459218264,0.006822260096669197,0.00681463535875082,0.006819003261625767,0.006819003261625767,0
2022-11-08 04:00:00+00:00,0.006818957161158323,0.0068227252922952175,0.006815796252340078,0.006817143876105547,0.006817143876105547,0
2022-11-08 05:00:00+00:00,0.006817283108830452,0.0068194679915905,0.006811478640884161,0.006814449559897184,0.006814449559897184,0
2022-11-08 06:00:00+00:00,0.006814170628786087,0.0068232836201786995,0.006811339873820543,0.006816214416176081,0.006816214416176081,0
2022-11-08 07:00:00+00:00,0.006816074717789888,0.006820212118327618,0.006805730517953634,0.006814960390329361,0.006814960390329361,0
2022-11-08 08:00:00+00:00,0.006814960390329361,0.006825006566941738,0.00681073684245348,0.006821421906352043,0.006821421906352043,0
2022-11-08 09:00:00+00:00,0.006821468938142061,0.0068419575691223145,0.0068164002150297165,0.006839290261268616,0.006839290261268616,0
2022-11-08 10:00:00+00:00,0.006839243695139885,0.006843830458819866,0.0068327016197144985,0.006834148429334164,0.006834148429334164,0
2022-11-08 11:00:00+00:00,0.006834522821009159,0.0068418169394135475,0.006830181460827589,0.006833681836724281,0.006833681836724281,0
2022-11-08 12:00:00+00:00,0.006833728868514299,0.006836905609816313,0.006823609583079815,0.006829062011092901,0.006829062011092901,0
2022-11-08 13:00:00+00:00,0.006829062011092901,0.006839664652943611,0.0068279895931482315,0.0068322340957820415,0.0068322340957820415,0
2022-11-08 14:00:00+00:00,0.0068322340957820415,0.006856782361865044,0.006831674370914698,0.006853774655610323,0.006853774655610323,0
2022-11-08 15:00:00+00:00,0.006853727623820305,0.006882170680910349,0.006853492930531502,0.006872899830341339,0.006872899830341339,0
2022-11-08 16:00:00+00:00,0.006873324513435364,0.006883686408400536,0.00686973612755537,0.006878288928419352,0.006878288928419352,0
2022-11-08 17:00:00+00:00,0.006878241430968046,0.006880654487758875,0.006866151466965675,0.00687152985483408,0.00687152985483408,0
2022-11-08 18:00:00+00:00,0.006871435325592756,0.006880607921630144,0.006862334441393614,0.006868367549031973,0.006868367549031973,0
2022-11-08 19:00:00+00:00,0.006868462078273296,0.0068753561936318874,0.006862523499876261,0.006870868615806103,0.006870868615806103,0
2022-11-08 20:00:00+00:00,0.006870490964502096,0.006875546183437109,0.0068664816208183765,0.006867000367492437,0.006867000367492437,0
2022-11-08 21:00:00+00:00,0.006866905372589827,0.006872663274407387,0.006863041315227747,0.006864501629024744,0.006864501629024744,0
2022-11-08 22:00:00+00:00,0.0068650199100375175,0.0068694525398314,0.006863842252641916,0.006865774281322956,0.006865774281322956,0
2022-11-08 23:00:00+00:00,0.006865585222840309,0.00688866525888443,0.006864831782877445,0.006881839130073786,0.006881839130073786,0
2022-11-09 00:00:00+00:00,0.006882501766085625,0.006886625662446022,0.00686219334602356,0.0068629467859864235,0.0068629467859864235,0
2022-11-09 01:00:00+00:00,0.006863088347017765,0.006872096098959446,0.006855560000985861,0.006868650671094656,0.006868650671094656,0
2022-11-09 02:00:00+00:00,0.006868839263916016,0.006881223525851965,0.0068685561418533325,0.006879708729684353,0.006879708729684353,0
2022-11-09 03:00:00+00:00,0.006879613734781742,0.006889425218105316,0.0068703023716807365,0.006870916113257408,0.006870916113257408,0
2022-11-09 04:00:00+00:00,0.006870868615806103,0.006874363869428635,0.006866387091577053,0.006869830656796694,0.006869830656796694,0
2022-11-09 05:00:00+00:00,0.006869877688586712,0.006872380152344704,0.006859463639557362,0.006859698332846165,0.006859698332846165,0
2022-11-09 06:00:00+00:00,0.00685974583029747,0.006865208502858877,0.006855325307697058,0.0068631358444690704,0.0068631358444690704,0
2022-11-09 07:00:00+00:00,0.0068631358444690704,0.006876160856336355,0.0068535394966602325,0.006872238125652075,0.006872238125652075,0
2022-11-09 08:00:00+00:00,0.006872238125652075,0.006888001225888729,0.006871152203530073,0.0068779573775827885,0.0068779573775827885,0
2022-11-09 09:00:00+00:00,0.0068779573775827885,0.006879944819957018,0.0068559832870960236,0.006860122084617615,0.006860122084617615,0
2022-11-09 10:00:00+00:00,0.006860075052827597,0.006865962874144316,0.006855090148746967,0.006864454597234726,0.006864454597234726,0
2022-11-09 11:00:00+00:00,0.006864313036203384,0.0068703023716807365,0.006861393339931965,0.006863041315227747,0.006863041315227747,0
2022-11-09 12:00:00+00:00,0.006863182410597801,0.006868320982903242,0.0068576755002141,0.006860122084617615,0.006860122084617615,0
2022-11-09 13:00:00+00:00,0.006859886925667524,0.006861393339931965,0.006827709265053272,0.0068297614343464375,0.0068297614343464375,0
2022-11-09 14:00:00+00:00,0.006829807534813881,0.006838868837803602,0.006822260096669197,0.006830507889389992,0.006830507889389992,0
2022-11-09 15:00:00+00:00,0.006830601487308741,0.006858710199594498,0.006828082725405693,0.006835176609456539,0.006835176609456539,0
2022-11-09 16:00:00+00:00,0.006835176609456539,0.006852694787085056,0.006835176609456539,0.006842097733169794,0.006842097733169794,0
2022-11-09 17:00:00+00:00,0.006842144764959812,0.006846548058092594,0.006838261615484953,0.0068405065685510635,0.0068405065685510635,0
2022-11-09 18:00:00+00:00,0.0068405065685510635,0.006844486575573683,0.006826917175203562,0.006829202175140381,0.006829202175140381,0
2022-11-09 19:00:00+00:00,0.006829108111560345,0.006830927450209856,0.006812221370637417,0.006818816997110844,0.006818816997110844,0
2022-11-09 20:00:00+00:00,0.006818631198257208,0.006829202175140381,0.006817794404923916,0.006824634037911892,0.006824634037911892,0
2022-11-09 21:00:00+00:00,0.006824634037911892,0.0068357838317751884,0.006824214942753315,0.006828222423791885,0.006828222423791885,0
2022-11-09 22:00:00+00:00,0.006827290169894695,0.006833401974290609,0.0068235634826123714,0.006830274593085051,0.006830274593085051,0
2022-11-09 23:00:00+00:00,0.006829388439655304,0.006842472590506077,0.006827290169894695,0.006840927992016077,0.006840927992016077,0
2022-11-10 00:00:00+00:00,0.006840319372713566,0.006845048628747463,0.006833681836724281,0.006836764980107546,0.006836764980107546,0
2022-11-10 01:00:00+00:00,0.006836764980107546,0.006845892407000065,0.006832094397395849,0.006838448811322451,0.006838448811322451,0
2022-11-10 02:00:00+00:00,0.006838073953986168,0.006843175273388624,0.00683442922309041,0.00683975825086236,0.00683975825086236,0
2022-11-10 03:00:00+00:00,0.00683989841490984,0.006847814191132784,0.006838261615484953,0.0068445331417024136,0.0068445331417024136,0
2022-11-10 04:00:00+00:00,0.0068445331417024136,0.00684879906475544,0.006839383859187365,0.006840881425887346,0.006840881425887346,0
2022-11-10 05:00:00+00:00,0.0068405065685510635,0.006847344804555178,0.0068399920128285885,0.006842846982181072,0.006842846982181072,0
2022-11-10 06:00:00+00:00,0.006843221373856068,0.006846314296126366,0.006837513297796249,0.00683957152068615,0.00683957152068615,0
2022-11-10 07:00:00+00:00,0.00683957152068615,0.0068433149717748165,0.0068284557200968266,0.006835176609456539,0.006835176609456539,0
2022-11-10 08:00:00+00:00,0.006835176609456539,0.0068458449095487595,0.006834803149104118,0.006836812011897564,0.006836812011897564,0
2022-11-10 09:00:00+00:00,0.006836812011897564,0.006838775705546141,0.006828828249126673,0.006829901598393917,0.006829901598393917,0
2022-11-10 10:00:00+00:00,0.006829714402556419,0.006832560990005732,0.006821747869253159,0.006828222423791885,0.006828222423791885,0
2022-11-10 11:00:00+00:00,0.0068281288258731365,0.006834195461124182,0.006823609583079815,0.006825146730989218,0.006825146730989218,0
2022-11-10 12:00:00+00:00,0.0068250996991992,0.006840366870164871,0.00682393554598093,0.006837185937911272,0.006837185937911272,0
2022-11-10 13:00:00+00:00,0.006836999207735062,0.006985679734498262,0.0068366252817213535,0.006958457641303539,0.006958457641303539,0
2022-11-10 14:00:00+00:00,0.006958409678190947,0.007053181063383818,0.006950526498258114,0.007038238923996687,0.007038238923996687,0
2022-11-10 15:00:00+00:00,0.0070382882840931416,0.007066638674587011,0.007022472098469734,0.00706369336694479,0.00706369336694479,0
2022-11-10 16:00:00+00:00,0.007063244003802538,0.0070701357908546925,0.007034921552985907,0.007053081411868334,0.007053081411868334,0
2022-11-10 17:00:00+00:00,0.007053181063383818,0.007055071648210287,0.007030469831079245,0.00703705009073019,0.00703705009073019,0
2022-11-10 18:00:00+00:00,0.007037099450826645,0.007046620361506939,0.007032348774373531,0.00704170810058713,0.00704170810058713,0
2022-11-10 19:00:00+00:00,0.007041459903120995,0.0070564658381044865,0.007039873860776424,0.007051490247249603,0.007051490247249603,0
2022-11-10 20:00:00+00:00,0.007051439955830574,0.007083658128976822,0.007046917919069529,0.007081049494445324,0.007081049494445324,0
2022-11-10 21:00:00+00:00,0.0070811002515256405,0.007134194485843182,0.007079144939780235,0.007094462867826223,0.007094462867826223,0
2022-11-10 22:00:00+00:00,0.007094462867826223,0.007100507151335478,0.007055171299725771,0.0070571633987128735,0.0070571633987128735,0
2022-11-10 23:00:00+00:00,0.007058906834572554,0.007072185631841421,0.007041608914732933,0.007058159448206425,0.007058159448206425,0
2022-11-11 00:00:00+00:00,0.007055320776998997,0.007075638510286808,0.007037892006337643,0.007053081411868334,0.007053081411868334,0
2022-11-11 01:00:00+00:00,0.0070528327487409115,0.007057311944663525,0.007018479518592358,0.007024642080068588,0.007024642080068588,0
2022-11-11 02:00:00+00:00,0.007024839520454407,0.007053181063383818,0.007019021548330784,0.007049203384667635,0.007049203384667635,0
2022-11-11 03:00:00+00:00,0.00704721687361598,0.007053728215396404,0.007033387664705515,0.007046322338283062,0.007046322338283062,0
2022-11-11 04:00:00+00:00,0.007046471815556288,0.007059305440634489,0.007034921552985907,0.007054574321955442,0.007054574321955442,0
2022-11-11 05:00:00+00:00,0.007054673507809639,0.007077391259372234,0.0070528327487409115,0.00705925514921546,0.00705925514921546,0
2022-11-11 06:00:00+00:00,0.007059205789119005,0.0070723360404372215,0.007056664675474167,0.0070686363615095615,0.0070686363615095615,0
2022-11-11 07:00:00+00:00,0.007067437283694744,0.007090237457305193,0.007063144352287054,0.007082905620336533,0.007082905620336533,0
2022-11-11 08:00:00+00:00,0.007082905620336533,0.007116525899618864,0.007067986764013767,0.007112881634384394,0.007112881634384394,0
2022-11-11 09:00:00+00:00,0.007111515384167433,0.007144898176193237,0.007100860588252544,0.00714117381721735,0.00714117381721735,0
2022-11-11 10:00:00+00:00,0.00714117381721735,0.0072074150666594505,0.007137860171496868,0.007157683372497559,0.007157683372497559,0
2022-11-11 11:00:00+00:00,0.007157786749303341,0.007180916145443916,0.00714214239269495,0.007168767042458057,0.007168767042458057,0
2022-11-11 12:00:00+00:00,0.007168869487941265,0.007178750820457935,0.00715471338480711,0.007169229444116354,0.007169229444116354,0
2022-11-11 13:00:00+00:00,0.007169229444116354,0.007187522016465664,0.00716137420386076,0.007181019522249699,0.007181019522249699,0
2022-11-11 14:00:00+00:00,0.007181019522249699,0.0071851471439003944,0.00715312734246254,0.007172314915806055,0.007172314915806055,0
2022-11-11 15:00:00+00:00,0.007173086516559124,0.007196470629423857,0.007166917435824871,0.0071913995780050755,0.0071913995780050755,0
2022-11-11 16:00:00+00:00,0.007191450800746679,0.0072006164118647575,0.00718096736818552,0.007194969803094864,0.007194969803094864,0
2022-11-11 17:00:00+00:00,0.007194917649030685,0.007212405558675528,0.007190727163106203,0.0072061168029904366,0.0072061168029904366,0
2022-11-11 18:00:00+00:00,0.007206220645457506,0.007223345804959536,0.007204870693385601,0.007215319667011499,0.007215319667011499,0
2022-11-11 19:00:00+00:00,0.007215006742626429,0.007223815657198429,0.007209181319922209,0.00722115533426404,0.00722115533426404,0
2022-11-11 20:00:00+00:00,0.007221363950520754,0.007222302258014679,0.007209960836917162,0.007211520802229643,0.007211520802229643,0
2022-11-11 21:00:00+00:00,0.0072111571207642555,0.0072154756635427475,0.007202587090432644,0.0072065843269228935,0.0072065843269228935,0
2022-11-11 22:00:00+00:00,0.0072065843269228935,0.007206947077065706,0.0072065843269228935,0.007206947077065706,0.007206947077065706,0
2022-11-14 00:00:00+00:00,0.0071627595461905,0.007182514760643244,0.007155839819461107,0.007181019522249699,0.007181019522249699,0
2022-11-14 01:00:00+00:00,0.007180606015026569,0.00720564927905798,0.007174115628004074,0.0071893311105668545,0.0071893311105668545,0
2022-11-14 02:00:00+00:00,0.0071897441521286964,0.007200357038527727,0.007181740831583738,0.0071882461197674274,0.0071882461197674274,0
2022-11-14 03:00:00+00:00,0.00718958955258131,0.007199993822723627,0.007186799310147762,0.00718958955258131,0.00718958955258131,0
2022-11-14 04:00:00+00:00,0.007189382798969746,0.007191191893070936,0.007164862938225269,0.007176535669714212,0.007176535669714212,0
2022-11-14 05:00:00+00:00,0.007176432758569717,0.00717864790931344,0.007159169763326645,0.007164144888520241,0.007164144888520241,0
2022-11-14 06:00:00+00:00,0.007164144888520241,0.007186076138168573,0.007164144888520241,0.007179523818194866,0.007179523818194866,0
2022-11-14 07:00:00+00:00,0.007180039770901203,0.0071903131902217865,0.007164042443037033,0.00716845877468586,0.00716845877468586,0
2022-11-14 08:00:00+00:00,0.007168561685830355,0.007177514024078846,0.007148320320993662,0.007153331767767668,0.007153331767767668,0
2022-11-14 09:00:00+00:00,0.007153331767767668,0.007156659383326769,0.007121644448488951,0.007123318966478109,0.007123318966478109,0
2022-11-14 10:00:00+00:00,0.007123217452317476,0.007131142076104879,0.007105401251465082,0.007114804349839687,0.007114804349839687,0
2022-11-14 11:00:00+00:00,0.007114804349839687,0.007116576656699181,0.0071022724732756615,0.007114703301340342,0.007114703301340342,0
2022-11-14 12:00:00+00:00,0.007114703301340342,0.007136790547519922,0.007111010141670704,0.007134702987968922,0.007134702987968922,0
2022-11-14 13:00:00+00:00,0.007134906481951475,0.007140408735722303,0.007110808044672012,0.007118299137800932,0.007118299137800932,0
2022-11-14 14:00:00+00:00,0.007118299137800932,0.007128091994673014,0.007106563076376915,0.0071135396137833595,0.0071135396137833595,0
2022-11-14 15:00:00+00:00,0.007113640662282705,0.007128193508833647,0.007112679537385702,0.007122405804693699,0.007122405804693699,0
2022-11-14 16:00:00+00:00,0.007122405804693699,0.007132819853723049,0.007117589935660362,0.00712088355794549,0.00712088355794549,0
2022-11-14 17:00:00+00:00,0.007120680995285511,0.007134041283279657,0.007120529655367136,0.007129870355129242,0.007129870355129242,0
2022-11-14 18:00:00+00:00,0.007130379322916269,0.007151540834456682,0.007129565346986055,0.007147196680307388,0.007147196680307388,0
2022-11-14 19:00:00+00:00,0.007147451862692833,0.007152052130550146,0.007143673952668905,0.0071476055309176445,0.0071476055309176445,0
2022-11-14 20:00:00+00:00,0.007147707510739565,0.007162502966821194,0.007146175019443035,0.007159169763326645,0.007159169763326645,0
2022-11-14 21:00:00+00:00,0.007159169763326645,0.007161271758377552,0.007146991789340973,0.007148831617087126,0.007148831617087126,0
2022-11-14 22:00:00+00:00,0.007148831617087126,0.007150927558541298,0.00713724922388792,0.007141836453229189,0.007141836453229189,0
2022-11-14 23:00:00+00:00,0.007140817120671272,0.007146839052438736,0.00713312579318881,0.007136841770261526,0.007136841770261526,0
2022-11-15 00:00:00+00:00,0.007138268556445837,0.007144898176193237,0.007116931490600109,0.007124131079763174,0.007124131079763174,0
2022-11-15 01:00:00+00:00,0.007124536670744419,0.007138268556445837,0.007119464222341776,0.007128650322556496,0.007128650322556496,0
2022-11-15 02:00:00+00:00,0.0071287015452980995,0.0071335830725729465,0.007120529655367136,0.007124638184905052,0.007124638184905052,0
2022-11-15 03:00:00+00:00,0.00712448637932539,0.007128752768039703,0.007117894012480974,0.007122710347175598,0.007122710347175598,0
2022-11-15 04:00:00+00:00,0.0071228621527552605,0.0071287015452980995,0.00711111119017005,0.007122355047613382,0.007122355047613382,0
2022-11-15 05:00:00+00:00,0.007122507318854332,0.0071350084617733955,0.007121391594409943,0.007123775780200958,0.007123775780200958,0
2022-11-15 06:00:00+00:00,0.007124029565602541,0.007132158614695072,0.00712017435580492,0.007129311095923185,0.007129311095923185,0
2022-11-15 07:00:00+00:00,0.007129311095923185,0.007186231203377247,0.0071287015452980995,0.007176896091550589,0.007176896091550589,0
2022-11-15 08:00:00+00:00,0.0071768444031476974,0.007181328721344471,0.0071570174768567085,0.007168253418058157,0.007168253418058157,0
2022-11-15 09:00:00+00:00,0.007168253418058157,0.007183185312896967,0.007163425907492638,0.007175196427851915,0.007175196427851915,0
2022-11-15 10:00:00+00:00,0.00717529933899641,0.00719217536970973,0.00717509351670742,0.007182772736996412,0.007182772736996412,0
2022-11-15 11:00:00+00:00,0.007182772736996412,0.007197713945060968,0.007179111707955599,0.007185301743447781,0.007185301743447781,0
2022-11-15 12:00:00+00:00,0.007185198366641998,0.007189847528934479,0.007174784783273935,0.007181070279330015,0.007181070279330015,0
2022-11-15 13:00:00+00:00,0.007181070279330015,0.007264432962983847,0.007170206401497126,0.00721417460590601,0.00721417460590601,0
2022-11-15 14:00:00+00:00,0.007214539218693972,0.007229142356663942,0.007166506722569466,0.007187108974903822,0.007187108974903822,0
2022-11-15 15:00:00+00:00,0.007186747621744871,0.007198905572295189,0.00717488769441843,0.00718246353790164,0.00718246353790164,0
2022-11-15 16:00:00+00:00,0.007182514760643244,0.0071953837759792805,0.007173086516559124,0.007175248581916094,0.007175248581916094,0
2022-11-15 17:00:00+00:00,0.007175351493060589,0.007182360161095858,0.007158862426877022,0.007180142682045698,0.007180142682045698,0
2022-11-15 18:00:00+00:00,0.007180193904787302,0.007192433346062899,0.007167945150285959,0.007173291873186827,0.007173291873186827,0
2022-11-15 19:00:00+00:00,0.00717303529381752,0.0071936240419745445,0.007167379837483168,0.007191140670329332,0.007191140670329332,0
2022-11-15 20:00:00+00:00,0.007190727163106203,0.0071968333795666695,0.0071843210607767105,0.007185198366641998,0.007185198366641998,0
2022-11-15 21:00:00+00:00,0.007185456808656454,0.00718958955258131,0.007175402250140905,0.007181328721344471,0.007181328721344471,0
2022-11-15 22:00:00+00:00,0.007181122433394194,0.007184062618762255,0.007177205290645361,0.007180039770901203,0.007180039770901203,0
2022-11-15 23:00:00+00:00,0.007180039770901203,0.007209805306047201,0.007179111707955599,0.007200098130851984,0.007200098130851984,0
2022-11-16 00:00:00+00:00,0.007196107879281044,0.007202535402029753,0.007167379837483168,0.00717602064833045,0.00717602064833045,0
2022-11-16 01:00:00+00:00,0.007175557315349579,0.007178029511123896,0.0071471454575657845,0.007156915031373501,0.007156915031373501,0
2022-11-16 02:00:00+00:00,0.007156915031373501,0.0071649146266281605,0.00714214239269495,0.007150773890316486,0.007150773890316486,0
2022-11-16 03:00:00+00:00,0.007150671910494566,0.007154560182243586,0.0071326675824820995,0.007133379578590393,0.007133379578590393,0
2022-11-16 04:00:00+00:00,0.007133430801331997,0.007147451862692833,0.00712804077193141,0.007139848079532385,0.007139848079532385,0
2022-11-16 05:00:00+00:00,0.007139848079532385,0.007161528337746859,0.0071365367621183395,0.007157683372497559,0.007157683372497559,0
2022-11-16 06:00:00+00:00,0.007157530169934034,0.0071705663576722145,0.007146379444748163,0.007159631233662367,0.007159631233662367,0
2022-11-16 07:00:00+00:00,0.007159733679145575,0.007181895896792412,0.007142653223127127,0.007174784783273935,0.007174784783273935,0
2022-11-16 08:00:00+00:00,0.007174784783273935,0.007182050962001085,0.007157325278967619,0.007161425892263651,0.007161425892263651,0
2022-11-16 09:00:00+00:00,0.007161477115005255,0.007179988082498312,0.0071584009565413,0.007174115628004074,0.007174115628004074,0
2022-11-16 10:00:00+00:00,0.007174012716859579,0.007185972761362791,0.007171337492763996,0.007175454404205084,0.007175454404205084,0
2022-11-16 11:00:00+00:00,0.0071755051612854,0.007179472595453262,0.007165479473769665,0.007172057870775461,0.007172057870775461,0
2022-11-16 12:00:00+00:00,0.007172057870775461,0.007185972761362791,0.007167482748627663,0.007175145670771599,0.007175145670771599,0
2022-11-16 13:00:00+00:00,0.007174990605562925,0.007177514024078846,0.007140154484659433,0.007154201623052359,0.007154201623052359,0
2022-11-16 14:00:00+00:00,0.007154047954827547,0.007193416357040405,0.007152922451496124,0.007172623183578253,0.007172623183578253,0
2022-11-16 15:00:00+00:00,0.007172623183578253,0.007180813234299421,0.007164196576923132,0.007176123559474945,0.007176123559474945,0
2022-11-16 16:00:00+00:00,0.007176690269261599,0.007182927802205086,0.007159221451729536,0.007163375150412321,0.007163375150412321,0
2022-11-16 17:00:00+00:00,0.007163580507040024,0.007176999002695084,0.007162195164710283,0.007173189427703619,0.007173189427703619,0
2022-11-16 18:00:00+00:00,0.00717303529381752,0.007180296815931797,0.007157580927014351,0.007162708323448896,0.007162708323448896,0
2022-11-16 19:00:00+00:00,0.00716081028804183,0.007180193904787302,0.007160657085478306,0.007178029511123896,0.007178029511123896,0
2022-11-16 20:00:00+00:00,0.007178029511123896,0.007183443754911423,0.007171954493969679,0.007173704449087381,0.007173704449087381,0
2022-11-16 21:00:00+00:00,0.007173704449087381,0.00717529933899641,0.007164658047258854,0.00716938404366374,0.00716938404366374,0
2022-11-16 22:00:00+00:00,0.0071691786870360374,0.007174733094871044,0.007166404277086258,0.007170000579208136,0.007170000579208136,0
2022-11-16 23:00:00+00:00,0.007169743534177542,0.0071802460588514805,0.007167225703597069,0.007178544532507658,0.007178544532507658,0
2022-11-17 00:00:00+00:00,0.007177308201789856,0.0071844239719212055,0.007165839429944754,0.0071704634465277195,0.0071704634465277195,0
2022-11-17 01:00:00+00:00,0.0071703605353832245,0.007181328721344471,0.007163272704929113,0.007167379837483168,0.007167379837483168,0
2022-11-17 02:00:00+00:00,0.007167174480855465,0.007172109093517065,0.0071605537086725235,0.007165325339883566,0.007165325339883566,0
2022-11-17 03:00:00+00:00,0.0071650175377726555,0.007167072035372257,0.0071530756540596485,0.007163887843489647,0.007163887843489647,0
2022-11-17 04:00:00+00:00,0.007164042443037033,0.007171748671680689,0.00716255372390151,0.007166712079197168,0.007166712079197168,0
2022-11-17 05:00:00+00:00,0.007166609633713961,0.007177205290645361,0.007163067348301411,0.007171851582825184,0.007171851582825184,0
2022-11-17 06:00:00+00:00,0.007171748671680689,0.007179060019552708,0.007166249677538872,0.007169229444116354,0.007169229444116354,0
2022-11-17 07:00:00+00:00,0.007169229444116354,0.0071844239719212055,0.007162964902818203,0.007177616935223341,0.007177616935223341,0
2022-11-17 08:00:00+00:00,0.007177616935223341,0.007202016189694405,0.007171697914600372,0.007173394784331322,0.007173394784331322,0
2022-11-17 09:00:00+00:00,0.007173601537942886,0.007178441621363163,0.007157632615417242,0.007161989342421293,0.007161989342421293,0
2022-11-17 10:00:00+00:00,0.007162041030824184,0.007166147232055664,0.007144387811422348,0.0071462769992649555,0.0071462769992649555,0
2022-11-17 11:00:00+00:00,0.007146225776523352,0.007154764607548714,0.007137758657336235,0.007148677948862314,0.007148677948862314,0
2022-11-17 12:00:00+00:00,0.007148729637265205,0.007161271758377552,0.007124587893486023,0.007127278950065374,0.007127278950065374,0
2022-11-17 13:00:00+00:00,0.007127685006707907,0.007153587881475687,0.007112476509064436,0.007117134053260088,0.007117134053260088,0
2022-11-17 14:00:00+00:00,0.007116830442100763,0.007129463832825422,0.007106462027877569,0.00711814733222127,0.00711814733222127,0
2022-11-17 15:00:00+00:00,0.00711814733222127,0.007128345780074596,0.007110049482434988,0.007113083731383085,0.007113083731383085,0
2022-11-17 16:00:00+00:00,0.007113185245543718,0.007123115938156843,0.007105199154466391,0.007119312882423401,0.007119312882423401,0
2022-11-17 17:00:00+00:00,0.0071196164935827255,0.007135212421417236,0.007119312882423401,0.007127837743610144,0.007127837743610144,0
2022-11-17 18:00:00+00:00,0.007128295488655567,0.0071416329592466354,0.007127330172806978,0.0071303281001746655,0.0071303281001746655,0
2022-11-17 19:00:00+00:00,0.007130226586014032,0.007133787497878075,0.007124790921807289,0.007132158614695072,0.007132158614695072,0
2022-11-17 20:00:00+00:00,0.007131853606551886,0.007138522807508707,0.007128498516976833,0.007133329287171364,0.007133329287171364,0
2022-11-17 21:00:00+00:00,0.00713327806442976,0.007137096021324396,0.0071319048292934895,0.0071332273073494434,0.0071332273073494434,0
2022-11-17 22:00:00+00:00,0.0071332273073494434,0.007134702987968922,0.007128091994673014,0.007129362318664789,0.007129362318664789,0
2022-11-17 23:00:00+00:00,0.007129209581762552,0.007134397979825735,0.007121238857507706,0.007122659124433994,0.007122659124433994,0
2022-11-18 00:00:00+00:00,0.0071211885660886765,0.0071394918486475945,0.0071174888871610165,0.007127736229449511,0.007127736229449511,0
2022-11-18 01:00:00+00:00,0.00712778652086854,0.00714346906170249,0.007125450763851404,0.00713923666626215,0.00713923666626215,0
2022-11-18 02:00:00+00:00,0.007139286957681179,0.007154457736760378,0.007138930726796389,0.0071462769992649555,0.0071462769992649555,0
2022-11-18 03:00:00+00:00,0.007146073039621115,0.007162298075854778,0.007144796196371317,0.0071578375063836575,0.0071578375063836575,0
2022-11-18 04:00:00+00:00,0.007157580927014351,0.007159221451729536,0.007145715411752462,0.007149188779294491,0.007149188779294491,0
2022-11-18 05:00:00+00:00,0.007148882374167442,0.007155634928494692,0.007138930726796389,0.007153894752264023,0.007153894752264023,0
2022-11-18 06:00:00+00:00,0.007154508493840694,0.007157530169934034,0.007143877912312746,0.0071508255787193775,0.0071508255787193775,0
2022-11-18 07:00:00+00:00,0.00715072313323617,0.007163477595895529,0.007145103067159653,0.007151847705245018,0.007151847705245018,0
2022-11-18 08:00:00+00:00,0.007151438854634762,0.00715471338480711,0.007130073383450508,0.007133024279028177,0.007133024279028177,0
2022-11-18 09:00:00+00:00,0.0071326675824820995,0.007152666803449392,0.007128091994673014,0.007145561743527651,0.007145561743527651,0
2022-11-18 10:00:00+00:00,0.007145511452108622,0.007159169763326645,0.0071413773111999035,0.007154508493840694,0.007154508493840694,0
2022-11-18 11:00:00+00:00,0.007154406514018774,0.007158555090427399,0.007145001087337732,0.0071500069461762905,0.0071500069461762905,0
2022-11-18 12:00:00+00:00,0.007150058634579182,0.007157683372497559,0.0071388292126357555,0.007144796196371317,0.007144796196371317,0
2022-11-18 13:00:00+00:00,0.007144592236727476,0.007159221451729536,0.007140358444303274,0.007146839052438736,0.007146839052438736,0
2022-11-18 14:00:00+00:00,0.007146327756345272,0.007160400040447712,0.007140256464481354,0.007145409006625414,0.007145409006625414,0
2022-11-18 15:00:00+00:00,0.0071453070268034935,0.007153536193072796,0.007138268556445837,0.007149240467697382,0.007149240467697382,0
2022-11-18 16:00:00+00:00,0.007149496115744114,0.007152564357966185,0.007135924883186817,0.007141225039958954,0.007141225039958954,0
2022-11-18 17:00:00+00:00,0.007141327019780874,0.00714346906170249,0.007130073383450508,0.007130480837076902,0.007130480837076902,0
2022-11-18 18:00:00+00:00,0.007130633108317852,0.00713567016646266,0.00712433410808444,0.0071257553063333035,0.0071257553063333035,0
2022-11-18 19:00:00+00:00,0.0071260095573961735,0.00712814275175333,0.00712205097079277,0.007123623043298721,0.007123623043298721,0
2022-11-18 20:00:00+00:00,0.007123420014977455,0.007129870355129242,0.007122456561774015,0.007122456561774015,0.007122456561774015,0
2022-11-18 21:00:00+00:00,0.007122456561774015,0.007126872893422842,0.007121137343347073,0.007125501055270433,0.007125501055270433,0
2022-11-21 00:00:00+00:00,0.007129565346986055,0.007133685518056154,0.007121087051928043,0.007130073383450508,0.007130073383450508,0
2022-11-21 01:00:00+00:00,0.00712804077193141,0.0071350084617733955,0.007117589935660362,0.007127939257770777,0.007127939257770777,0
2022-11-21 02:00:00+00:00,0.007127939257770777,0.007129616569727659,0.007119870278984308,0.0071219997480511665,0.0071219997480511665,0
2022-11-21 03:00:00+00:00,0.00712205097079277,0.007128091994673014,0.007119819521903992,0.007125349249690771,0.007125349249690771,0
2022-11-21 04:00:00+00:00,0.007125145755708218,0.007129718083888292,0.007113741710782051,0.00712088355794549,0.00712088355794549,0
2022-11-21 05:00:00+00:00,0.007120782509446144,0.007123724557459354,0.007114956621080637,0.007115107960999012,0.007115107960999012,0
2022-11-21 06:00:00+00:00,0.007115057669579983,0.007120072841644287,0.007098339963704348,0.007103230804204941,0.007103230804204941,0
2022-11-21 07:00:00+00:00,0.0071017686277627945,0.007109543774276972,0.007097534369677305,0.007101263850927353,0.007101263850927353,0
2022-11-21 08:00:00+00:00,0.007099449168890715,0.007101263850927353,0.007082102820277214,0.007085163611918688,0.007085163611918688,0
2022-11-21 09:00:00+00:00,0.007085163611918688,0.007089986000210047,0.007048557512462139,0.007050147745758295,0.007050147745758295,0
2022-11-21 10:00:00+00:00,0.007050197571516037,0.007062745746225119,0.0070496005937457085,0.007060152478516102,0.007060152478516102,0
2022-11-21 11:00:00+00:00,0.007060052827000618,0.007061798125505447,0.007045230362564325,0.007048656698316336,0.007048656698316336,0
2022-11-21 12:00:00+00:00,0.0070485081523656845,0.0070515894331038,0.007039427291601896,0.007045131176710129,0.007045131176710129,0
2022-11-21 13:00:00+00:00,0.007045428734272718,0.0070665390230715275,0.00704215420410037,0.0070628453977406025,0.0070628453977406025,0
2022-11-21 14:00:00+00:00,0.007062545977532864,0.007077691610902548,0.007055121939629316,0.007067237515002489,0.007067237515002489,0
2022-11-21 15:00:00+00:00,0.007067287806421518,0.007073836866766214,0.007044932805001736,0.007045230362564325,0.007045230362564325,0
2022-11-21 16:00:00+00:00,0.007045081816613674,0.007052285596728325,0.007041906006634235,0.007044734433293343,0.007044734433293343,0
2022-11-21 17:00:00+00:00,0.007044386584311724,0.007047961466014385,0.007029778324067593,0.007037198171019554,0.007037198171019554,0
2022-11-21 18:00:00+00:00,0.007037000264972448,0.007043394260108471,0.007032002788037062,0.007034327369183302,0.007034327369183302,0
2022-11-21 19:00:00+00:00,0.007034129463136196,0.007041956298053265,0.007033832836896181,0.007034525275230408,0.007034525275230408,0
2022-11-21 20:00:00+00:00,0.007034080568701029,0.007043840829282999,0.007033980917185545,0.007038734387606382,0.007038734387606382,0
2022-11-21 21:00:00+00:00,0.00703878328204155,0.007041113451123238,0.007035763002932072,0.007036059629172087,0.007036059629172087,0
2022-11-21 22:00:00+00:00,0.0070368023589253426,0.007041063159704208,0.007035811897367239,0.007037297356873751,0.007037297356873751,0
2022-11-21 23:00:00+00:00,0.007037545088678598,0.007041906006634235,0.007034080568701029,0.007036208640784025,0.007036208640784025,0
2022-11-22 00:00:00+00:00,0.007038189098238945,0.007051987107843161,0.007030321750789881,0.007043642457574606,0.007043642457574606,0
2022-11-22 01:00:00+00:00,0.0070437416434288025,0.007055171299725771,0.0070417579263448715,0.007051390595734119,0.007051390595734119,0
2022-11-22 02:00:00+00:00,0.007050992455333471,0.007061798125505447,0.007048408035188913,0.007057711016386747,0.007057711016386747,0
2022-11-22 03:00:00+00:00,0.0070576113648712635,0.0070612989366054535,0.007051439955830574,0.007053479552268982,0.007053479552268982,0
2022-11-22 04:00:00+00:00,0.007053529378026724,0.007061498239636421,0.0070528327487409115,0.007057711016386747,0.007057711016386747,0
2022-11-22 05:00:00+00:00,0.007057561539113522,0.0070594544522464275,0.0070437416434288025,0.007050445768982172,0.007050445768982172,0
2022-11-22 06:00:00+00:00,0.007050246931612492,0.00705701345577836,0.00704294815659523,0.007044684141874313,0.007044684141874313,0
2022-11-22 07:00:00+00:00,0.007044337224215269,0.007055420428514481,0.0070406170561909676,0.0070516387932002544,0.0070516387932002544,0
2022-11-22 08:00:00+00:00,0.00705178827047348,0.007067137863487005,0.007046869024634361,0.007057362236082554,0.007057362236082554,0
2022-11-22 09:00:00+00:00,0.007057311944663525,0.007084662094712257,0.007056316826492548,0.007078042719513178,0.007078042719513178,0
2022-11-22 10:00:00+00:00,0.007078192662447691,0.00708431052044034,0.00707268575206399,0.00707588903605938,0.00707588903605938,0
2022-11-22 11:00:00+00:00,0.007076189387589693,0.007089684251695871,0.007074838038533926,0.007083507254719734,0.007083507254719734,0
2022-11-22 12:00:00+00:00,0.007083607371896505,0.00708636874333024,0.007073686458170414,0.00707679009065032,0.00707679009065032,0
2022-11-22 13:00:00+00:00,0.00707679009065032,0.007082754746079445,0.0070686363615095615,0.007069086190313101,0.007069086190313101,0
2022-11-22 14:00:00+00:00,0.007069636136293411,0.007082153111696243,0.007064891047775745,0.007073436863720417,0.007073436863720417,0
2022-11-22 15:00:00+00:00,0.007073636632412672,0.007086469326168299,0.007071485742926598,0.0070745875127613544,0.0070745875127613544,0
2022-11-22 16:00:00+00:00,0.007074437104165554,0.007079495582729578,0.007069285959005356,0.007077090907841921,0.007077090907841921,0
2022-11-22 17:00:00+00:00,0.007077140733599663,0.007082754746079445,0.007071035914123058,0.007080548442900181,0.007080548442900181,0
2022-11-22 18:00:00+00:00,0.007080498151481152,0.007086519151926041,0.007077040616422892,0.007082654628902674,0.007082654628902674,0
2022-11-22 19:00:00+00:00,0.007082554046064615,0.007085264194756746,0.007079495582729578,0.007082754746079445,0.007082754746079445,0
2022-11-22 20:00:00+00:00,0.007082303054630756,0.007086519151926041,0.007079144939780235,0.007081902120262384,0.007081902120262384,0
2022-11-22 21:00:00+00:00,0.007081902120262384,0.00708636874333024,0.007078894414007664,0.0070801470428705215,0.0070801470428705215,0
2022-11-22 22:00:00+00:00,0.007083106320351362,0.00708451122045517,0.007077991962432861,0.007082654628902674,0.007082654628902674,0
2022-11-22 23:00:00+00:00,0.007083607371896505,0.007086519151926041,0.00708004692569375,0.007084460463374853,0.007084460463374853,0
2022-11-23 00:00:00+00:00,0.007084210403263569,0.007098339963704348,0.007084159646183252,0.007085163611918688,0.007085163611918688,0
2022-11-23 01:00:00+00:00,0.007085163611918688,0.007088780403137207,0.0070699360221624374,0.0070753879845142365,0.0070753879845142365,0
2022-11-23 02:00:00+00:00,0.007075238041579723,0.007083909120410681,0.007071386091411114,0.007082153111696243,0.007082153111696243,0
2022-11-23 03:00:00+00:00,0.007080949377268553,0.007082905620336533,0.007070835679769516,0.00707283616065979,0.00707283616065979,0
2022-11-23 04:00:00+00:00,0.0070725358091294765,0.007074437104165554,0.007066638674587011,0.007070785388350487,0.007070785388350487,0
2022-11-23 05:00:00+00:00,0.007070885505527258,0.007078843656927347,0.007068386301398277,0.007074887398630381,0.007074887398630381,0
2022-11-23 06:00:00+00:00,0.00707473699003458,0.007082654628902674,0.007071285042911768,0.007076689973473549,0.007076689973473549,0
2022-11-23 07:00:00+00:00,0.007076689973473549,0.007090488914400339,0.00707283616065979,0.007083758246153593,0.007083758246153593,0
2022-11-23 08:00:00+00:00,0.007082504220306873,0.007086268626153469,0.0070705353282392025,0.0070769404992461205,0.0070769404992461205,0
2022-11-23 09:00:00+00:00,0.0070768906734883785,0.007079144939780235,0.007066638674587011,0.007075187750160694,0.007075187750160694,0
2022-11-23 10:00:00+00:00,0.007074887398630381,0.00707679009065032,0.007061448879539967,0.007071435451507568,0.007071435451507568,0
2022-11-23 11:00:00+00:00,0.007071085274219513,0.007076089270412922,0.007065639831125736,0.007070935796946287,0.007070935796946287,0
2022-11-23 12:00:00+00:00,0.007070935796946287,0.007082704920321703,0.007065689191222191,0.007079044822603464,0.007079044822603464,0
2022-11-23 13:00:00+00:00,0.007078843656927347,0.007094513159245253,0.007074287161231041,0.007089483551681042,0.007089483551681042,0
2022-11-23 14:00:00+00:00,0.007089684251695871,0.007149598561227322,0.0070859165862202644,0.007143520284444094,0.007143520284444094,0
2022-11-23 15:00:00+00:00,0.007145511452108622,0.007161784451454878,0.007124181371182203,0.007156812585890293,0.007156812585890293,0
2022-11-23 16:00:00+00:00,0.007156607694923878,0.007167020346969366,0.007148677948862314,0.00715548126026988,0.00715548126026988,0
2022-11-23 17:00:00+00:00,0.007155532483011484,0.007161938585340977,0.007149802520871162,0.0071509783156216145,0.0071509783156216145,0
2022-11-23 18:00:00+00:00,0.007151336409151554,0.007157632615417242,0.0071465326473116875,0.007149648852646351,0.007149648852646351,0
2022-11-23 19:00:00+00:00,0.0071495468728244305,0.007187264505773783,0.007144081871956587,0.007173807360231876,0.007173807360231876,0
2022-11-23 20:00:00+00:00,0.007173858117312193,0.007178750820457935,0.007167996373027563,0.007169486954808235,0.007169486954808235,0
2022-11-23 21:00:00+00:00,0.007169075310230255,0.007171697914600372,0.007162400521337986,0.0071636829525232315,0.0071636829525232315,0
2022-11-23 22:00:00+00:00,0.007165634073317051,0.007167945150285959,0.007161528337746859,0.007165377028286457,0.007165377028286457,0
2022-11-23 23:00:00+00:00,0.00716429902240634,0.007184992078691721,0.00716409320011735,0.007183495443314314,0.007183495443314314,0
2022-11-24 00:00:00+00:00,0.0071815866976976395,0.007191657554358244,0.0071688187308609486,0.007183856330811977,0.007183856330811977,0
2022-11-24 01:00:00+00:00,0.007184114307165146,0.007208246272057295,0.007183495443314314,0.007205285597592592,0.007205285597592592,0
2022-11-24 02:00:00+00:00,0.007205285597592592,0.007209285162389278,0.0071958499029278755,0.007200979627668858,0.007200979627668858,0
2022-11-24 03:00:00+00:00,0.007200927473604679,0.007214902900159359,0.007200564257800579,0.007212405558675528,0.007212405558675528,0
2022-11-24 04:00:00+00:00,0.007212353404611349,0.007216204889118671,0.007202224340289831,0.007207726594060659,0.007207726594060659,0
2022-11-24 05:00:00+00:00,0.007207778748124838,0.007211677264422178,0.007197713945060968,0.007198335602879524,0.007198335602879524,0
2022-11-24 06:00:00+00:00,0.007198283914476633,0.007207050919532776,0.007194607052952051,0.007202587090432644,0.007202587090432644,0
2022-11-24 07:00:00+00:00,0.007202276028692722,0.007218652870506048,0.00719445152208209,0.007195590529590845,0.007195590529590845,0
2022-11-24 08:00:00+00:00,0.007195538375526667,0.007204195950180292,0.007182772736996412,0.007197817787528038,0.007197817787528038,0
2022-11-24 09:00:00+00:00,0.00719792116433382,0.007219539023935795,0.007197610568255186,0.007216881960630417,0.007216881960630417,0
2022-11-24 10:00:00+00:00,0.007216517347842455,0.0072442772798240185,0.007215267512947321,0.007236780133098364,0.007236780133098364,0
2022-11-24 11:00:00+00:00,0.00723651796579361,0.007244802080094814,0.007224232889711857,0.007229664828628302,0.007229664828628302,0
2022-11-24 12:00:00+00:00,0.007229717448353767,0.007243227679282427,0.007223763037472963,0.007234057877212763,0.007234057877212763,0
2022-11-24 13:00:00+00:00,0.007234424352645874,0.007241286803036928,0.0072256941348314285,0.007230657618492842,0.007230657618492842,0
2022-11-24 14:00:00+00:00,0.007230082526803017,0.007242440711706877,0.0072293514385819435,0.007240762934088707,0.007240762934088707,0
2022-11-24 15:00:00+00:00,0.00724060507491231,0.007243332453072071,0.007224441505968571,0.0072275749407708645,0.0072275749407708645,0
2022-11-24 16:00:00+00:00,0.007227888330817223,0.00723201734945178,0.007220216561108828,0.007223658729344606,0.007223658729344606,0
2022-11-24 17:00:00+00:00,0.007224076893180609,0.007229038048535585,0.007221729028970003,0.007225015666335821,0.007225015666335821,0
2022-11-24 18:00:00+00:00,0.007225068286061287,0.007227626629173756,0.007221311330795288,0.00722157210111618,0.00722157210111618,0
2022-11-24 19:00:00+00:00,0.007221415638923645,0.007224441505968571,0.00721969548612833,0.007221885025501251,0.007221885025501251,0
2022-11-24 20:00:00+00:00,0.007221729028970003,0.007225851062685251,0.0072176107205450535,0.007219434715807438,0.007219434715807438,0
2022-11-24 21:00:00+00:00,0.007220737636089325,0.007221259642392397,0.007212301716208458,0.007221259642392397,0.007221259642392397,0
2022-11-24 22:00:00+00:00,0.007216204889118671,0.0072259558364748955,0.007213082164525986,0.0072167254984378815,0.0072167254984378815,0
2022-11-24 23:00:00+00:00,0.007218027487397194,0.007220894563943148,0.007206636015325785,0.007214747369289398,0.007214747369289398,0
2022-11-25 00:00:00+00:00,0.007215006742626429,0.007222824264317751,0.007193105760961771,0.007196781225502491,0.007196781225502491,0
2022-11-25 01:00:00+00:00,0.007196470629423857,0.007212249096482992,0.007191657554358244,0.007206688169389963,0.007206688169389963,0
2022-11-25 02:00:00+00:00,0.007206324487924576,0.007216152269393206,0.00720435194671154,0.0072071547619998455,0.0072071547619998455,0
2022-11-25 03:00:00+00:00,0.0072071547619998455,0.0072151110507547855,0.007205234374850988,0.007212301716208458,0.007212301716208458,0
2022-11-25 04:00:00+00:00,0.007212093099951744,0.0072280969470739365,0.0072118849493563175,0.007222719956189394,0.007222719956189394,0
2022-11-25 05:00:00+00:00,0.007222719956189394,0.007226529996842146,0.007206636015325785,0.007211208809167147,0.007211208809167147,0
2022-11-25 06:00:00+00:00,0.007211625576019287,0.007222667336463928,0.007208921946585178,0.007217037957161665,0.007217037957161665,0
2022-11-25 07:00:00+00:00,0.007216881960630417,0.007226217072457075,0.007203884422779083,0.007205077912658453,0.007205077912658453,0
2022-11-25 08:00:00+00:00,0.007205181755125523,0.007219069637358189,0.007196574471890926,0.007203002460300922,0.007203002460300922,0
2022-11-25 09:00:00+00:00,0.007202846463769674,0.007206479553133249,0.007167122792452574,0.007174115628004074,0.007174115628004074,0
2022-11-25 10:00:00+00:00,0.007174012716859579,0.007186696399003267,0.007166917435824871,0.0071776690892875195,0.0071776690892875195,0
2022-11-25 11:00:00+00:00,0.007177514024078846,0.007180761080235243,0.007163580507040024,0.0071643502451479435,0.0071643502451479435,0
2022-11-25 12:00:00+00:00,0.0071643502451479435,0.007185198366641998,0.007163990754634142,0.007178905885666609,0.007178905885666609,0
2022-11-25 13:00:00+00:00,0.00717885373160243,0.0071815866976976395,0.007166095543652773,0.007176123559474945,0.007176123559474945,0
2022-11-25 14:00:00+00:00,0.007176123559474945,0.007183391600847244,0.0071649146266281605,0.007178956642746925,0.007178956642746925,0
2022-11-25 15:00:00+00:00,0.007178905885666609,0.007185663096606731,0.007174527272582054,0.007182772736996412,0.007182772736996412,0
2022-11-25 16:00:00+00:00,0.007182824891060591,0.007193312980234623,0.007179317530244589,0.007183443754911423,0.007183443754911423,0
2022-11-25 17:00:00+00:00,0.007183495443314314,0.007194917649030685,0.007181328721344471,0.007186696399003267,0.007186696399003267,0
2022-11-25 18:00:00+00:00,0.007186799310147762,0.007196107879281044,0.007186076138168573,0.007193519733846188,0.007193519733846188,0
2022-11-25 19:00:00+00:00,0.007193468511104584,0.007195641752332449,0.007189175579696894,0.007192899007350206,0.007192899007350206,0
2022-11-25 20:00:00+00:00,0.007192692253738642,0.00719512440264225,0.007190106436610222,0.007193468511104584,0.007193468511104584,0
2022-11-25 21:00:00+00:00,0.007193519733846188,0.007195331621915102,0.007182360161095858,0.007188555784523487,0.007188555784523487,0
2022-11-28 00:00:00+00:00,0.007174784783273935,0.007203106302767992,0.00717468187212944,0.007193727418780327,0.007193727418780327,0
2022-11-28 01:00:00+00:00,0.007193519733846188,0.0072137583047151566,0.00719103729352355,0.007210585288703442,0.007210585288703442,0
2022-11-28 02:00:00+00:00,0.007210481446236372,0.0072301351465284824,0.007205856963992119,0.007219330407679081,0.007219330407679081,0
2022-11-28 03:00:00+00:00,0.007219382096081972,0.007224024273455143,0.0072074150666594505,0.007212196942418814,0.007212196942418814,0
2022-11-28 04:00:00+00:00,0.007211988791823387,0.007222980260848999,0.007209337782114744,0.00722037348896265,0.00722037348896265,0
2022-11-28 05:00:00+00:00,0.007220060098916292,0.007229403126984835,0.007217402569949627,0.007227000314742327,0.007227000314742327,0
2022-11-28 06:00:00+00:00,0.007227000314742327,0.0072393473237752914,0.007226268760859966,0.007236413657665253,0.007236413657665253,0
2022-11-28 07:00:00+00:00,0.007235209457576275,0.007258526980876923,0.007227208930999041,0.007230291608721018,0.007230291608721018,0
2022-11-28 08:00:00+00:00,0.0072301351465284824,0.007274684961885214,0.007225589826703072,0.007262269500643015,0.007262269500643015,0
2022-11-28 09:00:00+00:00,0.007262059021741152,0.007270612753927708,0.007253420073539019,0.007258421741425991,0.007258421741425991,0
2022-11-28 10:00:00+00:00,0.007259001489728689,0.007272304501384497,0.007255683187395334,0.007258896250277758,0.007258896250277758,0
2022-11-28 11:00:00+00:00,0.007256841752678156,0.007261953316628933,0.00723285460844636,0.0072383517399430275,0.0072383517399430275,0
2022-11-28 12:00:00+00:00,0.007238561287522316,0.007241915911436081,0.007226529996842146,0.007233953103423119,0.007233953103423119,0
2022-11-28 13:00:00+00:00,0.007233848795294762,0.007236884906888008,0.007207311224192381,0.007219330407679081,0.007219330407679081,0
2022-11-28 14:00:00+00:00,0.0072192782536149025,0.0072316513396799564,0.00720637571066618,0.007220633327960968,0.007220633327960968,0
2022-11-28 15:00:00+00:00,0.00722037348896265,0.007224911358207464,0.007201083470135927,0.007205909118056297,0.007205909118056297,0
2022-11-28 16:00:00+00:00,0.0072059608064591885,0.007214643061161041,0.007199008949100971,0.007211988791823387,0.007211988791823387,0
2022-11-28 17:00:00+00:00,0.007212249096482992,0.0072138626128435135,0.007198335602879524,0.007204714696854353,0.007204714696854353,0
2022-11-28 18:00:00+00:00,0.007204766850918531,0.007207830436527729,0.007194503676146269,0.00719512440264225,0.00719512440264225,0
2022-11-28 19:00:00+00:00,0.0071951765567064285,0.007205597124993801,0.0071936240419745445,0.007200927473604679,0.007200927473604679,0
2022-11-28 20:00:00+00:00,0.007201134692877531,0.007204870693385601,0.00719605665653944,0.007197143975645304,0.007197143975645304,0
2022-11-28 21:00:00+00:00,0.007197299972176552,0.007203157525509596,0.007195746060460806,0.007198387756943703,0.007198387756943703,0
2022-11-28 22:00:00+00:00,0.007197973318397999,0.007203781045973301,0.007196626625955105,0.007200149819254875,0.007200149819254875,0
2022-11-28 23:00:00+00:00,0.007199631538242102,0.007209909614175558,0.007195797748863697,0.007206947077065706,0.007206947077065706,0
2022-11-29 00:00:00+00:00,0.007208869792521,0.007219539023935795,0.007200927473604679,0.00720616802573204,0.00720616802573204,0
2022-11-29 01:00:00+00:00,0.00720627186819911,0.007211677264422178,0.00717602064833045,0.007206792011857033,0.007206792011857033,0
2022-11-29 02:00:00+00:00,0.007206739392131567,0.0072191739454865456,0.007201083470135927,0.007201653905212879,0.007201653905212879,0
2022-11-29 03:00:00+00:00,0.007201653905212879,0.007226164452731609,0.007200098130851984,0.007214851211756468,0.007214851211756468,0
2022-11-29 04:00:00+00:00,0.007214643061161041,0.007225172594189644,0.007209181319922209,0.007221937645226717,0.007221937645226717,0
2022-11-29 05:00:00+00:00,0.007222041953355074,0.007224181201308966,0.007209077477455139,0.0072191739454865456,0.0072191739454865456,0
2022-11-29 06:00:00+00:00,0.007218861486762762,0.00723128579556942,0.007209856994450092,0.007214486598968506,0.007214486598968506,0
2022-11-29 07:00:00+00:00,0.007214590907096863,0.007239819038659334,0.007212665397673845,0.007231390103697777,0.007231390103697777,0
2022-11-29 08:00:00+00:00,0.007231233175843954,0.007252157665789127,0.007224911358207464,0.007241654209792614,0.007241654209792614,0
2022-11-29 09:00:00+00:00,0.007241654209792614,0.007250580005347729,0.007228149101138115,0.0072400812059640884,0.0072400812059640884,0
2022-11-29 10:00:00+00:00,0.007239976432174444,0.007254840340465307,0.007234266959130764,0.007247847504913807,0.007247847504913807,0
2022-11-29 11:00:00+00:00,0.007248005364090204,0.007255103904753923,0.007238875608891249,0.007249949034303427,0.007249949034303427,0
2022-11-29 12:00:00+00:00,0.007249949034303427,0.007252683397382498,0.007230971474200487,0.00724107725545764,0.00724107725545764,0
2022-11-29 13:00:00+00:00,0.007241286803036928,0.007245852146297693,0.007213601842522621,0.007215319667011499,0.007215319667011499,0
2022-11-29 14:00:00+00:00,0.007215267512947321,0.007225119974464178,0.007201861124485731,0.007215163204818964,0.007215163204818964,0
2022-11-29 15:00:00+00:00,0.007215319667011499,0.0072364662773907185,0.0072083501145243645,0.007229560054838657,0.007229560054838657,0
2022-11-29 16:00:00+00:00,0.007229560054838657,0.007236832287162542,0.007221989333629608,0.007231755647808313,0.007231755647808313,0
2022-11-29 17:00:00+00:00,0.007231755647808313,0.007233325857669115,0.007218861486762762,0.007222146261483431,0.007222146261483431,0
2022-11-29 18:00:00+00:00,0.007222302258014679,0.00722846295684576,0.0072158402763307095,0.007217559032142162,0.007217559032142162,0
2022-11-29 19:00:00+00:00,0.007217402569949627,0.007224024273455143,0.007210533134639263,0.007212613709270954,0.007212613709270954,0
2022-11-29 20:00:00+00:00,0.007212613709270954,0.0072149550542235374,0.007204766850918531,0.007205285597592592,0.007205285597592592,0
2022-11-29 21:00:00+00:00,0.007205234374850988,0.007216048426926136,0.007204818539321423,0.007215632125735283,0.007215632125735283,0
2022-11-29 22:00:00+00:00,0.007215996738523245,0.007220946718007326,0.007208246272057295,0.007210845593363047,0.007210845593363047,0
2022-11-29 23:00:00+00:00,0.007211312651634216,0.00721313338726759,0.007204663008451462,0.0072071547619998455,0.0072071547619998455,0
2022-11-30 00:00:00+00:00,0.0072071547619998455,0.007216569036245346,0.007196937222033739,0.007213394157588482,0.007213394157588482,0
2022-11-30 01:00:00+00:00,0.007213445380330086,0.007225068286061287,0.007209285162389278,0.007219226565212011,0.007219226565212011,0
2022-11-30 02:00:00+00:00,0.0072191739454865456,0.007224181201308966,0.007208869792521,0.0072112614288926125,0.0072112614288926125,0
2022-11-30 03:00:00+00:00,0.007211104966700077,0.007215632125735283,0.007202120032161474,0.007206636015325785,0.007206636015325785,0
2022-11-30 04:00:00+00:00,0.007206479553133249,0.007222719956189394,0.007206479553133249,0.007216309197247028,0.007216309197247028,0
2022-11-30 05:00:00+00:00,0.007216101046651602,0.007228567264974117,0.007212561089545488,0.007221519947052002,0.007221519947052002,0
2022-11-30 06:00:00+00:00,0.007221519947052002,0.007230971474200487,0.007213653530925512,0.007215632125735283,0.007215632125735283,0
2022-11-30 07:00:00+00:00,0.007215632125735283,0.007228567264974117,0.007214590907096863,0.00721860071644187,0.00721860071644187,0
2022-11-30 08:00:00+00:00,0.007218444719910622,0.007224911358207464,0.007201030850410461,0.0072137583047151566,0.0072137583047151566,0
2022-11-30 09:00:00+00:00,0.00721417460590601,0.007216933649033308,0.007201290689408779,0.007206739392131567,0.007206739392131567,0
2022-11-30 10:00:00+00:00,0.007206792011857033,0.007210324984043837,0.007191760931164026,0.007202328182756901,0.007202328182756901,0
2022-11-30 11:00:00+00:00,0.007202743086963892,0.007210221141576767,0.007196470629423857,0.007207311224192381,0.007207311224192381,0
2022-11-30 12:00:00+00:00,0.00720751890912652,0.007222302258014679,0.007202483247965574,0.007203002460300922,0.007203002460300922,0
2022-11-30 13:00:00+00:00,0.0072030541487038136,0.007212093099951744,0.007172057870775461,0.007174733094871044,0.007174733094871044,0
2022-11-30 14:00:00+00:00,0.007174476515501738,0.007193261291831732,0.007170823402702808,0.007179369684308767,0.007179369684308767,0
2022-11-30 15:00:00+00:00,0.007179162930697203,0.007181380409747362,0.007148269563913345,0.007168767042458057,0.007168767042458057,0
2022-11-30 16:00:00+00:00,0.0071684070862829685,0.007183495443314314,0.007161784451454878,0.007178287021815777,0.007178287021815777,0
2022-11-30 17:00:00+00:00,0.007178287021815777,0.007189382798969746,0.007170720957219601,0.007174990605562925,0.007174990605562925,0
2022-11-30 18:00:00+00:00,0.007174990605562925,0.007234529126435518,0.007163477595895529,0.0072294557467103004,0.0072294557467103004,0
2022-11-30 19:00:00+00:00,0.007229926530271769,0.007250895258039236,0.007222093641757965,0.007248372305184603,0.007248372305184603,0
2022-11-30 20:00:00+00:00,0.007248530164361,0.007266596890985966,0.007240185979753733,0.007242283318191767,0.007242283318191767,0
2022-11-30 21:00:00+00:00,0.007242126390337944,0.007250632159411907,0.0072385091334581375,0.007243752013891935,0.007243752013891935,0
2022-11-30 22:00:00+00:00,0.007240500301122665,0.007249003276228905,0.007240500301122665,0.007243647240102291,0.007243647240102291,0
2022-11-30 23:00:00+00:00,0.007243279833346605,0.007287089247256517,0.0072421785444021225,0.007276801858097315,0.007276801858097315,0
2022-12-01 00:00:00+00:00,0.007280405145138502,0.007314218673855066,0.007270612753927708,0.007310101762413979,0.007310101762413979,0
2022-12-01 01:00:00+00:00,0.007309941574931145,0.007327993866056204,0.007305242121219635,0.00731122400611639,0.00731122400611639,0
2022-12-01 02:00:00+00:00,0.007311544846743345,0.007324290461838245,0.007299536839127541,0.007313844282180071,0.007313844282180071,0
2022-12-01 03:00:00+00:00,0.007314218673855066,0.007319358643144369,0.007307056803256273,0.0073129888623952866,0.0073129888623952866,0
2022-12-01 04:00:00+00:00,0.007312881760299206,0.0073261684738099575,0.007303748279809952,0.007315610069781542,0.007315610069781542,0
2022-12-01 05:00:00+00:00,0.007315610069781542,0.007343761622905731,0.007313684094697237,0.007332453038543463,0.007332453038543463,0
2022-12-01 06:00:00+00:00,0.007331271190196276,0.007343761622905731,0.007324719335883856,0.0073416586965322495,0.0073416586965322495,0
2022-12-01 07:00:00+00:00,0.007341928780078888,0.007363445125520229,0.007321501616388559,0.007324183359742165,0.007324183359742165,0
2022-12-01 08:00:00+00:00,0.007324236445128918,0.007343491539359093,0.007316947914659977,0.007337833754718304,0.007337833754718304,0
2022-12-01 09:00:00+00:00,0.007337295915931463,0.007341335527598858,0.007320322562009096,0.007334819994866848,0.007334819994866848,0
2022-12-01 10:00:00+00:00,0.007334981579333544,0.0073406882584095,0.007326276041567326,0.007329336367547512,0.007329336367547512,0
2022-12-01 11:00:00+00:00,0.007329068146646023,0.007345865480601788,0.007327510509639978,0.0073403120040893555,0.0073403120040893555,0
2022-12-01 12:00:00+00:00,0.007340527139604092,0.007352509070187807,0.007336272392421961,0.0073371874168515205,0.0073371874168515205,0
2022-12-01 13:00:00+00:00,0.007337349001318216,0.007367351092398167,0.007334604859352112,0.007342521566897631,0.007342521566897631,0
2022-12-01 14:00:00+00:00,0.007342575117945671,0.007365940138697624,0.007335142698138952,0.0073587303049862385,0.0073587303049862385,0
2022-12-01 15:00:00+00:00,0.007359109818935394,0.007379909977316856,0.007337995804846287,0.007357377093285322,0.007357377093285322,0
2022-12-01 16:00:00+00:00,0.00735743110999465,0.007380346301943064,0.0073552667163312435,0.007377242669463158,0.007377242669463158,0
2022-12-01 17:00:00+00:00,0.0073773511685431,0.007392349187284708,0.007365614175796509,0.007383779156953096,0.007383779156953096,0
2022-12-01 18:00:00+00:00,0.007383942604064941,0.007390436716377735,0.007378222420811653,0.0073811085894703865,0.0073811085894703865,0
2022-12-01 19:00:00+00:00,0.007380945608019829,0.0073949727229774,0.007379583548754454,0.007393004838377237,0.007393004838377237,0
2022-12-01 20:00:00+00:00,0.00739305978640914,0.007397762965410948,0.007386234123259783,0.007390381768345833,0.007390381768345833,0
2022-12-01 21:00:00+00:00,0.007390272803604603,0.007396066561341286,0.007386833429336548,0.007393715437501669,0.007393715437501669,0
2022-12-01 22:00:00+00:00,0.007393988780677319,0.007393988780677319,0.007388798985630274,0.007389890030026436,0.007389890030026436,0
2022-12-01 23:00:00+00:00,0.007390710059553385,0.0074067492969334126,0.007386069744825363,0.007398966699838638,0.007398966699838638,0
2022-12-02 00:00:00+00:00,0.007399131078273058,0.007402033545076847,0.007374958135187626,0.007379855960607529,0.007379855960607529,0
2022-12-02 01:00:00+00:00,0.007379909977316856,0.007407955825328827,0.007378549315035343,0.007400938775390387,0.007400938775390387,0
2022-12-02 02:00:00+00:00,0.007401376497000456,0.007406859192997217,0.007389344274997711,0.007396340370178223,0.007396340370178223,0
2022-12-02 03:00:00+00:00,0.007396012544631958,0.007405213546007872,0.007393551059067249,0.007399021647870541,0.007399021647870541,0
2022-12-02 04:00:00+00:00,0.007398857269436121,0.007406309712678194,0.007393988780677319,0.007401102688163519,0.007401102688163519,0
2022-12-02 05:00:00+00:00,0.007401102688163519,0.007405761629343033,0.007398365531116724,0.007399459835141897,0.007399459835141897,0
2022-12-02 06:00:00+00:00,0.007399349939078093,0.00740850530564785,0.007396340370178223,0.007401485927402973,0.007401485927402973,0
2022-12-02 07:00:00+00:00,0.007401485927402973,0.007433838676661253,0.007400499656796455,0.00742737902328372,0.00742737902328372,0
2022-12-02 08:00:00+00:00,0.007427268195897341,0.007484469562768936,0.007418287452310324,0.0074760206043720245,0.0074760206043720245,0
2022-12-02 09:00:00+00:00,0.007476076949387789,0.007481669541448355,0.007449178025126457,0.0074635217897593975,0.0074635217897593975,0
2022-12-02 10:00:00+00:00,0.007463800720870495,0.007468260359019041,0.007444907445460558,0.0074607376009225845,0.0074607376009225845,0
2022-12-02 11:00:00+00:00,0.007460626307874918,0.007471049204468727,0.007454564794898033,0.007462686393409967,0.007462686393409967,0
2022-12-02 12:00:00+00:00,0.007462742738425732,0.007467144634574652,0.007454119622707367,0.007459402084350586,0.007459402084350586,0
2022-12-02 13:00:00+00:00,0.007459402084350586,0.007462686393409967,0.007353806868195534,0.007385687902569771,0.007385687902569771,0
2022-12-02 14:00:00+00:00,0.007385578937828541,0.007402472663670778,0.0073669166304171085,0.007381653878837824,0.007381653878837824,0
2022-12-02 15:00:00+00:00,0.0073817078955471516,0.007393715437501669,0.007377841509878635,0.007381653878837824,0.007381653878837824,0
2022-12-02 16:00:00+00:00,0.0073817078955471516,0.007417847402393818,0.007377950008958578,0.007413447834551334,0.007413447834551334,0
2022-12-02 17:00:00+00:00,0.007413392886519432,0.007439369335770607,0.007410920690745115,0.007426440715789795,0.007426440715789795,0
2022-12-02 18:00:00+00:00,0.007426440715789795,0.007434391882270575,0.007418948225677013,0.007427433971315622,0.007427433971315622,0
2022-12-02 19:00:00+00:00,0.007427268195897341,0.007441029883921146,0.0074216462671756744,0.00743859400972724,0.00743859400972724,0
2022-12-02 20:00:00+00:00,0.007438207510858774,0.007450454402714968,0.007435994688421488,0.0074456837028265,0.0074456837028265,0
2022-12-02 21:00:00+00:00,0.0074456837028265,0.0074510094709694386,0.007444020826369524,0.007447624579071999,0.007447624579071999,0
2022-12-05 00:00:00+00:00,0.007436602842062712,0.007441583089530468,0.007420214358717203,0.0074272132478654385,0.0074272132478654385,0
2022-12-05 01:00:00+00:00,0.0074271028861403465,0.007457677740603685,0.0074264961294829845,0.007448012474924326,0.007448012474924326,0
2022-12-05 02:00:00+00:00,0.007448012474924326,0.007453786209225655,0.007436934392899275,0.007441860623657703,0.007441860623657703,0
2022-12-05 03:00:00+00:00,0.007441693916916847,0.007452676072716713,0.007436934392899275,0.007446293719112873,0.007446293719112873,0
2022-12-05 04:00:00+00:00,0.007446127012372017,0.0074510094709694386,0.007437985390424728,0.007446182891726494,0.007446182891726494,0
2022-12-05 05:00:00+00:00,0.007446016184985638,0.007449344266206026,0.00742638623341918,0.007432402111589909,0.007432402111589909,0
2022-12-05 06:00:00+00:00,0.0074320705607533455,0.007435496896505356,0.007422306574881077,0.00742688262835145,0.00742688262835145,0
2022-12-05 07:00:00+00:00,0.007426937110722065,0.0074288686737418175,0.007393824402242899,0.007400555070489645,0.007400555070489645,0
2022-12-05 08:00:00+00:00,0.007400719448924065,0.007416197098791599,0.00738688837736845,0.007392677012830973,0.007392677012830973,0
2022-12-05 09:00:00+00:00,0.007392677012830973,0.007404116913676262,0.007380945608019829,0.00739459041506052,0.00739459041506052,0
2022-12-05 10:00:00+00:00,0.007394480984658003,0.007398638408631086,0.0073817078955471516,0.007386124227195978,0.007386124227195978,0
2022-12-05 11:00:00+00:00,0.007385905832052231,0.00739644980058074,0.007377732545137405,0.007392075844109058,0.007392075844109058,0
2022-12-05 12:00:00+00:00,0.007392129860818386,0.007407955825328827,0.0073893992230296135,0.0074045551009476185,0.0074045551009476185,0
2022-12-05 13:00:00+00:00,0.007404610514640808,0.007407407276332378,0.0073669166304171085,0.007372184656560421,0.007372184656560421,0
2022-12-05 14:00:00+00:00,0.007372184656560421,0.007375719025731087,0.007358243688941002,0.007360572926700115,0.007360572926700115,0
2022-12-05 15:00:00+00:00,0.007360897492617369,0.0073611680418252945,0.007331378757953644,0.007335572969168425,0.007335572969168425,0
2022-12-05 16:00:00+00:00,0.007335626985877752,0.007343222387135029,0.007319518830627203,0.007323271594941616,0.007323271594941616,0
2022-12-05 17:00:00+00:00,0.007323324680328369,0.00733191566541791,0.007317001931369305,0.00731946574524045,0.00731946574524045,0
2022-12-05 18:00:00+00:00,0.007319250609725714,0.0073265437968075275,0.007314432878047228,0.007317001931369305,0.007317001931369305,0
2022-12-05 19:00:00+00:00,0.00731732277199626,0.007322251796722412,0.007306790444999933,0.007316573988646269,0.007316573988646269,0
2022-12-05 20:00:00+00:00,0.007316947914659977,0.007321716286242008,0.007308125030249357,0.007308232132345438,0.007308232132345438,0
2022-12-05 21:00:00+00:00,0.007308125030249357,0.007314272690564394,0.00730791175737977,0.007311972789466381,0.007311972789466381,0
2022-12-05 22:00:00+00:00,0.007312079891562462,0.0073174298740923405,0.007311865221709013,0.007314539514482021,0.007314539514482021,0
2022-12-05 23:00:00+00:00,0.007314861286431551,0.007322251796722412,0.007307751104235649,0.007321073208004236,0.007321073208004236,0
2022-12-06 00:00:00+00:00,0.007321716286242008,0.007338372059166431,0.007319036405533552,0.007328154519200325,0.007328154519200325,0
2022-12-06 01:00:00+00:00,0.007325900252908468,0.007337833754718304,0.007317965850234032,0.007326007355004549,0.007326007355004549,0
2022-12-06 02:00:00+00:00,0.007326061371713877,0.007328691892325878,0.007289957720786333,0.007300655823200941,0.007300655823200941,0
2022-12-06 03:00:00+00:00,0.007300601806491613,0.007311010267585516,0.007299216464161873,0.007303908467292786,0.007303908467292786,0
2022-12-06 04:00:00+00:00,0.007304068189114332,0.007316359784454107,0.007300655823200941,0.007306309882551432,0.007306309882551432,0
2022-12-06 05:00:00+00:00,0.007306416518986225,0.007311544846743345,0.007296287454664707,0.007300549186766148,0.007300549186766148,0
2022-12-06 06:00:00+00:00,0.007300655823200941,0.007305669132620096,0.007278709206730127,0.007283268496394157,0.007283268496394157,0
2022-12-06 07:00:00+00:00,0.007283162325620651,0.0073072705417871475,0.007276537828147411,0.007302254904061556,0.007302254904061556,0
2022-12-06 08:00:00+00:00,0.00730241509154439,0.0073254709132015705,0.007299109827727079,0.0073180729523301125,0.0073180729523301125,0
2022-12-06 09:00:00+00:00,0.0073181260377168655,0.007321716286242008,0.007307056803256273,0.007311705499887466,0.007311705499887466,0
2022-12-06 10:00:00+00:00,0.007311331108212471,0.007323861587792635,0.00731122400611639,0.007317751180380583,0.007317751180380583,0
2022-12-06 11:00:00+00:00,0.007317804731428623,0.007340527139604092,0.007317590992897749,0.007336918730288744,0.007336918730288744,0
2022-12-06 12:00:00+00:00,0.007336757145822048,0.007356186397373676,0.007334013003855944,0.007348078768700361,0.007348078768700361,0
2022-12-06 13:00:00+00:00,0.007348078768700361,0.007349158171564341,0.007330464199185371,0.007330948021262884,0.007330948021262884,0
2022-12-06 14:00:00+00:00,0.007331002037972212,0.007335680536925793,0.0073187691159546375,0.007324666250497103,0.007324666250497103,0
2022-12-06 15:00:00+00:00,0.007324558682739735,0.007327617611736059,0.007311331108212471,0.007317162584513426,0.007317162584513426,0
2022-12-06 16:00:00+00:00,0.007317162584513426,0.007337833754718304,0.007316466886550188,0.007316466886550188,0.007316466886550188,0
2022-12-06 17:00:00+00:00,0.007316680625081062,0.007319036405533552,0.0073059359565377235,0.007308499421924353,0.007308499421924353,0
2022-12-06 18:00:00+00:00,0.007308125030249357,0.007310476154088974,0.007297352887690067,0.0072975121438503265,0.0072975121438503265,0
2022-12-06 19:00:00+00:00,0.0072974590584635735,0.0073083387687802315,0.007295329123735428,0.007303641643375158,0.007303641643375158,0
2022-12-06 20:00:00+00:00,0.007303694728761911,0.0073072705417871475,0.007300922647118568,0.007301668170839548,0.007301668170839548,0
2022-12-06 21:00:00+00:00,0.007301668170839548,0.007304068189114332,0.007294850889593363,0.007296979892998934,0.007296979892998934,0
2022-12-06 22:00:00+00:00,0.0072979386895895,0.007304015103727579,0.007297140080481768,0.007300388999283314,0.007300388999283314,0
2022-12-06 23:00:00+00:00,0.007300335913896561,0.007308872416615486,0.00729889702051878,0.007305882405489683,0.007305882405489683,0
2022-12-07 00:00:00+00:00,0.007305402774363756,0.007312079891562462,0.00728390458971262,0.007291978225111961,0.007291978225111961,0
2022-12-07 01:00:00+00:00,0.007291924674063921,0.007305669132620096,0.0072799804620444775,0.007302628364413977,0.007302628364413977,0
2022-12-07 02:00:00+00:00,0.007302788086235523,0.007309407461434603,0.0072960746474564075,0.007298631127923727,0.007298631127923727,0
2022-12-07 03:00:00+00:00,0.007298417389392853,0.007299802731722593,0.00728576211258769,0.007292137481272221,0.007292137481272221,0
2022-12-07 04:00:00+00:00,0.007292084861546755,0.0072939456440508366,0.007272991817444563,0.00727791478857398,0.00727791478857398,0
2022-12-07 05:00:00+00:00,0.007277543656527996,0.007290754932910204,0.00727706728503108,0.007278761826455593,0.007278761826455593,0
2022-12-07 06:00:00+00:00,0.007278444245457649,0.007283851969987154,0.007253945805132389,0.007265488617122173,0.007265488617122173,0
2022-12-07 07:00:00+00:00,0.007265540771186352,0.0072843823581933975,0.007260213140398264,0.007276855409145355,0.007276855409145355,0
2022-12-07 08:00:00+00:00,0.007276801858097315,0.007282259874045849,0.007256419863551855,0.007275002542883158,0.007275002542883158,0
2022-12-07 09:00:00+00:00,0.007275002542883158,0.007278020493686199,0.007263746578246355,0.007266543805599213,0.007266543805599213,0
2022-12-07 10:00:00+00:00,0.007266543805599213,0.007280139718204737,0.007262691389769316,0.0072764321230351925,0.0072764321230351925,0
2022-12-07 11:00:00+00:00,0.0072764321230351925,0.00728279072791338,0.0072631132788956165,0.00726469699293375,0.00726469699293375,0
2022-12-07 12:00:00+00:00,0.007264590356498957,0.007292882539331913,0.007260424084961414,0.007289745379239321,0.007289745379239321,0
2022-12-07 13:00:00+00:00,0.007291287183761597,0.0073254709132015705,0.007286240346729755,0.0073197330348193645,0.0073197330348193645,0
2022-12-07 14:00:00+00:00,0.00731946574524045,0.0073329913429915905,0.007313576992601156,0.007316359784454107,0.007316359784454107,0
2022-12-07 15:00:00+00:00,0.007316359784454107,0.007332453038543463,0.007306362967938185,0.007315823808312416,0.007315823808312416,0
2022-12-07 16:00:00+00:00,0.007315823808312416,0.007326007355004549,0.007310101762413979,0.0073219845071434975,0.0073219845071434975,0
2022-12-07 17:00:00+00:00,0.007322198711335659,0.007339987903833389,0.007320590782910585,0.007334335707128048,0.007334335707128048,0
2022-12-07 18:00:00+00:00,0.007335142698138952,0.007342682685703039,0.007332937326282263,0.007333314046263695,0.007333314046263695,0
2022-12-07 19:00:00+00:00,0.007333367131650448,0.007340527139604092,0.0073321848176419735,0.007336972281336784,0.007336972281336784,0
2022-12-07 20:00:00+00:00,0.007337241433560848,0.007338372059166431,0.0073287454433739185,0.007329282816499472,0.007329282816499472,0
2022-12-07 21:00:00+00:00,0.007329282816499472,0.007331378757953644,0.0073197330348193645,0.00732193049043417,0.00732193049043417,0
2022-12-07 22:00:00+00:00,0.007321180310100317,0.007331485860049725,0.007317965850234032,0.007328906562179327,0.007328906562179327,0
2022-12-07 23:00:00+00:00,0.007328852545469999,0.007341065909713507,0.007326759397983551,0.007333044894039631,0.007333044894039631,0
2022-12-08 00:00:00+00:00,0.007332292385399342,0.0073394495993852615,0.007315235212445259,0.007318876218050718,0.007318876218050718,0
2022-12-08 01:00:00+00:00,0.007319036405533552,0.007323324680328369,0.00729708606377244,0.007306203246116638,0.007306203246116638,0
2022-12-08 02:00:00+00:00,0.007306203246116638,0.007315289229154587,0.007299109827727079,0.007300868630409241,0.007300868630409241,0
2022-12-08 03:00:00+00:00,0.007300816010683775,0.007313148584216833,0.007294637616723776,0.00730871269479394,0.00730871269479394,0
2022-12-08 04:00:00+00:00,0.007309941574931145,0.007309941574931145,0.007286134175956249,0.007302094716578722,0.007302094716578722,0
2022-12-08 05:00:00+00:00,0.007302094716578722,0.007304068189114332,0.007290382869541645,0.007294371724128723,0.007294371724128723,0
2022-12-08 06:00:00+00:00,0.007294584531337023,0.007320108357816935,0.007293626666069031,0.007313416339457035,0.007313416339457035,0
2022-12-08 07:00:00+00:00,0.007313844282180071,0.007323324680328369,0.007305669132620096,0.007314753718674183,0.007314753718674183,0
2022-12-08 08:00:00+00:00,0.00731470063328743,0.007316894829273224,0.007301028817892075,0.007312186527997255,0.007312186527997255,0
2022-12-08 09:00:00+00:00,0.007311972789466381,0.007313684094697237,0.00729107391089201,0.0073002297431230545,0.0073002297431230545,0
2022-12-08 10:00:00+00:00,0.007300601806491613,0.007309941574931145,0.007299802731722593,0.007305882405489683,0.007305882405489683,0
2022-12-08 11:00:00+00:00,0.00730577576905489,0.007313684094697237,0.007301668170839548,0.0073102619498968124,0.0073102619498968124,0
2022-12-08 12:00:00+00:00,0.007309941574931145,0.007319572847336531,0.007304868660867214,0.0073174298740923405,0.0073174298740923405,0
2022-12-08 13:00:00+00:00,0.007319036405533552,0.007337295915931463,0.007309834472835064,0.007320215459913015,0.007320215459913015,0
2022-12-08 14:00:00+00:00,0.0073197330348193645,0.007328154519200325,0.007310956716537476,0.007324612233787775,0.007324612233787775,0
2022-12-08 15:00:00+00:00,0.0073243435472249985,0.007337295915931463,0.007320750970393419,0.007325900252908468,0.007325900252908468,0
2022-12-08 16:00:00+00:00,0.007325631566345692,0.0073329913429915905,0.007318287156522274,0.00732853077352047,0.00732853077352047,0
2022-12-08 17:00:00+00:00,0.007328477222472429,0.007332453038543463,0.007322091609239578,0.007322681602090597,0.007322681602090597,0
2022-12-08 18:00:00+00:00,0.007322788704186678,0.007326007355004549,0.007318554446101189,0.007320376578718424,0.007320376578718424,0
2022-12-08 19:00:00+00:00,0.007320322562009096,0.007322251796722412,0.007312775123864412,0.007317001931369305,0.007317001931369305,0
2022-12-08 20:00:00+00:00,0.007316840812563896,0.007320108357816935,0.007314807269722223,0.007317055016756058,0.007317055016756058,0
2022-12-08 21:00:00+00:00,0.007316840812563896,0.007321716286242008,0.007314165588468313,0.007317751180380583,0.007317751180380583,0
2022-12-08 22:00:00+00:00,0.007317858748137951,0.007321180310100317,0.00731630576774478,0.007319625932723284,0.007319625932723284,0
2022-12-08 23:00:00+00:00,0.007318983320146799,0.0073265437968075275,0.007317483890801668,0.007319625932723284,0.007319625932723284,0
2022-12-09 00:00:00+00:00,0.007318662013858557,0.007321716286242008,0.007305669132620096,0.007318340241909027,0.007318340241909027,0
2022-12-09 01:00:00+00:00,0.007318180054426193,0.007352401036769152,0.007317055016756058,0.007347214501351118,0.007347214501351118,0
2022-12-09 02:00:00+00:00,0.0073473225347697735,0.007352401036769152,0.007333905436098576,0.0073462435975670815,0.0073462435975670815,0
2022-12-09 03:00:00+00:00,0.0073457579128444195,0.007367025129497051,0.007345649879425764,0.007359976880252361,0.007359976880252361,0
2022-12-09 04:00:00+00:00,0.0073604099452495575,0.007363228127360344,0.007350401021540165,0.007352238520979881,0.007352238520979881,0
2022-12-09 05:00:00+00:00,0.007352401036769152,0.007361059542745352,0.007343761622905731,0.007344354875385761,0.007344354875385761,0
2022-12-09 06:00:00+00:00,0.007344570476561785,0.007354563567787409,0.007342844735831022,0.007351643871515989,0.007351643871515989,0
2022-12-09 07:00:00+00:00,0.007351590320467949,0.007357269059866667,0.00733196921646595,0.007334066554903984,0.007334066554903984,0
2022-12-09 08:00:00+00:00,0.007333851419389248,0.007341604679822922,0.007328154519200325,0.00733917998149991,0.00733917998149991,0
2022-12-09 09:00:00+00:00,0.007339233998209238,0.007345919031649828,0.0073329913429915905,0.007341981865465641,0.007341981865465641,0
2022-12-09 10:00:00+00:00,0.007342143915593624,0.007355104200541973,0.0073417131789028645,0.007348726503551006,0.007348726503551006,0
2022-12-09 11:00:00+00:00,0.007348834071308374,0.007371369283646345,0.007344786077737808,0.007361005991697311,0.007361005991697311,0
2022-12-09 12:00:00+00:00,0.0073611680418252945,0.007368110585957766,0.007358189206570387,0.007363824639469385,0.007363824639469385,0
2022-12-09 13:00:00+00:00,0.007363986689597368,0.007375719025731087,0.007315930910408497,0.007349860388785601,0.007349860388785601,0
2022-12-09 14:00:00+00:00,0.007349860388785601,0.0073540229350328445,0.007327832281589508,0.0073329913429915905,0.0073329913429915905,0
2022-12-09 15:00:00+00:00,0.007333098910748959,0.007351157255470753,0.007304015103727579,0.007320912089198828,0.007320912089198828,0
2022-12-09 16:00:00+00:00,0.0073209661059081554,0.007341604679822922,0.007319197524338961,0.00733116315677762,0.00733116315677762,0
2022-12-09 17:00:00+00:00,0.007331002037972212,0.0073362188413739204,0.007325309794396162,0.007327886298298836,0.007327886298298836,0
2022-12-09 18:00:00+00:00,0.007328046951442957,0.007335680536925793,0.007325416896492243,0.007330357097089291,0.007330357097089291,0
2022-12-09 19:00:00+00:00,0.007330357097089291,0.007334066554903984,0.007325416896492243,0.00732740294188261,0.00732740294188261,0
2022-12-09 20:00:00+00:00,0.007327348925173283,0.00733030354604125,0.007315502967685461,0.007315930910408497,0.007315930910408497,0
2022-12-09 21:00:00+00:00,0.007315877825021744,0.007325953338295221,0.007314486429095268,0.007321823388338089,0.007321823388338089,0
2022-12-12 00:00:00+00:00,0.007314861286431551,0.0073174298740923405,0.00730550941079855,0.007309674751013517,0.007309674751013517,0
2022-12-12 01:00:00+00:00,0.007309834472835064,0.007313684094697237,0.007294159382581711,0.007307056803256273,0.007307056803256273,0
2022-12-12 02:00:00+00:00,0.007307056803256273,0.007312079891562462,0.007300549186766148,0.007304868660867214,0.007304868660867214,0
2022-12-12 03:00:00+00:00,0.007304868660867214,0.007312079891562462,0.007303374819457531,0.007308606058359146,0.007308606058359146,0
2022-12-12 04:00:00+00:00,0.00730871269479394,0.007311544846743345,0.007301508914679289,0.0073030018247663975,0.0073030018247663975,0
2022-12-12 05:00:00+00:00,0.007302948273718357,0.007304068189114332,0.0072920313104987144,0.007300335913896561,0.007300335913896561,0
2022-12-12 06:00:00+00:00,0.007299216464161873,0.007309407461434603,0.007293732836842537,0.007306203246116638,0.007306203246116638,0
2022-12-12 07:00:00+00:00,0.007306309882551432,0.007319036405533552,0.007303694728761911,0.007315930910408497,0.007315930910408497,0
2022-12-12 08:00:00+00:00,0.007315717171877623,0.007317965850234032,0.007300816010683775,0.007306736893951893,0.007306736893951893,0
2022-12-12 09:00:00+00:00,0.007306576240807772,0.007319572847336531,0.007302308455109596,0.0073180729523301125,0.0073180729523301125,0
2022-12-12 10:00:00+00:00,0.0073180729523301125,0.007321180310100317,0.007310529239475727,0.007315717171877623,0.007315717171877623,0
2022-12-12 11:00:00+00:00,0.007315770722925663,0.007318501360714436,0.007308499421924353,0.007309087086468935,0.007309087086468935,0
2022-12-12 12:00:00+00:00,0.0073091937229037285,0.007312614470720291,0.007294265553355217,0.007295382674783468,0.007295382674783468,0
2022-12-12 13:00:00+00:00,0.007295169867575169,0.007302468176931143,0.007285602856427431,0.007298524025827646,0.007298524025827646,0
2022-12-12 14:00:00+00:00,0.007298524025827646,0.007305669132620096,0.007289692759513855,0.0072900112718343735,0.0072900112718343735,0
2022-12-12 15:00:00+00:00,0.007290330249816179,0.0072960746474564075,0.007275796495378017,0.007277808152139187,0.007277808152139187,0
2022-12-12 16:00:00+00:00,0.007277967408299446,0.007283321116119623,0.00726522458717227,0.00727399718016386,0.00727399718016386,0
2022-12-12 17:00:00+00:00,0.007274367846548557,0.007278549950569868,0.007262955419719219,0.0072697666473686695,0.0072697666473686695,0
2022-12-12 18:00:00+00:00,0.007269449532032013,0.007273255847394466,0.007257578428834677,0.00725979171693325,0.00725979171693325,0
2022-12-12 19:00:00+00:00,0.00725979171693325,0.007262164261192083,0.007254261523485184,0.007258737925440073,0.007258737925440073,0
2022-12-12 20:00:00+00:00,0.007258579134941101,0.007265329826623201,0.007256631273776293,0.007261109538376331,0.007261109538376331,0
2022-12-12 21:00:00+00:00,0.007261162623763084,0.007267441600561142,0.007260477170348167,0.007264432962983847,0.007264432962983847,0
2022-12-12 22:00:00+00:00,0.007264327257871628,0.007278549950569868,0.007261636201292276,0.007271035108715296,0.007271035108715296,0
2022-12-12 23:00:00+00:00,0.007270876318216324,0.007275373209267855,0.007265118882060051,0.007273255847394466,0.007273255847394466,0
2022-12-13 00:00:00+00:00,0.007272250950336456,0.0072748432867228985,0.007251894101500511,0.007258368656039238,0.007258368656039238,0
2022-12-13 01:00:00+00:00,0.007258106023073196,0.007269555237144232,0.007254735566675663,0.007264432962983847,0.007264432962983847,0
2022-12-13 02:00:00+00:00,0.007264379411935806,0.007270083297044039,0.007257894612848759,0.007265857420861721,0.007265857420861721,0
2022-12-13 03:00:00+00:00,0.007265488617122173,0.007270612753927708,0.007260582409799099,0.007261109538376331,0.007261109538376331,0
2022-12-13 04:00:00+00:00,0.0072613731026649475,0.007265329826623201,0.007247900124639273,0.007263219449669123,0.007263219449669123,0
2022-12-13 05:00:00+00:00,0.007263219449669123,0.007272727321833372,0.007260107900947332,0.007269502151757479,0.007269502151757479,0
2022-12-13 06:00:00+00:00,0.007269502151757479,0.007274314295500517,0.007264749146997929,0.007266332861036062,0.007266332861036062,0
2022-12-13 07:00:00+00:00,0.0072662802413105965,0.007283321116119623,0.007261636201292276,0.007277384866029024,0.007277384866029024,0
2022-12-13 08:00:00+00:00,0.007277490571141243,0.007281729951500893,0.00726190023124218,0.007265118882060051,0.007265118882060051,0
2022-12-13 09:00:00+00:00,0.00726543553173542,0.007271140813827515,0.0072583165019750595,0.007263430394232273,0.007263430394232273,0
2022-12-13 10:00:00+00:00,0.00726358825340867,0.007270612753927708,0.007255103904753923,0.007266754750162363,0.007266754750162363,0
2022-12-13 11:00:00+00:00,0.007266702596098185,0.007273785304278135,0.007265593856573105,0.0072697666473686695,0.0072697666473686695,0
2022-12-13 12:00:00+00:00,0.007269713096320629,0.007287036627531052,0.007269185036420822,0.007282207254320383,0.007282207254320383,0
2022-12-13 13:00:00+00:00,0.007282313425093889,0.007411799859255552,0.007276749704033136,0.007398912217468023,0.007398912217468023,0
2022-12-13 14:00:00+00:00,0.007399240508675575,0.007427764590829611,0.007393551059067249,0.0074082305654883385,0.0074082305654883385,0
2022-12-13 15:00:00+00:00,0.0074081760831177235,0.0074128988198935986,0.0073870522901415825,0.007396996486932039,0.007396996486932039,0
2022-12-13 16:00:00+00:00,0.0073969424702227116,0.007413447834551334,0.007392949890345335,0.007399459835141897,0.007399459835141897,0
2022-12-13 17:00:00+00:00,0.0073998430743813515,0.007404116913676262,0.007389016915112734,0.0073899454437196255,0.0073899454437196255,0
2022-12-13 18:00:00+00:00,0.007389672100543976,0.007393715437501669,0.0073747942224144936,0.007376916240900755,0.007376916240900755,0
2022-12-13 19:00:00+00:00,0.007376970257610083,0.0073866150341928005,0.007375446613878012,0.0073814354836940765,0.0073814354836940765,0
2022-12-13 20:00:00+00:00,0.0073813265189528465,0.007384433876723051,0.007372184656560421,0.007372184656560421,0.007372184656560421,0
2022-12-13 21:00:00+00:00,0.007372456602752209,0.007378440350294113,0.007372130639851093,0.007376861292868853,0.007376861292868853,0
2022-12-13 22:00:00+00:00,0.007375175133347511,0.007384924683719873,0.007372456602752209,0.007383397780358791,0.007383397780358791,0
2022-12-13 23:00:00+00:00,0.007383342832326889,0.0073853605426847935,0.007367405109107494,0.007375719025731087,0.007375719025731087,0
2022-12-14 00:00:00+00:00,0.007375882472842932,0.007390982937067747,0.007369630970060825,0.007386452052742243,0.007386452052742243,0
2022-12-14 01:00:00+00:00,0.0073866150341928005,0.007392294239252806,0.007370609324425459,0.007375665009021759,0.007375665009021759,0
2022-12-14 02:00:00+00:00,0.007375556509941816,0.0073866150341928005,0.007371315732598305,0.007378984242677689,0.007378984242677689,0
2022-12-14 03:00:00+00:00,0.007379692513495684,0.007385524921119213,0.007376698777079582,0.007379638496786356,0.007379638496786356,0
2022-12-14 04:00:00+00:00,0.007379311136901379,0.007382252719253302,0.007373706437647343,0.007377025205641985,0.007377025205641985,0
2022-12-14 05:00:00+00:00,0.007377025205641985,0.007388798985630274,0.007376262918114662,0.007384052034467459,0.007384052034467459,0
2022-12-14 06:00:00+00:00,0.007384160999208689,0.007392075844109058,0.007380237337201834,0.00738677941262722,0.00738677941262722,0
2022-12-14 07:00:00+00:00,0.007386724464595318,0.007395355496555567,0.00737664382904768,0.0073813265189528465,0.0073813265189528465,0
2022-12-14 08:00:00+00:00,0.0073813265189528465,0.0073975445702672005,0.007374522276222706,0.007390710059553385,0.007390710059553385,0
2022-12-14 09:00:00+00:00,0.0073906551115214825,0.007404664997011423,0.007386343088001013,0.007396175991743803,0.007396175991743803,0
2022-12-14 10:00:00+00:00,0.007396012544631958,0.00743483379483223,0.007395519874989986,0.007423133123666048,0.007423133123666048,0
2022-12-14 11:00:00+00:00,0.007422802969813347,0.0074272132478654385,0.007406419608741999,0.0074104261584579945,0.0074104261584579945,0
2022-12-14 12:00:00+00:00,0.00741031626239419,0.007412348873913288,0.007400007918477058,0.0074067492969334126,0.0074067492969334126,0
2022-12-14 13:00:00+00:00,0.007406913675367832,0.00741674704477191,0.007402198389172554,0.007409547921270132,0.007409547921270132,0
2022-12-14 14:00:00+00:00,0.007409713231027126,0.007418397348374128,0.007400007918477058,0.007410975638777018,0.007410975638777018,0
2022-12-14 15:00:00+00:00,0.0074113053269684315,0.007422802969813347,0.00740844989195466,0.007415316998958588,0.007415316998958588,0
2022-12-14 16:00:00+00:00,0.007415482308715582,0.007422252092510462,0.007409163750708103,0.007409657817333937,0.007409657817333937,0
2022-12-14 17:00:00+00:00,0.007409767713397741,0.0074156466871500015,0.007402033545076847,0.007402691524475813,0.007402691524475813,0
2022-12-14 18:00:00+00:00,0.007403020281344652,0.007434059400111437,0.007402363233268261,0.007418123073875904,0.007418123073875904,0
2022-12-14 19:00:00+00:00,0.00741911306977272,0.007422252092510462,0.00735337333753705,0.007385524921119213,0.007385524921119213,0
2022-12-14 20:00:00+00:00,0.007385469973087311,0.007419498637318611,0.0073812175542116165,0.007393169216811657,0.007393169216811657,0
2022-12-14 21:00:00+00:00,0.007393113803118467,0.00739644980058074,0.007380346301943064,0.007382634561508894,0.007382634561508894,0
2022-12-14 22:00:00+00:00,0.007382198702543974,0.0073895626701414585,0.0073808906599879265,0.007385305594652891,0.007385305594652891,0
2022-12-14 23:00:00+00:00,0.007384542841464281,0.007395902182906866,0.007381163537502289,0.0073878709226846695,0.0073878709226846695,0
2022-12-15 00:00:00+00:00,0.00738759757950902,0.007390982937067747,0.0073781139217317104,0.0073885805904865265,0.0073885805904865265,0
2022-12-15 01:00:00+00:00,0.0073886895552277565,0.007393169216811657,0.0073815989308059216,0.007383560761809349,0.007383560761809349,0
2022-12-15 02:00:00+00:00,0.007383451797068119,0.007384978700429201,0.007373380474746227,0.007378276437520981,0.007378276437520981,0
2022-12-15 03:00:00+00:00,0.007378331385552883,0.0073817078955471516,0.007375284098088741,0.007377406116575003,0.007377406116575003,0
2022-12-15 04:00:00+00:00,0.007377515081316233,0.0073806182481348515,0.0073658316396176815,0.007368110585957766,0.007368110585957766,0
2022-12-15 05:00:00+00:00,0.007368002086877823,0.007380073890089989,0.007359326351433992,0.007375066634267569,0.007375066634267569,0
2022-12-15 06:00:00+00:00,0.007375011686235666,0.007378984242677689,0.007368871476501226,0.007373217027634382,0.007373217027634382,0
2022-12-15 07:00:00+00:00,0.007373000029474497,0.007373543921858072,0.00735851377248764,0.007360246963799,0.007360246963799,0
2022-12-15 08:00:00+00:00,0.007360734511166811,0.0073691969737410545,0.007326973602175713,0.00732853077352047,0.00732853077352047,0
2022-12-15 09:00:00+00:00,0.007328691892325878,0.00733030354604125,0.007310529239475727,0.007322520483285189,0.007322520483285189,0
2022-12-15 10:00:00+00:00,0.007322788704186678,0.007324397563934326,0.007309246808290482,0.007311598397791386,0.007311598397791386,0
2022-12-15 11:00:00+00:00,0.007311651483178139,0.0073265437968075275,0.0073032681830227375,0.007324880454689264,0.007324880454689264,0
2022-12-15 12:00:00+00:00,0.0073247733525931835,0.007331378757953644,0.007313684094697237,0.007325416896492243,0.007325416896492243,0
2022-12-15 13:00:00+00:00,0.00732536381110549,0.007333528716117144,0.007310742978006601,0.007331055589020252,0.007331055589020252,0
2022-12-15 14:00:00+00:00,0.00733116315677762,0.007344840560108423,0.007308926433324814,0.007311063352972269,0.007311063352972269,0
2022-12-15 15:00:00+00:00,0.007311010267585516,0.007314753718674183,0.007263693492859602,0.007267230190336704,0.007267230190336704,0
2022-12-15 16:00:00+00:00,0.007267019245773554,0.007275902200490236,0.0072503169067204,0.007250895258039236,0.007250895258039236,0
2022-12-15 17:00:00+00:00,0.007251105736941099,0.007256893906742334,0.00723955687135458,0.007241391576826572,0.007241391576826572,0
2022-12-15 18:00:00+00:00,0.007241391576826572,0.007260582409799099,0.007237199228256941,0.0072551569901406765,0.0072551569901406765,0
2022-12-15 19:00:00+00:00,0.007254998665302992,0.007263746578246355,0.007253998890519142,0.007259528152644634,0.007259528152644634,0
2022-12-15 20:00:00+00:00,0.007259106729179621,0.007267441600561142,0.007257789373397827,0.00726469699293375,0.00726469699293375,0
2022-12-15 21:00:00+00:00,0.007264643907546997,0.007266913540661335,0.0072532095946371555,0.007258526980876923,0.007258526980876923,0
2022-12-15 22:00:00+00:00,0.0072584738954901695,0.007262691389769316,0.007252209819853306,0.00725979171693325,0.00725979171693325,0
2022-12-15 23:00:00+00:00,0.007259317673742771,0.007261109538376331,0.0072571043856441975,0.00725979171693325,0.00725979171693325,0
2022-12-16 00:00:00+00:00,0.007259844336658716,0.007275373209267855,0.007257473189383745,0.007269660942256451,0.007269660942256451,0
2022-12-16 01:00:00+00:00,0.0072697666473686695,0.007284912746399641,0.007268868386745453,0.007281146943569183,0.007281146943569183,0
2022-12-16 02:00:00+00:00,0.007281040772795677,0.0073030018247663975,0.007278656121343374,0.007290170527994633,0.007290170527994633,0
2022-12-16 03:00:00+00:00,0.007289745379239321,0.007294478360563517,0.007278656121343374,0.00728279072791338,0.00728279072791338,0
2022-12-16 04:00:00+00:00,0.007282578852027655,0.007292882539331913,0.007277490571141243,0.007290754932910204,0.007290754932910204,0
2022-12-16 05:00:00+00:00,0.007290915120393038,0.00729235028848052,0.007278761826455593,0.007280722726136446,0.007280722726136446,0
2022-12-16 06:00:00+00:00,0.007281146943569183,0.007293413858860731,0.007278656121343374,0.007285284344106913,0.007285284344106913,0
2022-12-16 07:00:00+00:00,0.007285230793058872,0.007291818503290415,0.0072797685861587524,0.00728825805708766,0.00728825805708766,0
2022-12-16 08:00:00+00:00,0.007289479486644268,0.007309941574931145,0.007286718115210533,0.007305402774363756,0.007305402774363756,0
2022-12-16 09:00:00+00:00,0.007305455394089222,0.007306736893951893,0.007284276187419891,0.007289426866918802,0.007289426866918802,0
2022-12-16 10:00:00+00:00,0.007289692759513855,0.007298204582184553,0.007286770734935999,0.007292616181075573,0.007292616181075573,0
2022-12-16 11:00:00+00:00,0.007292616181075573,0.007303535006940365,0.0072911810129880905,0.00729788513854146,0.00729788513854146,0
2022-12-16 12:00:00+00:00,0.007298045326024294,0.0073019349947571754,0.007287992164492607,0.0072968197055161,0.0072968197055161,0
2022-12-16 13:00:00+00:00,0.0072970325127244,0.0073019349947571754,0.007290915120393038,0.00729708606377244,0.00729708606377244,0
2022-12-16 14:00:00+00:00,0.007297565694898367,0.0073174298740923405,0.007280351594090462,0.007312239613384008,0.007312239613384008,0
2022-12-16 15:00:00+00:00,0.007312239613384008,0.007324934005737305,0.007298524025827646,0.007318822201341391,0.007318822201341391,0
2022-12-16 16:00:00+00:00,0.007319036405533552,0.0073329913429915905,0.007315075024962425,0.007323271594941616,0.007323271594941616,0
2022-12-16 17:00:00+00:00,0.007323217578232288,0.00733191566541791,0.007320269476622343,0.007329981308430433,0.007329981308430433,0
2022-12-16 18:00:00+00:00,0.007329981308430433,0.007338911294937134,0.007325523998588324,0.007331055589020252,0.007331055589020252,0
2022-12-16 19:00:00+00:00,0.007331055589020252,0.007334066554903984,0.007322412915527821,0.007323324680328369,0.007323324680328369,0
2022-12-16 20:00:00+00:00,0.007323324680328369,0.007329766638576984,0.007315448950976133,0.007315930910408497,0.007315930910408497,0
2022-12-16 21:00:00+00:00,0.007315823808312416,0.007322788704186678,0.007312186527997255,0.007315448950976133,0.007315448950976133,0
2022-12-19 00:00:00+00:00,0.0073223598301410675,0.007360517978668213,0.007320859003812075,0.0073485104367136955,0.0073485104367136955,0
2022-12-19 01:00:00+00:00,0.007348347920924425,0.00736377015709877,0.00734527176246047,0.007360138930380344,0.007360138930380344,0
2022-12-19 02:00:00+00:00,0.007360030431300402,0.007367025129497051,0.00733664957806468,0.007337241433560848,0.007337241433560848,0
2022-12-19 03:00:00+00:00,0.00733713386580348,0.007345379795879126,0.007333958987146616,0.007338695228099823,0.007338695228099823,0
2022-12-19 04:00:00+00:00,0.007339018862694502,0.0073518599383533,0.007338695228099823,0.007345433346927166,0.007345433346927166,0
2022-12-19 05:00:00+00:00,0.007345325313508511,0.007348078768700361,0.007339072413742542,0.007342952769249678,0.007342952769249678,0
2022-12-19 06:00:00+00:00,0.007343222387135029,0.007356727961450815,0.007342359516769648,0.007349320687353611,0.007349320687353611,0
2022-12-19 07:00:00+00:00,0.007349428255110979,0.007364855147898197,0.007349374704062939,0.007361331023275852,0.007361331023275852,0
2022-12-19 08:00:00+00:00,0.007360843010246754,0.007367568090558052,0.007348834071308374,0.007359868381172419,0.007359868381172419,0
2022-12-19 09:00:00+00:00,0.0073604099452495575,0.007361059542745352,0.007343977224081755,0.007346782833337784,0.007346782833337784,0
2022-12-19 10:00:00+00:00,0.0073461346328258514,0.007355104200541973,0.007343707140535116,0.007346998900175095,0.007346998900175095,0
2022-12-19 11:00:00+00:00,0.007347106467932463,0.007348078768700361,0.007333636283874512,0.007335572969168425,0.007335572969168425,0
2022-12-19 12:00:00+00:00,0.00733573455363512,0.007338372059166431,0.007322574499994516,0.007333206478506327,0.007333206478506327,0
2022-12-19 13:00:00+00:00,0.007332829758524895,0.007335142698138952,0.007314807269722223,0.007317162584513426,0.007317162584513426,0
2022-12-19 14:00:00+00:00,0.007316947914659977,0.007324934005737305,0.007310101762413979,0.007318447344005108,0.007318447344005108,0
2022-12-19 15:00:00+00:00,0.007318394258618355,0.0073265437968075275,0.0072987377643585205,0.007300495635718107,0.007300495635718107,0
2022-12-19 16:00:00+00:00,0.007300601806491613,0.007308872416615486,0.007290702313184738,0.0073059359565377235,0.0073059359565377235,0
2022-12-19 17:00:00+00:00,0.007305722683668137,0.007315823808312416,0.0073030018247663975,0.007311865221709013,0.007311865221709013,0
2022-12-19 18:00:00+00:00,0.007311865221709013,0.007315289229154587,0.0073059359565377235,0.0073072705417871475,0.0073072705417871475,0
2022-12-19 19:00:00+00:00,0.007306790444999933,0.007308872416615486,0.007299589458853006,0.007300388999283314,0.007300388999283314,0
2022-12-19 20:00:00+00:00,0.007300975266844034,0.007306203246116638,0.0072965542785823345,0.00729916337877512,0.00729916337877512,0
2022-12-19 21:00:00+00:00,0.00729895057156682,0.007306309882551432,0.007297299336642027,0.007304602302610874,0.007304602302610874,0
2022-12-19 22:00:00+00:00,0.007304495666176081,0.00731732277199626,0.007304068189114332,0.007305669132620096,0.007305669132620096,0
2022-12-19 23:00:00+00:00,0.007306203246116638,0.007311544846743345,0.007299376651644707,0.007300868630409241,0.007300868630409241,0
2022-12-20 00:00:00+00:00,0.007301081903278828,0.0073019349947571754,0.007280457764863968,0.007282207254320383,0.007282207254320383,0
2022-12-20 01:00:00+00:00,0.00728215416893363,0.0072891609743237495,0.007274155039340258,0.007284806575626135,0.007284806575626135,0
2022-12-20 02:00:00+00:00,0.007285018917173147,0.007298204582184553,0.007280034013092518,0.007291393354535103,0.007291393354535103,0
2022-12-20 03:00:00+00:00,0.007291658781468868,0.007514277007430792,0.007277278695255518,0.007493836805224419,0.007493836805224419,0
2022-12-20 04:00:00+00:00,0.007494285702705383,0.00751438969746232,0.007485590409487486,0.0075004687532782555,0.0075004687532782555,0
2022-12-20 05:00:00+00:00,0.007500412408262491,0.0075234356336295605,0.0074952407740056515,0.0075234356336295605,0.0075234356336295605,0
2022-12-20 06:00:00+00:00,0.007522134110331535,0.007538692094385624,0.007479543332010508,0.007499062456190586,0.007499062456190586,0
2022-12-20 07:00:00+00:00,0.007499231491237879,0.007561436854302883,0.007497657090425491,0.007541876286268234,0.007541876286268234,0
2022-12-20 08:00:00+00:00,0.007541989907622337,0.007571741938591003,0.007538407575339079,0.0075624664314091206,0.0075624664314091206,0
2022-12-20 09:00:00+00:00,0.007562522776424885,0.007577479816973209,0.007557150907814503,0.0075723156332969666,0.0075723156332969666,0
2022-12-20 10:00:00+00:00,0.007572888862341642,0.007573463022708893,0.007541989907622337,0.0075523569248616695,0.0075523569248616695,0
2022-12-20 11:00:00+00:00,0.007552299648523331,0.007560293190181255,0.007549392059445381,0.007550018839538097,0.007550018839538097,0
2022-12-20 12:00:00+00:00,0.007549505680799484,0.007550930604338646,0.0075242845341563225,0.007536078337579966,0.007536078337579966,0
2022-12-20 13:00:00+00:00,0.007536192890256643,0.007567158900201321,0.007524681277573109,0.007564982865005732,0.007564982865005732,0
2022-12-20 14:00:00+00:00,0.007564639672636986,0.007566585671156645,0.007545062806457281,0.0075591509230434895,0.0075591509230434895,0
2022-12-20 15:00:00+00:00,0.0075591509230434895,0.007614406291395426,0.00755795044824481,0.007611335255205631,0.007611335255205631,0
2022-12-20 16:00:00+00:00,0.007611914072185755,0.007635336369276047,0.007601210381835699,0.007629801984876394,0.007629801984876394,0
2022-12-20 17:00:00+00:00,0.007629918400198221,0.007659900467842817,0.0076156239956617355,0.0076246242970228195,0.0076246242970228195,0
2022-12-20 18:00:00+00:00,0.00762479892000556,0.007627764716744423,0.007603869307786226,0.007605372928082943,0.007605372928082943,0
2022-12-20 19:00:00+00:00,0.007605603896081448,0.007610350381582975,0.007598495576530695,0.0076040420681238174,0.0076040420681238174,0
2022-12-20 20:00:00+00:00,0.0076036956161260605,0.007605719845741987,0.007585526909679174,0.007590132765471935,0.007590132765471935,0
2022-12-20 21:00:00+00:00,0.007590478286147118,0.007599361706525087,0.007588980719447136,0.007591285277158022,0.007591285277158022,0
2022-12-20 22:00:00+00:00,0.007591400761157274,0.007603926584124565,0.007584951817989349,0.007589557208120823,0.007589557208120823,0
2022-12-20 23:00:00+00:00,0.007590593304485083,0.007593936752527952,0.007575699593871832,0.007581960875540972,0.007581960875540972,0
2022-12-21 00:00:00+00:00,0.007582305930554867,0.007605719845741987,0.007580007426440716,0.007600343786180019,0.007600343786180019,0
2022-12-21 01:00:00+00:00,0.007600401062518358,0.007605140563100576,0.007557665463536978,0.007567731197923422,0.007567731197923422,0
2022-12-21 02:00:00+00:00,0.007566184736788273,0.007581501267850399,0.007558921352028847,0.007575184106826782,0.007575184106826782,0
2022-12-21 03:00:00+00:00,0.00757529865950346,0.0075803520157933235,0.007566127926111221,0.007572201080620289,0.007572201080620289,0
2022-12-21 04:00:00+00:00,0.007571857422590256,0.0075746094807982445,0.007559607736766338,0.00756429648026824,0.00756429648026824,0
2022-12-21 05:00:00+00:00,0.007564010564237833,0.007568877190351486,0.0075543541461229324,0.00756544154137373,0.00756544154137373,0
2022-12-21 06:00:00+00:00,0.007565326057374477,0.007575184106826782,0.0075616086833179,0.0075651551596820354,0.0075651551596820354,0
2022-12-21 07:00:00+00:00,0.007565326057374477,0.007593014743179083,0.007563380990177393,0.007588231936097145,0.007588231936097145,0
2022-12-21 08:00:00+00:00,0.007588289678096771,0.007603405974805355,0.007582593709230423,0.007600459270179272,0.007600459270179272,0
2022-12-21 09:00:00+00:00,0.007600690238177776,0.007603405974805355,0.007589210756123066,0.007595148403197527,0.007595148403197527,0
2022-12-21 10:00:00+00:00,0.0075949751771986485,0.0076028285548090935,0.007583801168948412,0.007584951817989349,0.007584951817989349,0
2022-12-21 11:00:00+00:00,0.007584951817989349,0.007591861300170422,0.00757782394066453,0.007585181854665279,0.007585181854665279,0
2022-12-21 12:00:00+00:00,0.007585181854665279,0.007590132765471935,0.007573405280709267,0.00758437579497695,0.00758437579497695,0
2022-12-21 13:00:00+00:00,0.00758414575830102,0.007592437323182821,0.007555780466645956,0.007559435907751322,0.007559435907751322,0
2022-12-21 14:00:00+00:00,0.007559321820735931,0.007570595946162939,0.0075454614125192165,0.007562180049717426,0.007562180049717426,0
2022-12-21 15:00:00+00:00,0.007562180049717426,0.007588980719447136,0.007553212344646454,0.007577479816973209,0.007577479816973209,0
2022-12-21 16:00:00+00:00,0.007577250245958567,0.007582075893878937,0.007550988346338272,0.007554980926215649,0.007554980926215649,0
2022-12-21 17:00:00+00:00,0.007554924581199884,0.007561436854302883,0.007546884939074516,0.007556351367384195,0.007556351367384195,0
2022-12-21 18:00:00+00:00,0.007556294556707144,0.007564868777990341,0.007554752752184868,0.007562294136732817,0.007562294136732817,0
2022-12-21 19:00:00+00:00,0.007562180049717426,0.007572888862341642,0.007557607721537352,0.007567731197923422,0.007567731197923422,0
2022-12-21 20:00:00+00:00,0.007566242478787899,0.007567158900201321,0.007555666379630566,0.007556066382676363,0.007556066382676363,0
2022-12-21 21:00:00+00:00,0.007556008640676737,0.007559721823781729,0.007548309396952391,0.007549448404461145,0.007549448404461145,0
2022-12-21 22:00:00+00:00,0.007551387418061495,0.007559721823781729,0.007548195309937,0.007556694559752941,0.007556694559752941,0
2022-12-21 23:00:00+00:00,0.007559035439044237,0.00756200822070241,0.007552699185907841,0.007554468233138323,0.007554468233138323,0
2022-12-22 00:00:00+00:00,0.007553269155323505,0.0075746094807982445,0.007549334783107042,0.007572430185973644,0.007572430185973644,0
2022-12-22 01:00:00+00:00,0.007572372443974018,0.007588980719447136,0.007567731197923422,0.007581960875540972,0.007581960875540972,0
2022-12-22 02:00:00+00:00,0.007582075893878937,0.007598206866532564,0.007576847914606333,0.007588980719447136,0.007588980719447136,0
2022-12-22 03:00:00+00:00,0.007588865235447884,0.007596475072205067,0.007586678024381399,0.007590708788484335,0.007590708788484335,0
2022-12-22 04:00:00+00:00,0.007590363267809153,0.007591861300170422,0.007578226272016764,0.007589557208120823,0.007589557208120823,0
2022-12-22 05:00:00+00:00,0.0075896140187978745,0.007594744674861431,0.007578226272016764,0.007580179255455732,0.007580179255455732,0
2022-12-22 06:00:00+00:00,0.007579949218779802,0.007591861300170422,0.007578399032354355,0.007582823280245066,0.007582823280245066,0
2022-12-22 07:00:00+00:00,0.007582823280245066,0.0075884051620960236,0.007572602946311235,0.007578800432384014,0.007578800432384014,0
2022-12-22 08:00:00+00:00,0.007578743156045675,0.0075861020013689995,0.007569621782749891,0.007575126364827156,0.007575126364827156,0
2022-12-22 09:00:00+00:00,0.00757529865950346,0.007582075893878937,0.007572888862341642,0.007576791103929281,0.007576791103929281,0
2022-12-22 10:00:00+00:00,0.007576791103929281,0.007579777389764786,0.007570939604192972,0.0075723156332969666,0.0075723156332969666,0
2022-12-22 11:00:00+00:00,0.007572430185973644,0.007575757801532745,0.00756481196731329,0.007569678593426943,0.007569678593426943,0
2022-12-22 12:00:00+00:00,0.007569678593426943,0.007574036251753569,0.007567273452877998,0.007571111898869276,0.007571111898869276,0
2022-12-22 13:00:00+00:00,0.007570939604192972,0.0075826505199074745,0.007546884939074516,0.0075546386651694775,0.0075546386651694775,0
2022-12-22 14:00:00+00:00,0.007554810494184494,0.007563152350485325,0.007534545846283436,0.007556922733783722,0.007556922733783722,0
2022-12-22 15:00:00+00:00,0.007557779550552368,0.007567731197923422,0.007551444228738546,0.007560921832919121,0.007560921832919121,0
2022-12-22 16:00:00+00:00,0.007560635916888714,0.007567158900201321,0.007552128750830889,0.007556579541414976,0.007556579541414976,0
2022-12-22 17:00:00+00:00,0.007556351367384195,0.007559721823781729,0.007547340821474791,0.007552699185907841,0.007552699185907841,0
2022-12-22 18:00:00+00:00,0.007552641443908215,0.007557435892522335,0.007548479828983545,0.0075519573874771595,0.0075519573874771595,0
2022-12-22 19:00:00+00:00,0.00755178602412343,0.007554010953754187,0.007546828128397465,0.00755218556150794,0.00755218556150794,0
2022-12-22 20:00:00+00:00,0.007552128750830889,0.007562580518424511,0.007547853048890829,0.007554524578154087,0.007554524578154087,0
2022-12-22 21:00:00+00:00,0.007554468233138323,0.0075608654879033566,0.007552812807261944,0.007558464538305998,0.007558464538305998,0
2022-12-22 22:00:00+00:00,0.007558464538305998,0.007559607736766338,0.007550018839538097,0.007554010953754187,0.007554010953754187,0
2022-12-22 23:00:00+00:00,0.0075553241185843945,0.007568418048322201,0.007550303358584642,0.0075546386651694775,0.0075546386651694775,0
2022-12-23 00:00:00+00:00,0.007554010953754187,0.0075608654879033566,0.0075334105640649796,0.007542502135038376,0.007542502135038376,0
2022-12-23 01:00:00+00:00,0.007542274426668882,0.007547169923782349,0.007529383059591055,0.00753863574936986,0.00753863574936986,0
2022-12-23 02:00:00+00:00,0.007538522128015757,0.007540909573435783,0.007532843388617039,0.007538407575339079,0.007538407575339079,0
2022-12-23 03:00:00+00:00,0.007538238074630499,0.007544322870671749,0.007534716743975878,0.007538010831922293,0.007538010831922293,0
2022-12-23 04:00:00+00:00,0.007538124453276396,0.007543184328824282,0.007533865049481392,0.007535851560533047,0.007535851560533047,0
2022-12-23 05:00:00+00:00,0.0075374990701675415,0.007544322870671749,0.007532332558184862,0.007535511162132025,0.007535511162132025,0
2022-12-23 06:00:00+00:00,0.007535681594163179,0.007542615756392479,0.007534488569945097,0.0075373281724750996,0.0075373281724750996,0
2022-12-23 07:00:00+00:00,0.007537726312875748,0.007552299648523331,0.007536931429058313,0.0075460877269506454,0.0075460877269506454,0
2022-12-23 08:00:00+00:00,0.0075460877269506454,0.007548309396952391,0.007532729767262936,0.007541194092482328,0.007541194092482328,0
2022-12-23 09:00:00+00:00,0.007541364058852196,0.007543753832578659,0.007534319069236517,0.007541989907622337,0.007541989907622337,0
2022-12-23 10:00:00+00:00,0.007542047183960676,0.007544322870671749,0.0075371586717665195,0.007540909573435783,0.007540909573435783,0
2022-12-23 11:00:00+00:00,0.007540853228420019,0.007543753832578659,0.0075317081063985825,0.007535283919423819,0.007535283919423819,0
2022-12-23 12:00:00+00:00,0.0075353411957621574,0.007539203856140375,0.007530970964580774,0.0075365337543189526,0.0075365337543189526,0
2022-12-23 13:00:00+00:00,0.0075365337543189526,0.007548081688582897,0.007517666090279818,0.007529837545007467,0.007529837545007467,0
2022-12-23 14:00:00+00:00,0.0075297229923307896,0.007533523719757795,0.0075107780285179615,0.007516988553106785,0.007516988553106785,0
2022-12-23 15:00:00+00:00,0.007516988553106785,0.0075318217277526855,0.007516196928918362,0.007527740206569433,0.007527740206569433,0
2022-12-23 16:00:00+00:00,0.007527740206569433,0.0075357952155172825,0.0075262668542563915,0.0075316522270441055,0.0075316522270441055,0
2022-12-23 17:00:00+00:00,0.0075316522270441055,0.007533523719757795,0.0075249639339745045,0.007525700144469738,0.007525700144469738,0
2022-12-23 18:00:00+00:00,0.007525813300162554,0.0075295534916222095,0.007522134110331535,0.007526719942688942,0.007526719942688942,0
2022-12-23 19:00:00+00:00,0.007526833098381758,0.0075295534916222095,0.007522756699472666,0.0075267767533659935,0.0075267767533659935,0
2022-12-23 20:00:00+00:00,0.007527286186814308,0.007530120201408863,0.00752507708966732,0.007525360211730003,0.007525360211730003,0
2022-12-23 21:00:00+00:00,0.007525530643761158,0.007533751428127289,0.007525360211730003,0.007531310897320509,0.007531310897320509,0
2022-12-26 00:00:00+00:00,0.007532729767262936,0.007559950463473797,0.007525360211730003,0.007550930604338646,0.007550930604338646,0
2022-12-26 01:00:00+00:00,0.007550874259322882,0.007553098723292351,0.007540909573435783,0.007550418376922607,0.007550418376922607,0
2022-12-26 02:00:00+00:00,0.007548537105321884,0.007556636817753315,0.007546201813966036,0.007551216054707766,0.007551216054707766,0
2022-12-26 03:00:00+00:00,0.007551216054707766,0.007554182317107916,0.007548138033598661,0.0075508165173232555,0.0075508165173232555,0
2022-12-26 04:00:00+00:00,0.0075499615631997585,0.00755167193710804,0.007542047183960676,0.007545632775872946,0.007545632775872946,0
2022-12-26 05:00:00+00:00,0.007546030450612307,0.007548764813691378,0.00754079595208168,0.007543184328824282,0.007543184328824282,0
2022-12-26 06:00:00+00:00,0.0075439815409481525,0.007544322870671749,0.007537101395428181,0.007539374753832817,0.007539374753832817,0
2022-12-26 07:00:00+00:00,0.007539999205619097,0.007547625340521336,0.007532559335231781,0.00753522664308548,0.00753522664308548,0
2022-12-26 08:00:00+00:00,0.007536362856626511,0.007539829239249229,0.007526380009949207,0.007527966517955065,0.007527966517955065,0
2022-12-26 09:00:00+00:00,0.007528136018663645,0.007529100403189659,0.0075103831477463245,0.007515180855989456,0.007515180855989456,0
2022-12-26 10:00:00+00:00,0.007516480050981045,0.007522756699472666,0.007505647838115692,0.007510100491344929,0.007510100491344929,0
2022-12-26 11:00:00+00:00,0.00751145463436842,0.007515011355280876,0.007509254850447178,0.007512921933084726,0.007512921933084726,0
2022-12-26 12:00:00+00:00,0.007515011355280876,0.0075182318687438965,0.007511680480092764,0.007516762707382441,0.007516762707382441,0
2022-12-26 13:00:00+00:00,0.0075154067017138,0.007523322477936745,0.007515180855989456,0.007521850988268852,0.007521850988268852,0
2022-12-26 14:00:00+00:00,0.0075220209546387196,0.00752507708966732,0.007519362028688192,0.007523265201598406,0.007523265201598406,0
2022-12-26 15:00:00+00:00,0.007523265201598406,0.007525586523115635,0.0075219073332846165,0.007523775100708008,0.007523775100708008,0
2022-12-26 16:00:00+00:00,0.007524568121880293,0.007525586523115635,0.0075219073332846165,0.007524510845541954,0.007524510845541954,0
2022-12-26 17:00:00+00:00,0.007523831911385059,0.007526889909058809,0.007522983010858297,0.00752490758895874,0.00752490758895874,0
2022-12-26 18:00:00+00:00,0.00752490758895874,0.007527173031121492,0.007522983010858297,0.007524510845541954,0.007524510845541954,0
2022-12-26 19:00:00+00:00,0.007524454966187477,0.007525643799453974,0.007522983010858297,0.00752490758895874,0.00752490758895874,0
2022-12-26 20:00:00+00:00,0.007524510845541954,0.007529213558882475,0.007523265201598406,0.007525870110839605,0.007525870110839605,0
2022-12-26 21:00:00+00:00,0.007526493165642023,0.00752875953912735,0.007520493119955063,0.007528419606387615,0.007528419606387615,0
2022-12-26 22:00:00+00:00,0.007527286186814308,0.007530573755502701,0.007524058222770691,0.00752462400123477,0.00752462400123477,0
2022-12-26 23:00:00+00:00,0.007525586523115635,0.007538067176938057,0.007523548789322376,0.007532105781137943,0.007532105781137943,0
2022-12-27 00:00:00+00:00,0.007532559335231781,0.007542047183960676,0.007508635520935059,0.007518514059484005,0.007518514059484005,0
2022-12-27 01:00:00+00:00,0.0075185708701610565,0.007530687842518091,0.007510833907872438,0.007526549510657787,0.007526549510657787,0
2022-12-27 02:00:00+00:00,0.007526719942688942,0.007533523719757795,0.00752315204590559,0.007527569774538279,0.007527569774538279,0
2022-12-27 03:00:00+00:00,0.00752734299749136,0.007530687842518091,0.007519362028688192,0.007524171378463507,0.007524171378463507,0
2022-12-27 04:00:00+00:00,0.007524001412093639,0.007530120201408863,0.00751953199505806,0.007525133900344372,0.007525133900344372,0
2022-12-27 05:00:00+00:00,0.007525133900344372,0.0075329565443098545,0.007522360421717167,0.007529893424361944,0.007529893424361944,0
2022-12-27 06:00:00+00:00,0.007530517410486937,0.0075357952155172825,0.007526833098381758,0.00753091461956501,0.00753091461956501,0
2022-12-27 07:00:00+00:00,0.007530970964580774,0.0075329565443098545,0.007523209322243929,0.007526153698563576,0.007526153698563576,0
2022-12-27 08:00:00+00:00,0.007525927387177944,0.007528986316174269,0.007507225498557091,0.007513712625950575,0.007513712625950575,0
2022-12-27 09:00:00+00:00,0.007513712625950575,0.007516536861658096,0.007506380323320627,0.007509198971092701,0.007509198971092701,0
2022-12-27 10:00:00+00:00,0.007508973591029644,0.00751145463436842,0.007497713435441256,0.007502663880586624,0.007502663880586624,0
2022-12-27 11:00:00+00:00,0.007502831984311342,0.007507507689297199,0.007500187493860722,0.007504070643335581,0.007504070643335581,0
2022-12-27 12:00:00+00:00,0.007504408713430166,0.007512583397328854,0.007502382155507803,0.007503508124500513,0.007503508124500513,0
2022-12-27 13:00:00+00:00,0.007503845728933811,0.007504690438508987,0.007490579970180988,0.007493218872696161,0.007493218872696161,0
2022-12-27 14:00:00+00:00,0.0074928258545696735,0.007501312997192144,0.007485254667699337,0.007493050303310156,0.007493050303310156,0
2022-12-27 15:00:00+00:00,0.007492938078939915,0.007510327268391848,0.007491478230804205,0.00749956863000989,0.00749956863000989,0
2022-12-27 16:00:00+00:00,0.007499512750655413,0.00750356400385499,0.00749125424772501,0.007494229357689619,0.007494229357689619,0
2022-12-27 17:00:00+00:00,0.007494117133319378,0.0074973758310079575,0.007487832102924585,0.0074913096614181995,0.0074913096614181995,0
2022-12-27 18:00:00+00:00,0.007491759490221739,0.007501312997192144,0.00749001931399107,0.007496701553463936,0.007496701553463936,0
2022-12-27 19:00:00+00:00,0.007496813777834177,0.007501875516027212,0.007490300107747316,0.007492095697671175,0.007492095697671175,0
2022-12-27 20:00:00+00:00,0.007491983473300934,0.007495128083974123,0.007487271912395954,0.007488449104130268,0.007488449104130268,0
2022-12-27 21:00:00+00:00,0.007488224655389786,0.007496813777834177,0.007486879359930754,0.00749192712828517,0.00749192712828517,0
2022-12-27 22:00:00+00:00,0.0074918149039149284,0.007500356528908014,0.007491759490221739,0.00749187171459198,0.00749187171459198,0
2022-12-27 23:00:00+00:00,0.007495128083974123,0.007496252190321684,0.007489122450351715,0.007491197437047958,0.007491197437047958,0
2022-12-28 00:00:00+00:00,0.007491759490221739,0.007494566962122917,0.00746597396209836,0.007479543332010508,0.007479543332010508,0
2022-12-28 01:00:00+00:00,0.007479431573301554,0.00748278945684433,0.0074720545671880245,0.007479431573301554,0.007479431573301554,0
2022-12-28 02:00:00+00:00,0.007479486986994743,0.0074805510230362415,0.007454675622284412,0.0074598477222025394,0.0074598477222025394,0
2022-12-28 03:00:00+00:00,0.007459290791302919,0.007467144634574652,0.007440476678311825,0.007449178025126457,0.007449178025126457,0
2022-12-28 04:00:00+00:00,0.007449677679687738,0.007468260359019041,0.00744740292429924,0.007464636582881212,0.007464636582881212,0
2022-12-28 05:00:00+00:00,0.0074644689448177814,0.007466587238013744,0.0074562872759997845,0.00745895691215992,0.00745895691215992,0
2022-12-28 06:00:00+00:00,0.007458845619112253,0.007475517224520445,0.007458233740180731,0.007460460066795349,0.007460460066795349,0
2022-12-28 07:00:00+00:00,0.007460460066795349,0.007474400568753481,0.007459457963705063,0.007467758376151323,0.007467758376151323,0
2022-12-28 08:00:00+00:00,0.007467758376151323,0.007475517224520445,0.007453175261616707,0.007458789739757776,0.007458789739757776,0
2022-12-28 09:00:00+00:00,0.007458845619112253,0.007464914582669735,0.007451176177710295,0.0074610160663723946,0.0074610160663723946,0
2022-12-28 10:00:00+00:00,0.007460848893970251,0.0074783130548894405,0.00745895691215992,0.0074701569974422455,0.0074701569974422455,0
2022-12-28 11:00:00+00:00,0.007470045238733292,0.007475517224520445,0.007466921582818031,0.007472222205251455,0.007472222205251455,0
2022-12-28 12:00:00+00:00,0.007472165860235691,0.007497938349843025,0.0074709937907755375,0.007489514537155628,0.007489514537155628,0
2022-12-28 13:00:00+00:00,0.007489626761525869,0.007492881268262863,0.007468204014003277,0.007473282981663942,0.007473282981663942,0
2022-12-28 14:00:00+00:00,0.007473171688616276,0.007485029753297567,0.007460460066795349,0.007461294997483492,0.007461294997483492,0
2022-12-28 15:00:00+00:00,0.007461572531610727,0.007468817755579948,0.007447292096912861,0.007450065575540066,0.007450065575540066,0
2022-12-28 16:00:00+00:00,0.007450232282280922,0.007456009741872549,0.007446237839758396,0.007448012474924326,0.007448012474924326,0
2022-12-28 17:00:00+00:00,0.007447846699506044,0.0074610160663723946,0.007445905357599258,0.007453009020537138,0.007453009020537138,0
2022-12-28 18:00:00+00:00,0.007453341968357563,0.007460460066795349,0.007449011318385601,0.007449289318174124,0.007449289318174124,0
2022-12-28 19:00:00+00:00,0.007449067197740078,0.0074510094709694386,0.007441472727805376,0.007442026864737272,0.007442026864737272,0
2022-12-28 20:00:00+00:00,0.007441970985382795,0.007444353308528662,0.0074350545182824135,0.0074359397403895855,0.0074359397403895855,0
2022-12-28 21:00:00+00:00,0.0074358293786644936,0.007441029883921146,0.0074349441565573215,0.007436602842062712,0.007436602842062712,0
2022-12-28 22:00:00+00:00,0.007437653839588165,0.007449178025126457,0.007437321823090315,0.007447957526892424,0.007447957526892424,0
2022-12-28 23:00:00+00:00,0.007447679992765188,0.00746547244489193,0.00744269136339426,0.007460013963282108,0.007460013963282108,0
2022-12-29 00:00:00+00:00,0.007461238652467728,0.007468817755579948,0.007451842073351145,0.007463578134775162,0.007463578134775162,0
2022-12-29 01:00:00+00:00,0.0074635217897593975,0.00748278945684433,0.007458623498678207,0.007478257175534964,0.007478257175534964,0
2022-12-29 02:00:00+00:00,0.007478257175534964,0.007492320146411657,0.007476579397916794,0.00747887184843421,0.00747887184843421,0
2022-12-29 03:00:00+00:00,0.007478928193449974,0.007482230197638273,0.007468650117516518,0.007471049204468727,0.007471049204468727,0
2022-12-29 04:00:00+00:00,0.007471105549484491,0.007485029753297567,0.007469822186976671,0.007483853492885828,0.007483853492885828,0
2022-12-29 05:00:00+00:00,0.007483853492885828,0.007486710790544748,0.0074763004668056965,0.007481277454644442,0.007481277454644442,0
2022-12-29 06:00:00+00:00,0.007481110282242298,0.007492881268262863,0.007471384946256876,0.007478424813598394,0.007478424813598394,0
2022-12-29 07:00:00+00:00,0.0074783130548894405,0.007482230197638273,0.007468371652066708,0.007474567741155624,0.007474567741155624,0
2022-12-29 08:00:00+00:00,0.007474735379219055,0.007490076124668121,0.007473059929907322,0.007483685854822397,0.007483685854822397,0
2022-12-29 09:00:00+00:00,0.007483798079192638,0.007487271912395954,0.0074793752282857895,0.007484245579689741,0.007484245579689741,0
2022-12-29 10:00:00+00:00,0.0074844141490757465,0.007486150600016117,0.007472501136362553,0.007473450154066086,0.007473450154066086,0
2022-12-29 11:00:00+00:00,0.007473562844097614,0.00748278945684433,0.007472612429410219,0.007476188708096743,0.007476188708096743,0
2022-12-29 12:00:00+00:00,0.007476523984223604,0.007485590409487486,0.007473841309547424,0.007483125198632479,0.007483125198632479,0
2022-12-29 13:00:00+00:00,0.007483069784939289,0.007514277007430792,0.00748183811083436,0.007509424351155758,0.007509424351155758,0
2022-12-29 14:00:00+00:00,0.0075094811618328094,0.007525586523115635,0.0075014811009168625,0.0075168185867369175,0.0075168185867369175,0
2022-12-29 15:00:00+00:00,0.007516536861658096,0.007522756699472666,0.0075052534230053425,0.007505930028855801,0.007505930028855801,0
2022-12-29 16:00:00+00:00,0.007506210822612047,0.007513147778809071,0.007497994229197502,0.007509762421250343,0.007509762421250343,0
2022-12-29 17:00:00+00:00,0.0075094811618328094,0.0075210584327578545,0.007505817338824272,0.007516988553106785,0.007516988553106785,0
2022-12-29 18:00:00+00:00,0.007517271209508181,0.007523888256400824,0.007515349891036749,0.007518061902374029,0.007518061902374029,0
2022-12-29 19:00:00+00:00,0.0075182318687438965,0.007527286186814308,0.007517553400248289,0.007525304332375526,0.007525304332375526,0
2022-12-29 20:00:00+00:00,0.007525473367422819,0.007526719942688942,0.007515519391745329,0.007519362028688192,0.007519362028688192,0
2022-12-29 21:00:00+00:00,0.007517723366618156,0.007525020744651556,0.007517044432461262,0.007518175058066845,0.007518175058066845,0
2022-12-29 22:00:00+00:00,0.0075182318687438965,0.007524510845541954,0.007514841388911009,0.0075191929936409,0.0075191929936409,0
2022-12-29 23:00:00+00:00,0.007517723366618156,0.007527853362262249,0.007513712625950575,0.007521964143961668,0.007521964143961668,0
2022-12-30 00:00:00+00:00,0.007523775100708008,0.00755287054926157,0.007521115709096193,0.007550588808953762,0.007550588808953762,0
2022-12-30 01:00:00+00:00,0.007550646085292101,0.007555152755230665,0.007542274426668882,0.007550361100584269,0.007550361100584269,0
2022-12-30 02:00:00+00:00,0.007550474721938372,0.007551159709692001,0.007536590099334717,0.007543640211224556,0.007543640211224556,0
2022-12-30 03:00:00+00:00,0.007543582934886217,0.007546600420027971,0.0075377835892140865,0.007538238074630499,0.007538238074630499,0
2022-12-30 04:00:00+00:00,0.007538067176938057,0.007540341001003981,0.0075317081063985825,0.00753789721056819,0.00753789721056819,0
2022-12-30 05:00:00+00:00,0.00753789721056819,0.007551159709692001,0.0075362492352724075,0.007540283724665642,0.007540283724665642,0
2022-12-30 06:00:00+00:00,0.007540341001003981,0.007551159709692001,0.007538522128015757,0.007549847476184368,0.007549847476184368,0
2022-12-30 07:00:00+00:00,0.007549847476184368,0.007571741938591003,0.007543640211224556,0.007568018045276403,0.007568018045276403,0
2022-12-30 08:00:00+00:00,0.007568074855953455,0.007594168186187744,0.007565097417682409,0.007592150010168552,0.007592150010168552,0
2022-12-30 09:00:00+00:00,0.007591976784169674,0.0076028285548090935,0.007567731197923422,0.007569564040750265,0.007569564040750265,0
2022-12-30 10:00:00+00:00,0.0075697931461036205,0.007590708788484335,0.00756881944835186,0.007582823280245066,0.007582823280245066,0
2022-12-30 11:00:00+00:00,0.007583226077258587,0.007599939126521349,0.007582823280245066,0.007590478286147118,0.007590478286147118,0
2022-12-30 12:00:00+00:00,0.007590536493808031,0.007594168186187744,0.007579317316412926,0.007585066836327314,0.007585066836327314,0
2022-12-30 13:00:00+00:00,0.007584951817989349,0.0075884051620960236,0.007572487462311983,0.007581328507512808,0.007581328507512808,0
2022-12-30 14:00:00+00:00,0.007581386715173721,0.007605719845741987,0.0075809839181602,0.00758834695443511,0.00758834695443511,0
2022-12-30 15:00:00+00:00,0.007588001899421215,0.007589557208120823,0.007556751370429993,0.00757971964776516,0.00757971964776516,0
2022-12-30 16:00:00+00:00,0.007579490076750517,0.007592437323182821,0.007576159667223692,0.007587253116071224,0.007587253116071224,0
2022-12-30 17:00:00+00:00,0.007586849853396416,0.007634753827005625,0.007585699670016766,0.0076332963071763515,0.0076332963071763515,0
2022-12-30 18:00:00+00:00,0.007634053938090801,0.00764818349853158,0.00762747460976243,0.00764128752052784,0.00764128752052784,0
2022-12-30 19:00:00+00:00,0.007641171105206013,0.007644090801477432,0.007632248103618622,0.007635452784597874,0.007635452784597874,0
2022-12-30 20:00:00+00:00,0.007635278627276421,0.007636502850800753,0.007616377901285887,0.007617770694196224,0.007617770694196224,0
2022-12-30 21:00:00+00:00,0.007617944851517677,0.00763184018433094,0.00761684263125062,0.007629394065588713,0.007629394065588713,0
2022-12-30 22:00:00+00:00,0.00762747460976243,0.00762747460976243,0.00762747460976243,0.00762747460976243,0.00762747460976243,0
2022-12-30 23:00:00+00:00,0.00762747460976243,0.00762747460976243,0.00762747460976243,0.00762747460976243,0.00762747460976243,0
2023-01-02 00:00:00+00:00,0.007640236523002386,0.007642338052392006,0.007631199434399605,0.007639244198799133,0.007639244198799133,0
2023-01-02 01:00:00+00:00,0.007639069110155106,0.007643682416528463,0.007636094465851784,0.007638369221240282,0.007638369221240282,0
2023-01-02 02:00:00+00:00,0.007638835813850164,0.007639594376087189,0.007633179891854525,0.007633471395820379,0.007633471395820379,0
2023-01-02 03:00:00+00:00,0.007633995730429888,0.007640937343239784,0.0076334127224981785,0.007639594376087189,0.007639594376087189,0
2023-01-02 04:00:00+00:00,0.007640003226697445,0.007641404401510954,0.007637551985681057,0.007639710791409016,0.007639710791409016,0
2023-01-02 05:00:00+00:00,0.007638777606189251,0.007641696371138096,0.007635861169546843,0.007637786213308573,0.007637786213308573,0
2023-01-02 06:00:00+00:00,0.007638252340257168,0.0076405867002904415,0.007634461857378483,0.00763726094737649,0.00763726094737649,0
2023-01-02 07:00:00+00:00,0.007637144066393375,0.007639710791409016,0.007635160814970732,0.0076370276510715485,0.0076370276510715485,0
2023-01-02 08:00:00+00:00,0.007637377362698317,0.0076405867002904415,0.0076359775848686695,0.0076379026286304,0.0076379026286304,0
2023-01-02 09:00:00+00:00,0.007638369221240282,0.007644090801477432,0.0076362695544958115,0.007641345728188753,0.007641345728188753,0
2023-01-02 10:00:00+00:00,0.007642338052392006,0.007649528793990612,0.0076407031156122684,0.0076469555497169495,0.0076469555497169495,0
2023-01-02 11:00:00+00:00,0.007647013757377863,0.0076487683691084385,0.0076407031156122684,0.007648007944226265,0.007648007944226265,0
2023-01-02 12:00:00+00:00,0.007648066617548466,0.007652339059859514,0.007645493373274803,0.007650055922567844,0.007650055922567844,0
2023-01-02 13:00:00+00:00,0.007649938575923443,0.007657084614038467,0.0076484172604978085,0.007655151188373566,0.007655151188373566,0
2023-01-02 14:00:00+00:00,0.007655208930373192,0.007656792178750038,0.0076469555497169495,0.007650231476873159,0.007650231476873159,0
2023-01-02 15:00:00+00:00,0.007651870604604483,0.007652397733181715,0.007643448654562235,0.0076467799954116344,0.0076467799954116344,0
2023-01-02 16:00:00+00:00,0.00764818349853158,0.007654155138880014,0.007642747368663549,0.007648885250091553,0.007648885250091553,0
2023-01-02 17:00:00+00:00,0.007649704813957214,0.007651226595044136,0.007644675672054291,0.007647189311683178,0.007647189311683178,0
2023-01-02 18:00:00+00:00,0.0076469555497169495,0.007650114595890045,0.007645902689546347,0.007647072430700064,0.007647072430700064,0
2023-01-02 19:00:00+00:00,0.007647013757377863,0.00765099236741662,0.007646370213478804,0.0076495879329741,0.0076495879329741,0
2023-01-02 20:00:00+00:00,0.0076495879329741,0.007651050575077534,0.007648885250091553,0.007650114595890045,0.007650114595890045,0
2023-01-02 21:00:00+00:00,0.007649411913007498,0.007656440604478121,0.0076458449475467205,0.0076458449475467205,0.0076458449475467205,0
2023-01-02 22:00:00+00:00,0.007649061270058155,0.007651577703654766,0.007643506862223148,0.007651167456060648,0.007651167456060648,0
2023-01-02 23:00:00+00:00,0.007650758605450392,0.007662248332053423,0.007610176224261522,0.007646546233445406,0.007646546233445406,0
2023-01-03 00:00:00+00:00,0.0076458449475467205,0.007659900467842817,0.007639244198799133,0.0076566156931221485,0.0076566156931221485,0
2023-01-03 01:00:00+00:00,0.00765673303976655,0.007704754360020161,0.007650289684534073,0.0076837968081235886,0.0076837968081235886,0
2023-01-03 02:00:00+00:00,0.0076835607178509235,0.007706535514444113,0.007674302905797958,0.007697281427681446,0.007697281427681446,0
2023-01-03 03:00:00+00:00,0.0076970444060862064,0.007713073864579201,0.007693254854530096,0.007705466356128454,0.007705466356128454,0
2023-01-03 04:00:00+00:00,0.007705466356128454,0.007722782902419567,0.007704219780862331,0.007716525811702013,0.007716525811702013,0
2023-01-03 05:00:00+00:00,0.007716525811702013,0.007720815017819405,0.007695149164646864,0.007703329436480999,0.007703329436480999,0
2023-01-03 06:00:00+00:00,0.007703388575464487,0.007716645020991564,0.007688759360462427,0.007702024187892675,0.007702024187892675,0
2023-01-03 07:00:00+00:00,0.007701668422669172,0.00770712923258543,0.007677425164729357,0.0076857456006109715,0.0076857456006109715,0
2023-01-03 08:00:00+00:00,0.007686040364205837,0.007688167504966259,0.007635861169546843,0.007647013757377863,0.007647013757377863,0
2023-01-03 09:00:00+00:00,0.007646429352462292,0.0076757753267884254,0.0076451427303254604,0.007667770609259605,0.007667770609259605,0
2023-01-03 10:00:00+00:00,0.007668476086109877,0.007672241888940334,0.007649003062397242,0.007651987951248884,0.007651987951248884,0
2023-01-03 11:00:00+00:00,0.007651987951248884,0.007656967267394066,0.00764017878100276,0.007640937343239784,0.007640937343239784,0
2023-01-03 12:00:00+00:00,0.007641111966222525,0.007644675672054291,0.007622067350894213,0.007635278627276421,0.007635278627276421,0
2023-01-03 13:00:00+00:00,0.007635044399648905,0.0076593137346208096,0.0076332963071763515,0.007653744891285896,0.007653744891285896,0
2023-01-03 14:00:00+00:00,0.007653978653252125,0.007690533064305782,0.007645552512258291,0.007681140676140785,0.007681140676140785,0
2023-01-03 15:00:00+00:00,0.00768155325204134,0.007683442439883947,0.007637551985681057,0.0076489439234137535,0.0076489439234137535,0
2023-01-03 16:00:00+00:00,0.007648827042430639,0.007656967267394066,0.007627358194440603,0.007643448654562235,0.007643448654562235,0
2023-01-03 17:00:00+00:00,0.007643389981240034,0.007651109714061022,0.007640469819307327,0.007645727135241032,0.007645727135241032,0
2023-01-03 18:00:00+00:00,0.0076463124714791775,0.0076587265357375145,0.0076445587910711765,0.007655971217900515,0.007655971217900515,0
2023-01-03 19:00:00+00:00,0.007655971217900515,0.007660487666726112,0.007645902689546347,0.007646487094461918,0.007646487094461918,0
2023-01-03 20:00:00+00:00,0.007646721787750721,0.007649938575923443,0.007635627873241901,0.007635918911546469,0.007635918911546469,0
2023-01-03 21:00:00+00:00,0.0076361531391739845,0.007641754578799009,0.0076314909383654594,0.007632771506905556,0.007632771506905556,0
2023-01-03 22:00:00+00:00,0.007634112611413002,0.007637435104697943,0.007630675099790096,0.007634986657649279,0.007634986657649279,0
2023-01-03 23:00:00+00:00,0.0076359775848686695,0.00763661926612258,0.007606529165059328,0.007618234492838383,0.007618234492838383,0
2023-01-04 00:00:00+00:00,0.007616493850946426,0.007645259611308575,0.007615798152983189,0.0076328301802277565,0.0076328301802277565,0
2023-01-04 01:00:00+00:00,0.007634753827005625,0.0076593137346208096,0.007620964199304581,0.007654447108507156,0.007654447108507156,0
2023-01-04 02:00:00+00:00,0.007654447108507156,0.007656967267394066,0.007637377362698317,0.007644500117748976,0.007644500117748976,0
2023-01-04 03:00:00+00:00,0.0076443832367658615,0.007657554466277361,0.007641754578799009,0.007654272019863129,0.007654272019863129,0
2023-01-04 04:00:00+00:00,0.007654623594135046,0.007655208930373192,0.007636502850800753,0.007643506862223148,0.007643506862223148,0
2023-01-04 05:00:00+00:00,0.007643682416528463,0.007649353705346584,0.007633879315108061,0.007642338052392006,0.007642338052392006,0
2023-01-04 06:00:00+00:00,0.00764228031039238,0.007653451524674892,0.007640761788934469,0.007649528793990612,0.007649528793990612,0
2023-01-04 07:00:00+00:00,0.007649763021618128,0.007686986122280359,0.0076479497365653515,0.0076778968796133995,0.0076778968796133995,0
2023-01-04 08:00:00+00:00,0.007677779067307711,0.007698229979723692,0.007661132141947746,0.007662306539714336,0.007662306539714336,0
2023-01-04 09:00:00+00:00,0.0076625412330031395,0.007677542977035046,0.00765526806935668,0.007667653262615204,0.007667653262615204,0
2023-01-04 10:00:00+00:00,0.007667535915970802,0.007669299840927124,0.007658844813704491,0.007667006459087133,0.007667006459087133,0
2023-01-04 11:00:00+00:00,0.00766718341037631,0.007677542977035046,0.007657377980649471,0.007661073934286833,0.007661073934286833,0
2023-01-04 12:00:00+00:00,0.007661073934286833,0.007663422264158726,0.007634986657649279,0.007643565535545349,0.007643565535545349,0
2023-01-04 13:00:00+00:00,0.007643448654562235,0.0076593137346208096,0.00763807725161314,0.0076505825854837894,0.0076505825854837894,0
2023-01-04 14:00:00+00:00,0.007652280852198601,0.007652866188436747,0.007626194506883621,0.0076334127224981785,0.0076334127224981785,0
2023-01-04 15:00:00+00:00,0.007633529137820005,0.00763726094737649,0.0075708250515162945,0.007575413212180138,0.007575413212180138,0
2023-01-04 16:00:00+00:00,0.007575069088488817,0.007580926176160574,0.007564697414636612,0.007575126364827156,0.007575126364827156,0
2023-01-04 17:00:00+00:00,0.00757564278319478,0.007577479816973209,0.007534943521022797,0.0075439815409481525,0.0075439815409481525,0
2023-01-04 18:00:00+00:00,0.007544777821749449,0.007555152755230665,0.00754170585423708,0.007548593915998936,0.007548593915998936,0
2023-01-04 19:00:00+00:00,0.007547055836766958,0.007552299648523331,0.0075348298996686935,0.007541477680206299,0.007541477680206299,0
2023-01-04 20:00:00+00:00,0.007541080471128225,0.007549448404461145,0.0075362492352724075,0.007537101395428181,0.007537101395428181,0
2023-01-04 21:00:00+00:00,0.007536816876381636,0.007542274426668882,0.007534943521022797,0.0075413077138364315,0.0075413077138364315,0
2023-01-04 22:00:00+00:00,0.007540853228420019,0.007555609103292227,0.007540853228420019,0.007554524578154087,0.007554524578154087,0
2023-01-04 23:00:00+00:00,0.007553840056061745,0.007573463022708893,0.00754956342279911,0.007564010564237833,0.007564010564237833,0
2023-01-05 00:00:00+00:00,0.007561494130641222,0.007587829604744911,0.007557779550552368,0.0075826505199074745,0.0075826505199074745,0
2023-01-05 01:00:00+00:00,0.007582708727568388,0.007594514172524214,0.007575126364827156,0.007577652111649513,0.007577652111649513,0
2023-01-05 02:00:00+00:00,0.0075775375589728355,0.007581501267850399,0.007564467843621969,0.007576847914606333,0.007576847914606333,0
2023-01-05 03:00:00+00:00,0.007576962932944298,0.007580926176160574,0.007554125040769577,0.0075575509108603,0.0075575509108603,0
2023-01-05 04:00:00+00:00,0.007556465454399586,0.007566013373434544,0.007551330141723156,0.007558007724583149,0.007558007724583149,0
2023-01-05 05:00:00+00:00,0.007558578625321388,0.007560293190181255,0.007540056481957436,0.007548252120614052,0.007548252120614052,0
2023-01-05 06:00:00+00:00,0.007548309396952391,0.007563152350485325,0.007543070707470179,0.007550532463937998,0.007550532463937998,0
2023-01-05 07:00:00+00:00,0.007550760172307491,0.007562580518424511,0.00754079595208168,0.007548365741968155,0.007548365741968155,0
2023-01-05 08:00:00+00:00,0.007548081688582897,0.00755287054926157,0.007524397689849138,0.007542160805314779,0.007542160805314779,0
2023-01-05 09:00:00+00:00,0.00754210352897644,0.00755287054926157,0.00753596518188715,0.007545233704149723,0.007545233704149723,0
2023-01-05 10:00:00+00:00,0.0075453477911651134,0.007555152755230665,0.007539431098848581,0.007548365741968155,0.007548365741968155,0
2023-01-05 11:00:00+00:00,0.007548593915998936,0.007558578625321388,0.007541534956544638,0.007550132926553488,0.007550132926553488,0
2023-01-05 12:00:00+00:00,0.007550018839538097,0.007555152755230665,0.007532048504799604,0.007532389368861914,0.007532389368861914,0
2023-01-05 13:00:00+00:00,0.007532389368861914,0.00753522664308548,0.007478144485503435,0.007480270694941282,0.007480270694941282,0
2023-01-05 14:00:00+00:00,0.007480438333004713,0.007494004443287849,0.007474624086171389,0.007476970553398132,0.007476970553398132,0
2023-01-05 15:00:00+00:00,0.007476970553398132,0.007486150600016117,0.007459680549800396,0.007470100652426481,0.007470100652426481,0
2023-01-05 16:00:00+00:00,0.007469989359378815,0.007493443321436644,0.007467535324394703,0.007486430928111076,0.007486430928111076,0
2023-01-05 17:00:00+00:00,0.0074865431524813175,0.007516536861658096,0.007486206945031881,0.007504972163587809,0.007504972163587809,0
2023-01-05 18:00:00+00:00,0.0075048599392175674,0.007522756699472666,0.007500412408262491,0.007512583397328854,0.007512583397328854,0
2023-01-05 19:00:00+00:00,0.007512413896620274,0.007514277007430792,0.007501819636672735,0.007508240640163422,0.007508240640163422,0
2023-01-05 20:00:00+00:00,0.007508409209549427,0.007509198971092701,0.007498106453567743,0.007498331367969513,0.007498331367969513,0
2023-01-05 21:00:00+00:00,0.00749855674803257,0.007500749547034502,0.007493723649531603,0.00749619584530592,0.00749619584530592,0
2023-01-05 22:00:00+00:00,0.007496252190321684,0.0074987816624343395,0.007494004443287849,0.007497544400393963,0.007497544400393963,0
2023-01-05 23:00:00+00:00,0.007496364414691925,0.007504690438508987,0.0074895708821713924,0.007500524632632732,0.007500524632632732,0
2023-01-06 00:00:00+00:00,0.007501875516027212,0.007502438500523567,0.007482958026230335,0.007488785311579704,0.007488785311579704,0
2023-01-06 01:00:00+00:00,0.0074886176735162735,0.007492881268262863,0.00747350649908185,0.0074738976545631886,0.0074738976545631886,0
2023-01-06 02:00:00+00:00,0.007473618257790804,0.007487832102924585,0.00747255701571703,0.00748278945684433,0.00748278945684433,0
2023-01-06 03:00:00+00:00,0.007482958026230335,0.007484469562768936,0.0074658626690506935,0.007473282981663942,0.007473282981663942,0
2023-01-06 04:00:00+00:00,0.007473003584891558,0.007476635742932558,0.007467033341526985,0.007467478979378939,0.007467478979378939,0
2023-01-06 05:00:00+00:00,0.007467702031135559,0.007472165860235691,0.007441970985382795,0.0074540083296597,0.0074540083296597,0
2023-01-06 06:00:00+00:00,0.007454119622707367,0.00746547244489193,0.007451675832271576,0.007461461238563061,0.007461461238563061,0
2023-01-06 07:00:00+00:00,0.0074616288766264915,0.007481110282242298,0.007444796618074179,0.0074503435753285885,0.0074503435753285885,0
2023-01-06 08:00:00+00:00,0.007450399454683065,0.007455453276634216,0.007437985390424728,0.007443799637258053,0.007443799637258053,0
2023-01-06 09:00:00+00:00,0.007443411275744438,0.0074487896636128426,0.007429641671478748,0.007439867593348026,0.007439867593348026,0
2023-01-06 10:00:00+00:00,0.007439811713993549,0.0074521200731396675,0.007439756765961647,0.00744269136339426,0.00744269136339426,0
2023-01-06 11:00:00+00:00,0.00744313420727849,0.007449344266206026,0.007427985314279795,0.007433452643454075,0.007433452643454075,0
2023-01-06 12:00:00+00:00,0.007433673366904259,0.0074382624588906765,0.007424456067383289,0.007425613701343536,0.007425613701343536,0
2023-01-06 13:00:00+00:00,0.007425723597407341,0.00750694377347827,0.007419884204864502,0.007498331367969513,0.007498331367969513,0
2023-01-06 14:00:00+00:00,0.007497994229197502,0.007503001485019922,0.0074571771547198296,0.007463299203664064,0.007463299203664064,0
2023-01-06 15:00:00+00:00,0.007463466841727495,0.007557435892522335,0.007462854031473398,0.007551159709692001,0.007551159709692001,0
2023-01-06 16:00:00+00:00,0.007551387418061495,0.007566585671156645,0.007544664200395346,0.007563667371869087,0.007563667371869087,0
2023-01-06 17:00:00+00:00,0.007564010564237833,0.007572888862341642,0.007555952295660973,0.007569621782749891,0.007569621782749891,0
2023-01-06 18:00:00+00:00,0.007569736335426569,0.0075746094807982445,0.007563667371869087,0.007570079993456602,0.007570079993456602,0
2023-01-06 19:00:00+00:00,0.007570136804133654,0.007577479816973209,0.007569220382720232,0.007573807146400213,0.007573807146400213,0
2023-01-06 20:00:00+00:00,0.007573863957077265,0.007575757801532745,0.007568418048322201,0.007570481393486261,0.007570481393486261,0
2023-01-06 21:00:00+00:00,0.007570481393486261,0.007575184106826782,0.007566528860479593,0.007574036251753569,0.007574036251753569,0
2023-01-09 00:00:00+00:00,0.007587138097733259,0.007594168186187744,0.00756933493539691,0.0075856419280171394,0.0075856419280171394,0
2023-01-09 01:00:00+00:00,0.007585526909679174,0.0076005165465176105,0.007575986906886101,0.007590651512145996,0.007590651512145996,0
2023-01-09 02:00:00+00:00,0.007590882014483213,0.007614986039698124,0.007588174659758806,0.0076132467947900295,0.0076132467947900295,0
2023-01-09 03:00:00+00:00,0.0076132467947900295,0.007617306429892778,0.007596186362206936,0.0075971102342009544,0.0075971102342009544,0
2023-01-09 04:00:00+00:00,0.0075975144281983376,0.0076045626774430275,0.007591457571834326,0.007593014743179083,0.007593014743179083,0
2023-01-09 05:00:00+00:00,0.007593071553856134,0.007595321163535118,0.007580754347145557,0.007584721781313419,0.007584721781313419,0
2023-01-09 06:00:00+00:00,0.007584778591990471,0.0075935907661914825,0.007578972727060318,0.007587541360408068,0.007587541360408068,0
2023-01-09 07:00:00+00:00,0.007587311323732138,0.007599361706525087,0.007554410491138697,0.007562923710793257,0.007562923710793257,0
2023-01-09 08:00:00+00:00,0.007562695071101189,0.0075780535116791725,0.007560236379504204,0.007567444816231728,0.007567444816231728,0
2023-01-09 09:00:00+00:00,0.0075675020925700665,0.007569449488073587,0.007543014362454414,0.007550588808953762,0.007550588808953762,0
2023-01-09 10:00:00+00:00,0.007550588808953762,0.007556294556707144,0.007538407575339079,0.007540909573435783,0.007540909573435783,0
2023-01-09 11:00:00+00:00,0.00754068186506629,0.007556294556707144,0.007539146579802036,0.007546714507043362,0.007546714507043362,0
2023-01-09 12:00:00+00:00,0.007546600420027971,0.007570022251456976,0.007546201813966036,0.007559835910797119,0.007559835910797119,0
2023-01-09 13:00:00+00:00,0.007559549994766712,0.007593014743179083,0.007559549994766712,0.0075884051620960236,0.0075884051620960236,0
2023-01-09 14:00:00+00:00,0.007588635198771954,0.007595321163535118,0.007571914233267307,0.007582708727568388,0.007582708727568388,0
2023-01-09 15:00:00+00:00,0.0075827655382454395,0.007586678024381399,0.00757179968059063,0.007578914985060692,0.007578914985060692,0
2023-01-09 16:00:00+00:00,0.007578914985060692,0.0076028285548090935,0.007578340824693441,0.007599997334182262,0.007599997334182262,0
2023-01-09 17:00:00+00:00,0.007600228302180767,0.007603405974805355,0.007579490076750517,0.007589557208120823,0.007589557208120823,0
2023-01-09 18:00:00+00:00,0.007589729502797127,0.007595321163535118,0.0075826505199074745,0.00758437579497695,0.00758437579497695,0
2023-01-09 19:00:00+00:00,0.007584433536976576,0.0076045626774430275,0.007584030739963055,0.007600690238177776,0.007600690238177776,0
2023-01-09 20:00:00+00:00,0.0076009794138371944,0.007602250669151545,0.0075826505199074745,0.007587541360408068,0.007587541360408068,0
2023-01-09 21:00:00+00:00,0.007587656378746033,0.007590132765471935,0.007581960875540972,0.007582823280245066,0.007582823280245066,0
2023-01-09 22:00:00+00:00,0.007584721781313419,0.007590766530483961,0.0075803520157933235,0.007583283353596926,0.007583283353596926,0
2023-01-09 23:00:00+00:00,0.00758414575830102,0.007599939126521349,0.0075803520157933235,0.007591170258820057,0.007591170258820057,0
2023-01-10 00:00:00+00:00,0.007591457571834326,0.00759589858353138,0.007563095539808273,0.007593071553856134,0.007593071553856134,0
2023-01-10 01:00:00+00:00,0.007593129761517048,0.007612088229507208,0.00759093975648284,0.0076036956161260605,0.0076036956161260605,0
2023-01-10 02:00:00+00:00,0.007603290490806103,0.007606876082718372,0.007581558544188738,0.007587829604744911,0.007587829604744911,0
2023-01-10 03:00:00+00:00,0.00758834695443511,0.007590132765471935,0.007580408826470375,0.007585526909679174,0.007585526909679174,0
2023-01-10 04:00:00+00:00,0.0075856419280171394,0.0075884051620960236,0.007574782241135836,0.007576791103929281,0.007576791103929281,0
2023-01-10 05:00:00+00:00,0.00757661834359169,0.007597052026540041,0.007573807146400213,0.007588980719447136,0.007588980719447136,0
2023-01-10 06:00:00+00:00,0.007588865235447884,0.007592437323182821,0.0075753554701805115,0.00758052384480834,0.00758052384480834,0
2023-01-10 07:00:00+00:00,0.007580639328807592,0.007584951817989349,0.007559035439044237,0.007563037797808647,0.007563037797808647,0
2023-01-10 08:00:00+00:00,0.007563152350485325,0.007592437323182821,0.007562695071101189,0.007585296873003244,0.007585296873003244,0
2023-01-10 09:00:00+00:00,0.007585296873003244,0.007594744674861431,0.007578914985060692,0.0075861020013689995,0.0075861020013689995,0
2023-01-10 10:00:00+00:00,0.007586044725030661,0.007587829604744911,0.007575240917503834,0.007577594369649887,0.007577594369649887,0
2023-01-10 11:00:00+00:00,0.007577479816973209,0.007579202298074961,0.0075651551596820354,0.007573117967694998,0.007573117967694998,0
2023-01-10 12:00:00+00:00,0.007573175709694624,0.007575184106826782,0.007550361100584269,0.0075540682300925255,0.0075540682300925255,0
2023-01-10 13:00:00+00:00,0.007554125040769577,0.007564868777990341,0.007548423483967781,0.007559321820735931,0.007559321820735931,0
2023-01-10 14:00:00+00:00,0.0075591509230434895,0.007593014743179083,0.007559093181043863,0.007575184106826782,0.007575184106826782,0
2023-01-10 15:00:00+00:00,0.007574896793812513,0.007582075893878937,0.007557093631476164,0.007565726991742849,0.007565726991742849,0
2023-01-10 16:00:00+00:00,0.0075657847337424755,0.007573463022708893,0.007555952295660973,0.0075613223016262054,0.0075613223016262054,0
2023-01-10 17:00:00+00:00,0.0075613223016262054,0.007571741938591003,0.007560236379504204,0.00756429648026824,0.00756429648026824,0
2023-01-10 18:00:00+00:00,0.00756418239325285,0.007568877190351486,0.0075583504512906075,0.0075608654879033566,0.0075608654879033566,0
2023-01-10 19:00:00+00:00,0.007561208214610815,0.007568303495645523,0.007559321820735931,0.007562522776424885,0.007562522776424885,0
2023-01-10 20:00:00+00:00,0.007562923710793257,0.007568877190351486,0.007561436854302883,0.007562294136732817,0.007562294136732817,0
2023-01-10 21:00:00+00:00,0.0075624664314091206,0.007567731197923422,0.007560236379504204,0.007561436854302883,0.007561436854302883,0
2023-01-10 22:00:00+00:00,0.0075615509413182735,0.007571685127913952,0.0075608654879033566,0.007567158900201321,0.007567158900201321,0
2023-01-10 23:00:00+00:00,0.007567215710878372,0.007573463022708893,0.007562923710793257,0.007571857422590256,0.007571857422590256,0
2023-01-11 00:00:00+00:00,0.007569907698780298,0.0075723156332969666,0.007555095944553614,0.007560750935226679,0.007560750935226679,0
2023-01-11 01:00:00+00:00,0.007560979574918747,0.007563152350485325,0.00754568912088871,0.007553497329354286,0.007553497329354286,0
2023-01-11 02:00:00+00:00,0.007553155068308115,0.007558578625321388,0.007542502135038376,0.007543810177594423,0.007543810177594423,0
2023-01-11 03:00:00+00:00,0.007544095162302256,0.007554010953754187,0.00754369655624032,0.007549905218183994,0.007549905218183994,0
2023-01-11 04:00:00+00:00,0.007550132926553488,0.00756200822070241,0.0075472272001206875,0.007560064550489187,0.007560064550489187,0
2023-01-11 05:00:00+00:00,0.007560407277196646,0.007569449488073587,0.007556751370429993,0.0075610363855957985,0.0075610363855957985,0
2023-01-11 06:00:00+00:00,0.007560921832919121,0.007567731197923422,0.007555266842246056,0.007558007724583149,0.007558007724583149,0
2023-01-11 07:00:00+00:00,0.007558578625321388,0.007567731197923422,0.007551273331046104,0.007551729679107666,0.007551729679107666,0
2023-01-11 08:00:00+00:00,0.007551729679107666,0.007555152755230665,0.007534319069236517,0.007536931429058313,0.007536931429058313,0
2023-01-11 09:00:00+00:00,0.007537271827459335,0.00755287054926157,0.007533183321356773,0.007548309396952391,0.007548309396952391,0
2023-01-11 10:00:00+00:00,0.007548365741968155,0.0075591509230434895,0.007545575499534607,0.007547283545136452,0.007547283545136452,0
2023-01-11 11:00:00+00:00,0.007547738961875439,0.007554010953754187,0.007541364058852196,0.007542559411376715,0.007542559411376715,0
2023-01-11 12:00:00+00:00,0.007542559411376715,0.0075448923744261265,0.00752604054287076,0.0075318217277526855,0.0075318217277526855,0
2023-01-11 13:00:00+00:00,0.0075321621261537075,0.0075448923744261265,0.0075297229923307896,0.007536306511610746,0.007536306511610746,0
2023-01-11 14:00:00+00:00,0.007536078337579966,0.007550588808953762,0.007533013820648193,0.007545746397227049,0.007545746397227049,0
2023-01-11 15:00:00+00:00,0.00754568912088871,0.007555723190307617,0.007541250437498093,0.00754181994125247,0.00754181994125247,0
2023-01-11 16:00:00+00:00,0.00754181994125247,0.007553440518677235,0.007541534956544638,0.007542673032730818,0.007542673032730818,0
2023-01-11 17:00:00+00:00,0.007543014362454414,0.007550018839538097,0.007540056481957436,0.007548423483967781,0.007548423483967781,0
2023-01-11 18:00:00+00:00,0.007548365741968155,0.0075608654879033566,0.007535397540777922,0.00755726546049118,0.00755726546049118,0
2023-01-11 19:00:00+00:00,0.00755726546049118,0.0075608654879033566,0.007549733854830265,0.007552413269877434,0.007552413269877434,0
2023-01-11 20:00:00+00:00,0.007551843300461769,0.007555152755230665,0.007545517757534981,0.007545632775872946,0.007545632775872946,0
2023-01-11 21:00:00+00:00,0.007545575499534607,0.007554010953754187,0.007544038817286491,0.007548992987722158,0.007548992987722158,0
2023-01-11 22:00:00+00:00,0.0075496770441532135,0.007556751370429993,0.007546600420027971,0.007554182317107916,0.007554182317107916,0
2023-01-11 23:00:00+00:00,0.007552926894277334,0.007590132765471935,0.007551729679107666,0.007581041194498539,0.007581041194498539,0
2023-01-12 00:00:00+00:00,0.007581731304526329,0.007603752892464399,0.007573807146400213,0.007581616286188364,0.007581616286188364,0
2023-01-12 01:00:00+00:00,0.007581386715173721,0.007603405974805355,0.007574896793812513,0.0075949751771986485,0.0075949751771986485,0
2023-01-12 02:00:00+00:00,0.007595205679535866,0.007608033716678619,0.007586678024381399,0.007597456220537424,0.007597456220537424,0
2023-01-12 03:00:00+00:00,0.00759762991219759,0.0076005165465176105,0.007592495530843735,0.007593302056193352,0.007593302056193352,0
2023-01-12 04:00:00+00:00,0.007593187037855387,0.007612088229507208,0.007586619816720486,0.007608033716678619,0.007608033716678619,0
2023-01-12 05:00:00+00:00,0.0076079764403402805,0.007613827008754015,0.007595667149871588,0.007596764247864485,0.007596764247864485,0
2023-01-12 06:00:00+00:00,0.007597052026540041,0.007605140563100576,0.007590132765471935,0.007591919507831335,0.007591919507831335,0
2023-01-12 07:00:00+00:00,0.007591861300170422,0.0076028285548090935,0.007581501267850399,0.007598668336868286,0.007598668336868286,0
2023-01-12 08:00:00+00:00,0.007598957512527704,0.007602250669151545,0.007588808424770832,0.007593706250190735,0.007593706250190735,0
2023-01-12 09:00:00+00:00,0.007593533489853144,0.0076429229229688644,0.007591457571834326,0.007636094465851784,0.007636094465851784,0
2023-01-12 10:00:00+00:00,0.007636327296495438,0.0076405867002904415,0.0076240431517362595,0.007633354980498552,0.007633354980498552,0
2023-01-12 11:00:00+00:00,0.007633179891854525,0.007646429352462292,0.0076316650956869125,0.0076407031156122684,0.0076407031156122684,0
2023-01-12 12:00:00+00:00,0.0076410542242228985,0.007656967267394066,0.0076405867002904415,0.007652221713215113,0.007652221713215113,0
2023-01-12 13:00:00+00:00,0.0076521048322319984,0.007723797112703323,0.007619338110089302,0.007713668514043093,0.007713668514043093,0
2023-01-12 14:00:00+00:00,0.0077137877233326435,0.007717835251241922,0.007646195590496063,0.007656792178750038,0.007656792178750038,0
2023-01-12 15:00:00+00:00,0.007656967267394066,0.007708911318331957,0.007652280852198601,0.0077023799531161785,0.0077023799531161785,0
2023-01-12 16:00:00+00:00,0.007702142931520939,0.007717835251241922,0.007695741020143032,0.007706891745328903,0.007706891745328903,0
2023-01-12 17:00:00+00:00,0.00770712923258543,0.0077423350885510445,0.007706178352236748,0.007740237284451723,0.007740237284451723,0
2023-01-12 18:00:00+00:00,0.007740177679806948,0.007760962005704641,0.007735746446996927,0.007742214947938919,0.007742214947938919,0
2023-01-12 19:00:00+00:00,0.0077423350885510445,0.00774893444031477,0.007725288160145283,0.00773437088355422,0.00773437088355422,0
2023-01-12 20:00:00+00:00,0.007733772974461317,0.0077423350885510445,0.00772618455812335,0.007740297354757786,0.007740297354757786,0
2023-01-12 21:00:00+00:00,0.007740237284451723,0.007743534166365862,0.007731380872428417,0.007735746446996927,0.007735746446996927,0
2023-01-12 22:00:00+00:00,0.007737661711871624,0.007742395158857107,0.007729169446974993,0.007735866121947765,0.007735866121947765,0
2023-01-12 23:00:00+00:00,0.007734789978712797,0.007749535609036684,0.00772618455812335,0.007741975598037243,0.007741975598037243,0
2023-01-13 00:00:00+00:00,0.007741795387119055,0.0077743567526340485,0.007734191138297319,0.007738740183413029,0.007738740183413029,0
2023-01-13 01:00:00+00:00,0.007739338558167219,0.007764578331261873,0.007731560617685318,0.007756025996059179,0.007756025996059179,0
2023-01-13 02:00:00+00:00,0.007756267208606005,0.007757952436804771,0.007734789978712797,0.007742275483906269,0.007742275483906269,0
2023-01-13 03:00:00+00:00,0.007741795387119055,0.007751337252557278,0.0077398186549544334,0.00774497352540493,0.00774497352540493,0
2023-01-13 04:00:00+00:00,0.0077450936660170555,0.007753140293061733,0.00773730268701911,0.007739399094134569,0.007739399094134569,0
2023-01-13 05:00:00+00:00,0.007739338558167219,0.007745932787656784,0.007733832113444805,0.007742155808955431,0.007742155808955431,0
2023-01-13 06:00:00+00:00,0.007742395158857107,0.00778937479481101,0.007741735782474279,0.007778953295201063,0.007778953295201063,0
2023-01-13 07:00:00+00:00,0.007779316045343876,0.007799095008522272,0.007764216046780348,0.00778992148116231,0.00778992148116231,0
2023-01-13 08:00:00+00:00,0.007789617404341698,0.007807620335370302,0.007776714861392975,0.0077921063639223576,0.0077921063639223576,0
2023-01-13 09:00:00+00:00,0.007792592514306307,0.007799703162163496,0.0077686188742518425,0.007780889980494976,0.007780889980494976,0
2023-01-13 10:00:00+00:00,0.007780587766319513,0.007797271013259888,0.0077787721529603004,0.007789982482790947,0.007789982482790947,0
2023-01-13 11:00:00+00:00,0.007790103554725647,0.007791195530444384,0.007764517795294523,0.007766808848828077,0.007766808848828077,0
2023-01-13 12:00:00+00:00,0.007767472881823778,0.0077827065251767635,0.007762167137116194,0.007780344691127539,0.007780344691127539,0
2023-01-13 13:00:00+00:00,0.007780284620821476,0.007803964428603649,0.00777381332591176,0.007798182778060436,0.007798182778060436,0
2023-01-13 14:00:00+00:00,0.007797878701239824,0.007833920419216156,0.007792592514306307,0.007830730639398098,0.007830730639398098,0
2023-01-13 15:00:00+00:00,0.007832386530935764,0.007847446016967297,0.007814941927790642,0.007842829450964928,0.007842829450964928,0
2023-01-13 16:00:00+00:00,0.007842829450964928,0.007846214808523655,0.007813720963895321,0.007821666076779366,0.007821666076779366,0
2023-01-13 17:00:00+00:00,0.007821359671652317,0.007838219404220581,0.007818914018571377,0.007830485701560974,0.007830485701560974,0
2023-01-13 18:00:00+00:00,0.007830853573977947,0.007834535092115402,0.007819769904017448,0.00782178808003664,0.00782178808003664,0
2023-01-13 19:00:00+00:00,0.007821666076779366,0.007829627022147179,0.007815919816493988,0.00781665276736021,0.00781665276736021,0
2023-01-13 20:00:00+00:00,0.007816774770617485,0.007823501713573933,0.007816469296813011,0.007819464430212975,0.007819464430212975,0
2023-01-13 21:00:00+00:00,0.007819831371307373,0.007827788591384888,0.007817630656063557,0.007821482606232166,0.007821482606232166,0
2023-01-16 00:00:00+00:00,0.007809449452906847,0.007825399748980999,0.0078003122471272945,0.007821237668395042,0.007821237668395042,0
2023-01-16 01:00:00+00:00,0.007821176201105118,0.007841476239264011,0.007815736345946789,0.007832693867385387,0.007832693867385387,0
2023-01-16 02:00:00+00:00,0.00783232506364584,0.007860584184527397,0.007829014211893082,0.00785120390355587,0.00785120390355587,0
2023-01-16 03:00:00+00:00,0.007851142436265945,0.00785768125206232,0.00784547533839941,0.007849909365177155,0.007849909365177155,0
2023-01-16 04:00:00+00:00,0.007849478162825108,0.007854410447180271,0.007829014211893082,0.007832877337932587,0.007832877337932587,0
2023-01-16 05:00:00+00:00,0.007832509465515614,0.007837358862161636,0.007825706154108047,0.007836131379008293,0.007836131379008293,0
2023-01-16 06:00:00+00:00,0.007836131379008293,0.007838772609829903,0.007804756052792072,0.00781420897692442,0.00781420897692442,0
2023-01-16 07:00:00+00:00,0.00781420897692442,0.007819831371307373,0.007800738327205181,0.007814637385308743,0.007814637385308743,0
2023-01-16 08:00:00+00:00,0.007814453914761543,0.007818730548024178,0.007760179229080677,0.007768981624394655,0.007768981624394655,0
2023-01-16 09:00:00+00:00,0.007768981624394655,0.0077957515604794025,0.007762468419969082,0.007790225092321634,0.007790225092321634,0
2023-01-16 10:00:00+00:00,0.007789982482790947,0.007795508019626141,0.007779679726809263,0.007788647431880236,0.007788647431880236,0
2023-01-16 11:00:00+00:00,0.00778895104303956,0.007805791683495045,0.007783615030348301,0.007794232107698917,0.007794232107698917,0
2023-01-16 12:00:00+00:00,0.00779411057010293,0.0077984873205423355,0.007783191744238138,0.007786949165165424,0.007786949165165424,0
2023-01-16 13:00:00+00:00,0.007786706555634737,0.007794779259711504,0.007778166327625513,0.007786828093230724,0.007786828093230724,0
2023-01-16 14:00:00+00:00,0.007786767091602087,0.007790346164256334,0.007780708838254213,0.007784039247781038,0.007784039247781038,0
2023-01-16 15:00:00+00:00,0.007783979177474976,0.007788586430251598,0.00777822732925415,0.007780164014548063,0.007780164014548063,0
2023-01-16 16:00:00+00:00,0.007780284620821476,0.0077865244820714,0.007772000040858984,0.007777863647788763,0.007777863647788763,0
2023-01-16 17:00:00+00:00,0.007777380291372538,0.007777863647788763,0.007766206283122301,0.007769705727696419,0.007769705727696419,0
2023-01-16 18:00:00+00:00,0.007769705727696419,0.007777863647788763,0.0077688004821538925,0.007777380291372538,0.007777380291372538,0
2023-01-16 19:00:00+00:00,0.007777380291372538,0.0077823433093726635,0.007775627076625824,0.007778711151331663,0.007778711151331663,0
2023-01-16 20:00:00+00:00,0.007778287399560213,0.0077819800935685635,0.007777199149131775,0.007779860869050026,0.007779860869050026,0
2023-01-16 21:00:00+00:00,0.007779739797115326,0.007786706555634737,0.007777440827339888,0.007777863647788763,0.007777863647788763,0
2023-01-16 22:00:00+00:00,0.007776775397360325,0.007790710311383009,0.007776292040944099,0.007786828093230724,0.007786828093230724,0
2023-01-16 23:00:00+00:00,0.007786220870912075,0.0078003122471272945,0.007782525382936001,0.007792895659804344,0.007792895659804344,0
2023-01-17 00:00:00+00:00,0.0077920458279550076,0.007793746422976255,0.007778287399560213,0.007787312846630812,0.007787312846630812,0
2023-01-17 01:00:00+00:00,0.007787252776324749,0.0077934423461556435,0.0077545833773911,0.007763432338833809,0.007763432338833809,0
2023-01-17 02:00:00+00:00,0.007763432338833809,0.007772543933242559,0.007742634974420071,0.007753320038318634,0.007753320038318634,0
2023-01-17 03:00:00+00:00,0.007753020152449608,0.007768559269607067,0.007751757279038429,0.007765783928334713,0.007765783928334713,0
2023-01-17 04:00:00+00:00,0.007765422109514475,0.007774961646646261,0.007762528490275145,0.007771758828312159,0.007771758828312159,0
2023-01-17 05:00:00+00:00,0.007771819364279509,0.0077779246494174,0.00776849826797843,0.007773148827254772,0.007773148827254772,0
2023-01-17 06:00:00+00:00,0.00777363171800971,0.007780647836625576,0.007754222024232149,0.007756567560136318,0.007756567560136318,0
2023-01-17 07:00:00+00:00,0.007756868842989206,0.007772302255034447,0.007750495802611113,0.007768377661705017,0.007768377661705017,0
2023-01-17 08:00:00+00:00,0.007768257055431604,0.007789557334035635,0.007766085676848888,0.0077846460044384,0.0077846460044384,0
2023-01-17 09:00:00+00:00,0.007785130757838488,0.00778519082814455,0.007763191591948271,0.0077651808969676495,0.0077651808969676495,0
2023-01-17 10:00:00+00:00,0.007765301503241062,0.007774599362164736,0.0077445534989237785,0.007759517524391413,0.007759517524391413,0
2023-01-17 11:00:00+00:00,0.007759517524391413,0.007772000040858984,0.007753681391477585,0.0077700079418718815,0.0077700079418718815,0
2023-01-17 12:00:00+00:00,0.007769646123051643,0.0077932607382535934,0.0077643366530537605,0.007778711151331663,0.007778711151331663,0
2023-01-17 13:00:00+00:00,0.007778832223266363,0.007789982482790947,0.007764940150082111,0.007769403513520956,0.007769403513520956,0
2023-01-17 14:00:00+00:00,0.007769646123051643,0.007799095008522272,0.007768921088427305,0.007795083336532116,0.007795083336532116,0
2023-01-17 15:00:00+00:00,0.007794840261340141,0.0078051830641925335,0.007773511111736298,0.00780365988612175,0.00780365988612175,0
2023-01-17 16:00:00+00:00,0.007803537882864475,0.007813354954123497,0.007795143406838179,0.007801529485732317,0.007801529485732317,0
2023-01-17 17:00:00+00:00,0.007801894564181566,0.007807620335370302,0.007792774122208357,0.007797696627676487,0.007797696627676487,0
2023-01-17 18:00:00+00:00,0.007797878701239824,0.0078003122471272945,0.007787373848259449,0.007788464892655611,0.007788464892655611,0
2023-01-17 19:00:00+00:00,0.007788768503814936,0.007802138105034828,0.007785493973642588,0.007792167365550995,0.007792167365550995,0
2023-01-17 20:00:00+00:00,0.0077920458279550076,0.007803355809301138,0.007791256532073021,0.007800433784723282,0.007800433784723282,0
2023-01-17 21:00:00+00:00,0.007799703162163496,0.00780835235491395,0.007795325946062803,0.007806400768458843,0.007806400768458843,0
2023-01-17 22:00:00+00:00,0.007805243134498596,0.007808229420334101,0.007797878701239824,0.007801651023328304,0.007801651023328304,0
2023-01-17 23:00:00+00:00,0.007801894564181566,0.007802138105034828,0.007794536184519529,0.0077962977811694145,0.0077962977811694145,0
2023-01-18 00:00:00+00:00,0.007795690558850765,0.007799703162163496,0.007757710758596659,0.007761022541671991,0.007761022541671991,0
2023-01-18 01:00:00+00:00,0.0077612632885575294,0.007781676948070526,0.007749114651232958,0.00777846947312355,0.00777846947312355,0
2023-01-18 02:00:00+00:00,0.00777834840118885,0.007790467701852322,0.007644850295037031,0.007660605013370514,0.007660605013370514,0
2023-01-18 03:00:00+00:00,0.007661015260964632,0.007668123580515385,0.007618931587785482,0.007625729311257601,0.007625729311257601,0
2023-01-18 04:00:00+00:00,0.007625671103596687,0.007628871127963066,0.007600112818181515,0.007614058908075094,0.007614058908075094,0
2023-01-18 05:00:00+00:00,0.007613768335431814,0.007648300379514694,0.007602366153150797,0.007644208613783121,0.007644208613783121,0
2023-01-18 06:00:00+00:00,0.007644675672054291,0.007661367766559124,0.007620092947036028,0.007649938575923443,0.007649938575923443,0
2023-01-18 07:00:00+00:00,0.0076495879329741,0.00768929161131382,0.00763807725161314,0.00767707172781229,0.00767707172781229,0
2023-01-18 08:00:00+00:00,0.007677307352423668,0.007716168183833361,0.007673655170947313,0.007712419610470533,0.007712419610470533,0
2023-01-18 09:00:00+00:00,0.007712240796536207,0.007740656845271587,0.007697992026805878,0.00772737804800272,0.00772737804800272,0
2023-01-18 10:00:00+00:00,0.007728631608188152,0.00774893444031477,0.007716764230281115,0.00774119608104229,0.00774119608104229,0
2023-01-18 11:00:00+00:00,0.0077409567311406136,0.007761926390230656,0.007728154305368662,0.007752959616482258,0.007752959616482258,0
2023-01-18 12:00:00+00:00,0.007752779871225357,0.0077589149586856365,0.00773736322298646,0.007747313939034939,0.007747313939034939,0
2023-01-18 13:00:00+00:00,0.007747373543679714,0.007812805473804474,0.007743234280496836,0.0078051830641925335,0.0078051830641925335,0
2023-01-18 14:00:00+00:00,0.0078049395233392715,0.007839447818696499,0.007794536184519529,0.007804999593645334,0.007804999593645334,0
2023-01-18 15:00:00+00:00,0.007805121596902609,0.007812255993485451,0.007785615045577288,0.007790164090692997,0.007790164090692997,0
2023-01-18 16:00:00+00:00,0.007790225092321634,0.007799703162163496,0.007775384932756424,0.007784524001181126,0.007784524001181126,0
2023-01-18 17:00:00+00:00,0.007784706074744463,0.00778531190007925,0.007754823658615351,0.007763311732560396,0.007763311732560396,0
2023-01-18 18:00:00+00:00,0.007763252127915621,0.007776110433042049,0.007761082611978054,0.007765844464302063,0.007765844464302063,0
2023-01-18 19:00:00+00:00,0.007765783928334713,0.007772423326969147,0.007758192718029022,0.007770732045173645,0.007770732045173645,0
2023-01-18 20:00:00+00:00,0.007770852651447058,0.007770852651447058,0.007759999018162489,0.0077603599056601524,0.0077603599056601524,0
2023-01-18 21:00:00+00:00,0.007760179229080677,0.007766387425363064,0.007755905855447054,0.007758734747767448,0.007758734747767448,0
2023-01-18 22:00:00+00:00,0.0077589149586856365,0.007776352111250162,0.00775729026645422,0.007766447030007839,0.007766447030007839,0
2023-01-18 23:00:00+00:00,0.007766387425363064,0.007785736583173275,0.007761565037071705,0.007779073901474476,0.007779073901474476,0
2023-01-19 00:00:00+00:00,0.007779073901474476,0.00779593363404274,0.007775807753205299,0.007786464411765337,0.007786464411765337,0
2023-01-19 01:00:00+00:00,0.007786949165165424,0.007794293109327555,0.007770370226353407,0.00777774304151535,0.00777774304151535,0
2023-01-19 02:00:00+00:00,0.0077778035774827,0.007790710311383009,0.007773994468152523,0.007786464411765337,0.007786464411765337,0
2023-01-19 03:00:00+00:00,0.007786767091602087,0.00780457304790616,0.007785554975271225,0.007795386482030153,0.007795386482030153,0
2023-01-19 04:00:00+00:00,0.007795083336532116,0.007818730548024178,0.007794475182890892,0.007811279036104679,0.007811279036104679,0
2023-01-19 05:00:00+00:00,0.007811279036104679,0.007827788591384888,0.0078084128908813,0.00781396497040987,0.00781396497040987,0
2023-01-19 06:00:00+00:00,0.007813720963895321,0.00782748218625784,0.007810364011675119,0.007815614342689514,0.007815614342689514,0
2023-01-19 07:00:00+00:00,0.007815736345946789,0.00781921949237585,0.007797514088451862,0.007801711559295654,0.007801711559295654,0
2023-01-19 08:00:00+00:00,0.007801651023328304,0.007807620335370302,0.0077919247560203075,0.0078008598648011684,0.0078008598648011684,0
2023-01-19 09:00:00+00:00,0.007801224943250418,0.007801285479217768,0.007788162212818861,0.007792774122208357,0.007792774122208357,0
2023-01-19 10:00:00+00:00,0.0077928355894982815,0.007794232107698917,0.007772061042487621,0.007781798020005226,0.007781798020005226,0
2023-01-19 11:00:00+00:00,0.0077821011655032635,0.007786949165165424,0.00776867987588048,0.007775324396789074,0.007775324396789074,0
2023-01-19 12:00:00+00:00,0.007775445003062487,0.007789982482790947,0.007772604934871197,0.007774417754262686,0.007774417754262686,0
2023-01-19 13:00:00+00:00,0.007774417754262686,0.007792714051902294,0.007762589026242495,0.007789314724504948,0.007789314724504948,0
2023-01-19 14:00:00+00:00,0.007789678871631622,0.007798608858138323,0.0077822222374379635,0.007791499607264996,0.007791499607264996,0
2023-01-19 15:00:00+00:00,0.007791439071297646,0.007794961798936129,0.0077746594324707985,0.0077847670763731,0.0077847670763731,0
2023-01-19 16:00:00+00:00,0.007784827146679163,0.007788162212818861,0.007776533719152212,0.007783433888107538,0.007783433888107538,0
2023-01-19 17:00:00+00:00,0.007783736102283001,0.00778937479481101,0.007774599362164736,0.007778408471494913,0.007778408471494913,0
2023-01-19 18:00:00+00:00,0.007778287399560213,0.007788768503814936,0.007774296682327986,0.007786039728671312,0.007786039728671312,0
2023-01-19 19:00:00+00:00,0.007785797584801912,0.007791317068040371,0.007779981940984726,0.007785615045577288,0.007785615045577288,0
2023-01-19 20:00:00+00:00,0.00778543297201395,0.007794657722115517,0.007783493958413601,0.007786220870912075,0.007786220870912075,0
2023-01-19 21:00:00+00:00,0.007786343339830637,0.007791317068040371,0.00778531190007925,0.007787433918565512,0.007787433918565512,0
2023-01-19 22:00:00+00:00,0.007787797600030899,0.0077923499047756195,0.00778506975620985,0.007787737529724836,0.007787737529724836,0
2023-01-19 23:00:00+00:00,0.007787797600030899,0.007791439071297646,0.007783312816172838,0.007789982482790947,0.007789982482790947,0
2023-01-20 00:00:00+00:00,0.00778992148116231,0.00779180321842432,0.007770852651447058,0.007774296682327986,0.007774296682327986,0
2023-01-20 01:00:00+00:00,0.007774296682327986,0.007780587766319513,0.007758613675832748,0.007761745247989893,0.007761745247989893,0
2023-01-20 02:00:00+00:00,0.007761986926198006,0.0077688004821538925,0.007758313324302435,0.007766628637909889,0.007766628637909889,0
2023-01-20 03:00:00+00:00,0.00776692945510149,0.007770188618451357,0.007762709632515907,0.007762829773128033,0.007762829773128033,0
2023-01-20 04:00:00+00:00,0.007763191591948271,0.0077633727341890335,0.007744493894279003,0.007749234791845083,0.007749234791845083,0
2023-01-20 05:00:00+00:00,0.00774899497628212,0.007752538658678532,0.007734131533652544,0.007741675246506929,0.007741675246506929,0
2023-01-20 06:00:00+00:00,0.007741795387119055,0.007750856224447489,0.0077408961951732635,0.007741975598037243,0.007741975598037243,0
2023-01-20 07:00:00+00:00,0.0077418554574251175,0.007765844464302063,0.007741136942058802,0.007759095635265112,0.007759095635265112,0
2023-01-20 08:00:00+00:00,0.007758613675832748,0.0077688004821538925,0.007736763916909695,0.0077383811585605145,0.0077383811585605145,0
2023-01-20 09:00:00+00:00,0.007738979533314705,0.007742634974420071,0.007722425274550915,0.007724513299763203,0.007724513299763203,0
2023-01-20 10:00:00+00:00,0.007724154740571976,0.007742095272988081,0.00770802004262805,0.007714561186730862,0.007714561186730862,0
2023-01-20 11:00:00+00:00,0.007714442443102598,0.007721590343862772,0.0076947943307459354,0.007697636727243662,0.007697636727243662,0
2023-01-20 12:00:00+00:00,0.007697399705648422,0.0077013117261230946,0.007675539702177048,0.007685568183660507,0.007685568183660507,0
2023-01-20 13:00:00+00:00,0.007685863878577948,0.007690533064305782,0.007656323257833719,0.007657084614038467,0.007657084614038467,0
2023-01-20 14:00:00+00:00,0.007656850386410952,0.0076841507107019424,0.007656323257833719,0.007679312024265528,0.007679312024265528,0
2023-01-20 15:00:00+00:00,0.0076798428781330585,0.007711408659815788,0.007674008142203093,0.007696689106523991,0.007696689106523991,0
2023-01-20 16:00:00+00:00,0.007696629501879215,0.007709148805588484,0.007693195249885321,0.007694024592638016,0.007694024592638016,0
2023-01-20 17:00:00+00:00,0.0076940832659602165,0.00771604897454381,0.0076930769719183445,0.00770802004262805,0.00770802004262805,0
2023-01-20 18:00:00+00:00,0.0077083176001906395,0.007724990602582693,0.007704576011747122,0.007715871091932058,0.007715871091932058,0
2023-01-20 19:00:00+00:00,0.00771604897454381,0.00772618455812335,0.00771503709256649,0.00771902734413743,0.00771902734413743,0
2023-01-20 20:00:00+00:00,0.007718490902334452,0.007724393159151077,0.007715811021625996,0.0077170622535049915,0.0077170622535049915,0
2023-01-20 21:00:00+00:00,0.007717359345406294,0.007725825533270836,0.007715871091932058,0.007724154740571976,0.007724154740571976,0
2023-01-20 22:00:00+00:00,0.0077196829952299595,0.0077196829952299595,0.0077196829952299595,0.0077196829952299595,0.0077196829952299595,0
2023-01-23 00:00:00+00:00,0.007729229982942343,0.007738740183413029,0.0077200401574373245,0.007735746446996927,0.007735746446996927,0
2023-01-23 01:00:00+00:00,0.007735567633062601,0.007749535609036684,0.007733593229204416,0.007740177679806948,0.007740177679806948,0
2023-01-23 02:00:00+00:00,0.0077399383299052715,0.007747733499854803,0.007736763916909695,0.007740717381238937,0.007740717381238937,0
2023-01-23 03:00:00+00:00,0.007741136942058802,0.007750736083835363,0.007732457015663385,0.007735148537904024,0.007735148537904024,0
2023-01-23 04:00:00+00:00,0.007733593229204416,0.007734550628811121,0.007707366719841957,0.007716764230281115,0.007716764230281115,0
2023-01-23 05:00:00+00:00,0.007716764230281115,0.007720219437032938,0.0076989405788481236,0.007701193448156118,0.007701193448156118,0
2023-01-23 06:00:00+00:00,0.00770113430917263,0.007704160176217556,0.007682084571570158,0.007687280885875225,0.007687280885875225,0
2023-01-23 07:00:00+00:00,0.0076875765807926655,0.007697636727243662,0.007673713378608227,0.007685213815420866,0.007685213815420866,0
2023-01-23 08:00:00+00:00,0.007685213815420866,0.00771604897454381,0.007683442439883947,0.0077089713886380196,0.0077089713886380196,0
2023-01-23 09:00:00+00:00,0.00770932761952281,0.007710100617259741,0.007697459310293198,0.007702202536165714,0.007702202536165714,0
2023-01-23 10:00:00+00:00,0.007702498696744442,0.0077106948010623455,0.007689822930842638,0.007690533064305782,0.007690533064305782,0
2023-01-23 11:00:00+00:00,0.007690355181694031,0.007692899089306593,0.007672654464840889,0.007673418615013361,0.007673418615013361,0
2023-01-23 12:00:00+00:00,0.007673596031963825,0.007686986122280359,0.007665302604436874,0.007678722497075796,0.007678722497075796,0
2023-01-23 13:00:00+00:00,0.0076783690601587296,0.007681081537157297,0.007654857821762562,0.007663422264158726,0.007663422264158726,0
2023-01-23 14:00:00+00:00,0.007663129363209009,0.007665772456675768,0.00764017878100276,0.007655619643628597,0.007655619643628597,0
2023-01-23 15:00:00+00:00,0.0076557956635952,0.007668123580515385,0.007645376492291689,0.007656381465494633,0.007656381465494633,0
2023-01-23 16:00:00+00:00,0.007656440604478121,0.007668123580515385,0.007650406565517187,0.00765134347602725,0.00765134347602725,0
2023-01-23 17:00:00+00:00,0.007651636842638254,0.007658140268176794,0.007648007944226265,0.007654623594135046,0.007654623594135046,0
2023-01-23 18:00:00+00:00,0.007654799614101648,0.007661073934286833,0.007652397733181715,0.0076538617722690105,0.0076538617722690105,0
2023-01-23 19:00:00+00:00,0.007654037792235613,0.0076593137346208096,0.007650231476873159,0.00765292439609766,0.00765292439609766,0
2023-01-23 20:00:00+00:00,0.007653393317013979,0.007658140268176794,0.007650348823517561,0.007651636842638254,0.007651636842638254,0
2023-01-23 21:00:00+00:00,0.00765204569324851,0.0076557956635952,0.0076509336940944195,0.007653451524674892,0.007653451524674892,0
2023-01-23 22:00:00+00:00,0.0076535106636583805,0.007663129363209009,0.007653276436030865,0.007656381465494633,0.007656381465494633,0
2023-01-23 23:00:00+00:00,0.007658903021365404,0.00766694825142622,0.0076557956635952,0.007657965179532766,0.007657965179532766,0
2023-01-24 00:00:00+00:00,0.007657495327293873,0.007678132504224777,0.007649471051990986,0.007669829297810793,0.007669829297810793,0
2023-01-24 01:00:00+00:00,0.007669299840927124,0.007679312024265528,0.00766653660684824,0.007677366025745869,0.007677366025745869,0
2023-01-24 02:00:00+00:00,0.007677012588828802,0.007685213815420866,0.007667300757020712,0.007673890795558691,0.007673890795558691,0
2023-01-24 03:00:00+00:00,0.007674008142203093,0.007679312024265528,0.00766571331769228,0.00767165282741189,0.00767165282741189,0
2023-01-24 04:00:00+00:00,0.007669887505471706,0.007682851515710354,0.00766612496227026,0.0076757753267884254,0.0076757753267884254,0
2023-01-24 05:00:00+00:00,0.007675657514482737,0.007689942140132189,0.007671947591006756,0.007684032432734966,0.007684032432734966,0
2023-01-24 06:00:00+00:00,0.007684032432734966,0.007691123988479376,0.007681789807975292,0.00768929161131382,0.00768929161131382,0
2023-01-24 07:00:00+00:00,0.007689645979553461,0.007710100617259741,0.0076802559196949005,0.007701193448156118,0.007701193448156118,0
2023-01-24 08:00:00+00:00,0.007701253052800894,0.0077077229507267475,0.00768296979367733,0.007691360544413328,0.007691360544413328,0
2023-01-24 09:00:00+00:00,0.007691716309636831,0.007693491410464048,0.0076693580485880375,0.007685685995966196,0.007685685995966196,0
2023-01-24 10:00:00+00:00,0.007685922551900148,0.007690533064305782,0.007676305714994669,0.007683914620429277,0.007683914620429277,0
2023-01-24 11:00:00+00:00,0.007684091106057167,0.007686986122280359,0.0076745967380702496,0.007680963259190321,0.007680963259190321,0
2023-01-24 12:00:00+00:00,0.007681317161768675,0.0076846228912472725,0.007672594860196114,0.007676482200622559,0.007676482200622559,0
2023-01-24 13:00:00+00:00,0.0076766000129282475,0.007682261988520622,0.007663539610803127,0.0076670655980706215,0.0076670655980706215,0
2023-01-24 14:00:00+00:00,0.007667535915970802,0.007673418615013361,0.007626834325492382,0.007629801984876394,0.007629801984876394,0
2023-01-24 15:00:00+00:00,0.007629918400198221,0.007691123988479376,0.007627008482813835,0.007686926517635584,0.007686926517635584,0
2023-01-24 16:00:00+00:00,0.007686986122280359,0.007700600661337376,0.007677956018596888,0.007688049226999283,0.007688049226999283,0
2023-01-24 17:00:00+00:00,0.007687636185437441,0.007699414622038603,0.007686099968850613,0.007691716309636831,0.007691716309636831,0
2023-01-24 18:00:00+00:00,0.007691478822380304,0.00769526744261384,0.007686986122280359,0.007686986122280359,0.007686986122280359,0
2023-01-24 19:00:00+00:00,0.00768704479560256,0.007692899089306593,0.007686158642172813,0.007689942140132189,0.007689942140132189,0
2023-01-24 20:00:00+00:00,0.007689586374908686,0.007692899089306593,0.007683087605983019,0.007683265022933483,0.007683265022933483,0
2023-01-24 21:00:00+00:00,0.007683205418288708,0.007686986122280359,0.0076802559196949005,0.007682733703404665,0.007682733703404665,0
2023-01-24 22:00:00+00:00,0.007682733703404665,0.007684682030230761,0.007680314593017101,0.007683442439883947,0.007683442439883947,0
2023-01-24 23:00:00+00:00,0.007683501113206148,0.007691123988479376,0.00767772039398551,0.007678840309381485,0.007678840309381485,0
2023-01-25 00:00:00+00:00,0.007679901085793972,0.007681671995669603,0.007665008772164583,0.007672830484807491,0.007672830484807491,0
2023-01-25 01:00:00+00:00,0.007672830484807491,0.007682851515710354,0.0076705943793058395,0.007676482200622559,0.007676482200622559,0
2023-01-25 02:00:00+00:00,0.0076768361032009125,0.0076875765807926655,0.007673007436096668,0.007674066815525293,0.007674066815525293,0
2023-01-25 03:00:00+00:00,0.007673831190913916,0.0076757753267884254,0.007658551447093487,0.007662717718631029,0.007662717718631029,0
2023-01-25 04:00:00+00:00,0.007662600371986628,0.007672830484807491,0.007658082526177168,0.0076663014478981495,0.0076663014478981495,0
2023-01-25 05:00:00+00:00,0.0076663014478981495,0.007668123580515385,0.007657965179532766,0.00766653660684824,0.00766653660684824,0
2023-01-25 06:00:00+00:00,0.007666477467864752,0.0076757753267884254,0.0076638925820589066,0.007669182028621435,0.007669182028621435,0
2023-01-25 07:00:00+00:00,0.007669299840927124,0.007678722497075796,0.007664009928703308,0.00766694825142622,0.00766694825142622,0
2023-01-25 08:00:00+00:00,0.00766694825142622,0.007683442439883947,0.007663304917514324,0.007679312024265528,0.007679312024265528,0
2023-01-25 09:00:00+00:00,0.007678191643208265,0.007705347612500191,0.007675716187804937,0.007701253052800894,0.007701253052800894,0
2023-01-25 10:00:00+00:00,0.007702972739934921,0.007705347612500191,0.007686276454478502,0.007693431805819273,0.007693431805819273,0
2023-01-25 11:00:00+00:00,0.007694674655795097,0.007714263163506985,0.007693254854530096,0.007710635662078857,0.007710635662078857,0
2023-01-25 12:00:00+00:00,0.007710575591772795,0.007720219437032938,0.007700837682932615,0.007710278034210205,0.007710278034210205,0
2023-01-25 13:00:00+00:00,0.007710219360888004,0.007713073864579201,0.00769029650837183,0.007694853004068136,0.007694853004068136,0
2023-01-25 14:00:00+00:00,0.007694912608712912,0.007716645020991564,0.0076921298168599606,0.007710100617259741,0.007710100617259741,0
2023-01-25 15:00:00+00:00,0.007710813544690609,0.007737542036920786,0.007709148805588484,0.007717002183198929,0.007717002183198929,0
2023-01-25 16:00:00+00:00,0.007716822903603315,0.007719623856246471,0.00769550446420908,0.007713906466960907,0.007713906466960907,0
2023-01-25 17:00:00+00:00,0.007713906466960907,0.007720219437032938,0.007709268014878035,0.00771539518609643,0.00771539518609643,0
2023-01-25 18:00:00+00:00,0.00771539518609643,0.007728572469204664,0.007714442443102598,0.007720219437032938,0.007720219437032938,0
2023-01-25 19:00:00+00:00,0.0077199810184538364,0.007722603622823954,0.007711527403444052,0.007719861809164286,0.007719861809164286,0
2023-01-25 20:00:00+00:00,0.007719861809164286,0.007723797112703323,0.007713549770414829,0.007716287858784199,0.007716287858784199,0
2023-01-25 21:00:00+00:00,0.007716227788478136,0.007721411995589733,0.007715215906500816,0.007718133740127087,0.007718133740127087,0
2023-01-25 22:00:00+00:00,0.007719206158071756,0.00772618455812335,0.007715453859418631,0.007721411995589733,0.007721411995589733,0
2023-01-25 23:00:00+00:00,0.007723916321992874,0.0077399383299052715,0.007721411995589733,0.007736285217106342,0.007736285217106342,0
2023-01-26 00:00:00+00:00,0.007736644241958857,0.007747133262455463,0.0077293491922318935,0.007739218883216381,0.007739218883216381,0
2023-01-26 01:00:00+00:00,0.007739159744232893,0.007747733499854803,0.00773144094273448,0.00773957883939147,0.00773957883939147,0
2023-01-26 02:00:00+00:00,0.007739338558167219,0.007745333481580019,0.007716822903603315,0.007729169446974993,0.007729169446974993,0
2023-01-26 03:00:00+00:00,0.007729169446974993,0.007736944127827883,0.007725766394287348,0.007733473554253578,0.007733473554253578,0
2023-01-26 04:00:00+00:00,0.00773335387930274,0.007751937955617905,0.0077326358295977116,0.007737661711871624,0.007737661711871624,0
2023-01-26 05:00:00+00:00,0.00773796159774065,0.007739338558167219,0.00772618455812335,0.007732396945357323,0.007732396945357323,0
2023-01-26 06:00:00+00:00,0.007732457015663385,0.007741735782474279,0.007727497257292271,0.00773335387930274,0.00773335387930274,0
2023-01-26 07:00:00+00:00,0.007731918711215258,0.00773335387930274,0.007707247976213694,0.007723319809883833,0.007723319809883833,0
2023-01-26 08:00:00+00:00,0.00772325973957777,0.007723797112703323,0.007700185291469097,0.0077035073190927505,0.0077035073190927505,0
2023-01-26 09:00:00+00:00,0.007703625597059727,0.0077095055021345615,0.007692722138017416,0.007694912608712912,0.007694912608712912,0
2023-01-26 10:00:00+00:00,0.007694971282035112,0.007715453859418631,0.007692425977438688,0.007711348589509726,0.007711348589509726,0
2023-01-26 11:00:00+00:00,0.00771158654242754,0.0077124787494540215,0.0076986439526081085,0.0077029140666127205,0.0077029140666127205,0
2023-01-26 12:00:00+00:00,0.007702854461967945,0.007714859209954739,0.007691478822380304,0.0077077229507267475,0.0077077229507267475,0
2023-01-26 13:00:00+00:00,0.007707247976213694,0.0077134305611252785,0.0076745967380702496,0.007700185291469097,0.007700185291469097,0
2023-01-26 14:00:00+00:00,0.007700007874518633,0.007711289916187525,0.007669711951166391,0.007673890795558691,0.007673890795558691,0
2023-01-26 15:00:00+00:00,0.007673655170947313,0.0076863947324454784,0.007659959141165018,0.007666477467864752,0.007666477467864752,0
2023-01-26 16:00:00+00:00,0.007666184101253748,0.0076751867309212685,0.007655913010239601,0.007669182028621435,0.007669182028621435,0
2023-01-26 17:00:00+00:00,0.007668712176382542,0.007678132504224777,0.007667653262615204,0.0076727126725018024,0.0076727126725018024,0
2023-01-26 18:00:00+00:00,0.007672594860196114,0.007690533064305782,0.007672477513551712,0.0076835607178509235,0.0076835607178509235,0
2023-01-26 19:00:00+00:00,0.007683501113206148,0.007685804273933172,0.007675067987293005,0.007679312024265528,0.007679312024265528,0
2023-01-26 20:00:00+00:00,0.0076791346073150635,0.007682261988520622,0.007674832362681627,0.0076778968796133995,0.0076778968796133995,0
2023-01-26 21:00:00+00:00,0.007677956018596888,0.007682025898247957,0.007675833534449339,0.007679960690438747,0.007679960690438747,0
2023-01-26 22:00:00+00:00,0.007681908085942268,0.007687518373131752,0.007678132504224777,0.007683678530156612,0.007683678530156612,0
2023-01-26 23:00:00+00:00,0.0076848589815199375,0.007714263163506985,0.0076798428781330585,0.007702082861214876,0.007702082861214876,0
2023-01-27 00:00:00+00:00,0.007704515941441059,0.007723797112703323,0.0076990588568151,0.00771396653726697,0.00771396653726697,0
2023-01-27 01:00:00+00:00,0.007714144419878721,0.00771604897454381,0.007703388575464487,0.007710813544690609,0.007710813544690609,0
2023-01-27 02:00:00+00:00,0.007710813544690609,0.007717240136116743,0.007705347612500191,0.0077062384225428104,0.0077062384225428104,0
2023-01-27 03:00:00+00:00,0.007706535514444113,0.0077124787494540215,0.007696747779846191,0.007700718939304352,0.007700718939304352,0
2023-01-27 04:00:00+00:00,0.007700897287577391,0.007701787166297436,0.007683087605983019,0.007691301871091127,0.007691301871091127,0
2023-01-27 05:00:00+00:00,0.007691123988479376,0.007700007874518633,0.007688877172768116,0.007693491410464048,0.007693491410464048,0
2023-01-27 06:00:00+00:00,0.007693491410464048,0.007704754360020161,0.0076766000129282475,0.007681671995669603,0.007681671995669603,0
2023-01-27 07:00:00+00:00,0.007681730668991804,0.007700007874518633,0.007676482200622559,0.007694615982472897,0.007694615982472897,0
2023-01-27 08:00:00+00:00,0.007694674655795097,0.0077106948010623455,0.007692189421504736,0.007697873283177614,0.007697873283177614,0
2023-01-27 09:00:00+00:00,0.007697873283177614,0.007708911318331957,0.0076947943307459354,0.007701371796429157,0.007701371796429157,0
2023-01-27 10:00:00+00:00,0.007701193448156118,0.007713668514043093,0.007700007874518633,0.007702854461967945,0.007702854461967945,0
2023-01-27 11:00:00+00:00,0.007702854461967945,0.007708911318331957,0.00769396498799324,0.007698051631450653,0.007698051631450653,0
2023-01-27 12:00:00+00:00,0.007698229979723692,0.007704754360020161,0.007692485582083464,0.0077002448961138725,0.0077002448961138725,0
2023-01-27 13:00:00+00:00,0.007700067013502121,0.007720219437032938,0.007696037646383047,0.007708198856562376,0.007708198856562376,0
2023-01-27 14:00:00+00:00,0.007707961369305849,0.007715453859418631,0.0076883453875780106,0.007698822300881147,0.007698822300881147,0
2023-01-27 15:00:00+00:00,0.007699532900005579,0.00770712923258543,0.007689822930842638,0.007693668361753225,0.007693668361753225,0
2023-01-27 16:00:00+00:00,0.007693491410464048,0.007705940864980221,0.007692780811339617,0.007696155924350023,0.007696155924350023,0
2023-01-27 17:00:00+00:00,0.007695978041738272,0.007704754360020161,0.00769473472610116,0.007697517983615398,0.007697517983615398,0
2023-01-27 18:00:00+00:00,0.007697696331888437,0.007701193448156118,0.00769526744261384,0.007697399705648422,0.007697399705648422,0
2023-01-27 19:00:00+00:00,0.007697636727243662,0.007701193448156118,0.007695859298110008,0.007697992026805878,0.007697992026805878,0
2023-01-27 20:00:00+00:00,0.007697873283177614,0.0077023799531161785,0.007696629501879215,0.0076999482698738575,0.0076999482698738575,0
2023-01-27 21:00:00+00:00,0.007699592970311642,0.007706891745328903,0.007698822300881147,0.007702735718339682,0.007702735718339682,0
2023-01-30 00:00:00+00:00,0.007702142931520939,0.007703566923737526,0.007684091106057167,0.007687636185437441,0.007687636185437441,0
2023-01-30 01:00:00+00:00,0.007687458768486977,0.007690533064305782,0.007675244938582182,0.007679312024265528,0.007679312024265528,0
2023-01-30 02:00:00+00:00,0.007679075933992863,0.007692307699471712,0.007676717825233936,0.00768828671425581,0.00768828671425581,0
2023-01-30 03:00:00+00:00,0.007688167504966259,0.007698822300881147,0.007684091106057167,0.007697636727243662,0.007697636727243662,0
2023-01-30 04:00:00+00:00,0.007697755005210638,0.007741136942058802,0.00769692612811923,0.00772325973957777,0.00772325973957777,0
2023-01-30 05:00:00+00:00,0.007723200600594282,0.007729169446974993,0.0077070691622793674,0.007714144419878721,0.007714144419878721,0
2023-01-30 06:00:00+00:00,0.007713847327977419,0.00772618455812335,0.007713073864579201,0.007716584950685501,0.007716584950685501,0
2023-01-30 07:00:00+00:00,0.007716822903603315,0.007728572469204664,0.007711467798799276,0.007717180997133255,0.007717180997133255,0
2023-01-30 08:00:00+00:00,0.007717180997133255,0.007717835251241922,0.007681612391024828,0.007684682030230761,0.007684682030230761,0
2023-01-30 09:00:00+00:00,0.007684682030230761,0.007700007874518633,0.007683914620429277,0.007694261148571968,0.007694261148571968,0
2023-01-30 10:00:00+00:00,0.007694379426538944,0.0077023799531161785,0.007692780811339617,0.007700304035097361,0.007700304035097361,0
2023-01-30 11:00:00+00:00,0.0077002448961138725,0.007701787166297436,0.007677189540117979,0.007682557217776775,0.007682557217776775,0
2023-01-30 12:00:00+00:00,0.007682261988520622,0.007693491410464048,0.007681199349462986,0.007688049226999283,0.007688049226999283,0
2023-01-30 13:00:00+00:00,0.007688167504966259,0.00769526744261384,0.007679901085793972,0.0076844459399580956,0.0076844459399580956,0
2023-01-30 14:00:00+00:00,0.007684328127652407,0.007688167504966259,0.007671476807445288,0.007676717825233936,0.007676717825233936,0
2023-01-30 15:00:00+00:00,0.00767636438831687,0.007683442439883947,0.007668594364076853,0.007673596031963825,0.007673596031963825,0
2023-01-30 16:00:00+00:00,0.007673831190913916,0.00767636438831687,0.007664656266570091,0.007671476807445288,0.007671476807445288,0
2023-01-30 17:00:00+00:00,0.007671829778701067,0.0076757753267884254,0.007667711470276117,0.007667947560548782,0.007667947560548782,0
2023-01-30 18:00:00+00:00,0.007667947560548782,0.007673418615013361,0.007666007615625858,0.007667476776987314,0.007667476776987314,0
2023-01-30 19:00:00+00:00,0.007667653262615204,0.007670476567000151,0.007658785674721003,0.007659665774554014,0.007659665774554014,0
2023-01-30 20:00:00+00:00,0.007659783121198416,0.007668712176382542,0.007659548427909613,0.007665008772164583,0.007665008772164583,0
2023-01-30 21:00:00+00:00,0.007665243465453386,0.007672830484807491,0.007664597127586603,0.007668417878448963,0.007668417878448963,0
2023-01-30 22:00:00+00:00,0.007668417878448963,0.007673655170947313,0.007666359655559063,0.007670770399272442,0.007670770399272442,0
2023-01-30 23:00:00+00:00,0.007671476807445288,0.007672830484807491,0.007661073934286833,0.007662717718631029,0.007662717718631029,0
2023-01-31 00:00:00+00:00,0.007664068136364222,0.007676953915506601,0.007662600371986628,0.0076745967380702496,0.0076745967380702496,0
2023-01-31 01:00:00+00:00,0.007674656342715025,0.007686986122280359,0.007674302905797958,0.007684682030230761,0.007684682030230761,0
2023-01-31 02:00:00+00:00,0.0076848589815199375,0.007690533064305782,0.007680491544306278,0.007681671995669603,0.007681671995669603,0
2023-01-31 03:00:00+00:00,0.007681730668991804,0.007685213815420866,0.0076766591519117355,0.007678191643208265,0.007678191643208265,0
2023-01-31 04:00:00+00:00,0.007678132504224777,0.007684032432734966,0.007668535225093365,0.007674008142203093,0.007674008142203093,0
2023-01-31 05:00:00+00:00,0.007674066815525293,0.007685804273933172,0.0076727718114852905,0.007681671995669603,0.007681671995669603,0
2023-01-31 06:00:00+00:00,0.007681671995669603,0.007685213815420866,0.007676070090383291,0.007677542977035046,0.007677542977035046,0
2023-01-31 07:00:00+00:00,0.0076774838380515575,0.007690533064305782,0.007674008142203093,0.007683618925511837,0.007683618925511837,0
2023-01-31 08:00:00+00:00,0.007684032432734966,0.007688759360462427,0.007668300066143274,0.007669652346521616,0.007669652346521616,0
2023-01-31 09:00:00+00:00,0.007669829297810793,0.007680491544306278,0.007666889112442732,0.0076693580485880375,0.0076693580485880375,0
2023-01-31 10:00:00+00:00,0.007669240701943636,0.007674008142203093,0.007663775235414505,0.0076690055429935455,0.0076690055429935455,0
2023-01-31 11:00:00+00:00,0.007669182028621435,0.0076751867309212685,0.007665302604436874,0.007666771300137043,0.007666771300137043,0
2023-01-31 12:00:00+00:00,0.00766694825142622,0.007673418615013361,0.007663187570869923,0.0076666539534926414,0.0076666539534926414,0
2023-01-31 13:00:00+00:00,0.0076666539534926414,0.007704754360020161,0.007666242308914661,0.0076989405788481236,0.0076989405788481236,0
2023-01-31 14:00:00+00:00,0.0076989405788481236,0.0077077229507267475,0.007693787105381489,0.007701668422669172,0.007701668422669172,0
2023-01-31 15:00:00+00:00,0.007701668422669172,0.0077083176001906395,0.007679253350943327,0.00769029650837183,0.00769029650837183,0
2023-01-31 16:00:00+00:00,0.007690178230404854,0.007693491410464048,0.007679312024265528,0.007681848481297493,0.007681848481297493,0
2023-01-31 17:00:00+00:00,0.007682025898247957,0.007682851515710354,0.0076714176684618,0.007681081537157297,0.007681081537157297,0
2023-01-31 18:00:00+00:00,0.007681022863835096,0.007688167504966259,0.007678604684770107,0.007684268523007631,0.007684268523007631,0
2023-01-31 19:00:00+00:00,0.007684328127652407,0.007689942140132189,0.0076802559196949005,0.007682261988520622,0.007682261988520622,0
2023-01-31 20:00:00+00:00,0.007681966293603182,0.007685804273933172,0.007678663358092308,0.007684268523007631,0.007684268523007631,0
2023-01-31 21:00:00+00:00,0.007684328127652407,0.0076894680969417095,0.007680963259190321,0.007686986122280359,0.007686986122280359,0
2023-01-31 22:00:00+00:00,0.007688167504966259,0.007690769620239735,0.007686986122280359,0.007688227109611034,0.007688227109611034,0
2023-01-31 23:00:00+00:00,0.007688463199883699,0.007691123988479376,0.0076846228912472725,0.007685626856982708,0.007685626856982708,0
2023-02-01 00:00:00+00:00,0.007686276454478502,0.0077023799531161785,0.00768043240532279,0.007697103079408407,0.007697103079408407,0
2023-02-01 01:00:00+00:00,0.007697103079408407,0.007701193448156118,0.007691123988479376,0.007691123988479376,0.007691123988479376,0
2023-02-01 02:00:00+00:00,0.0076914201490581036,0.007694674655795097,0.007685508579015732,0.007691301871091127,0.007691301871091127,0
2023-02-01 03:00:00+00:00,0.0076914201490581036,0.00769526744261384,0.007688049226999283,0.007691716309636831,0.007691716309636831,0
2023-02-01 04:00:00+00:00,0.007692011538892984,0.007693491410464048,0.007676305714994669,0.007677542977035046,0.007677542977035046,0
2023-02-01 05:00:00+00:00,0.0076774838380515575,0.007681081537157297,0.007673125248402357,0.0076751867309212685,0.0076751867309212685,0
2023-02-01 06:00:00+00:00,0.007675067987293005,0.007682261988520622,0.007673007436096668,0.007676246576011181,0.007676246576011181,0
2023-02-01 07:00:00+00:00,0.00767636438831687,0.0076846228912472725,0.007668064907193184,0.007682202383875847,0.007682202383875847,0
2023-02-01 08:00:00+00:00,0.007681908085942268,0.007698822300881147,0.007678309455513954,0.007695682346820831,0.007695682346820831,0
2023-02-01 09:00:00+00:00,0.0076958006247878075,0.007705940864980221,0.007693373132497072,0.0076996516436338425,0.0076996516436338425,0
2023-02-01 10:00:00+00:00,0.007699532900005579,0.00770712923258543,0.00769449770450592,0.007702795322984457,0.007702795322984457,0
2023-02-01 11:00:00+00:00,0.007702972739934921,0.0077106948010623455,0.007701074704527855,0.007703982759267092,0.007703982759267092,0
2023-02-01 12:00:00+00:00,0.00770374434068799,0.007713668514043093,0.007700422313064337,0.007701787166297436,0.007701787166297436,0
2023-02-01 13:00:00+00:00,0.007701431401073933,0.007734550628811121,0.007700600661337376,0.007729408331215382,0.007729408331215382,0
2023-02-01 14:00:00+00:00,0.007729588076472282,0.007735148537904024,0.007719563785940409,0.0077330549247562885,0.0077330549247562885,0
2023-02-01 15:00:00+00:00,0.007734191138297319,0.007741136942058802,0.007711229845881462,0.007736883591860533,0.007736883591860533,0
2023-02-01 16:00:00+00:00,0.007736944127827883,0.0077399383299052715,0.00773006584495306,0.0077356272377073765,0.0077356272377073765,0
2023-02-01 17:00:00+00:00,0.007735746446996927,0.0077399383299052715,0.007732098456472158,0.007738021668046713,0.007738021668046713,0
2023-02-01 18:00:00+00:00,0.0077383206225931644,0.0077399383299052715,0.007724572438746691,0.0077325766906142235,0.0077325766906142235,0
2023-02-01 19:00:00+00:00,0.007734490558505058,0.007780889980494976,0.007699829991906881,0.007766628637909889,0.007766628637909889,0
2023-02-01 20:00:00+00:00,0.007766206283122301,0.0077742356806993484,0.007742514833807945,0.007762829773128033,0.007762829773128033,0
2023-02-01 21:00:00+00:00,0.007762468419969082,0.007764578331261873,0.007747493218630552,0.007756567560136318,0.007756567560136318,0
2023-02-01 22:00:00+00:00,0.0077543421648442745,0.007762107532471418,0.007753140293061733,0.007757590617984533,0.007757590617984533,0
2023-02-01 23:00:00+00:00,0.007758192718029022,0.007788162212818861,0.007756748702377081,0.007774477358907461,0.007774477358907461,0
2023-02-02 00:00:00+00:00,0.007776292040944099,0.007803355809301138,0.007774477358907461,0.00778506975620985,0.00778506975620985,0
2023-02-02 01:00:00+00:00,0.00778506975620985,0.007787555456161499,0.007766326889395714,0.007775989361107349,0.007775989361107349,0
2023-02-02 02:00:00+00:00,0.007776292040944099,0.007783312816172838,0.00777363171800971,0.007781252730637789,0.007781252730637789,0
2023-02-02 03:00:00+00:00,0.007780768908560276,0.007786949165165424,0.0077743567526340485,0.007775928359478712,0.007775928359478712,0
2023-02-02 04:00:00+00:00,0.007775868754833937,0.007789982482790947,0.007775203324854374,0.007785251829773188,0.007785251829773188,0
2023-02-02 05:00:00+00:00,0.00778543297201395,0.00778937479481101,0.007775384932756424,0.0077764131128787994,0.0077764131128787994,0
2023-02-02 06:00:00+00:00,0.007775989361107349,0.007779679726809263,0.007764698937535286,0.007772423326969147,0.007772423326969147,0
2023-02-02 07:00:00+00:00,0.007772242650389671,0.007780889980494976,0.007769525051116943,0.007772846147418022,0.007772846147418022,0
2023-02-02 08:00:00+00:00,0.007772483862936497,0.007780284620821476,0.0077439541928470135,0.007758855354040861,0.007758855354040861,0
2023-02-02 09:00:00+00:00,0.007758493069559336,0.0077651808969676495,0.0077450331300497055,0.007758554071187973,0.007758554071187973,0
2023-02-02 10:00:00+00:00,0.007756928447633982,0.007762769237160683,0.007751396857202053,0.007757710758596659,0.007757710758596659,0
2023-02-02 11:00:00+00:00,0.007757831830531359,0.007771819364279509,0.007756748702377081,0.007768921088427305,0.007768921088427305,0
2023-02-02 12:00:00+00:00,0.007768559269607067,0.007795447483658791,0.007763794623315334,0.007787797600030899,0.007787797600030899,0
2023-02-02 13:00:00+00:00,0.007788222748786211,0.007808839902281761,0.007782646454870701,0.007787252776324749,0.007787252776324749,0
2023-02-02 14:00:00+00:00,0.007787009235471487,0.007808839902281761,0.007765965070575476,0.007771637756377459,0.007771637756377459,0
2023-02-02 15:00:00+00:00,0.007771578151732683,0.007792409975081682,0.007757109124213457,0.007787252776324749,0.007787252776324749,0
2023-02-02 16:00:00+00:00,0.007787191774696112,0.007799095008522272,0.007778832223266363,0.00778531190007925,0.00778531190007925,0
2023-02-02 17:00:00+00:00,0.007785251829773188,0.007795447483658791,0.007779981940984726,0.007782888598740101,0.007782888598740101,0
2023-02-02 18:00:00+00:00,0.007782767526805401,0.007788768503814936,0.007776352111250162,0.007780466694384813,0.007780466694384813,0
2023-02-02 19:00:00+00:00,0.007780587766319513,0.007785130757838488,0.007771819364279509,0.0077743567526340485,0.0077743567526340485,0
2023-02-02 20:00:00+00:00,0.00777393439784646,0.007776654791086912,0.007766206283122301,0.00776692945510149,0.00776692945510149,0
2023-02-02 21:00:00+00:00,0.007767231669276953,0.0077742356806993484,0.007766628637909889,0.007771940436214209,0.007771940436214209,0
2023-02-02 22:00:00+00:00,0.007773027755320072,0.007776352111250162,0.007770611438900232,0.007775384932756424,0.007775384932756424,0
2023-02-02 23:00:00+00:00,0.007775627076625824,0.007777863647788763,0.007766085676848888,0.007766688242554665,0.007766688242554665,0
2023-02-03 00:00:00+00:00,0.007766206283122301,0.007781495805829763,0.007762589026242495,0.007774961646646261,0.007774961646646261,0
2023-02-03 01:00:00+00:00,0.007774900645017624,0.007779073901474476,0.007764999754726887,0.007769705727696419,0.007769705727696419,0
2023-02-03 02:00:00+00:00,0.007769646123051643,0.007781495805829763,0.007769464515149593,0.007777985651046038,0.007777985651046038,0
2023-02-03 03:00:00+00:00,0.007777985651046038,0.007786343339830637,0.007776775397360325,0.007778832223266363,0.007778832223266363,0
2023-02-03 04:00:00+00:00,0.007778650149703026,0.007783312816172838,0.007775384932756424,0.007779921870678663,0.007779921870678663,0
2023-02-03 05:00:00+00:00,0.007779800798743963,0.007783312816172838,0.007772967219352722,0.007775506004691124,0.007775506004691124,0
2023-02-03 06:00:00+00:00,0.007775566074997187,0.007780889980494976,0.007772543933242559,0.00777846947312355,0.00777846947312355,0
2023-02-03 07:00:00+00:00,0.007778590079396963,0.007784524001181126,0.007770370226353407,0.007775384932756424,0.007775384932756424,0
2023-02-03 08:00:00+00:00,0.007775445003062487,0.00777846947312355,0.0077686188742518425,0.007769766729325056,0.007769766729325056,0
2023-02-03 09:00:00+00:00,0.007769343908876181,0.007780889980494976,0.007769343908876181,0.007778650149703026,0.007778650149703026,0
2023-02-03 10:00:00+00:00,0.007779073901474476,0.007788162212818861,0.007775445003062487,0.007783918175846338,0.007783918175846338,0
2023-02-03 11:00:00+00:00,0.007783979177474976,0.00779180321842432,0.0077821011655032635,0.007788464892655611,0.007788464892655611,0
2023-02-03 12:00:00+00:00,0.007788525894284248,0.007794232107698917,0.007784221787005663,0.0077864034101367,0.0077864034101367,0
2023-02-03 13:00:00+00:00,0.007786343339830637,0.00779180321842432,0.007680373732000589,0.007695682346820831,0.007695682346820831,0
2023-02-03 14:00:00+00:00,0.007695682346820831,0.007701787166297436,0.007664303295314312,0.007673007436096668,0.007673007436096668,0
2023-02-03 15:00:00+00:00,0.007673065643757582,0.007673125248402357,0.007623113691806793,0.007629744242876768,0.007629744242876768,0
2023-02-03 16:00:00+00:00,0.007629801984876394,0.007644675672054291,0.007628347259014845,0.0076294527389109135,0.0076294527389109135,0
2023-02-03 17:00:00+00:00,0.00762921990826726,0.007638252340257168,0.00762218376621604,0.007630675099790096,0.007630675099790096,0
2023-02-03 18:00:00+00:00,0.007631024345755577,0.007637085393071175,0.007623985409736633,0.0076272995211184025,0.0076272995211184025,0
2023-02-03 19:00:00+00:00,0.007627706974744797,0.007633587811142206,0.007624682504683733,0.0076302094385027885,0.0076302094385027885,0
2023-02-03 20:00:00+00:00,0.0076302094385027885,0.007632422260940075,0.007624391466379166,0.00762538006529212,0.00762538006529212,0
2023-02-03 21:00:00+00:00,0.007625671103596687,0.0076271831057965755,0.0076218354515731335,0.007624507881700993,0.007624507881700993,0
2023-02-06 00:00:00+00:00,0.007572487462311983,0.007583801168948412,0.007553840056061745,0.00755926501005888,0.00755926501005888,0
2023-02-06 01:00:00+00:00,0.0075591509230434895,0.007572888862341642,0.00755726546049118,0.007560064550489187,0.007560064550489187,0
2023-02-06 02:00:00+00:00,0.007560064550489187,0.007591631263494492,0.007554296404123306,0.007573634386062622,0.007573634386062622,0
2023-02-06 03:00:00+00:00,0.007573463022708893,0.007588980719447136,0.007570423651486635,0.007581501267850399,0.007581501267850399,0
2023-02-06 04:00:00+00:00,0.007581616286188364,0.00759589858353138,0.00757627421990037,0.0075944559648633,0.0075944559648633,0
2023-02-06 05:00:00+00:00,0.007594109978526831,0.007601094897836447,0.007585699670016766,0.007591285277158022,0.007591285277158022,0
2023-02-06 06:00:00+00:00,0.007591170258820057,0.00759589858353138,0.007579490076750517,0.007585699670016766,0.007585699670016766,0
2023-02-06 07:00:00+00:00,0.007585929706692696,0.007599361706525087,0.007582075893878937,0.007588231936097145,0.007588231936097145,0
2023-02-06 08:00:00+00:00,0.007588289678096771,0.007601094897836447,0.0075703090988099575,0.007586734835058451,0.007586734835058451,0
2023-02-06 09:00:00+00:00,0.007586447987705469,0.007591285277158022,0.007574494928121567,0.007579432334750891,0.007579432334750891,0
2023-02-06 10:00:00+00:00,0.007579432334750891,0.007582075893878937,0.0075591509230434895,0.0075626373291015625,0.0075626373291015625,0
2023-02-06 11:00:00+00:00,0.007563037797808647,0.007573463022708893,0.0075591509230434895,0.007571226451545954,0.007571226451545954,0
2023-02-06 12:00:00+00:00,0.00757139828056097,0.007581501267850399,0.0075678457506000996,0.007570423651486635,0.007570423651486635,0
2023-02-06 13:00:00+00:00,0.0075703090988099575,0.007575184106826782,0.0075410231947898865,0.007544266059994698,0.007544266059994698,0
2023-02-06 14:00:00+00:00,0.007544322870671749,0.007555152755230665,0.007537612691521645,0.007542330771684647,0.007542330771684647,0
2023-02-06 15:00:00+00:00,0.007542615756392479,0.007544322870671749,0.007526096422225237,0.007527682930231094,0.007527682930231094,0
2023-02-06 16:00:00+00:00,0.007527569774538279,0.00753863574936986,0.007524454966187477,0.0075327861122787,0.0075327861122787,0
2023-02-06 17:00:00+00:00,0.007532672490924597,0.0075374990701675415,0.007524341810494661,0.007531765382736921,0.007531765382736921,0
2023-02-06 18:00:00+00:00,0.007531879004091024,0.007542615756392479,0.007530687842518091,0.007542615756392479,0.007542615756392479,0
2023-02-06 19:00:00+00:00,0.0075407386757433414,0.007551729679107666,0.007540170103311539,0.007546714507043362,0.007546714507043362,0
2023-02-06 20:00:00+00:00,0.007546315435320139,0.007548878900706768,0.007537101395428181,0.007540624588727951,0.007540624588727951,0
2023-02-06 21:00:00+00:00,0.0075407386757433414,0.007542615756392479,0.007538067176938057,0.007539544720202684,0.007539544720202684,0
2023-02-06 22:00:00+00:00,0.007538294419646263,0.007546998560428619,0.0075374990701675415,0.007540568243712187,0.007540568243712187,0
2023-02-06 23:00:00+00:00,0.007540341001003981,0.007544322870671749,0.0075354548171162605,0.0075401137582957745,0.0075401137582957745,0
2023-02-07 00:00:00+00:00,0.007540283724665642,0.007554582320153713,0.0075401137582957745,0.0075454614125192165,0.0075454614125192165,0
2023-02-07 01:00:00+00:00,0.00754512008279562,0.007563724182546139,0.007544095162302256,0.007558979094028473,0.007558979094028473,0
2023-02-07 02:00:00+00:00,0.0075591509230434895,0.007562580518424511,0.007554010953754187,0.007555495016276836,0.007555495016276836,0
2023-02-07 03:00:00+00:00,0.007555495016276836,0.007568877190351486,0.007554524578154087,0.007560293190181255,0.007560293190181255,0
2023-02-07 04:00:00+00:00,0.007560007739812136,0.007563152350485325,0.00755258509889245,0.00756069365888834,0.00756069365888834,0
2023-02-07 05:00:00+00:00,0.0075608654879033566,0.007564868777990341,0.007556180469691753,0.007561093661934137,0.007561093661934137,0
2023-02-07 06:00:00+00:00,0.0075613223016262054,0.0075746094807982445,0.007560064550489187,0.00757019454613328,0.00757019454613328,0
2023-02-07 07:00:00+00:00,0.0075703090988099575,0.0075780535116791725,0.007563438732177019,0.007566300220787525,0.007566300220787525,0
2023-02-07 08:00:00+00:00,0.007566300220787525,0.0075935907661914825,0.007557321805506945,0.007582018151879311,0.007582018151879311,0
2023-02-07 09:00:00+00:00,0.007582133170217276,0.007594744674861431,0.007579834666103125,0.007586793042719364,0.007586793042719364,0
2023-02-07 10:00:00+00:00,0.007586908061057329,0.007590708788484335,0.007577709387987852,0.007578226272016764,0.007578226272016764,0
2023-02-07 11:00:00+00:00,0.007577996701002121,0.007579777389764786,0.0075616086833179,0.007567158900201321,0.007567158900201321,0
2023-02-07 12:00:00+00:00,0.007566757965832949,0.007577479816973209,0.007566184736788273,0.007575069088488817,0.007575069088488817,0
2023-02-07 13:00:00+00:00,0.007575011346489191,0.0075884051620960236,0.007567558903247118,0.007582248654216528,0.007582248654216528,0
2023-02-07 14:00:00+00:00,0.007582305930554867,0.007586678024381399,0.007571857422590256,0.007576503790915012,0.007576503790915012,0
2023-02-07 15:00:00+00:00,0.007576791103929281,0.007621951401233673,0.007571857422590256,0.0076196277514100075,0.0076196277514100075,0
2023-02-07 16:00:00+00:00,0.007619570475071669,0.0076271831057965755,0.007610234431922436,0.007612145971506834,0.007612145971506834,0
2023-02-07 17:00:00+00:00,0.007612145971506834,0.007665184326469898,0.007609018124639988,0.007659196387976408,0.007659196387976408,0
2023-02-07 18:00:00+00:00,0.007659020368009806,0.007662835065275431,0.007605719845741987,0.0076132467947900295,0.0076132467947900295,0
2023-02-07 19:00:00+00:00,0.007613362744450569,0.007634753827005625,0.007610407657921314,0.007628463674336672,0.007628463674336672,0
2023-02-07 20:00:00+00:00,0.007628347259014845,0.007634170353412628,0.007619279902428389,0.007628696039319038,0.007628696039319038,0
2023-02-07 21:00:00+00:00,0.007628637365996838,0.007633238565176725,0.007625671103596687,0.0076303258538246155,0.0076303258538246155,0
2023-02-07 22:00:00+00:00,0.007630675099790096,0.007634229026734829,0.007625962141901255,0.007630442269146442,0.007630442269146442,0
2023-02-07 23:00:00+00:00,0.007630733773112297,0.007633587811142206,0.007625845726579428,0.0076313745230436325,0.0076313745230436325,0
2023-02-08 00:00:00+00:00,0.007630442269146442,0.007651109714061022,0.007628928869962692,0.007642104756087065,0.007642104756087065,0
2023-02-08 01:00:00+00:00,0.007641930133104324,0.007646429352462292,0.007619976997375488,0.0076218354515731335,0.0076218354515731335,0
2023-02-08 02:00:00+00:00,0.007621892727911472,0.007623694371432066,0.00761139253154397,0.007621951401233673,0.007621951401233673,0
2023-02-08 03:00:00+00:00,0.007622532080858946,0.007630675099790096,0.007619395852088928,0.007626252248883247,0.007626252248883247,0
2023-02-08 04:00:00+00:00,0.007626426871865988,0.007633005268871784,0.00762218376621604,0.007625147700309753,0.007625147700309753,0
2023-02-08 05:00:00+00:00,0.0076250312849879265,0.007630675099790096,0.007620266638696194,0.007628347259014845,0.007628347259014845,0
2023-02-08 06:00:00+00:00,0.007628405001014471,0.007634753827005625,0.007617828901857138,0.007624275516718626,0.007624275516718626,0
2023-02-08 07:00:00+00:00,0.007623287383466959,0.007643506862223148,0.007611914072185755,0.007640528492629528,0.007640528492629528,0
2023-02-08 08:00:00+00:00,0.007640119642019272,0.007646429352462292,0.007632888853549957,0.007643623743206263,0.007643623743206263,0
2023-02-08 09:00:00+00:00,0.007643389981240034,0.0076587265357375145,0.007641171105206013,0.007652748841792345,0.007652748841792345,0
2023-02-08 10:00:00+00:00,0.007652866188436747,0.007654623594135046,0.007635627873241901,0.007644909434020519,0.007644909434020519,0
2023-02-08 11:00:00+00:00,0.0076451427303254604,0.0076557956635952,0.0076410542242228985,0.00764245493337512,0.00764245493337512,0
2023-02-08 12:00:00+00:00,0.0076421634294092655,0.007649938575923443,0.007628928869962692,0.00762951048091054,0.00762951048091054,0
2023-02-08 13:00:00+00:00,0.00762956915423274,0.007633005268871784,0.007614522241055965,0.007618931587785482,0.007618931587785482,0
2023-02-08 14:00:00+00:00,0.007619163487106562,0.007630093023180962,0.007605488412082195,0.007611623965203762,0.007611623965203762,0
2023-02-08 15:00:00+00:00,0.00761150848120451,0.007615566253662109,0.007602366153150797,0.007607571315020323,0.007607571315020323,0
2023-02-08 16:00:00+00:00,0.007607628591358662,0.007621951401233673,0.00760676059871912,0.007617944851517677,0.007617944851517677,0
2023-02-08 17:00:00+00:00,0.007617886643856764,0.007626019883900881,0.007615739945322275,0.0076182931661605835,0.0076182931661605835,0
2023-02-08 18:00:00+00:00,0.007618641015142202,0.007630093023180962,0.007613768335431814,0.007618872914463282,0.007618872914463282,0
2023-02-08 19:00:00+00:00,0.0076192221604287624,0.007623113691806793,0.007612320128828287,0.007612493354827166,0.007612493354827166,0
2023-02-08 20:00:00+00:00,0.007612551562488079,0.007615566253662109,0.00760676059871912,0.0076088448986411095,0.0076088448986411095,0
2023-02-08 21:00:00+00:00,0.007608496583998203,0.007613827008754015,0.007606934290379286,0.007610407657921314,0.007610407657921314,0
2023-02-08 22:00:00+00:00,0.00761150848120451,0.007615566253662109,0.007608033716678619,0.007614638190716505,0.007614638190716505,0
2023-02-08 23:00:00+00:00,0.0076152184046804905,0.007617886643856764,0.007610234431922436,0.007612088229507208,0.007612088229507208,0
2023-02-09 00:00:00+00:00,0.007611335255205631,0.007621369790285826,0.007600690238177776,0.007604100275784731,0.007604100275784731,0
2023-02-09 01:00:00+00:00,0.007604388985782862,0.007606876082718372,0.0075858719646930695,0.007603290490806103,0.007603290490806103,0
2023-02-09 02:00:00+00:00,0.007603233214467764,0.007613827008754015,0.007601846009492874,0.007608439307659864,0.007608439307659864,0
2023-02-09 03:00:00+00:00,0.0076088448986411095,0.007617306429892778,0.007606934290379286,0.007610350381582975,0.007610350381582975,0
2023-02-09 04:00:00+00:00,0.007610466331243515,0.007617306429892778,0.007607108447700739,0.007609191816300154,0.007609191816300154,0
2023-02-09 05:00:00+00:00,0.007609191816300154,0.00764923682436347,0.0075909970328211784,0.007611798122525215,0.007611798122525215,0
2023-02-09 06:00:00+00:00,0.007612377405166626,0.0076266019605100155,0.007608381099998951,0.007617770694196224,0.007617770694196224,0
2023-02-09 07:00:00+00:00,0.007617886643856764,0.00762951048091054,0.007612088229507208,0.007624857593327761,0.007624857593327761,0
2023-02-09 08:00:00+00:00,0.007624857593327761,0.007642338052392006,0.007624566555023193,0.007636327296495438,0.007636327296495438,0
2023-02-09 09:00:00+00:00,0.00763603625819087,0.007646429352462292,0.0076317815110087395,0.00764327310025692,0.00764327310025692,0
2023-02-09 10:00:00+00:00,0.00764280604198575,0.007649938575923443,0.007638777606189251,0.007642747368663549,0.007642747368663549,0
2023-02-09 11:00:00+00:00,0.007642630487680435,0.007644675672054291,0.007626950740814209,0.007638602517545223,0.007638602517545223,0
2023-02-09 12:00:00+00:00,0.007638602517545223,0.007654623594135046,0.0076362695544958115,0.0076458449475467205,0.0076458449475467205,0
2023-02-09 13:00:00+00:00,0.007645785808563232,0.007673418615013361,0.007641111966222525,0.007668476086109877,0.007668476086109877,0
2023-02-09 14:00:00+00:00,0.007668652571737766,0.007669887505471706,0.0076487683691084385,0.007652866188436747,0.007652866188436747,0
2023-02-09 15:00:00+00:00,0.007653159089386463,0.007656381465494633,0.007635744754225016,0.007639419753104448,0.007639419753104448,0
2023-02-09 16:00:00+00:00,0.007639069110155106,0.007639419753104448,0.007623985409736633,0.007634520530700684,0.007634520530700684,0
2023-02-09 17:00:00+00:00,0.007634811569005251,0.007638252340257168,0.0076156239956617355,0.007624857593327761,0.007624857593327761,0
2023-02-09 18:00:00+00:00,0.00762479892000556,0.0076266019605100155,0.007606645114719868,0.007608033716678619,0.007608033716678619,0
2023-02-09 19:00:00+00:00,0.007608149666339159,0.0076132467947900295,0.007598899304866791,0.007600170094519854,0.007600170094519854,0
2023-02-09 20:00:00+00:00,0.007600228302180767,0.0076045626774430275,0.00759589858353138,0.007598206866532564,0.007598206866532564,0
2023-02-09 21:00:00+00:00,0.007597802672535181,0.007605140563100576,0.007596764247864485,0.007599939126521349,0.007599939126521349,0
2023-02-09 22:00:00+00:00,0.007599939126521349,0.007613595109432936,0.007599361706525087,0.007608670741319656,0.007608670741319656,0
2023-02-09 23:00:00+00:00,0.007607918232679367,0.007612725719809532,0.007602366153150797,0.007603926584124565,0.007603926584124565,0
2023-02-10 00:00:00+00:00,0.007603811100125313,0.0076045626774430275,0.007589210756123066,0.007601094897836447,0.007601094897836447,0
2023-02-10 01:00:00+00:00,0.007601267658174038,0.0076028285548090935,0.007582190912216902,0.00759762991219759,0.00759762991219759,0
2023-02-10 02:00:00+00:00,0.007597456220537424,0.007606297731399536,0.007592726033180952,0.007593879476189613,0.007593879476189613,0
2023-02-10 03:00:00+00:00,0.007593706250190735,0.007599939126521349,0.007588059641420841,0.007589557208120823,0.007589557208120823,0
2023-02-10 04:00:00+00:00,0.007589383982121944,0.007599361706525087,0.007587081287056208,0.0075920345261693,0.0075920345261693,0
2023-02-10 05:00:00+00:00,0.0075920345261693,0.0076070502400398254,0.007586734835058451,0.007601672317832708,0.007601672317832708,0
2023-02-10 06:00:00+00:00,0.007601499557495117,0.007610350381582975,0.007596821524202824,0.0076005165465176105,0.0076005165465176105,0
2023-02-10 07:00:00+00:00,0.007600285578519106,0.00767165282741189,0.007596936542540789,0.007665772456675768,0.007665772456675768,0
2023-02-10 08:00:00+00:00,0.00766594847664237,0.0077042789198458195,0.007655208930373192,0.007673065643757582,0.007673065643757582,0
2023-02-10 09:00:00+00:00,0.007672830484807491,0.007677542977035046,0.007608555257320404,0.007637551985681057,0.007637551985681057,0
2023-02-10 10:00:00+00:00,0.007637318689376116,0.0076458449475467205,0.007623229641467333,0.00764017878100276,0.00764017878100276,0
2023-02-10 11:00:00+00:00,0.00763982767239213,0.007649938575923443,0.007629918400198221,0.007644675672054291,0.007644675672054291,0
2023-02-10 12:00:00+00:00,0.007643332239240408,0.007649353705346584,0.0076293363235890865,0.007637551985681057,0.007637551985681057,0
2023-02-10 13:00:00+00:00,0.007637610659003258,0.0076593137346208096,0.007636210881173611,0.007650231476873159,0.007650231476873159,0
2023-02-10 14:00:00+00:00,0.007650231476873159,0.007656967267394066,0.007627998013049364,0.007633587811142206,0.007633587811142206,0
2023-02-10 15:00:00+00:00,0.007633471395820379,0.007633704226464033,0.007610002066940069,0.007614290341734886,0.007614290341734886,0
2023-02-10 16:00:00+00:00,0.007614233065396547,0.007617886643856764,0.00759988185018301,0.007604273501783609,0.007604273501783609,0
2023-02-10 17:00:00+00:00,0.007603752892464399,0.00761150848120451,0.007602481637150049,0.007604852318763733,0.007604852318763733,0
2023-02-10 18:00:00+00:00,0.0076050832867622375,0.007609770633280277,0.007600805722177029,0.007601672317832708,0.007601672317832708,0
2023-02-10 19:00:00+00:00,0.007601730525493622,0.007608033716678619,0.007598842028528452,0.0076040420681238174,0.0076040420681238174,0
2023-02-10 20:00:00+00:00,0.007603984791785479,0.007612667512148619,0.007602712605148554,0.007610350381582975,0.007610350381582975,0
2023-02-10 21:00:00+00:00,0.007609713356941938,0.007615798152983189,0.007605892606079578,0.007613420952111483,0.007613420952111483,0
2023-02-13 00:00:00+00:00,0.007601672317832708,0.007609191816300154,0.007590708788484335,0.007593360263854265,0.007593360263854265,0
2023-02-13 01:00:00+00:00,0.007593360263854265,0.007597052026540041,0.0075795468874275684,0.007594340480864048,0.007594340480864048,0
2023-02-13 02:00:00+00:00,0.007594109978526831,0.007597052026540041,0.007585296873003244,0.00759093975648284,0.00759093975648284,0
2023-02-13 03:00:00+00:00,0.007590882014483213,0.007591861300170422,0.007567558903247118,0.007574380375444889,0.007574380375444889,0
2023-02-13 04:00:00+00:00,0.007574438117444515,0.007575184106826782,0.0075657847337424755,0.007568074855953455,0.007568074855953455,0
2023-02-13 05:00:00+00:00,0.007568303495645523,0.007571168709546328,0.007563380990177393,0.0075651551596820354,0.0075651551596820354,0
2023-02-13 06:00:00+00:00,0.007565097417682409,0.007571168709546328,0.007558407727628946,0.007563152350485325,0.007563152350485325,0
2023-02-13 07:00:00+00:00,0.007563095539808273,0.007576331030577421,0.007559493184089661,0.0075682466849684715,0.0075682466849684715,0
2023-02-13 08:00:00+00:00,0.007568303495645523,0.007570022251456976,0.007547853048890829,0.007550874259322882,0.007550874259322882,0
2023-02-13 09:00:00+00:00,0.007550760172307491,0.007555152755230665,0.0075317081063985825,0.007536816876381636,0.007536816876381636,0
2023-02-13 10:00:00+00:00,0.007536987774074078,0.007547738961875439,0.007534319069236517,0.007543753832578659,0.007543753832578659,0
2023-02-13 11:00:00+00:00,0.007543753832578659,0.007548309396952391,0.0075364201329648495,0.007536760531365871,0.007536760531365871,0
2023-02-13 12:00:00+00:00,0.007536931429058313,0.007556865457445383,0.0075321621261537075,0.007551330141723156,0.007551330141723156,0
2023-02-13 13:00:00+00:00,0.007551330141723156,0.007555152755230665,0.0075289299711585045,0.007535113487392664,0.007535113487392664,0
2023-02-13 14:00:00+00:00,0.0075353411957621574,0.0075448923744261265,0.007525983266532421,0.007543469313532114,0.007543469313532114,0
2023-02-13 15:00:00+00:00,0.0075432416051626205,0.007546600420027971,0.007529780268669128,0.007530063856393099,0.007530063856393099,0
2023-02-13 16:00:00+00:00,0.007530177477747202,0.007536931429058313,0.007523888256400824,0.007535113487392664,0.007535113487392664,0
2023-02-13 17:00:00+00:00,0.00753522664308548,0.007550018839538097,0.007534943521022797,0.007542900275439024,0.007542900275439024,0
2023-02-13 18:00:00+00:00,0.0075431279838085175,0.007552299648523331,0.007541762664914131,0.007547283545136452,0.007547283545136452,0
2023-02-13 19:00:00+00:00,0.007547169923782349,0.007555152755230665,0.007546201813966036,0.007549448404461145,0.007549448404461145,0
2023-02-13 20:00:00+00:00,0.007549392059445381,0.00756200822070241,0.0075491066090762615,0.00755926501005888,0.00755926501005888,0
2023-02-13 21:00:00+00:00,0.007559321820735931,0.007562580518424511,0.007550303358584642,0.00755287054926157,0.00755287054926157,0
2023-02-13 22:00:00+00:00,0.007552299648523331,0.007555723190307617,0.007548593915998936,0.007552299648523331,0.007552299648523331,0
2023-02-13 23:00:00+00:00,0.007554582320153713,0.00756429648026824,0.007549448404461145,0.007558007724583149,0.007558007724583149,0
2023-02-14 00:00:00+00:00,0.007556751370429993,0.007571168709546328,0.007554468233138323,0.007568074855953455,0.007568074855953455,0
2023-02-14 01:00:00+00:00,0.007567960303276777,0.007577479816973209,0.00756544154137373,0.007572888862341642,0.007572888862341642,0
2023-02-14 02:00:00+00:00,0.0075729466043412685,0.007581501267850399,0.00756429648026824,0.007566928863525391,0.007566928863525391,0
2023-02-14 03:00:00+00:00,0.007566872518509626,0.007576905656605959,0.007566070184111595,0.007573921699076891,0.007573921699076891,0
2023-02-14 04:00:00+00:00,0.007573807146400213,0.007579777389764786,0.007571741938591003,0.007577767129987478,0.007577767129987478,0
2023-02-14 05:00:00+00:00,0.007577709387987852,0.007589557208120823,0.007576847914606333,0.007583456113934517,0.007583456113934517,0
2023-02-14 06:00:00+00:00,0.0075835129246115685,0.007586678024381399,0.007572143338620663,0.007578628603368998,0.007578628603368998,0
2023-02-14 07:00:00+00:00,0.007578743156045675,0.0075861020013689995,0.007569736335426569,0.007570997346192598,0.007570997346192598,0
2023-02-14 08:00:00+00:00,0.007571226451545954,0.007581501267850399,0.007567616645246744,0.007575069088488817,0.007575069088488817,0
2023-02-14 09:00:00+00:00,0.007575184106826782,0.007582075893878937,0.007571226451545954,0.0075747244991362095,0.0075747244991362095,0
2023-02-14 10:00:00+00:00,0.007574896793812513,0.007577479816973209,0.007556066382676363,0.007561208214610815,0.007561208214610815,0
2023-02-14 11:00:00+00:00,0.0075613223016262054,0.007568303495645523,0.007556636817753315,0.007562580518424511,0.007562580518424511,0
2023-02-14 12:00:00+00:00,0.0075624664314091206,0.007576331030577421,0.007560122292488813,0.0075746094807982445,0.0075746094807982445,0
2023-02-14 13:00:00+00:00,0.007574494928121567,0.007604620885103941,0.007523718755692244,0.007560579106211662,0.007560579106211662,0
2023-02-14 14:00:00+00:00,0.007560579106211662,0.007570595946162939,0.007511398755013943,0.007533580996096134,0.007533580996096134,0
2023-02-14 15:00:00+00:00,0.007533637341111898,0.0075591509230434895,0.007521398831158876,0.007528872694820166,0.007528872694820166,0
2023-02-14 16:00:00+00:00,0.007528703194111586,0.007536931429058313,0.007512866053730249,0.007515802513808012,0.007515802513808012,0
2023-02-14 17:00:00+00:00,0.0075159152038395405,0.007519362028688192,0.007501031272113323,0.007514277007430792,0.007514277007430792,0
2023-02-14 18:00:00+00:00,0.007514446973800659,0.007528986316174269,0.007512640208005905,0.007513034623116255,0.007513034623116255,0
2023-02-14 19:00:00+00:00,0.007513034623116255,0.007518797181546688,0.007506098132580519,0.007516084238886833,0.007516084238886833,0
2023-02-14 20:00:00+00:00,0.007516084238886833,0.007520493119955063,0.007512921933084726,0.007516931742429733,0.007516931742429733,0
2023-02-14 21:00:00+00:00,0.007516875397413969,0.007519362028688192,0.007509762421250343,0.007509875111281872,0.007509875111281872,0
2023-02-14 22:00:00+00:00,0.007512696553021669,0.007517101243138313,0.007510044611990452,0.007515236735343933,0.007515236735343933,0
2023-02-14 23:00:00+00:00,0.007515068165957928,0.0075221904553473,0.007512019481509924,0.0075189098715782166,0.0075189098715782166,0
2023-02-15 00:00:00+00:00,0.007519475184381008,0.007539203856140375,0.007515124045312405,0.00753522664308548,0.00753522664308548,0
2023-02-15 01:00:00+00:00,0.0075350571423769,0.007546030450612307,0.00752859003841877,0.007540283724665642,0.007540283724665642,0
2023-02-15 02:00:00+00:00,0.007540341001003981,0.007541477680206299,0.007526833098381758,0.007528646383434534,0.007528646383434534,0
2023-02-15 03:00:00+00:00,0.007528646383434534,0.007532389368861914,0.007514277007430792,0.007516480050981045,0.007516480050981045,0
2023-02-15 04:00:00+00:00,0.007516592741012573,0.007520493119955063,0.0075088609009981155,0.007513429969549179,0.007513429969549179,0
2023-02-15 05:00:00+00:00,0.007513487245887518,0.007520493119955063,0.007510270457714796,0.007513825781643391,0.007513825781643391,0
2023-02-15 06:00:00+00:00,0.007513768505305052,0.0075221904553473,0.007496701553463936,0.007500806357711554,0.007500806357711554,0
2023-02-15 07:00:00+00:00,0.007501088082790375,0.007509198971092701,0.007494117133319378,0.0074994005262851715,0.0074994005262851715,0
2023-02-15 08:00:00+00:00,0.007499625440686941,0.007506380323320627,0.007494061253964901,0.007495689671486616,0.007495689671486616,0
2023-02-15 09:00:00+00:00,0.007494679186493158,0.007506380323320627,0.007491366006433964,0.00749855674803257,0.00749855674803257,0
2023-02-15 10:00:00+00:00,0.007498275488615036,0.007508635520935059,0.0074964771047234535,0.0074973758310079575,0.0074973758310079575,0
2023-02-15 11:00:00+00:00,0.0074973758310079575,0.007502438500523567,0.007491647265851498,0.007494004443287849,0.007494004443287849,0
2023-02-15 12:00:00+00:00,0.007494061253964901,0.007496252190321684,0.007477920968085527,0.007480998523533344,0.007480998523533344,0
2023-02-15 13:00:00+00:00,0.007480830419808626,0.007483909837901592,0.007455119863152504,0.007468148600310087,0.007468148600310087,0
2023-02-15 14:00:00+00:00,0.007468260359019041,0.007471607998013496,0.007452953141182661,0.007455009035766125,0.007455009035766125,0
2023-02-15 15:00:00+00:00,0.007454897742718458,0.0074610160663723946,0.007444464135915041,0.007447457872331142,0.007447457872331142,0
2023-02-15 16:00:00+00:00,0.007447624579071999,0.007455453276634216,0.00744418753311038,0.0074503435753285885,0.0074503435753285885,0
2023-02-15 17:00:00+00:00,0.007450232282280922,0.007453231140971184,0.007442747242748737,0.007446682080626488,0.007446682080626488,0
2023-02-15 18:00:00+00:00,0.007446792908012867,0.007453231140971184,0.007442912552505732,0.007446182891726494,0.007446182891726494,0
2023-02-15 19:00:00+00:00,0.007446182891726494,0.007456565275788307,0.007445850409567356,0.00745306396856904,0.00745306396856904,0
2023-02-15 20:00:00+00:00,0.007453119847923517,0.007458233740180731,0.007452008780092001,0.00745678786188364,0.00745678786188364,0
2023-02-15 21:00:00+00:00,0.007456565275788307,0.007459346670657396,0.007452620193362236,0.007455064915120602,0.007455064915120602,0
2023-02-15 22:00:00+00:00,0.007455731742084026,0.007469989359378815,0.007452676072716713,0.007463187910616398,0.007463187910616398,0
2023-02-15 23:00:00+00:00,0.007463187910616398,0.007471607998013496,0.007460460066795349,0.007467758376151323,0.007467758376151323,0
2023-02-16 00:00:00+00:00,0.007468204014003277,0.007476635742932558,0.007456009741872549,0.007457065861672163,0.007457065861672163,0
2023-02-16 01:00:00+00:00,0.007457121275365353,0.007473841309547424,0.007454342674463987,0.007470603100955486,0.007470603100955486,0
2023-02-16 02:00:00+00:00,0.00747071485966444,0.007484469562768936,0.007469933945685625,0.007477362174540758,0.007477362174540758,0
2023-02-16 03:00:00+00:00,0.00747719407081604,0.007483349181711674,0.007472724188119173,0.0074760206043720245,0.0074760206043720245,0
2023-02-16 04:00:00+00:00,0.0074760206043720245,0.0074783130548894405,0.007471105549484491,0.007471607998013496,0.007471607998013496,0
2023-02-16 05:00:00+00:00,0.007471663411706686,0.007473282981663942,0.0074635217897593975,0.007468705996870995,0.007468705996870995,0
2023-02-16 06:00:00+00:00,0.007468873169273138,0.007473282981663942,0.007462909445166588,0.00746602937579155,0.00746602937579155,0
2023-02-16 07:00:00+00:00,0.007466140668839216,0.00747999083250761,0.007462018635123968,0.0074752941727638245,0.0074752941727638245,0
2023-02-16 08:00:00+00:00,0.007475350517779589,0.007486150600016117,0.007467980962246656,0.007472501136362553,0.007472501136362553,0
2023-02-16 09:00:00+00:00,0.007472389377653599,0.007481669541448355,0.007464859168976545,0.007469989359378815,0.007469989359378815,0
2023-02-16 10:00:00+00:00,0.007469877600669861,0.007476076949387789,0.007465304806828499,0.007466308306902647,0.007466308306902647,0
2023-02-16 11:00:00+00:00,0.007466085720807314,0.007476635742932558,0.007463410496711731,0.007474400568753481,0.007474400568753481,0
2023-02-16 12:00:00+00:00,0.007474400568753481,0.00747719407081604,0.007464859168976545,0.007468148600310087,0.007468148600310087,0
2023-02-16 13:00:00+00:00,0.007467980962246656,0.007471607998013496,0.007443467155098915,0.007448290009051561,0.007448290009051561,0
2023-02-16 14:00:00+00:00,0.007448400836437941,0.007458233740180731,0.007436934392899275,0.0074433558620512486,0.0074433558620512486,0
2023-02-16 15:00:00+00:00,0.007443411275744438,0.007459902670234442,0.007437709253281355,0.0074517871253192425,0.0074517871253192425,0
2023-02-16 16:00:00+00:00,0.0074517312459647655,0.007472165860235691,0.007450121454894543,0.007465527858585119,0.007465527858585119,0
2023-02-16 17:00:00+00:00,0.00746547244489193,0.007474958896636963,0.007460904773324728,0.0074676466174423695,0.0074676466174423695,0
2023-02-16 18:00:00+00:00,0.007467535324394703,0.007477753795683384,0.007463076617568731,0.007473059929907322,0.007473059929907322,0
2023-02-16 19:00:00+00:00,0.007473282981663942,0.007481110282242298,0.007471384946256876,0.007472165860235691,0.007472165860235691,0
2023-02-16 20:00:00+00:00,0.007472222205251455,0.007481614127755165,0.007460904773324728,0.0074704913422465324,0.0074704913422465324,0
2023-02-16 21:00:00+00:00,0.0074701569974422455,0.007474400568753481,0.007464023306965828,0.007466475013643503,0.007466475013643503,0
2023-02-16 22:00:00+00:00,0.00746625242754817,0.0074679250828921795,0.007462686393409967,0.007464357651770115,0.007464357651770115,0
2023-02-16 23:00:00+00:00,0.007466085720807314,0.007466140668839216,0.007453564088791609,0.007459179498255253,0.007459179498255253,0
2023-02-17 00:00:00+00:00,0.007458789739757776,0.007460460066795349,0.007444852497428656,0.007449899800121784,0.007449899800121784,0
2023-02-17 01:00:00+00:00,0.007449788507074118,0.0074521200731396675,0.0074255033396184444,0.007427764590829611,0.007427764590829611,0
2023-02-17 02:00:00+00:00,0.007427654229104519,0.0074349441565573215,0.007424456067383289,0.007429806981235743,0.007429806981235743,0
2023-02-17 03:00:00+00:00,0.007429972756654024,0.007432734128087759,0.00742324348539114,0.007426220458000898,0.007426220458000898,0
2023-02-17 04:00:00+00:00,0.00742638623341918,0.007428316865116358,0.007418012246489525,0.0074259452521800995,0.0074259452521800995,0
2023-02-17 05:00:00+00:00,0.0074258893728256226,0.007428316865116358,0.007420490030199289,0.0074217007495462894,0.0074217007495462894,0
2023-02-17 06:00:00+00:00,0.0074216462671756744,0.007425007876008749,0.007419498637318611,0.007420654408633709,0.007420654408633709,0
2023-02-17 07:00:00+00:00,0.007420930080115795,0.0074288686737418175,0.007413118612021208,0.007418562658131123,0.007418562658131123,0
2023-02-17 08:00:00+00:00,0.007418562658131123,0.007418948225677013,0.007405761629343033,0.007414712104946375,0.007414712104946375,0
2023-02-17 09:00:00+00:00,0.007414712104946375,0.007425007876008749,0.007408889010548592,0.007417132146656513,0.007417132146656513,0
2023-02-17 10:00:00+00:00,0.007416802458465099,0.007419498637318611,0.007409877143800259,0.007411414757370949,0.007411414757370949,0
2023-02-17 11:00:00+00:00,0.007411524653434753,0.0074139973148703575,0.007401048205792904,0.007405377458781004,0.007405377458781004,0
2023-02-17 12:00:00+00:00,0.007405432872474194,0.007423353381454945,0.007405048701912165,0.0074155922047793865,0.0074155922047793865,0
2023-02-17 13:00:00+00:00,0.007415702100843191,0.007433838676661253,0.007415372412651777,0.007427489385008812,0.007427489385008812,0
2023-02-17 14:00:00+00:00,0.00742737902328372,0.0074382624588906765,0.0074248421005904675,0.00742942001670599,0.00742942001670599,0
2023-02-17 15:00:00+00:00,0.007429475896060467,0.007459902670234442,0.007428979035466909,0.007443688809871674,0.007443688809871674,0
2023-02-17 16:00:00+00:00,0.007443743757903576,0.007456565275788307,0.007439811713993549,0.007450621109455824,0.007450621109455824,0
2023-02-17 17:00:00+00:00,0.0074510094709694386,0.007459346670657396,0.007447457872331142,0.00744812423363328,0.00744812423363328,0
2023-02-17 18:00:00+00:00,0.007448012474924326,0.007452286779880524,0.007446404546499252,0.007449566852301359,0.007449566852301359,0
2023-02-17 19:00:00+00:00,0.0074496218003332615,0.007457121275365353,0.007449289318174124,0.007454953156411648,0.007454953156411648,0
2023-02-17 20:00:00+00:00,0.007454897742718458,0.007459902670234442,0.007452065125107765,0.007452286779880524,0.007452286779880524,0
2023-02-17 21:00:00+00:00,0.007452230900526047,0.007457789033651352,0.007450787350535393,0.007454786915332079,0.007454786915332079,0
2023-02-20 00:00:00+00:00,0.0074454620480537415,0.0074487896636128426,0.007436436600983143,0.007440587040036917,0.007440587040036917,0
2023-02-20 01:00:00+00:00,0.007440476678311825,0.007442358881235123,0.007432844489812851,0.007436602842062712,0.007436602842062712,0
2023-02-20 02:00:00+00:00,0.007436547894030809,0.007448235061019659,0.007433176040649414,0.0074465712532401085,0.0074465712532401085,0
2023-02-20 03:00:00+00:00,0.007446626201272011,0.0074510094709694386,0.007441196125000715,0.0074502876959741116,0.0074502876959741116,0
2023-02-20 04:00:00+00:00,0.007450454402714968,0.007465527858585119,0.007449011318385601,0.007459290791302919,0.007459290791302919,0
2023-02-20 05:00:00+00:00,0.007459290791302919,0.007462686393409967,0.007454786915332079,0.007457510568201542,0.007457510568201542,0
2023-02-20 06:00:00+00:00,0.007457510568201542,0.0074610160663723946,0.007453341968357563,0.007454731035977602,0.007454731035977602,0
2023-02-20 07:00:00+00:00,0.007454841863363981,0.007462686393409967,0.007452563848346472,0.007460403721779585,0.007460403721779585,0
2023-02-20 08:00:00+00:00,0.007460460066795349,0.007463299203664064,0.007442248519510031,0.007449178025126457,0.007449178025126457,0
2023-02-20 09:00:00+00:00,0.00744912214577198,0.007461572531610727,0.007449011318385601,0.0074521759524941444,0.0074521759524941444,0
2023-02-20 10:00:00+00:00,0.007452286779880524,0.007459902670234442,0.007448235061019659,0.007457677740603685,0.007457677740603685,0
2023-02-20 11:00:00+00:00,0.007457566913217306,0.00746547244489193,0.007457065861672163,0.007462575100362301,0.007462575100362301,0
2023-02-20 12:00:00+00:00,0.0074626305140554905,0.007464023306965828,0.007454175502061844,0.007457510568201542,0.007457510568201542,0
2023-02-20 13:00:00+00:00,0.007457566913217306,0.007467255927622318,0.007455453276634216,0.007459457963705063,0.007459457963705063,0
2023-02-20 14:00:00+00:00,0.007459680549800396,0.007466810289770365,0.007456843741238117,0.007465138100087643,0.007465138100087643,0
2023-02-20 15:00:00+00:00,0.007465026807039976,0.007466587238013744,0.007457677740603685,0.0074607376009225845,0.0074607376009225845,0
2023-02-20 16:00:00+00:00,0.0074607376009225845,0.0074610160663723946,0.007456565275788307,0.007457399740815163,0.007457399740815163,0
2023-02-20 17:00:00+00:00,0.007457399740815163,0.007457677740603685,0.007449400145560503,0.0074499547481536865,0.0074499547481536865,0
2023-02-20 18:00:00+00:00,0.007449899800121784,0.0074521200731396675,0.007449289318174124,0.007450565230101347,0.007450565230101347,0
2023-02-20 19:00:00+00:00,0.007450399454683065,0.007452286779880524,0.007449899800121784,0.007450121454894543,0.007450121454894543,0
2023-02-20 20:00:00+00:00,0.007450176402926445,0.0074510094709694386,0.007447513751685619,0.007448567543178797,0.007448567543178797,0
2023-02-20 21:00:00+00:00,0.00744851166382432,0.007452620193362236,0.007446293719112873,0.007449899800121784,0.007449899800121784,0
2023-02-20 22:00:00+00:00,0.0074510653503239155,0.007452008780092001,0.007447679992765188,0.007448900490999222,0.007448900490999222,0
2023-02-20 23:00:00+00:00,0.007449011318385601,0.007449677679687738,0.007444630842655897,0.007445627823472023,0.007445627823472023,0
2023-02-21 00:00:00+00:00,0.007444131653755903,0.007454786915332079,0.007438483648002148,0.007450121454894543,0.007450121454894543,0
2023-02-21 01:00:00+00:00,0.0074502876959741116,0.007450454402714968,0.007436271291226149,0.007445794530212879,0.007445794530212879,0
2023-02-21 02:00:00+00:00,0.0074454620480537415,0.007454342674463987,0.007435718551278114,0.007436713669449091,0.007436713669449091,0
2023-02-21 03:00:00+00:00,0.007436658721417189,0.0074408636428415775,0.007435275707393885,0.007439479697495699,0.007439479697495699,0
2023-02-21 04:00:00+00:00,0.007439369335770607,0.0074470145627856255,0.007437820080667734,0.00744457496330142,0.00744457496330142,0
2023-02-21 05:00:00+00:00,0.007444741670042276,0.007446016184985638,0.007438372820615768,0.0074454620480537415,0.0074454620480537415,0
2023-02-21 06:00:00+00:00,0.0074454620480537415,0.007445572875440121,0.007434170227497816,0.007434777915477753,0.007434777915477753,0
2023-02-21 07:00:00+00:00,0.007434777915477753,0.007437155582010746,0.007423849776387215,0.0074303592555224895,0.0074303592555224895,0
2023-02-21 08:00:00+00:00,0.0074304696172475815,0.0074310763739049435,0.007415867410600185,0.007423849776387215,0.007423849776387215,0
2023-02-21 09:00:00+00:00,0.007424015086144209,0.00743898143991828,0.0074216462671756744,0.007430247962474823,0.007430247962474823,0
2023-02-21 10:00:00+00:00,0.007430247962474823,0.007431629113852978,0.007423739414662123,0.0074272132478654385,0.0074272132478654385,0
2023-02-21 11:00:00+00:00,0.00742688262835145,0.007434391882270575,0.007423739414662123,0.007429586257785559,0.007429586257785559,0
2023-02-21 12:00:00+00:00,0.00742942001670599,0.007429586257785559,0.007418562658131123,0.007424015086144209,0.007424015086144209,0
2023-02-21 13:00:00+00:00,0.007423959672451019,0.007424456067383289,0.0074132285080850124,0.007415042724460363,0.007415042724460363,0
2023-02-21 14:00:00+00:00,0.007415042724460363,0.007418948225677013,0.007394918240606785,0.007399240508675575,0.007399240508675575,0
2023-02-21 15:00:00+00:00,0.007399131078273058,0.007425558753311634,0.007397762965410948,0.007422196678817272,0.007422196678817272,0
2023-02-21 16:00:00+00:00,0.007422142196446657,0.007425007876008749,0.0074132285080850124,0.007414547726511955,0.007414547726511955,0
2023-02-21 17:00:00+00:00,0.007414492312818766,0.007419828791171312,0.007412294391542673,0.007416692562401295,0.007416692562401295,0
2023-02-21 18:00:00+00:00,0.007416802458465099,0.007419003173708916,0.007405323442071676,0.007413502316921949,0.007413502316921949,0
2023-02-21 19:00:00+00:00,0.007413667626678944,0.0074156466871500015,0.007408614736050367,0.0074092731811106205,0.0074092731811106205,0
2023-02-21 20:00:00+00:00,0.0074094925075769424,0.0074156466871500015,0.0074092186987400055,0.007410920690745115,0.007410920690745115,0
2023-02-21 21:00:00+00:00,0.007410975638777018,0.007412348873913288,0.007405980955809355,0.007407791912555695,0.007407791912555695,0
2023-02-21 22:00:00+00:00,0.007407407276332378,0.007414547726511955,0.007407297845929861,0.007410646416246891,0.007410646416246891,0
2023-02-21 23:00:00+00:00,0.007411030121147633,0.007417407352477312,0.007406638935208321,0.0074089993722736835,0.0074089993722736835,0
2023-02-22 00:00:00+00:00,0.007408120669424534,0.007427544333040714,0.007404061499983072,0.007418287452310324,0.007418287452310324,0
2023-02-22 01:00:00+00:00,0.007418342866003513,0.007432291749864817,0.007416802458465099,0.007423849776387215,0.007423849776387215,0
2023-02-22 02:00:00+00:00,0.007423905190080404,0.0074258893728256226,0.0074121844954788685,0.007412294391542673,0.007412294391542673,0
2023-02-22 03:00:00+00:00,0.007412458769977093,0.007416966836899519,0.00741031626239419,0.0074128988198935986,0.0074128988198935986,0
2023-02-22 04:00:00+00:00,0.007412733510136604,0.007416197098791599,0.0074103716760873795,0.007412733510136604,0.007412733510136604,0
2023-02-22 05:00:00+00:00,0.0074129533022642136,0.007421150337904692,0.0074092731811106205,0.007420268841087818,0.007420268841087818,0
2023-02-22 06:00:00+00:00,0.007420378737151623,0.007421150337904692,0.007413173094391823,0.00741933286190033,0.00741933286190033,0
2023-02-22 07:00:00+00:00,0.00741933286190033,0.007427268195897341,0.007417186629027128,0.007422252092510462,0.007422252092510462,0
2023-02-22 08:00:00+00:00,0.007422196678817272,0.007430027239024639,0.0074113053269684315,0.007412074599415064,0.007412074599415064,0
2023-02-22 09:00:00+00:00,0.007412348873913288,0.007416197098791599,0.00740768201649189,0.007413832936435938,0.007413832936435938,0
2023-02-22 10:00:00+00:00,0.007413777522742748,0.007417296525090933,0.007409547921270132,0.007413667626678944,0.007413667626678944,0
2023-02-22 11:00:00+00:00,0.007413723040372133,0.007422802969813347,0.007413557730615139,0.007420764770358801,0.007420764770358801,0
2023-02-22 12:00:00+00:00,0.007420764770358801,0.00744269136339426,0.007418287452310324,0.0074359397403895855,0.0074359397403895855,0
2023-02-22 13:00:00+00:00,0.00743610505014658,0.007439369335770607,0.0074266064912080765,0.00743256788700819,0.00743256788700819,0
2023-02-22 14:00:00+00:00,0.0074325124733150005,0.007441583089530468,0.0074266064912080765,0.007433452643454075,0.007433452643454075,0
2023-02-22 15:00:00+00:00,0.007433396764099598,0.007437155582010746,0.007424070034176111,0.007429365534335375,0.007429365534335375,0
2023-02-22 16:00:00+00:00,0.007429586257785559,0.0074310763739049435,0.007419222965836525,0.007419994100928307,0.007419994100928307,0
2023-02-22 17:00:00+00:00,0.00741977384313941,0.007426661904901266,0.007418342866003513,0.007421866524964571,0.007421866524964571,0
2023-02-22 18:00:00+00:00,0.0074220867827534676,0.007426661904901266,0.007419663947075605,0.0074228583835065365,0.0074228583835065365,0
2023-02-22 19:00:00+00:00,0.007422968279570341,0.007429034449160099,0.007409987039864063,0.007410920690745115,0.007410920690745115,0
2023-02-22 20:00:00+00:00,0.007411195430904627,0.0074139973148703575,0.0074082305654883385,0.007410646416246891,0.007410646416246891,0
2023-02-22 21:00:00+00:00,0.007410591002553701,0.007415262516587973,0.0074092731811106205,0.007415042724460363,0.007415042724460363,0
2023-02-22 22:00:00+00:00,0.007413557730615139,0.007423794828355312,0.0074112508445978165,0.00741465762257576,0.00741465762257576,0
2023-02-22 23:00:00+00:00,0.00741465762257576,0.007417847402393818,0.00741015188395977,0.0074108662083745,0.0074108662083745,0
2023-02-23 00:00:00+00:00,0.0074112508445978165,0.007418562658131123,0.007409602403640747,0.007415811996906996,0.007415811996906996,0
2023-02-23 01:00:00+00:00,0.007416031789034605,0.007422802969813347,0.007413063198328018,0.0074186730198562145,0.0074186730198562145,0
2023-02-23 02:00:00+00:00,0.0074187275022268295,0.007424456067383289,0.007417022250592709,0.007421370595693588,0.007421370595693588,0
2023-02-23 03:00:00+00:00,0.007421205751597881,0.007423905190080404,0.00741971842944622,0.007420490030199289,0.007420490030199289,0
2023-02-23 04:00:00+00:00,0.007420599926263094,0.0074217007495462894,0.007417132146656513,0.007420930080115795,0.007420930080115795,0
2023-02-23 05:00:00+00:00,0.007421150337904692,0.007422252092510462,0.007413613144308329,0.007416637148708105,0.007416637148708105,0
2023-02-23 06:00:00+00:00,0.007416526786983013,0.007424456067383289,0.007416526786983013,0.00741674704477191,0.00741674704477191,0
2023-02-23 07:00:00+00:00,0.007416856940835714,0.007420599926263094,0.007412294391542673,0.007416031789034605,0.007416031789034605,0
2023-02-23 08:00:00+00:00,0.007416031789034605,0.007420599926263094,0.007411634549498558,0.007413173094391823,0.007413173094391823,0
2023-02-23 09:00:00+00:00,0.007413392886519432,0.007419498637318611,0.007412678096443415,0.007414877414703369,0.007414877414703369,0
2023-02-23 10:00:00+00:00,0.0074147675186395645,0.007416966836899519,0.007411030121147633,0.007412733510136604,0.007412733510136604,0
2023-02-23 11:00:00+00:00,0.0074128988198935986,0.0074139973148703575,0.007407901342958212,0.007411085534840822,0.007411085534840822,0
2023-02-23 12:00:00+00:00,0.007411085534840822,0.007415097206830978,0.0074033490382134914,0.00740844989195466,0.00740844989195466,0
2023-02-23 13:00:00+00:00,0.00740850530564785,0.007411799859255552,0.00738748861476779,0.00739262206479907,0.00739262206479907,0
2023-02-23 14:00:00+00:00,0.007392567582428455,0.007416087202727795,0.007390819489955902,0.007413887418806553,0.007413887418806553,0
2023-02-23 15:00:00+00:00,0.007414217106997967,0.0074272132478654385,0.007409932557493448,0.0074159218929708,0.0074159218929708,0
2023-02-23 16:00:00+00:00,0.0074156466871500015,0.007428316865116358,0.007412129081785679,0.007418177556246519,0.007418177556246519,0
2023-02-23 17:00:00+00:00,0.007418287452310324,0.0074217007495462894,0.007414327934384346,0.007418012246489525,0.007418012246489525,0
2023-02-23 18:00:00+00:00,0.007418397348374128,0.007426937110722065,0.007414327934384346,0.0074254488572478294,0.0074254488572478294,0
2023-02-23 19:00:00+00:00,0.0074255033396184444,0.007435994688421488,0.007424235809594393,0.007427489385008812,0.007427489385008812,0
2023-02-23 20:00:00+00:00,0.00742737902328372,0.0074288686737418175,0.007424676325172186,0.007427268195897341,0.007427268195897341,0
2023-02-23 21:00:00+00:00,0.007427157834172249,0.007427764590829611,0.007421590853482485,0.007423905190080404,0.007423905190080404,0
2023-02-23 22:00:00+00:00,0.007424345705658197,0.007427157834172249,0.0074217007495462894,0.007425283081829548,0.007425283081829548,0
2023-02-23 23:00:00+00:00,0.007425283081829548,0.007447513751685619,0.007424456067383289,0.007428813725709915,0.007428813725709915,0
2023-02-24 00:00:00+00:00,0.007428151089698076,0.007460403721779585,0.007411799859255552,0.007443688809871674,0.007443688809871674,0
2023-02-24 01:00:00+00:00,0.007444020826369524,0.007446682080626488,0.007412294391542673,0.007419663947075605,0.007419663947075605,0
2023-02-24 02:00:00+00:00,0.00741971842944622,0.0074310763739049435,0.007417076732963324,0.007419663947075605,0.007419663947075605,0
2023-02-24 03:00:00+00:00,0.007420268841087818,0.00742842722684145,0.00741916848346591,0.00742258271202445,0.00742258271202445,0
2023-02-24 04:00:00+00:00,0.00742258271202445,0.00742682721465826,0.007422196678817272,0.007426055148243904,0.007426055148243904,0
2023-02-24 05:00:00+00:00,0.007426055148243904,0.007431131787598133,0.007420930080115795,0.007429696619510651,0.007429696619510651,0
2023-02-24 06:00:00+00:00,0.00742975203320384,0.0074346126057207584,0.007420709822326899,0.007424786686897278,0.007424786686897278,0
2023-02-24 07:00:00+00:00,0.007424952462315559,0.007429199293255806,0.00741597730666399,0.007416361477226019,0.007416361477226019,0
2023-02-24 08:00:00+00:00,0.007416471838951111,0.00741674704477191,0.007402582094073296,0.007403788156807423,0.007403788156807423,0
2023-02-24 09:00:00+00:00,0.007403678726404905,0.007405213546007872,0.007393387611955404,0.007399733643978834,0.007399733643978834,0
2023-02-24 10:00:00+00:00,0.007399678695946932,0.007404116913676262,0.0073972707614302635,0.007397872395813465,0.007397872395813465,0
2023-02-24 11:00:00+00:00,0.0073980912566185,0.007400280795991421,0.007382961455732584,0.007385524921119213,0.007385524921119213,0
2023-02-24 12:00:00+00:00,0.007385578937828541,0.0073871612548828125,0.007369630970060825,0.0073714242316782475,0.0073714242316782475,0
2023-02-24 13:00:00+00:00,0.007371369283646345,0.007397161331027746,0.007353698369115591,0.0073595973663032055,0.0073595973663032055,0
2023-02-24 14:00:00+00:00,0.0073595428839325905,0.007359650917351246,0.007327993866056204,0.007342898286879063,0.007342898286879063,0
2023-02-24 15:00:00+00:00,0.007343113888055086,0.007346998900175095,0.007330787368118763,0.007331808563321829,0.007331808563321829,0
2023-02-24 16:00:00+00:00,0.007332077249884605,0.007341604679822922,0.007331431843340397,0.007332722190767527,0.007332722190767527,0
2023-02-24 17:00:00+00:00,0.007332776207476854,0.007335680536925793,0.0073271882720291615,0.00732853077352047,0.00732853077352047,0
2023-02-24 18:00:00+00:00,0.007328584790229797,0.007334604859352112,0.007324988022446632,0.007327241823077202,0.007327241823077202,0
2023-02-24 19:00:00+00:00,0.007327617611736059,0.007332453038543463,0.007325845770537853,0.0073298197239637375,0.0073298197239637375,0
2023-02-24 20:00:00+00:00,0.007329766638576984,0.007334066554903984,0.007329121232032776,0.007330357097089291,0.007330357097089291,0
2023-02-24 21:00:00+00:00,0.007330357097089291,0.00733191566541791,0.007326222024857998,0.007326812483370304,0.007326812483370304,0
2023-02-27 00:00:00+00:00,0.0073302495293319225,0.007345919031649828,0.00732311001047492,0.0073385341092944145,0.0073385341092944145,0
2023-02-27 01:00:00+00:00,0.007338641677051783,0.007349158171564341,0.007336757145822048,0.007345865480601788,0.007345865480601788,0
2023-02-27 02:00:00+00:00,0.007344624027609825,0.007354563567787409,0.0073402575217187405,0.007342844735831022,0.007342844735831022,0
2023-02-27 03:00:00+00:00,0.007342737168073654,0.007348078768700361,0.007328852545469999,0.007333958987146616,0.007333958987146616,0
2023-02-27 04:00:00+00:00,0.007334066554903984,0.007341604679822922,0.00733374385163188,0.007336434442549944,0.007336434442549944,0
2023-02-27 05:00:00+00:00,0.007336542010307312,0.007340527139604092,0.007332829758524895,0.007334174122661352,0.007334174122661352,0
2023-02-27 06:00:00+00:00,0.007334174122661352,0.007343222387135029,0.007329282816499472,0.007333528716117144,0.007333528716117144,0
2023-02-27 07:00:00+00:00,0.007333206478506327,0.007347538135945797,0.007331539411097765,0.007342898286879063,0.007342898286879063,0
2023-02-27 08:00:00+00:00,0.007343006320297718,0.007354563567787409,0.007336918730288744,0.007338426541537046,0.007338426541537046,0
2023-02-27 09:00:00+00:00,0.007338372059166431,0.007340527139604092,0.00733110960572958,0.0073321848176419735,0.0073321848176419735,0
2023-02-27 10:00:00+00:00,0.007332238368690014,0.007338911294937134,0.007329068146646023,0.007337026298046112,0.007337026298046112,0
2023-02-27 11:00:00+00:00,0.00733713386580348,0.007343761622905731,0.00733573455363512,0.00733917998149991,0.00733917998149991,0
2023-02-27 12:00:00+00:00,0.007339072413742542,0.007344300393015146,0.007335572969168425,0.007335896138101816,0.007335896138101816,0
2023-02-27 13:00:00+00:00,0.007335896138101816,0.007358352188020945,0.007333583198487759,0.007349698804318905,0.007349698804318905,0
2023-02-27 14:00:00+00:00,0.007349428255110979,0.007358893286436796,0.007342682685703039,0.007355645764619112,0.007355645764619112,0
2023-02-27 15:00:00+00:00,0.007354887668043375,0.007357269059866667,0.007342413067817688,0.00734894210472703,0.00734894210472703,0
2023-02-27 16:00:00+00:00,0.007349158171564341,0.007351319771260023,0.0073362188413739204,0.007343222387135029,0.007343222387135029,0
2023-02-27 17:00:00+00:00,0.007343222387135029,0.007345379795879126,0.0073371874168515205,0.007343168370425701,0.007343168370425701,0
2023-02-27 18:00:00+00:00,0.007343491539359093,0.007346998900175095,0.00734122795984149,0.007343222387135029,0.007343222387135029,0
2023-02-27 19:00:00+00:00,0.007342898286879063,0.0073502385057508945,0.007339018862694502,0.007339826785027981,0.007339826785027981,0
2023-02-27 20:00:00+00:00,0.007339772768318653,0.007343761622905731,0.007338856812566519,0.007339934352785349,0.007339934352785349,0
2023-02-27 21:00:00+00:00,0.0073394495993852615,0.007345865480601788,0.007338318508118391,0.007343977224081755,0.007343977224081755,0
2023-02-27 22:00:00+00:00,0.007343222387135029,0.007346297148615122,0.007339987903833389,0.007342143915593624,0.007342143915593624,0
2023-02-27 23:00:00+00:00,0.007342629600316286,0.007346459198743105,0.007335304282605648,0.007335357833653688,0.007335357833653688,0
2023-02-28 00:00:00+00:00,0.007335896138101816,0.007345379795879126,0.007334013003855944,0.007343113888055086,0.007343113888055086,0
2023-02-28 01:00:00+00:00,0.007343168370425701,0.007348078768700361,0.007339233998209238,0.007341981865465641,0.007341981865465641,0
2023-02-28 02:00:00+00:00,0.007342036347836256,0.007346459198743105,0.00733756460249424,0.007337887305766344,0.007337887305766344,0
2023-02-28 03:00:00+00:00,0.007337995804846287,0.007344840560108423,0.007336488459259272,0.007340527139604092,0.007340527139604092,0
2023-02-28 04:00:00+00:00,0.007340527139604092,0.007343222387135029,0.00733525026589632,0.007340149953961372,0.007340149953961372,0
2023-02-28 05:00:00+00:00,0.007340149953961372,0.007341065909713507,0.007332937326282263,0.0073362188413739204,0.0073362188413739204,0
2023-02-28 06:00:00+00:00,0.0073363264091312885,0.007342682685703039,0.007334550842642784,0.007335089147090912,0.007335089147090912,0
2023-02-28 07:00:00+00:00,0.007334873080253601,0.007337295915931463,0.007310956716537476,0.007312775123864412,0.007312775123864412,0
2023-02-28 08:00:00+00:00,0.007313148584216833,0.0073206438682973385,0.007307484745979309,0.00731470063328743,0.00731470063328743,0
2023-02-28 09:00:00+00:00,0.007314807269722223,0.0073206438682973385,0.007311972789466381,0.007313630077987909,0.007313630077987909,0
2023-02-28 10:00:00+00:00,0.007313363254070282,0.007321716286242008,0.007312186527997255,0.007313791196793318,0.007313791196793318,0
2023-02-28 11:00:00+00:00,0.007313844282180071,0.007317965850234032,0.0073109036311507225,0.007311491761356592,0.007311491761356592,0
2023-02-28 12:00:00+00:00,0.007311491761356592,0.007317965850234032,0.0073091937229037285,0.0073159849271178246,0.0073159849271178246,0
2023-02-28 13:00:00+00:00,0.00731641286984086,0.007319572847336531,0.007304281461983919,0.007315021473914385,0.007315021473914385,0
2023-02-28 14:00:00+00:00,0.007315182127058506,0.007321716286242008,0.007303694728761911,0.007314646616578102,0.007314646616578102,0
2023-02-28 15:00:00+00:00,0.007314646616578102,0.007345919031649828,0.007314646616578102,0.0073418207466602325,0.0073418207466602325,0
2023-02-28 16:00:00+00:00,0.007341551128774881,0.007353481370955706,0.007338964845985174,0.0073478082194924355,0.0073478082194924355,0
2023-02-28 17:00:00+00:00,0.007347755134105682,0.007368653547018766,0.007345919031649828,0.0073636616580188274,0.0073636616580188274,0
2023-02-28 18:00:00+00:00,0.007363499607890844,0.007365940138697624,0.0073526171036064625,0.007355158682912588,0.007355158682912588,0
2023-02-28 19:00:00+00:00,0.007355050649493933,0.007358893286436796,0.007346620783209801,0.007346945349127054,0.007346945349127054,0
2023-02-28 20:00:00+00:00,0.007346782833337784,0.0073502385057508945,0.007341928780078888,0.007345487829297781,0.007345487829297781,0
2023-02-28 21:00:00+00:00,0.007345865480601788,0.007347538135945797,0.0073393951170146465,0.007343653589487076,0.007343653589487076,0
2023-02-28 22:00:00+00:00,0.007344084791839123,0.0073485649190843105,0.0073394495993852615,0.007342359516769648,0.007342359516769648,0
2023-02-28 23:00:00+00:00,0.00734230550006032,0.0073461346328258514,0.007333583198487759,0.007334604859352112,0.007334604859352112,0
2023-03-01 00:00:00+00:00,0.007334443274885416,0.007338372059166431,0.007327617611736059,0.007333636283874512,0.007333636283874512,0
2023-03-01 01:00:00+00:00,0.0073334756307303905,0.007341604679822922,0.007331271190196276,0.007337833754718304,0.007337833754718304,0
2023-03-01 02:00:00+00:00,0.007337295915931463,0.007338911294937134,0.007330518215894699,0.007331378757953644,0.007331378757953644,0
2023-03-01 03:00:00+00:00,0.007331431843340397,0.007338372059166431,0.007330195978283882,0.007333098910748959,0.007333098910748959,0
2023-03-01 04:00:00+00:00,0.00733325956389308,0.007337295915931463,0.00733030354604125,0.007332453038543463,0.007332453038543463,0
2023-03-01 05:00:00+00:00,0.007332238368690014,0.0073362188413739204,0.007329551037400961,0.0073302495293319225,0.0073302495293319225,0
2023-03-01 06:00:00+00:00,0.00733030354604125,0.007343222387135029,0.007329175714403391,0.00733573455363512,0.00733573455363512,0
2023-03-01 07:00:00+00:00,0.007335896138101816,0.007360517978668213,0.007330357097089291,0.007357161026448011,0.007357161026448011,0
2023-03-01 08:00:00+00:00,0.007357485592365265,0.007362143602222204,0.007349428255110979,0.007358838804066181,0.007358838804066181,0
2023-03-01 09:00:00+00:00,0.007358838804066181,0.007375175133347511,0.00735759362578392,0.007361602038145065,0.007361602038145065,0
2023-03-01 10:00:00+00:00,0.007361602038145065,0.007373543921858072,0.007357161026448011,0.007370609324425459,0.007370609324425459,0
2023-03-01 11:00:00+00:00,0.007370934821665287,0.00739262206479907,0.007369088474661112,0.007388907950371504,0.007388907950371504,0
2023-03-01 12:00:00+00:00,0.007389344274997711,0.007394809275865555,0.007382525596767664,0.007385524921119213,0.007385524921119213,0
2023-03-01 13:00:00+00:00,0.007385469973087311,0.0073866150341928005,0.007363986689597368,0.007366754114627838,0.007366754114627838,0
2023-03-01 14:00:00+00:00,0.007366808131337166,0.007370826322585344,0.00734840240329504,0.007350941188633442,0.007350941188633442,0
2023-03-01 15:00:00+00:00,0.0073514278046786785,0.007360517978668213,0.007335788570344448,0.007347052916884422,0.007347052916884422,0
2023-03-01 16:00:00+00:00,0.007347106467932463,0.007365397177636623,0.007342143915593624,0.007362415082752705,0.007362415082752705,0
2023-03-01 17:00:00+00:00,0.00736268563196063,0.007370826322585344,0.007356078363955021,0.007356240879744291,0.007356240879744291,0
2023-03-01 18:00:00+00:00,0.007356186397373676,0.007357269059866667,0.007344139274209738,0.007344462908804417,0.007344462908804417,0
2023-03-01 19:00:00+00:00,0.007344354875385761,0.007346998900175095,0.007338856812566519,0.007343383971601725,0.007343383971601725,0
2023-03-01 20:00:00+00:00,0.007343383971601725,0.007348618470132351,0.007339719217270613,0.007343437988311052,0.007343437988311052,0
2023-03-01 21:00:00+00:00,0.007343761622905731,0.007345379795879126,0.007340149953961372,0.007343113888055086,0.007343113888055086,0
2023-03-01 22:00:00+00:00,0.0073452177457511425,0.007348834071308374,0.007341874297708273,0.0073473225347697735,0.0073473225347697735,0
2023-03-01 23:00:00+00:00,0.007347592618316412,0.007352941203862429,0.007341766729950905,0.007341928780078888,0.007341928780078888,0
2023-03-02 00:00:00+00:00,0.007343006320297718,0.0073518599383533,0.007338372059166431,0.007339664734899998,0.007339664734899998,0
2023-03-02 01:00:00+00:00,0.007339719217270613,0.007343761622905731,0.007328960113227367,0.007335572969168425,0.007335572969168425,0
2023-03-02 02:00:00+00:00,0.007335680536925793,0.007343761622905731,0.007332345936447382,0.007332776207476854,0.007332776207476854,0
2023-03-02 03:00:00+00:00,0.007332776207476854,0.007337295915931463,0.007330948021262884,0.007332345936447382,0.007332345936447382,0
2023-03-02 04:00:00+00:00,0.00733239995315671,0.007335142698138952,0.007326973602175713,0.0073294974863529205,0.0073294974863529205,0
2023-03-02 05:00:00+00:00,0.007329336367547512,0.007330840453505516,0.007316627074033022,0.007319036405533552,0.007319036405533552,0
2023-03-02 06:00:00+00:00,0.007319197524338961,0.007322788704186678,0.007312934845685959,0.007313523441553116,0.007313523441553116,0
2023-03-02 07:00:00+00:00,0.007313576992601156,0.007319572847336531,0.007306042592972517,0.007311010267585516,0.007311010267585516,0
2023-03-02 08:00:00+00:00,0.007310956716537476,0.007341065909713507,0.0073109036311507225,0.00733756460249424,0.00733756460249424,0
2023-03-02 09:00:00+00:00,0.00733756460249424,0.007341604679822922,0.007322788704186678,0.007328046951442957,0.007328046951442957,0
2023-03-02 10:00:00+00:00,0.007327886298298836,0.00733030354604125,0.0073126680217683315,0.007313416339457035,0.007313416339457035,0
2023-03-02 11:00:00+00:00,0.007313309703022242,0.007322251796722412,0.0073109036311507225,0.0073200552724301815,0.0073200552724301815,0
2023-03-02 12:00:00+00:00,0.007320108357816935,0.007330840453505516,0.007307537831366062,0.007309941574931145,0.007309941574931145,0
2023-03-02 13:00:00+00:00,0.007309995125979185,0.007318501360714436,0.0072939456440508366,0.0072966068983078,0.0072966068983078,0
2023-03-02 14:00:00+00:00,0.007296660449355841,0.007323324680328369,0.007295968476682901,0.007319411728531122,0.007319411728531122,0
2023-03-02 15:00:00+00:00,0.007319250609725714,0.007324934005737305,0.007313309703022242,0.0073159849271178246,0.0073159849271178246,0
2023-03-02 16:00:00+00:00,0.007316038012504578,0.007322788704186678,0.007306203246116638,0.007307644467800856,0.007307644467800856,0
2023-03-02 17:00:00+00:00,0.007307857740670443,0.007309941574931145,0.007299270015209913,0.007302308455109596,0.007302308455109596,0
2023-03-02 18:00:00+00:00,0.007302308455109596,0.007315289229154587,0.007300335913896561,0.0073129888623952866,0.0073129888623952866,0
2023-03-02 19:00:00+00:00,0.007312881760299206,0.0073174298740923405,0.007309834472835064,0.007312453351914883,0.007312453351914883,0
2023-03-02 20:00:00+00:00,0.007312293630093336,0.007322251796722412,0.007308552041649818,0.007316787727177143,0.007316787727177143,0
2023-03-02 21:00:00+00:00,0.007316787727177143,0.007317965850234032,0.007310422603040934,0.007312346715480089,0.007312346715480089,0
2023-03-02 22:00:00+00:00,0.00731250736862421,0.007318983320146799,0.007311010267585516,0.007314753718674183,0.007314753718674183,0
2023-03-02 23:00:00+00:00,0.007314593531191349,0.007327081169933081,0.007313202600926161,0.00731539586558938,0.00731539586558938,0
2023-03-03 00:00:00+00:00,0.007314272690564394,0.007323861587792635,0.007311651483178139,0.007319894153624773,0.007319894153624773,0
2023-03-03 01:00:00+00:00,0.007319840136915445,0.007326007355004549,0.007316038012504578,0.007319572847336531,0.007319572847336531,0
2023-03-03 02:00:00+00:00,0.007319625932723284,0.007327617611736059,0.007316145114600658,0.007317001931369305,0.007317001931369305,0
2023-03-03 03:00:00+00:00,0.007317055016756058,0.007322251796722412,0.007314486429095268,0.007316466886550188,0.007316466886550188,0
2023-03-03 04:00:00+00:00,0.007316680625081062,0.007319572847336531,0.007314914371818304,0.007315128110349178,0.007315128110349178,0
2023-03-03 05:00:00+00:00,0.00731539586558938,0.007321716286242008,0.007313148584216833,0.007317644078284502,0.007317644078284502,0
2023-03-03 06:00:00+00:00,0.007317644078284502,0.0073362188413739204,0.007317590992897749,0.007332453038543463,0.007332453038543463,0
2023-03-03 07:00:00+00:00,0.007332560606300831,0.007333528716117144,0.007323861587792635,0.007330357097089291,0.007330357097089291,0
2023-03-03 08:00:00+00:00,0.007330464199185371,0.007342682685703039,0.007328691892325878,0.00733030354604125,0.00733030354604125,0
2023-03-03 09:00:00+00:00,0.007330034859478474,0.007348078768700361,0.007328691892325878,0.007344624027609825,0.007344624027609825,0
2023-03-03 10:00:00+00:00,0.007344840560108423,0.007347538135945797,0.007334873080253601,0.0073385341092944145,0.0073385341092944145,0
2023-03-03 11:00:00+00:00,0.007338372059166431,0.007354563567787409,0.007336757145822048,0.007349914871156216,0.007349914871156216,0
2023-03-03 12:00:00+00:00,0.007349374704062939,0.007354563567787409,0.007337995804846287,0.007340527139604092,0.007340527139604092,0
2023-03-03 13:00:00+00:00,0.0073403650894761086,0.007364313118159771,0.0073385341092944145,0.007357702124863863,0.007357702124863863,0
2023-03-03 14:00:00+00:00,0.007357756607234478,0.007364855147898197,0.007348132319748402,0.007352833170443773,0.007352833170443773,0
2023-03-03 15:00:00+00:00,0.007352401036769152,0.007352886721491814,0.007331271190196276,0.007335572969168425,0.007335572969168425,0
2023-03-03 16:00:00+00:00,0.007335626985877752,0.007350779604166746,0.007330411113798618,0.007348078768700361,0.007348078768700361,0
2023-03-03 17:00:00+00:00,0.007348294369876385,0.007352941203862429,0.007343275938183069,0.007347106467932463,0.007347106467932463,0
2023-03-03 18:00:00+00:00,0.007347160950303078,0.007355104200541973,0.007345541846007109,0.007353589870035648,0.007353589870035648,0
2023-03-03 19:00:00+00:00,0.00735331978648901,0.007364855147898197,0.007352130487561226,0.007361602038145065,0.007361602038145065,0
2023-03-03 20:00:00+00:00,0.007361764088273048,0.007368653547018766,0.007359921932220459,0.007362143602222204,0.007362143602222204,0
2023-03-03 21:00:00+00:00,0.007362252101302147,0.007365397177636623,0.007360517978668213,0.007362090051174164,0.007362090051174164,0
2023-03-06 00:00:00+00:00,0.007352076005190611,0.007363878656178713,0.00735034653916955,0.007361710537225008,0.007361710537225008,0
2023-03-06 01:00:00+00:00,0.007361710537225008,0.007373706437647343,0.007360301446169615,0.007365343160927296,0.007365343160927296,0
2023-03-06 02:00:00+00:00,0.007365343160927296,0.007372239138931036,0.007358946837484837,0.00736615713685751,0.00736615713685751,0
2023-03-06 03:00:00+00:00,0.007366265635937452,0.0073872157372534275,0.007365614175796509,0.007382689509540796,0.007382689509540796,0
2023-03-06 04:00:00+00:00,0.007382689509540796,0.007383342832326889,0.0073716952465474606,0.007371967192739248,0.007371967192739248,0
2023-03-06 05:00:00+00:00,0.007371804676949978,0.007373761385679245,0.007364095188677311,0.007364855147898197,0.007364855147898197,0
2023-03-06 06:00:00+00:00,0.007364800199866295,0.007372293155640364,0.007359380833804607,0.00737153273075819,0.00737153273075819,0
2023-03-06 07:00:00+00:00,0.00737153273075819,0.007378984242677689,0.0073669166304171085,0.007370173931121826,0.007370173931121826,0
2023-03-06 08:00:00+00:00,0.0073702288791537285,0.007371913176029921,0.007354347035288811,0.00735851377248764,0.00735851377248764,0
2023-03-06 09:00:00+00:00,0.007358352188020945,0.00736377015709877,0.007345973514020443,0.0073478627018630505,0.0073478627018630505,0
2023-03-06 10:00:00+00:00,0.007348078768700361,0.007358352188020945,0.007345002144575119,0.0073514278046786785,0.0073514278046786785,0
2023-03-06 11:00:00+00:00,0.0073514822870492935,0.007356727961450815,0.007342682685703039,0.007344408426433802,0.007344408426433802,0
2023-03-06 12:00:00+00:00,0.007344354875385761,0.007355645764619112,0.007343815173953772,0.007354401051998138,0.007354401051998138,0
2023-03-06 13:00:00+00:00,0.007354618050158024,0.007368653547018766,0.007353535853326321,0.007359868381172419,0.007359868381172419,0
2023-03-06 14:00:00+00:00,0.007359921932220459,0.007367676589637995,0.007353860419243574,0.007357972674071789,0.007357972674071789,0
2023-03-06 15:00:00+00:00,0.007358134724199772,0.007373000029474497,0.0073531572706997395,0.007355645764619112,0.007355645764619112,0
2023-03-06 16:00:00+00:00,0.007355699315667152,0.00736268563196063,0.00735337333753705,0.007356565445661545,0.007356565445661545,0
2023-03-06 17:00:00+00:00,0.007356565445661545,0.007360517978668213,0.007353535853326321,0.007357214577496052,0.007357214577496052,0
2023-03-06 18:00:00+00:00,0.007357269059866667,0.007360517978668213,0.007347700651735067,0.0073502385057508945,0.0073502385057508945,0
2023-03-06 19:00:00+00:00,0.007350562606006861,0.007354563567787409,0.007348672952502966,0.007350022904574871,0.007350022904574871,0
2023-03-06 20:00:00+00:00,0.00734980683773756,0.007356727961450815,0.007349698804318905,0.007353644352406263,0.007353644352406263,0
2023-03-06 21:00:00+00:00,0.007353644352406263,0.007359434384852648,0.007353481370955706,0.0073580811731517315,0.0073580811731517315,0
2023-03-06 22:00:00+00:00,0.007358838804066181,0.0073595428839325905,0.007356240879744291,0.007356836460530758,0.007356836460530758,0
2023-03-06 23:00:00+00:00,0.007356944493949413,0.0073595428839325905,0.007351590320467949,0.0073520224541425705,0.0073520224541425705,0
2023-03-07 00:00:00+00:00,0.0073532117530703545,0.007356186397373676,0.0073473770171403885,0.007347916252911091,0.007347916252911091,0
2023-03-07 01:00:00+00:00,0.007347916252911091,0.0073540229350328445,0.007343491539359093,0.007352076005190611,0.007352076005190611,0
2023-03-07 02:00:00+00:00,0.007352184038609266,0.00736268563196063,0.007351265288889408,0.007354996167123318,0.007354996167123318,0
2023-03-07 03:00:00+00:00,0.0073553211987018585,0.007357377093285322,0.007349428255110979,0.007354726083576679,0.007354726083576679,0
2023-03-07 04:00:00+00:00,0.007355050649493933,0.007358352188020945,0.007351211737841368,0.007351643871515989,0.007351643871515989,0
2023-03-07 05:00:00+00:00,0.007351590320467949,0.007357269059866667,0.007350779604166746,0.007353481370955706,0.007353481370955706,0
2023-03-07 06:00:00+00:00,0.007353103719651699,0.007359976880252361,0.007353103719651699,0.007356890011578798,0.007356890011578798,0
2023-03-07 07:00:00+00:00,0.007356998044997454,0.007371913176029921,0.00735418451949954,0.007366862613707781,0.007366862613707781,0
2023-03-07 08:00:00+00:00,0.007366808131337166,0.007375719025731087,0.007361764088273048,0.007371369283646345,0.007371369283646345,0
2023-03-07 09:00:00+00:00,0.007371315732598305,0.007378058973699808,0.007360301446169615,0.007360626477748156,0.007360626477748156,0
2023-03-07 10:00:00+00:00,0.007360626477748156,0.00736268563196063,0.007350995671004057,0.007353644352406263,0.007353644352406263,0
2023-03-07 11:00:00+00:00,0.007354076486080885,0.007358893286436796,0.007348347920924425,0.007350562606006861,0.007350562606006861,0
2023-03-07 12:00:00+00:00,0.007350562606006861,0.0073508331552147865,0.007338911294937134,0.007344300393015146,0.007344300393015146,0
2023-03-07 13:00:00+00:00,0.007344247307628393,0.007351319771260023,0.007341496646404266,0.007345164194703102,0.007345164194703102,0
2023-03-07 14:00:00+00:00,0.0073452177457511425,0.007346998900175095,0.007334658410400152,0.007342844735831022,0.007342844735831022,0
2023-03-07 15:00:00+00:00,0.007342737168073654,0.007343761622905731,0.0073043350130319595,0.00731122400611639,0.00731122400611639,0
2023-03-07 16:00:00+00:00,0.0073114377446472645,0.007317965850234032,0.007301774807274342,0.007304281461983919,0.007304281461983919,0
2023-03-07 17:00:00+00:00,0.0073045482859015465,0.007319036405533552,0.007303641643375158,0.007307056803256273,0.007307056803256273,0
2023-03-07 18:00:00+00:00,0.007307056803256273,0.007312079891562462,0.0072968197055161,0.007298417389392853,0.007298417389392853,0
2023-03-07 19:00:00+00:00,0.0072982581332325935,0.007301401346921921,0.007290224079042673,0.007293201517313719,0.007293201517313719,0
2023-03-07 20:00:00+00:00,0.007293254137039185,0.0072960746474564075,0.007288630120456219,0.007291818503290415,0.007291818503290415,0
2023-03-07 21:00:00+00:00,0.007291764952242374,0.0072939456440508366,0.007289905101060867,0.0072913398034870625,0.0072913398034870625,0
2023-03-07 22:00:00+00:00,0.007291287183761597,0.0072977785021066666,0.007290754932910204,0.007294957526028156,0.007294957526028156,0
2023-03-07 23:00:00+00:00,0.007294957526028156,0.007294957526028156,0.007277702447026968,0.007278602570295334,0.007278602570295334,0
2023-03-08 00:00:00+00:00,0.007278761826455593,0.0072865053080022335,0.007272886112332344,0.00728390458971262,0.00728390458971262,0
2023-03-08 01:00:00+00:00,0.007283798418939114,0.007285444065928459,0.007277702447026968,0.007282525300979614,0.007282525300979614,0
2023-03-08 02:00:00+00:00,0.007282525300979614,0.007283851969987154,0.007266016211360693,0.007266227155923843,0.007266227155923843,0
2023-03-08 03:00:00+00:00,0.0072662802413105965,0.00726902624592185,0.007257841993123293,0.007259475067257881,0.007259475067257881,0
2023-03-08 04:00:00+00:00,0.007259317673742771,0.007264274172484875,0.007251105736941099,0.0072553143836557865,0.0072553143836557865,0
2023-03-08 05:00:00+00:00,0.00725536746904254,0.007262691389769316,0.007252104580402374,0.007261478807777166,0.007261478807777166,0
2023-03-08 06:00:00+00:00,0.007261530961841345,0.007268498186022043,0.007260266225785017,0.007265646476298571,0.007265646476298571,0
2023-03-08 07:00:00+00:00,0.007265488617122173,0.007275425363332033,0.007262902334332466,0.007272833026945591,0.007272833026945591,0
2023-03-08 08:00:00+00:00,0.007272886112332344,0.0072764321230351925,0.007266702596098185,0.007268340326845646,0.007268340326845646,0
2023-03-08 09:00:00+00:00,0.007268287241458893,0.007274314295500517,0.007264063227921724,0.0072699254378676414,0.0072699254378676414,0
2023-03-08 10:00:00+00:00,0.0072699254378676414,0.007280988153070211,0.007263271603733301,0.007276378571987152,0.007276378571987152,0
2023-03-08 11:00:00+00:00,0.007276378571987152,0.007289692759513855,0.007274579256772995,0.007285284344106913,0.007285284344106913,0
2023-03-08 12:00:00+00:00,0.007285390514880419,0.0072911810129880905,0.007282578852027655,0.007283639162778854,0.007283639162778854,0
2023-03-08 13:00:00+00:00,0.007283639162778854,0.00729767233133316,0.007280034013092518,0.007296021096408367,0.007296021096408367,0
2023-03-08 14:00:00+00:00,0.007295914925634861,0.007316466886550188,0.0072958082892000675,0.007309087086468935,0.007309087086468935,0
2023-03-08 15:00:00+00:00,0.0073091937229037285,0.007327456492930651,0.007291658781468868,0.00730668380856514,0.00730668380856514,0
2023-03-08 16:00:00+00:00,0.00730577576905489,0.007311651483178139,0.007287992164492607,0.007289639208465815,0.007289639208465815,0
2023-03-08 17:00:00+00:00,0.007289692759513855,0.00729767233133316,0.007287514861673117,0.007288736291229725,0.007288736291229725,0
2023-03-08 18:00:00+00:00,0.007288736291229725,0.007292137481272221,0.007283321116119623,0.007286240346729755,0.007286240346729755,0
2023-03-08 19:00:00+00:00,0.0072863465175032616,0.007289320696145296,0.007281729951500893,0.0072875674813985825,0.0072875674813985825,0
2023-03-08 20:00:00+00:00,0.007287514861673117,0.007289745379239321,0.007282685022801161,0.007286186795681715,0.007286186795681715,0
2023-03-08 21:00:00+00:00,0.007286399137228727,0.007286558393388987,0.007276060990989208,0.007280245888978243,0.007280245888978243,0
2023-03-08 22:00:00+00:00,0.007280245888978243,0.0072880457155406475,0.007280245888978243,0.007286186795681715,0.007286186795681715,0
2023-03-08 23:00:00+00:00,0.007285974454134703,0.007291552610695362,0.007284170016646385,0.007286399137228727,0.007286399137228727,0
2023-03-09 00:00:00+00:00,0.0072875674813985825,0.007310208864510059,0.00728576211258769,0.007300816010683775,0.007300816010683775,0
2023-03-09 01:00:00+00:00,0.007300495635718107,0.007302094716578722,0.007290596142411232,0.007292828988283873,0.007292828988283873,0
2023-03-09 02:00:00+00:00,0.007292828988283873,0.007300708442926407,0.007292137481272221,0.007295489311218262,0.007295489311218262,0
2023-03-09 03:00:00+00:00,0.007295595481991768,0.007304121740162373,0.007294743787497282,0.007302521727979183,0.007302521727979183,0
2023-03-09 04:00:00+00:00,0.007302841637283564,0.007312934845685959,0.007300388999283314,0.007310583256185055,0.007310583256185055,0
2023-03-09 05:00:00+00:00,0.007310422603040934,0.007313791196793318,0.007306416518986225,0.007308765780180693,0.007308765780180693,0
2023-03-09 06:00:00+00:00,0.007308659143745899,0.007320750970393419,0.007308125030249357,0.007318394258618355,0.007318394258618355,0
2023-03-09 07:00:00+00:00,0.007318715564906597,0.007322788704186678,0.007307324092835188,0.007307857740670443,0.007307857740670443,0
2023-03-09 08:00:00+00:00,0.007307857740670443,0.007342682685703039,0.007305028848350048,0.007332292385399342,0.007332292385399342,0
2023-03-09 09:00:00+00:00,0.00733239995315671,0.007348078768700361,0.007327832281589508,0.007342682685703039,0.007342682685703039,0
2023-03-09 10:00:00+00:00,0.007342737168073654,0.0073502385057508945,0.00733659602701664,0.00734656723216176,0.00734656723216176,0
2023-03-09 11:00:00+00:00,0.00734656723216176,0.007352184038609266,0.007337349001318216,0.007338156923651695,0.007338156923651695,0
2023-03-09 12:00:00+00:00,0.007338103372603655,0.007341065909713507,0.007331485860049725,0.007337941788136959,0.007337941788136959,0
2023-03-09 13:00:00+00:00,0.007337995804846287,0.007356402929872274,0.007332130800932646,0.00734840240329504,0.00734840240329504,0
2023-03-09 14:00:00+00:00,0.007348294369876385,0.0073540229350328445,0.00733239995315671,0.007344300393015146,0.007344300393015146,0
2023-03-09 15:00:00+00:00,0.007344462908804417,0.007353481370955706,0.007334066554903984,0.007335572969168425,0.007335572969168425,0
2023-03-09 16:00:00+00:00,0.007335626985877752,0.007342143915593624,0.0073302495293319225,0.007331055589020252,0.007331055589020252,0
2023-03-09 17:00:00+00:00,0.00733110960572958,0.007342682685703039,0.007327027153223753,0.007340742740780115,0.007340742740780115,0
2023-03-09 18:00:00+00:00,0.007340903859585524,0.007350779604166746,0.007339664734899998,0.0073502929881215096,0.0073502929881215096,0
2023-03-09 19:00:00+00:00,0.007350184954702854,0.0073540229350328445,0.007342629600316286,0.007344300393015146,0.007344300393015146,0
2023-03-09 20:00:00+00:00,0.007344408426433802,0.007350779604166746,0.007342467550188303,0.007346998900175095,0.007346998900175095,0
2023-03-09 21:00:00+00:00,0.007347052916884422,0.007349698804318905,0.007344300393015146,0.0073458109982311726,0.0073458109982311726,0
2023-03-09 22:00:00+00:00,0.007345595397055149,0.007350022904574871,0.007343330420553684,0.007345109712332487,0.007345109712332487,0
2023-03-09 23:00:00+00:00,0.0073452177457511425,0.007345919031649828,0.007330034859478474,0.007330625783652067,0.007330625783652067,0
2023-03-10 00:00:00+00:00,0.007333098910748959,0.007363336626440287,0.007330088876187801,0.007357214577496052,0.007357214577496052,0
2023-03-10 01:00:00+00:00,0.007356998044997454,0.007360517978668213,0.007348888553678989,0.007355429232120514,0.007355429232120514,0
2023-03-10 02:00:00+00:00,0.007355807349085808,0.007361059542745352,0.007300868630409241,0.007314432878047228,0.007314432878047228,0
2023-03-10 03:00:00+00:00,0.007314486429095268,0.007331002037972212,0.007312293630093336,0.0073257926851511,0.0073257926851511,0
2023-03-10 04:00:00+00:00,0.0073257926851511,0.007327779196202755,0.007310101762413979,0.007322144694626331,0.007322144694626331,0
2023-03-10 05:00:00+00:00,0.007322251796722412,0.007325523998588324,0.007313950918614864,0.007318608462810516,0.007318608462810516,0
2023-03-10 06:00:00+00:00,0.007318662013858557,0.007322251796722412,0.007306897081434727,0.00731250736862421,0.00731250736862421,0
2023-03-10 07:00:00+00:00,0.007312775123864412,0.007336757145822048,0.007311331108212471,0.007331217173486948,0.007331217173486948,0
2023-03-10 08:00:00+00:00,0.00733110960572958,0.007348347920924425,0.0073180729523301125,0.0073196799494326115,0.0073196799494326115,0
2023-03-10 09:00:00+00:00,0.0073196799494326115,0.0073206438682973385,0.007309781387448311,0.007310956716537476,0.007310956716537476,0
2023-03-10 10:00:00+00:00,0.007311063352972269,0.007315289229154587,0.007299589458853006,0.007300388999283314,0.007300388999283314,0
2023-03-10 11:00:00+00:00,0.007300549186766148,0.007313202600926161,0.007300069089978933,0.007311972789466381,0.007311972789466381,0
2023-03-10 12:00:00+00:00,0.007311972789466381,0.0073209661059081554,0.007305989973247051,0.00731539586558938,0.00731539586558938,0
2023-03-10 13:00:00+00:00,0.00731539586558938,0.007361385505646467,0.007309514097869396,0.007338856812566519,0.007338856812566519,0
2023-03-10 14:00:00+00:00,0.00733912643045187,0.0074208201840519905,0.007333314046263695,0.007416856940835714,0.007416856940835714,0
2023-03-10 15:00:00+00:00,0.007416802458465099,0.007456565275788307,0.007415482308715582,0.007446626201272011,0.007446626201272011,0
2023-03-10 16:00:00+00:00,0.007446626201272011,0.007446903735399246,0.007397489156574011,0.007404993753880262,0.007404993753880262,0
2023-03-10 17:00:00+00:00,0.007404993753880262,0.007429144810885191,0.0074033490382134914,0.007422142196446657,0.007422142196446657,0
2023-03-10 18:00:00+00:00,0.007422031834721565,0.0074254488572478294,0.0074092186987400055,0.007416526786983013,0.007416526786983013,0
2023-03-10 19:00:00+00:00,0.007416361477226019,0.007425669115036726,0.0074139973148703575,0.007419608533382416,0.007419608533382416,0
2023-03-10 20:00:00+00:00,0.007419608533382416,0.007422031834721565,0.007415042724460363,0.007415316998958588,0.007415316998958588,0
2023-03-10 21:00:00+00:00,0.007415262516587973,0.007417791988700628,0.007399624213576317,0.0074094925075769424,0.0074094925075769424,0
2023-03-13 00:00:00+00:00,0.007409602403640747,0.007450454402714968,0.007409163750708103,0.007441860623657703,0.007441860623657703,0
2023-03-13 01:00:00+00:00,0.007441916037350893,0.007450454402714968,0.007416692562401295,0.007423078641295433,0.007423078641295433,0
2023-03-13 02:00:00+00:00,0.007423023227602243,0.007481110282242298,0.007422472350299358,0.00747149670496583,0.00747149670496583,0
2023-03-13 03:00:00+00:00,0.007471551652997732,0.007481669541448355,0.007455176208168268,0.007456676568835974,0.007456676568835974,0
2023-03-13 04:00:00+00:00,0.007456955034285784,0.0074704913422465324,0.007452230900526047,0.0074546197429299355,0.0074546197429299355,0
2023-03-13 05:00:00+00:00,0.007454564794898033,0.007464357651770115,0.007439701352268457,0.007442303467541933,0.007442303467541933,0
2023-03-13 06:00:00+00:00,0.007442081812769175,0.007458233740180731,0.007431849837303162,0.007432844489812851,0.007432844489812851,0
2023-03-13 07:00:00+00:00,0.007432789076119661,0.007444353308528662,0.007424235809594393,0.007434723433107138,0.007434723433107138,0
2023-03-13 08:00:00+00:00,0.00743483379483223,0.0074783130548894405,0.0074265520088374615,0.007473450154066086,0.007473450154066086,0
2023-03-13 09:00:00+00:00,0.007473674137145281,0.007523322477936745,0.007465082220733166,0.0075054229237139225,0.0075054229237139225,0
2023-03-13 10:00:00+00:00,0.007505647838115692,0.007513147778809071,0.007477977313101292,0.007485702633857727,0.007485702633857727,0
2023-03-13 11:00:00+00:00,0.007485870271921158,0.0075295534916222095,0.007473785895854235,0.007510327268391848,0.007510327268391848,0
2023-03-13 12:00:00+00:00,0.0075106085278093815,0.0075608654879033566,0.0075034513138234615,0.0075448923744261265,0.0075448923744261265,0
2023-03-13 13:00:00+00:00,0.007544550113379955,0.007553440518677235,0.007512527517974377,0.007516649551689625,0.007516649551689625,0
2023-03-13 14:00:00+00:00,0.007516705896705389,0.007540909573435783,0.007507394999265671,0.007530857343226671,0.007530857343226671,0
2023-03-13 15:00:00+00:00,0.00753108412027359,0.007540909573435783,0.007501875516027212,0.007511173374950886,0.007511173374950886,0
2023-03-13 16:00:00+00:00,0.007511286064982414,0.0075182318687438965,0.0074956342577934265,0.007515632547438145,0.007515632547438145,0
2023-03-13 17:00:00+00:00,0.0075159152038395405,0.007523322477936745,0.007508127950131893,0.007509198971092701,0.007509198971092701,0
2023-03-13 18:00:00+00:00,0.007509142160415649,0.007514277007430792,0.007491647265851498,0.007500693667680025,0.007500693667680025,0
2023-03-13 19:00:00+00:00,0.007500806357711554,0.007504127454012632,0.007484077475965023,0.007499625440686941,0.007499625440686941,0
2023-03-13 20:00:00+00:00,0.007499512750655413,0.007509762421250343,0.007496026810258627,0.007508748210966587,0.007508748210966587,0
2023-03-13 21:00:00+00:00,0.0075090862810611725,0.007512358017265797,0.007503226399421692,0.007507733069360256,0.007507733069360256,0
2023-03-13 22:00:00+00:00,0.007507733069360256,0.007513147778809071,0.007505479268729687,0.007507394999265671,0.007507394999265671,0
2023-03-13 23:00:00+00:00,0.007507394999265671,0.007514277007430792,0.007500074803829193,0.007513147778809071,0.007513147778809071,0
2023-03-14 00:00:00+00:00,0.007513768505305052,0.007518797181546688,0.007498724851757288,0.007505366113036871,0.007505366113036871,0
2023-03-14 01:00:00+00:00,0.0075054229237139225,0.00750694377347827,0.007465082220733166,0.007478200830519199,0.007478200830519199,0
2023-03-14 02:00:00+00:00,0.007478200830519199,0.007486150600016117,0.007473618257790804,0.007479431573301554,0.007479431573301554,0
2023-03-14 03:00:00+00:00,0.0074793198145926,0.00748278945684433,0.00747149670496583,0.007474790792912245,0.007474790792912245,0
2023-03-14 04:00:00+00:00,0.007475127000361681,0.007479431573301554,0.007461127359420061,0.0074706594459712505,0.0074706594459712505,0
2023-03-14 05:00:00+00:00,0.007470603100955486,0.007476635742932558,0.007465304806828499,0.007471663411706686,0.007471663411706686,0
2023-03-14 06:00:00+00:00,0.00747171975672245,0.007509198971092701,0.007469263859093189,0.007484301459044218,0.007484301459044218,0
2023-03-14 07:00:00+00:00,0.007484133820980787,0.007498500403016806,0.007480718195438385,0.0074879443272948265,0.0074879443272948265,0
2023-03-14 08:00:00+00:00,0.00748788844794035,0.007493443321436644,0.0074442424811422825,0.007457955274730921,0.007457955274730921,0
2023-03-14 09:00:00+00:00,0.007457733154296875,0.007463800720870495,0.007450232282280922,0.0074510094709694386,0.0074510094709694386,0
2023-03-14 10:00:00+00:00,0.0074506765231490135,0.007467702031135559,0.007447901647537947,0.007464914582669735,0.007464914582669735,0
2023-03-14 11:00:00+00:00,0.007465026807039976,0.007468817755579948,0.007450176402926445,0.0074538420885801315,0.0074538420885801315,0
2023-03-14 12:00:00+00:00,0.0074538420885801315,0.00747071485966444,0.00742682721465826,0.0074598477222025394,0.0074598477222025394,0
2023-03-14 13:00:00+00:00,0.0074598477222025394,0.007464914582669735,0.007412843406200409,0.007422526832669973,0.007422526832669973,0
2023-03-14 14:00:00+00:00,0.007422526832669973,0.007440476678311825,0.007417242042720318,0.0074349441565573215,0.0074349441565573215,0
2023-03-14 15:00:00+00:00,0.0074350000359117985,0.007451565004885197,0.007434723433107138,0.007444353308528662,0.007444353308528662,0
2023-03-14 16:00:00+00:00,0.00744457496330142,0.007447125390172005,0.00742942001670599,0.0074400329031050205,0.0074400329031050205,0
2023-03-14 17:00:00+00:00,0.0074401437304914,0.007460460066795349,0.0074401437304914,0.007441528607159853,0.007441528607159853,0
2023-03-14 18:00:00+00:00,0.007441417779773474,0.007462129928171635,0.007439811713993549,0.007455453276634216,0.007455453276634216,0
2023-03-14 19:00:00+00:00,0.007453953381627798,0.007464914582669735,0.00745150912553072,0.007453286089003086,0.007453286089003086,0
2023-03-14 20:00:00+00:00,0.007453341968357563,0.007457121275365353,0.007449067197740078,0.0074510653503239155,0.0074510653503239155,0
2023-03-14 21:00:00+00:00,0.0074510653503239155,0.0074535091407597065,0.0074465153738856316,0.007448678836226463,0.007448678836226463,0
2023-03-14 22:00:00+00:00,0.007449011318385601,0.007453564088791609,0.0074470145627856255,0.007449788507074118,0.007449788507074118,0
2023-03-14 23:00:00+00:00,0.007449566852301359,0.007451565004885197,0.0074363816529512405,0.007440808694809675,0.007440808694809675,0
2023-03-15 00:00:00+00:00,0.007438372820615768,0.007443245034664869,0.007429696619510651,0.0074387602508068085,0.0074387602508068085,0
2023-03-15 01:00:00+00:00,0.007438871078193188,0.007452676072716713,0.007438317872583866,0.007446016184985638,0.007446016184985638,0
2023-03-15 02:00:00+00:00,0.007446072064340115,0.007462129928171635,0.0074454620480537415,0.007454175502061844,0.007454175502061844,0
2023-03-15 03:00:00+00:00,0.007454342674463987,0.007459902670234442,0.007446459494531155,0.007448567543178797,0.007448567543178797,0
2023-03-15 04:00:00+00:00,0.007448678836226463,0.0074510094709694386,0.0074326228350400925,0.007433838676661253,0.007433838676661253,0
2023-03-15 05:00:00+00:00,0.007433838676661253,0.0074382624588906765,0.0074247317388653755,0.007427544333040714,0.007427544333040714,0
2023-03-15 06:00:00+00:00,0.007427433971315622,0.007433286402374506,0.007416361477226019,0.007424786686897278,0.007424786686897278,0
2023-03-15 07:00:00+00:00,0.0074247317388653755,0.007433286402374506,0.007404061499983072,0.007414437830448151,0.007414437830448151,0
2023-03-15 08:00:00+00:00,0.007414437830448151,0.00742942001670599,0.007401212118566036,0.007425779476761818,0.007425779476761818,0
2023-03-15 09:00:00+00:00,0.0074258893728256226,0.007464914582669735,0.007422802969813347,0.007451897952705622,0.007451897952705622,0
2023-03-15 10:00:00+00:00,0.0074517871253192425,0.007498500403016806,0.007451675832271576,0.007485478650778532,0.007485478650778532,0
2023-03-15 11:00:00+00:00,0.0074854218401014805,0.007495689671486616,0.007471551652997732,0.007489177864044905,0.007489177864044905,0
2023-03-15 12:00:00+00:00,0.00748895388096571,0.007547169923782349,0.0074854218401014805,0.007538976613432169,0.007538976613432169,0
2023-03-15 13:00:00+00:00,0.007538238074630499,0.007564868777990341,0.00750378891825676,0.007533240597695112,0.007533240597695112,0
2023-03-15 14:00:00+00:00,0.0075332969427108765,0.007542615756392479,0.007503508124500513,0.00752066308632493,0.00752066308632493,0
2023-03-15 15:00:00+00:00,0.007520776242017746,0.0075318217277526855,0.0075014252215623856,0.007529327180236578,0.007529327180236578,0
2023-03-15 16:00:00+00:00,0.007529327180236578,0.007554010953754187,0.007527059409767389,0.0075351702980697155,0.0075351702980697155,0
2023-03-15 17:00:00+00:00,0.0075351702980697155,0.007542615756392479,0.007511116564273834,0.007516366895288229,0.007516366895288229,0
2023-03-15 18:00:00+00:00,0.0075163100846111774,0.007523322477936745,0.007475238759070635,0.007491983473300934,0.007491983473300934,0
2023-03-15 19:00:00+00:00,0.007492039352655411,0.007512583397328854,0.0074886176735162735,0.007508071139454842,0.007508071139454842,0
2023-03-15 20:00:00+00:00,0.007507902570068836,0.00751145463436842,0.0074915350414812565,0.007496252190321684,0.007496252190321684,0
2023-03-15 21:00:00+00:00,0.0074973199516534805,0.007502719759941101,0.007494117133319378,0.007500243838876486,0.007500243838876486,0
2023-03-15 22:00:00+00:00,0.0075000193901360035,0.00750694377347827,0.007497150916606188,0.00749956863000989,0.00749956863000989,0
2023-03-15 23:00:00+00:00,0.00749956863000989,0.0075329565443098545,0.0074977693147957325,0.007524510845541954,0.007524510845541954,0
2023-03-16 00:00:00+00:00,0.007524568121880293,0.007548878900706768,0.0074951839633286,0.007500356528908014,0.007500356528908014,0
2023-03-16 01:00:00+00:00,0.007500243838876486,0.0075182318687438965,0.007491029798984528,0.007516196928918362,0.007516196928918362,0
2023-03-16 02:00:00+00:00,0.0075163100846111774,0.007533523719757795,0.007512696553021669,0.007528419606387615,0.007528419606387615,0
2023-03-16 03:00:00+00:00,0.007528532762080431,0.007536931429058313,0.007520945742726326,0.007534261792898178,0.007534261792898178,0
2023-03-16 04:00:00+00:00,0.007534205447882414,0.0075448923744261265,0.0075295534916222095,0.007531934883445501,0.007531934883445501,0
2023-03-16 05:00:00+00:00,0.0075316522270441055,0.007536362856626511,0.007516649551689625,0.007534375414252281,0.007534375414252281,0
2023-03-16 06:00:00+00:00,0.007534375414252281,0.007536362856626511,0.0075219073332846165,0.007528306450694799,0.007528306450694799,0
2023-03-16 07:00:00+00:00,0.007529269903898239,0.007532389368861914,0.00750835333019495,0.007512188050895929,0.007512188050895929,0
2023-03-16 08:00:00+00:00,0.007512413896620274,0.0075439815409481525,0.00750615494325757,0.007524397689849138,0.007524397689849138,0
2023-03-16 09:00:00+00:00,0.007524568121880293,0.007539771962910891,0.007522303611040115,0.007526719942688942,0.007526719942688942,0
2023-03-16 10:00:00+00:00,0.007526663597673178,0.007531254552304745,0.007513825781643391,0.007527173031121492,0.007527173031121492,0
2023-03-16 11:00:00+00:00,0.007527173031121492,0.007542615756392479,0.007526323199272156,0.007541534956544638,0.007541534956544638,0
2023-03-16 12:00:00+00:00,0.007541534956544638,0.007566184736788273,0.007533013820648193,0.007557721808552742,0.007557721808552742,0
2023-03-16 13:00:00+00:00,0.007557721808552742,0.007593014743179083,0.007536306511610746,0.007555609103292227,0.007555609103292227,0
2023-03-16 14:00:00+00:00,0.007555552292615175,0.007580926176160574,0.007526153698563576,0.0075407386757433414,0.0075407386757433414,0
2023-03-16 15:00:00+00:00,0.00754068186506629,0.007548878900706768,0.007510044611990452,0.007517497055232525,0.007517497055232525,0
2023-03-16 16:00:00+00:00,0.007517666090279818,0.007525586523115635,0.0074918149039149284,0.007494004443287849,0.007494004443287849,0
2023-03-16 17:00:00+00:00,0.007493443321436644,0.007496252190321684,0.007472333963960409,0.007481110282242298,0.007481110282242298,0
2023-03-16 18:00:00+00:00,0.007481725886464119,0.007498500403016806,0.0074805510230362415,0.00749001931399107,0.00749001931399107,0
2023-03-16 19:00:00+00:00,0.007490076124668121,0.0074973758310079575,0.007487552240490913,0.007491590455174446,0.007491590455174446,0
2023-03-16 20:00:00+00:00,0.007491422817111015,0.007494004443287849,0.007473841309547424,0.00747881643474102,0.00747881643474102,0
2023-03-16 21:00:00+00:00,0.00747881643474102,0.007491197437047958,0.00747646763920784,0.007487832102924585,0.007487832102924585,0
2023-03-16 22:00:00+00:00,0.007486486807465553,0.007492881268262863,0.007481557782739401,0.00749187171459198,0.00749187171459198,0
2023-03-16 23:00:00+00:00,0.00749192712828517,0.007501312997192144,0.007490300107747316,0.007497544400393963,0.007497544400393963,0
2023-03-17 00:00:00+00:00,0.00749855674803257,0.007499625440686941,0.00748609472066164,0.007497150916606188,0.007497150916606188,0
2023-03-17 01:00:00+00:00,0.007497150916606188,0.007508635520935059,0.007492656819522381,0.007500749547034502,0.007500749547034502,0
2023-03-17 02:00:00+00:00,0.007500693667680025,0.00751145463436842,0.007499062456190586,0.007505140732973814,0.007505140732973814,0
2023-03-17 03:00:00+00:00,0.007505140732973814,0.0075182318687438965,0.007504577748477459,0.00750694377347827,0.00750694377347827,0
2023-03-17 04:00:00+00:00,0.007507056929171085,0.007517101243138313,0.007499625440686941,0.007515858393162489,0.007515858393162489,0
2023-03-17 05:00:00+00:00,0.007515971083194017,0.007527853362262249,0.007509367540478706,0.007516988553106785,0.007516988553106785,0
2023-03-17 06:00:00+00:00,0.007516875397413969,0.007527853362262249,0.007513994351029396,0.007526323199272156,0.007526323199272156,0
2023-03-17 07:00:00+00:00,0.007526096422225237,0.007534659467637539,0.00750818382948637,0.0075182318687438965,0.0075182318687438965,0
2023-03-17 08:00:00+00:00,0.007518061902374029,0.0075210584327578545,0.007498949766159058,0.007505310233682394,0.007505310233682394,0
2023-03-17 09:00:00+00:00,0.007505310233682394,0.007523322477936745,0.007503113709390163,0.007512753363698721,0.007512753363698721,0
2023-03-17 10:00:00+00:00,0.007512583397328854,0.007516536861658096,0.007505647838115692,0.0075117372907698154,0.0075117372907698154,0
2023-03-17 11:00:00+00:00,0.007512188050895929,0.007548309396952391,0.007509762421250343,0.007539771962910891,0.007539771962910891,0
2023-03-17 12:00:00+00:00,0.007539601996541023,0.007575757801532745,0.007533580996096134,0.007560236379504204,0.007560236379504204,0
2023-03-17 13:00:00+00:00,0.007560236379504204,0.007570595946162939,0.007548195309937,0.007553155068308115,0.007553155068308115,0
2023-03-17 14:00:00+00:00,0.007553040981292725,0.007587829604744911,0.007548024412244558,0.007571512833237648,0.007571512833237648,0
2023-03-17 15:00:00+00:00,0.007571627385914326,0.007580926176160574,0.007562923710793257,0.0075746094807982445,0.0075746094807982445,0
2023-03-17 16:00:00+00:00,0.007574667222797871,0.00757661834359169,0.007559721823781729,0.007563896011561155,0.007563896011561155,0
2023-03-17 17:00:00+00:00,0.007564067840576172,0.007575757801532745,0.0075578936375677586,0.007571283262223005,0.007571283262223005,0
2023-03-17 18:00:00+00:00,0.007571226451545954,0.0076028285548090935,0.007569163106381893,0.007595436181873083,0.007595436181873083,0
2023-03-17 19:00:00+00:00,0.007595783099532127,0.007599361706525087,0.007576044648885727,0.0075765615329146385,0.0075765615329146385,0
2023-03-17 20:00:00+00:00,0.007576905656605959,0.007590708788484335,0.007573232986032963,0.0075858719646930695,0.0075858719646930695,0
2023-03-20 00:00:00+00:00,0.007560007739812136,0.00756544154137373,0.007539771962910891,0.007540966849774122,0.007540966849774122,0
2023-03-20 01:00:00+00:00,0.007540853228420019,0.0075608654879033566,0.00753863574936986,0.007556579541414976,0.007556579541414976,0
2023-03-20 02:00:00+00:00,0.0075569795444607735,0.00757409306243062,0.00755275646224618,0.007564639672636986,0.007564639672636986,0
2023-03-20 03:00:00+00:00,0.007564582396298647,0.007580811157822609,0.007559035439044237,0.0075743235647678375,0.0075743235647678375,0
2023-03-20 04:00:00+00:00,0.0075742085464298725,0.007590708788484335,0.007570997346192598,0.007586563006043434,0.007586563006043434,0
2023-03-20 05:00:00+00:00,0.007586619816720486,0.007591976784169674,0.007576389238238335,0.007585929706692696,0.007585929706692696,0
2023-03-20 06:00:00+00:00,0.0075857569463551044,0.007632422260940075,0.007583226077258587,0.007627531886100769,0.007627531886100769,0
2023-03-20 07:00:00+00:00,0.007627531886100769,0.007649938575923443,0.007615856826305389,0.007631258107721806,0.007631258107721806,0
2023-03-20 08:00:00+00:00,0.007630733773112297,0.007660839706659317,0.007620847783982754,0.007640003226697445,0.007640003226697445,0
2023-03-20 09:00:00+00:00,0.007640119642019272,0.007645259611308575,0.007616552524268627,0.007621603086590767,0.007621603086590767,0
2023-03-20 10:00:00+00:00,0.007621660828590393,0.007629744242876768,0.007607339881360531,0.007617306429892778,0.007617306429892778,0
2023-03-20 11:00:00+00:00,0.007617248222231865,0.0076396530494093895,0.0076152184046804905,0.007630966603755951,0.007630966603755951,0
2023-03-20 12:00:00+00:00,0.007630966603755951,0.007636502850800753,0.007597571704536676,0.007602885831147432,0.007602885831147432,0
2023-03-20 13:00:00+00:00,0.007603002246469259,0.0076202088966965675,0.0075944559648633,0.007600285578519106,0.007600285578519106,0
2023-03-20 14:00:00+00:00,0.007600054610520601,0.0076045626774430275,0.007586619816720486,0.007590363267809153,0.007590363267809153,0
2023-03-20 15:00:00+00:00,0.007590363267809153,0.007602250669151545,0.007584548555314541,0.007599361706525087,0.007599361706525087,0
2023-03-20 16:00:00+00:00,0.00759913120418787,0.007614406291395426,0.007595033384859562,0.007597860414534807,0.007597860414534807,0
2023-03-20 17:00:00+00:00,0.007597398944199085,0.007601672317832708,0.007590421009808779,0.007597225718200207,0.007597225718200207,0
2023-03-20 18:00:00+00:00,0.007597052026540041,0.0076196277514100075,0.007593706250190735,0.007615508046001196,0.007615508046001196,0
2023-03-20 19:00:00+00:00,0.007615739945322275,0.007617306429892778,0.007603869307786226,0.007610929198563099,0.007610929198563099,0
2023-03-20 20:00:00+00:00,0.007609018124639988,0.007617886643856764,0.007606356404721737,0.007615508046001196,0.007615508046001196,0
2023-03-20 21:00:00+00:00,0.007615392096340656,0.007623752113431692,0.00761533435434103,0.007617306429892778,0.007617306429892778,0
2023-03-20 22:00:00+00:00,0.0076161460019648075,0.007618467323482037,0.007607802748680115,0.007610002066940069,0.007610002066940069,0
2023-03-20 23:00:00+00:00,0.00760994479060173,0.007619047537446022,0.007608033716678619,0.007610523607581854,0.007610523607581854,0
2023-03-21 00:00:00+00:00,0.007610697764903307,0.00762951048091054,0.007598668336868286,0.007623810786753893,0.007623810786753893,0
2023-03-21 01:00:00+00:00,0.007623810786753893,0.007633005268871784,0.0076192221604287624,0.007620092947036028,0.007620092947036028,0
2023-03-21 02:00:00+00:00,0.0076202088966965675,0.007624275516718626,0.007614638190716505,0.0076217190362513065,0.0076217190362513065,0
2023-03-21 03:00:00+00:00,0.0076217190362513065,0.0076254382729530334,0.007617132272571325,0.00762119609862566,0.00762119609862566,0
2023-03-21 04:00:00+00:00,0.007621369790285826,0.007624275516718626,0.007609655149281025,0.007618815638124943,0.007618815638124943,0
2023-03-21 05:00:00+00:00,0.007618756964802742,0.007624857593327761,0.007614754140377045,0.007619454059749842,0.007619454059749842,0
2023-03-21 06:00:00+00:00,0.007619511801749468,0.007621951401233673,0.00759180448949337,0.0075927842408418655,0.0075927842408418655,0
2023-03-21 07:00:00+00:00,0.007592726033180952,0.007603405974805355,0.007581501267850399,0.007583283353596926,0.007583283353596926,0
2023-03-21 08:00:00+00:00,0.0075835129246115685,0.007588980719447136,0.007560750935226679,0.007565326057374477,0.007565326057374477,0
2023-03-21 09:00:00+00:00,0.0075653837993741035,0.007571168709546328,0.007558864541351795,0.007564697414636612,0.007564697414636612,0
2023-03-21 10:00:00+00:00,0.007564525585621595,0.007568303495645523,0.007550760172307491,0.007563667371869087,0.007563667371869087,0
2023-03-21 11:00:00+00:00,0.0075639537535607815,0.007568877190351486,0.007555095944553614,0.007559835910797119,0.007559835910797119,0
2023-03-21 12:00:00+00:00,0.007560064550489187,0.007576331030577421,0.007549733854830265,0.007562751416116953,0.007562751416116953,0
2023-03-21 13:00:00+00:00,0.007562695071101189,0.007570022251456976,0.007553098723292351,0.007561951410025358,0.007561951410025358,0
2023-03-21 14:00:00+00:00,0.007561951410025358,0.007588980719447136,0.0075543541461229324,0.007585238665342331,0.007585238665342331,0
2023-03-21 15:00:00+00:00,0.007585238665342331,0.007589557208120823,0.00755218556150794,0.0075608654879033566,0.0075608654879033566,0
2023-03-21 16:00:00+00:00,0.007560465019196272,0.007564868777990341,0.007548707537353039,0.007552242837846279,0.007552242837846279,0
2023-03-21 17:00:00+00:00,0.007552014663815498,0.007556294556707144,0.0075413077138364315,0.007549164351075888,0.007549164351075888,0
2023-03-21 18:00:00+00:00,0.007549050264060497,0.007554010953754187,0.007539715617895126,0.007544322870671749,0.007544322870671749,0
2023-03-21 19:00:00+00:00,0.007544436492025852,0.007553440518677235,0.007544038817286491,0.007550361100584269,0.007550361100584269,0
2023-03-21 20:00:00+00:00,0.007550303358584642,0.007551729679107666,0.007544095162302256,0.00754711264744401,0.00754711264744401,0
2023-03-21 21:00:00+00:00,0.007548936177045107,0.007552527356892824,0.007546600420027971,0.007551159709692001,0.007551159709692001,0
2023-03-21 22:00:00+00:00,0.007550988346338272,0.007557435892522335,0.007548423483967781,0.007556294556707144,0.007556294556707144,0
2023-03-21 23:00:00+00:00,0.0075561231933534145,0.007562580518424511,0.007553782779723406,0.007554182317107916,0.007554182317107916,0
2023-03-22 00:00:00+00:00,0.007553040981292725,0.0075591509230434895,0.007535851560533047,0.007545746397227049,0.007545746397227049,0
2023-03-22 01:00:00+00:00,0.00754568912088871,0.007556294556707144,0.007531594950705767,0.007542615756392479,0.007542615756392479,0
2023-03-22 02:00:00+00:00,0.007542615756392479,0.007563152350485325,0.00753948837518692,0.007555609103292227,0.007555609103292227,0
2023-03-22 03:00:00+00:00,0.007555552292615175,0.00756200822070241,0.007551216054707766,0.007554125040769577,0.007554125040769577,0
2023-03-22 04:00:00+00:00,0.007553954143077135,0.007558007724583149,0.00754711264744401,0.007548878900706768,0.007548878900706768,0
2023-03-22 05:00:00+00:00,0.007548423483967781,0.007558007724583149,0.007546543143689632,0.0075515578500926495,0.0075515578500926495,0
2023-03-22 06:00:00+00:00,0.007551729679107666,0.007559721823781729,0.007548764813691378,0.007557150907814503,0.007557150907814503,0
2023-03-22 07:00:00+00:00,0.007557379547506571,0.007560293190181255,0.007541477680206299,0.007542047183960676,0.007542047183960676,0
2023-03-22 08:00:00+00:00,0.007541876286268234,0.007553440518677235,0.007539203856140375,0.007547568995505571,0.007547568995505571,0
2023-03-22 09:00:00+00:00,0.007547910325229168,0.007557435892522335,0.007543924264609814,0.0075441524386405945,0.0075441524386405945,0
2023-03-22 10:00:00+00:00,0.007544436492025852,0.007548309396952391,0.007522699888795614,0.007530007045716047,0.007530007045716047,0
2023-03-22 11:00:00+00:00,0.007529780268669128,0.0075329565443098545,0.007522077299654484,0.007524737156927586,0.007524737156927586,0
2023-03-22 12:00:00+00:00,0.00752507708966732,0.0075329565443098545,0.007518684025853872,0.007531141396611929,0.007531141396611929,0
2023-03-22 13:00:00+00:00,0.007531197741627693,0.007546600420027971,0.007530460134148598,0.0075332969427108765,0.0075332969427108765,0
2023-03-22 14:00:00+00:00,0.007533240597695112,0.00755287054926157,0.007527853362262249,0.007545802742242813,0.007545802742242813,0
2023-03-22 15:00:00+00:00,0.007545802742242813,0.007552299648523331,0.007535681594163179,0.007537669036537409,0.007537669036537409,0
2023-03-22 16:00:00+00:00,0.007537612691521645,0.007544322870671749,0.007534488569945097,0.007542559411376715,0.007542559411376715,0
2023-03-22 17:00:00+00:00,0.007542559411376715,0.007550532463937998,0.0075374990701675415,0.007549448404461145,0.007549448404461145,0
2023-03-22 18:00:00+00:00,0.007547340821474791,0.007633005268871784,0.007546600420027971,0.007609539199620485,0.007609539199620485,0
2023-03-22 19:00:00+00:00,0.0076094819232821465,0.007627764716744423,0.007594168186187744,0.007622416131198406,0.007622416131198406,0
2023-03-22 20:00:00+00:00,0.007622299715876579,0.007635336369276047,0.0076028285548090935,0.007610002066940069,0.007610002066940069,0
2023-03-22 21:00:00+00:00,0.007610350381582975,0.0076146963983774185,0.007608033716678619,0.00761150848120451,0.00761150848120451,0
2023-03-22 22:00:00+00:00,0.007612841669470072,0.007618931587785482,0.007605140563100576,0.007606703322380781,0.007606703322380781,0
2023-03-22 23:00:00+00:00,0.007606703322380781,0.0076266019605100155,0.007605661638081074,0.007623694371432066,0.007623694371432066,0
2023-03-23 00:00:00+00:00,0.007622939068824053,0.007644675672054291,0.007619279902428389,0.007639710791409016,0.007639710791409016,0
2023-03-23 01:00:00+00:00,0.007639419753104448,0.007649353705346584,0.007634986657649279,0.007640003226697445,0.007640003226697445,0
2023-03-23 02:00:00+00:00,0.007640003226697445,0.0076587265357375145,0.007637843955308199,0.007652983069419861,0.007652983069419861,0
2023-03-23 03:00:00+00:00,0.007653159089386463,0.007669299840927124,0.007649411913007498,0.007655913010239601,0.007655913010239601,0
2023-03-23 04:00:00+00:00,0.007655971217900515,0.007656967267394066,0.0076421634294092655,0.007649938575923443,0.007649938575923443,0
2023-03-23 05:00:00+00:00,0.007649528793990612,0.007656967267394066,0.007643623743206263,0.007646370213478804,0.007646370213478804,0
2023-03-23 06:00:00+00:00,0.007646195590496063,0.007656967267394066,0.007643857039511204,0.007644733414053917,0.007644733414053917,0
2023-03-23 07:00:00+00:00,0.0076445587910711765,0.0076616606675088406,0.007630675099790096,0.0076376693323254585,0.0076376693323254585,0
2023-03-23 08:00:00+00:00,0.007635336369276047,0.007644090801477432,0.0076192221604287624,0.007622532080858946,0.007622532080858946,0
2023-03-23 09:00:00+00:00,0.007622125092893839,0.007630675099790096,0.007615798152983189,0.007626659702509642,0.007626659702509642,0
2023-03-23 10:00:00+00:00,0.007626543287187815,0.00762951048091054,0.007616493850946426,0.007618060801178217,0.007618060801178217,0
2023-03-23 11:00:00+00:00,0.007617770694196224,0.0076202088966965675,0.0076082078740000725,0.007617190480232239,0.007617190480232239,0
2023-03-23 12:00:00+00:00,0.007617074530571699,0.007628928869962692,0.007595148403197527,0.007605603896081448,0.007605603896081448,0
2023-03-23 13:00:00+00:00,0.007605603896081448,0.007628928869962692,0.007602018769830465,0.007625613361597061,0.007625613361597061,0
2023-03-23 14:00:00+00:00,0.007626019883900881,0.007632422260940075,0.0076122041791677475,0.007619743701070547,0.007619743701070547,0
2023-03-23 15:00:00+00:00,0.007619686424732208,0.007637085393071175,0.007615044247359037,0.007633587811142206,0.007633587811142206,0
2023-03-23 16:00:00+00:00,0.007633937057107687,0.007655208930373192,0.007631607353687286,0.007647364400327206,0.007647364400327206,0
2023-03-23 17:00:00+00:00,0.0076474822126328945,0.0076487683691084385,0.007633238565176725,0.0076418714597821236,0.0076418714597821236,0
2023-03-23 18:00:00+00:00,0.00764181325212121,0.00766694825142622,0.00764017878100276,0.007655678782612085,0.007655678782612085,0
2023-03-23 19:00:00+00:00,0.007655619643628597,0.0076751867309212685,0.0076314909383654594,0.007659196387976408,0.007659196387976408,0
2023-03-23 20:00:00+00:00,0.0076593137346208096,0.007662248332053423,0.007639069110155106,0.007643039803951979,0.007643039803951979,0
2023-03-23 21:00:00+00:00,0.007644675672054291,0.007652163039892912,0.007642338052392006,0.0076450263150036335,0.0076450263150036335,0
2023-03-23 22:00:00+00:00,0.00764461699873209,0.007647599093616009,0.007639594376087189,0.0076437401585280895,0.0076437401585280895,0
2023-03-23 23:00:00+00:00,0.007643506862223148,0.007652397733181715,0.00764245493337512,0.00764245493337512,0.00764245493337512,0
2023-03-24 00:00:00+00:00,0.007641345728188753,0.007663422264158726,0.007637144066393375,0.0076616606675088406,0.0076616606675088406,0
2023-03-24 01:00:00+00:00,0.007661719806492329,0.007682851515710354,0.007655326277017593,0.007657788693904877,0.007657788693904877,0
2023-03-24 02:00:00+00:00,0.00765784690156579,0.007669299840927124,0.007652163039892912,0.00766418594866991,0.00766418594866991,0
2023-03-24 03:00:00+00:00,0.0076642450876533985,0.007679312024265528,0.007658785674721003,0.007672830484807491,0.007672830484807491,0
2023-03-24 04:00:00+00:00,0.0076727718114852905,0.007689350284636021,0.007666242308914661,0.007686099968850613,0.007686099968850613,0
2023-03-24 05:00:00+00:00,0.0076863947324454784,0.007690533064305782,0.007678840309381485,0.007685036398470402,0.007685036398470402,0
2023-03-24 06:00:00+00:00,0.007684977725148201,0.0076875765807926655,0.007665655110031366,0.007666829973459244,0.007666829973459244,0
2023-03-24 07:00:00+00:00,0.0076670655980706215,0.007679312024265528,0.00766412727534771,0.007677189540117979,0.007677189540117979,0
2023-03-24 08:00:00+00:00,0.00767707172781229,0.007698229979723692,0.007675127126276493,0.007687872741371393,0.007687872741371393,0
2023-03-24 09:00:00+00:00,0.007687813136726618,0.007713073864579201,0.007680314593017101,0.007706535514444113,0.007706535514444113,0
2023-03-24 10:00:00+00:00,0.00770677300170064,0.007715453859418631,0.007691893260926008,0.007699295878410339,0.007699295878410339,0
2023-03-24 11:00:00+00:00,0.007699237205088139,0.007705347612500191,0.007683087605983019,0.007691952865570784,0.007691952865570784,0
2023-03-24 12:00:00+00:00,0.007692189421504736,0.007702972739934921,0.007677366025745869,0.00768279330804944,0.00768279330804944,0
2023-03-24 13:00:00+00:00,0.00768296979367733,0.007691123988479376,0.0076557365246117115,0.0076593137346208096,0.0076593137346208096,0
2023-03-24 14:00:00+00:00,0.007659020368009806,0.00767106469720602,0.007649119943380356,0.007664890959858894,0.007664890959858894,0
2023-03-24 15:00:00+00:00,0.007665184326469898,0.007678132504224777,0.007653451524674892,0.007654857821762562,0.007654857821762562,0
2023-03-24 16:00:00+00:00,0.007654974702745676,0.007660487666726112,0.0076396530494093895,0.007647013757377863,0.007647013757377863,0
2023-03-24 17:00:00+00:00,0.007647013757377863,0.0076557956635952,0.0076437401585280895,0.0076512848027050495,0.0076512848027050495,0
2023-03-24 18:00:00+00:00,0.00765169458463788,0.007654037792235613,0.007641754578799009,0.007650055922567844,0.007650055922567844,0
2023-03-24 19:00:00+00:00,0.007650055922567844,0.007654623594135046,0.007644090801477432,0.00764818349853158,0.00764818349853158,0
2023-03-24 20:00:00+00:00,0.00764818349853158,0.007652866188436747,0.007646195590496063,0.0076512848027050495,0.0076512848027050495,0
2023-03-27 00:00:00+01:00,0.007646429352462292,0.00765169458463788,0.0076355114579200745,0.007642864249646664,0.007642864249646664,0
2023-03-27 01:00:00+01:00,0.007642747368663549,0.007660487666726112,0.007640352938324213,0.007646487094461918,0.007646487094461918,0
2023-03-27 02:00:00+01:00,0.007646429352462292,0.007654037792235613,0.007630384527146816,0.007640819996595383,0.007640819996595383,0
2023-03-27 03:00:00+01:00,0.007641111966222525,0.007654623594135046,0.0076405867002904415,0.007650348823517561,0.007650348823517561,0
2023-03-27 04:00:00+01:00,0.007650348823517561,0.007662248332053423,0.007646721787750721,0.007657377980649471,0.007657377980649471,0
2023-03-27 05:00:00+01:00,0.007657554466277361,0.007664597127586603,0.007650465704500675,0.007650816813111305,0.007650816813111305,0
2023-03-27 06:00:00+01:00,0.007651050575077534,0.007652280852198601,0.007635044399648905,0.007639244198799133,0.007639244198799133,0
2023-03-27 07:00:00+01:00,0.007639069110155106,0.007642338052392006,0.007615044247359037,0.007618177216500044,0.007618177216500044,0
2023-03-27 08:00:00+01:00,0.007618234492838383,0.007643506862223148,0.007612320128828287,0.007638019043952227,0.007638019043952227,0
2023-03-27 09:00:00+01:00,0.00763807725161314,0.007641754578799009,0.007623171433806419,0.00762951048091054,0.00762951048091054,0
2023-03-27 10:00:00+01:00,0.00762951048091054,0.00763184018433094,0.0076053147204220295,0.007605777122080326,0.007605777122080326,0
2023-03-27 11:00:00+01:00,0.00760612403973937,0.007614406291395426,0.00760074844583869,0.007606703322380781,0.007606703322380781,0
2023-03-27 12:00:00+01:00,0.007606356404721737,0.007614406291395426,0.007599997334182262,0.007606934290379286,0.007606934290379286,0
2023-03-27 13:00:00+01:00,0.007606645114719868,0.00761150848120451,0.007590305991470814,0.007592668756842613,0.007592668756842613,0
2023-03-27 14:00:00+01:00,0.0075927842408418655,0.007609191816300154,0.007591515779495239,0.007605372928082943,0.007605372928082943,0
2023-03-27 15:00:00+01:00,0.007605488412082195,0.0076161460019648075,0.007597225718200207,0.0076045626774430275,0.0076045626774430275,0
2023-03-27 16:00:00+01:00,0.0076045626774430275,0.0076132467947900295,0.007601036690175533,0.007605140563100576,0.007605140563100576,0
2023-03-27 17:00:00+01:00,0.007604736369103193,0.007610350381582975,0.007596360053867102,0.0075987838208675385,0.0075987838208675385,0
2023-03-27 18:00:00+01:00,0.007598899304866791,0.007605140563100576,0.007592668756842613,0.007595667149871588,0.007595667149871588,0
2023-03-27 19:00:00+01:00,0.00759589858353138,0.007602250669151545,0.007589557208120823,0.007600574754178524,0.007600574754178524,0
2023-03-27 20:00:00+01:00,0.0076006329618394375,0.0076045626774430275,0.007595840375870466,0.0075995344668626785,0.0075995344668626785,0
2023-03-27 21:00:00+01:00,0.007599361706525087,0.007605140563100576,0.0075987838208675385,0.007602018769830465,0.007602018769830465,0
2023-03-27 22:00:00+01:00,0.007602769881486893,0.007604388985782862,0.007599361706525087,0.0076025971211493015,0.0076025971211493015,0
2023-03-27 23:00:00+01:00,0.00760265439748764,0.0076086134649813175,0.007600863929837942,0.007606645114719868,0.007606645114719868,0
2023-03-28 00:00:00+01:00,0.007606703322380781,0.007624275516718626,0.007606645114719868,0.007619743701070547,0.007619743701070547,0
2023-03-28 01:00:00+01:00,0.007619976997375488,0.007656967267394066,0.007619570475071669,0.007646019570529461,0.007646019570529461,0
2023-03-28 02:00:00+01:00,0.007645785808563232,0.007661073934286833,0.007640060968697071,0.007648007944226265,0.007648007944226265,0
2023-03-28 03:00:00+01:00,0.00764818349853158,0.007655208930373192,0.007643039803951979,0.007652748841792345,0.007652748841792345,0
2023-03-28 04:00:00+01:00,0.0076528070494532585,0.007661073934286833,0.007650875486433506,0.007658082526177168,0.007658082526177168,0
2023-03-28 05:00:00+01:00,0.007658140268176794,0.007662835065275431,0.00765134347602725,0.007655853871256113,0.007655853871256113,0
2023-03-28 06:00:00+01:00,0.007655971217900515,0.007664009928703308,0.007649997714906931,0.007651519495993853,0.007651519495993853,0
2023-03-28 07:00:00+01:00,0.00765134347602725,0.007652280852198601,0.007630733773112297,0.007639710791409016,0.007639710791409016,0
2023-03-28 08:00:00+01:00,0.0076396530494093895,0.007641171105206013,0.007620382588356733,0.007624334190040827,0.007624334190040827,0
2023-03-28 09:00:00+01:00,0.007624275516718626,0.007633587811142206,0.007616320624947548,0.007630791515111923,0.007630791515111923,0
2023-03-28 10:00:00+01:00,0.007630850188434124,0.007642338052392006,0.007622822653502226,0.007640295196324587,0.007640295196324587,0
2023-03-28 11:00:00+01:00,0.007640295196324587,0.007644675672054291,0.007630442269146442,0.007636385969817638,0.007636385969817638,0
2023-03-28 12:00:00+01:00,0.007636210881173611,0.00764818349853158,0.007626892067492008,0.007644733414053917,0.007644733414053917,0
2023-03-28 13:00:00+01:00,0.007645259611308575,0.007669887505471706,0.0076437401585280895,0.007653217297047377,0.007653217297047377,0
2023-03-28 14:00:00+01:00,0.0076538617722690105,0.007654623594135046,0.007629744242876768,0.007637435104697943,0.007637435104697943,0
2023-03-28 15:00:00+01:00,0.007634753827005625,0.007640003226697445,0.007622939068824053,0.007634461857378483,0.007634461857378483,0
2023-03-28 16:00:00+01:00,0.007634461857378483,0.007643506862223148,0.0076266019605100155,0.007635336369276047,0.007635336369276047,0
2023-03-28 17:00:00+01:00,0.007635103072971106,0.007640003226697445,0.007631723769009113,0.007635918911546469,0.007635918911546469,0
2023-03-28 18:00:00+01:00,0.007636094465851784,0.007660487666726112,0.007635802496224642,0.007655619643628597,0.007655619643628597,0
2023-03-28 19:00:00+01:00,0.007655678782612085,0.007657554466277361,0.00764461699873209,0.007646429352462292,0.007646429352462292,0
2023-03-28 20:00:00+01:00,0.007646253332495689,0.007654037792235613,0.007645084988325834,0.007645435631275177,0.007645435631275177,0
2023-03-28 21:00:00+01:00,0.007645493373274803,0.007647013757377863,0.007636502850800753,0.007643389981240034,0.007643389981240034,0
2023-03-28 22:00:00+01:00,0.007641930133104324,0.007646136451512575,0.0076376693323254585,0.00764327310025692,0.00764327310025692,0
2023-03-28 23:00:00+01:00,0.007642747368663549,0.007649353705346584,0.007640119642019272,0.007642397191375494,0.007642397191375494,0
2023-03-29 00:00:00+01:00,0.0076421634294092655,0.007643506862223148,0.00762910395860672,0.007631024345755577,0.007631024345755577,0
2023-03-29 01:00:00+01:00,0.007630966603755951,0.007639419753104448,0.007612898945808411,0.007615566253662109,0.007615566253662109,0
2023-03-29 02:00:00+01:00,0.007615972775965929,0.007619047537446022,0.007594686467200518,0.007606008555740118,0.007606008555740118,0
2023-03-29 03:00:00+01:00,0.007606182247400284,0.007608033716678619,0.007587253116071224,0.007591919507831335,0.007591919507831335,0
2023-03-29 04:00:00+01:00,0.007592495530843735,0.00759762991219759,0.007589441724121571,0.007594340480864048,0.007594340480864048,0
2023-03-29 05:00:00+01:00,0.00759589858353138,0.007603984791785479,0.00759238051250577,0.007592553738504648,0.007592553738504648,0
2023-03-29 06:00:00+01:00,0.007592668756842613,0.007597052026540041,0.0075803520157933235,0.007582133170217276,0.007582133170217276,0
2023-03-29 07:00:00+01:00,0.007582075893878937,0.007591861300170422,0.007573807146400213,0.007582075893878937,0.007582075893878937,0
2023-03-29 08:00:00+01:00,0.007582248654216528,0.007586678024381399,0.007572545204311609,0.00757782394066453,0.00757782394066453,0
2023-03-29 09:00:00+01:00,0.007577881682664156,0.007581501267850399,0.0075703090988099575,0.0075766765512526035,0.0075766765512526035,0
2023-03-29 10:00:00+01:00,0.0075765615329146385,0.0076005165465176105,0.007575184106826782,0.007596129085868597,0.007596129085868597,0
2023-03-29 11:00:00+01:00,0.007596301846206188,0.007598206866532564,0.00758121395483613,0.007581788115203381,0.007581788115203381,0
2023-03-29 12:00:00+01:00,0.007581846322864294,0.007585526909679174,0.007563781458884478,0.007565040607005358,0.007565040607005358,0
2023-03-29 13:00:00+01:00,0.00756481196731329,0.007567731197923422,0.007542160805314779,0.007546030450612307,0.007546030450612307,0
2023-03-29 14:00:00+01:00,0.007546030450612307,0.007563152350485325,0.007537953555583954,0.007554810494184494,0.007554810494184494,0
2023-03-29 15:00:00+01:00,0.007554866839200258,0.007566585671156645,0.007546144537627697,0.007548195309937,0.007548195309937,0
2023-03-29 16:00:00+01:00,0.007548138033598661,0.007552299648523331,0.007534716743975878,0.007535908836871386,0.007535908836871386,0
2023-03-29 17:00:00+01:00,0.00753596518188715,0.007543753832578659,0.007535737939178944,0.007539203856140375,0.007539203856140375,0
2023-03-29 18:00:00+01:00,0.007538862992078066,0.007546030450612307,0.0075321621261537075,0.007542729377746582,0.007542729377746582,0
2023-03-29 19:00:00+01:00,0.007542729377746582,0.0075454614125192165,0.007533978670835495,0.007540341001003981,0.007540341001003981,0
2023-03-29 20:00:00+01:00,0.007538749370723963,0.007542047183960676,0.007526833098381758,0.007528703194111586,0.007528703194111586,0
2023-03-29 21:00:00+01:00,0.007528646383434534,0.007531254552304745,0.007525020744651556,0.007527740206569433,0.007527740206569433,0
2023-03-29 22:00:00+01:00,0.007526153698563576,0.007539999205619097,0.007526153698563576,0.0075348298996686935,0.0075348298996686935,0
2023-03-29 23:00:00+01:00,0.007534772623330355,0.007541477680206299,0.0075329565443098545,0.007537726312875748,0.007537726312875748,0
2023-03-30 00:00:00+01:00,0.007538238074630499,0.007546030450612307,0.007534659467637539,0.007544322870671749,0.007544322870671749,0
2023-03-30 01:00:00+01:00,0.007544493768364191,0.007551159709692001,0.007534432224929333,0.007538862992078066,0.007538862992078066,0
2023-03-30 02:00:00+01:00,0.007538862992078066,0.007542047183960676,0.007529609836637974,0.007537726312875748,0.007537726312875748,0
2023-03-30 03:00:00+01:00,0.007537726312875748,0.007546600420027971,0.007535567972809076,0.007538010831922293,0.007538010831922293,0
2023-03-30 04:00:00+01:00,0.007538010831922293,0.007544322870671749,0.007535397540777922,0.007537612691521645,0.007537612691521645,0
2023-03-30 05:00:00+01:00,0.007537726312875748,0.007546030450612307,0.007536476477980614,0.007543298881500959,0.007543298881500959,0
2023-03-30 06:00:00+01:00,0.0075431279838085175,0.007556865457445383,0.007539374753832817,0.007549505680799484,0.007549505680799484,0
2023-03-30 07:00:00+01:00,0.00754956342279911,0.007558007724583149,0.007543184328824282,0.007555095944553614,0.007555095944553614,0
2023-03-30 08:00:00+01:00,0.007555152755230665,0.00756544154137373,0.007550532463937998,0.007552699185907841,0.007552699185907841,0
2023-03-30 09:00:00+01:00,0.007552926894277334,0.007555723190307617,0.007542274426668882,0.007545290514826775,0.007545290514826775,0
2023-03-30 10:00:00+01:00,0.007545176427811384,0.0075454614125192165,0.007531197741627693,0.007532389368861914,0.007532389368861914,0
2023-03-30 11:00:00+01:00,0.007532105781137943,0.007546600420027971,0.00752490758895874,0.007542956620454788,0.007542956620454788,0
2023-03-30 12:00:00+01:00,0.007542842999100685,0.007554010953754187,0.007539715617895126,0.007543070707470179,0.007543070707470179,0
2023-03-30 13:00:00+01:00,0.007543184328824282,0.007544322870671749,0.007527966517955065,0.007532105781137943,0.007532105781137943,0
2023-03-30 14:00:00+01:00,0.007532105781137943,0.007541477680206299,0.007520719431340694,0.0075371586717665195,0.0075371586717665195,0
2023-03-30 15:00:00+01:00,0.0075373281724750996,0.007542047183960676,0.007525133900344372,0.007535908836871386,0.007535908836871386,0
2023-03-30 16:00:00+01:00,0.007535908836871386,0.007543753832578659,0.0075327861122787,0.007535113487392664,0.007535113487392664,0
2023-03-30 17:00:00+01:00,0.007535397540777922,0.007556865457445383,0.007535113487392664,0.007553954143077135,0.007553954143077135,0
2023-03-30 18:00:00+01:00,0.0075536686927080154,0.0075591509230434895,0.007548992987722158,0.0075508165173232555,0.0075508165173232555,0
2023-03-30 19:00:00+01:00,0.007550874259322882,0.007555152755230665,0.007548822555691004,0.007550247013568878,0.007550247013568878,0
2023-03-30 20:00:00+01:00,0.007550247013568878,0.00755287054926157,0.0075399428606033325,0.00754068186506629,0.00754068186506629,0
2023-03-30 21:00:00+01:00,0.00754068186506629,0.007544322870671749,0.007534091826528311,0.007537441793829203,0.007537441793829203,0
2023-03-30 22:00:00+01:00,0.007537385448813438,0.007542160805314779,0.007534659467637539,0.007538692094385624,0.007538692094385624,0
2023-03-30 23:00:00+01:00,0.0075377835892140865,0.007543184328824282,0.007526606786996126,0.007526833098381758,0.007526833098381758,0
2023-03-31 00:00:00+01:00,0.0075264363549649715,0.007534091826528311,0.0075034513138234615,0.007507450878620148,0.007507450878620148,0
2023-03-31 01:00:00+01:00,0.007507620379328728,0.00751089071854949,0.007490131538361311,0.0075054229237139225,0.0075054229237139225,0
2023-03-31 02:00:00+01:00,0.0075054229237139225,0.007519928272813559,0.007502494379878044,0.007513487245887518,0.007513487245887518,0
2023-03-31 03:00:00+01:00,0.007513487245887518,0.007528986316174269,0.007511341944336891,0.007525586523115635,0.007525586523115635,0
2023-03-31 04:00:00+01:00,0.007525020744651556,0.007534091826528311,0.007521285675466061,0.007532276213169098,0.007532276213169098,0
2023-03-31 05:00:00+01:00,0.007532445713877678,0.007538067176938057,0.007525700144469738,0.0075329565443098545,0.0075329565443098545,0
2023-03-31 06:00:00+01:00,0.0075329565443098545,0.007534659467637539,0.007516480050981045,0.00752066308632493,0.00752066308632493,0
2023-03-31 07:00:00+01:00,0.007520493119955063,0.0075295534916222095,0.0075050280429422855,0.007508748210966587,0.007508748210966587,0
2023-03-31 08:00:00+01:00,0.0075085218995809555,0.007524454966187477,0.007507225498557091,0.007511511445045471,0.007511511445045471,0
2023-03-31 09:00:00+01:00,0.007511511445045471,0.007531254552304745,0.007485366426408291,0.007492320146411657,0.007492320146411657,0
2023-03-31 10:00:00+01:00,0.007491422817111015,0.007510327268391848,0.0074913096614181995,0.007496869657188654,0.007496869657188654,0
2023-03-31 11:00:00+01:00,0.007496813777834177,0.007501312997192144,0.007491478230804205,0.00749934371560812,0.00749934371560812,0
2023-03-31 12:00:00+01:00,0.00749934371560812,0.007514841388911009,0.007499006576836109,0.00750835333019495,0.00750835333019495,0
2023-03-31 13:00:00+01:00,0.007508409209549427,0.007534091826528311,0.007502325344830751,0.007514277007430792,0.007514277007430792,0
2023-03-31 14:00:00+01:00,0.007514277007430792,0.007523888256400824,0.007505479268729687,0.007518119178712368,0.007518119178712368,0
2023-03-31 15:00:00+01:00,0.007518345024436712,0.007528986316174269,0.007500637322664261,0.007514277007430792,0.007514277007430792,0
2023-03-31 16:00:00+01:00,0.007513712625950575,0.007534659467637539,0.007512019481509924,0.0075329565443098545,0.0075329565443098545,0
2023-03-31 17:00:00+01:00,0.0075329565443098545,0.007536362856626511,0.007525530643761158,0.007532218936830759,0.007532218936830759,0
2023-03-31 18:00:00+01:00,0.007532218936830759,0.007534659467637539,0.007520945742726326,0.007521624676883221,0.007521624676883221,0
2023-03-31 19:00:00+01:00,0.0075221904553473,0.007542047183960676,0.007521624676883221,0.007536646910011768,0.007536646910011768,0
2023-03-31 20:00:00+01:00,0.007536760531365871,0.0075374990701675415,0.00753108412027359,0.007532502990216017,0.007532502990216017,0
2023-03-31 21:00:00+01:00,0.007532899733632803,0.0075357952155172825,0.00752762658521533,0.007531765382736921,0.007531765382736921,0
2023-04-03 00:00:00+01:00,0.007503056898713112,0.007511680480092764,0.007497150916606188,0.007499006576836109,0.007499006576836109,0
2023-04-03 01:00:00+01:00,0.007498949766159058,0.007523322477936745,0.007498050574213266,0.007517101243138313,0.007517101243138313,0
2023-04-03 02:00:00+01:00,0.007517101243138313,0.0075295534916222095,0.007509649731218815,0.007513317279517651,0.007513317279517651,0
2023-04-03 03:00:00+01:00,0.007513374090194702,0.007519362028688192,0.007503733038902283,0.007504408713430166,0.007504408713430166,0
2023-04-03 04:00:00+01:00,0.007504127454012632,0.007504915818572044,0.00749310664832592,0.007493779994547367,0.007493779994547367,0
2023-04-03 05:00:00+01:00,0.007493667770177126,0.007497938349843025,0.007490917574614286,0.007492264732718468,0.007492264732718468,0
2023-04-03 06:00:00+01:00,0.007492601405829191,0.007500187493860722,0.007485814392566681,0.0074913096614181995,0.0074913096614181995,0
2023-04-03 07:00:00+01:00,0.0074915350414812565,0.007493443321436644,0.007476355880498886,0.007485758047550917,0.007485758047550917,0
2023-04-03 08:00:00+01:00,0.007485814392566681,0.007494004443287849,0.007480662781745195,0.007488560862839222,0.007488560862839222,0
2023-04-03 09:00:00+01:00,0.007488560862839222,0.007495689671486616,0.007482061628252268,0.00749394902959466,0.00749394902959466,0
2023-04-03 10:00:00+01:00,0.007494285702705383,0.007500187493860722,0.007488785311579704,0.0074988375417888165,0.0074988375417888165,0
2023-04-03 11:00:00+01:00,0.007498893886804581,0.007508973591029644,0.007497713435441256,0.007504127454012632,0.007504127454012632,0
2023-04-03 12:00:00+01:00,0.007504015229642391,0.007527286186814308,0.007501819636672735,0.007525133900344372,0.007525133900344372,0
2023-04-03 13:00:00+01:00,0.00752507708966732,0.007528419606387615,0.007509254850447178,0.007513260468840599,0.007513260468840599,0
2023-04-03 14:00:00+01:00,0.007513147778809071,0.0075318217277526855,0.00751072121784091,0.00752734299749136,0.00752734299749136,0
2023-04-03 15:00:00+01:00,0.007527513429522514,0.0075605218298733234,0.0075264363549649715,0.0075568086467683315,0.0075568086467683315,0
2023-04-03 16:00:00+01:00,0.007556408643722534,0.007564467843621969,0.007553326431661844,0.007555609103292227,0.007555609103292227,0
2023-04-03 17:00:00+01:00,0.007555210031569004,0.007558007724583149,0.007547511253505945,0.007549733854830265,0.007549733854830265,0
2023-04-03 18:00:00+01:00,0.0075499615631997585,0.007555723190307617,0.007543184328824282,0.007549448404461145,0.007549448404461145,0
2023-04-03 19:00:00+01:00,0.007549448404461145,0.0075608654879033566,0.007549164351075888,0.007555210031569004,0.007555210031569004,0
2023-04-03 20:00:00+01:00,0.007555266842246056,0.007558578625321388,0.007549334783107042,0.0075499615631997585,0.0075499615631997585,0
2023-04-03 21:00:00+01:00,0.007550303358584642,0.007556294556707144,0.007549619767814875,0.007551159709692001,0.007551159709692001,0
2023-04-03 22:00:00+01:00,0.007551900111138821,0.0075540682300925255,0.007548878900706768,0.00755287054926157,0.00755287054926157,0
2023-04-03 23:00:00+01:00,0.007552812807261944,0.007558007724583149,0.007550874259322882,0.0075558945536613464,0.0075558945536613464,0
2023-04-04 00:00:00+01:00,0.007555780466645956,0.007567158900201321,0.007555266842246056,0.007557435892522335,0.007557435892522335,0
2023-04-04 01:00:00+01:00,0.007557607721537352,0.007564010564237833,0.007541421335190535,0.007543867453932762,0.007543867453932762,0
2023-04-04 02:00:00+01:00,0.007543867453932762,0.0075454614125192165,0.00752875953912735,0.007531197741627693,0.007531197741627693,0
2023-04-04 03:00:00+01:00,0.007531310897320509,0.0075374990701675415,0.007530063856393099,0.007533467374742031,0.007533467374742031,0
2023-04-04 04:00:00+01:00,0.007533523719757795,0.007534659467637539,0.007525360211730003,0.007527399342507124,0.007527399342507124,0
2023-04-04 05:00:00+01:00,0.007527513429522514,0.007538067176938057,0.0075219073332846165,0.007533523719757795,0.007533523719757795,0
2023-04-04 06:00:00+01:00,0.0075334105640649796,0.007536931429058313,0.007519815117120743,0.007525360211730003,0.007525360211730003,0
2023-04-04 07:00:00+01:00,0.007525813300162554,0.007540966849774122,0.007523548789322376,0.007534035015851259,0.007534035015851259,0
2023-04-04 08:00:00+01:00,0.007533921394497156,0.007547169923782349,0.007528872694820166,0.007540853228420019,0.007540853228420019,0
2023-04-04 09:00:00+01:00,0.007541194092482328,0.007542615756392479,0.007522473577409983,0.007524171378463507,0.007524171378463507,0
2023-04-04 10:00:00+01:00,0.007524227723479271,0.0075318217277526855,0.007514955010265112,0.007529213558882475,0.007529213558882475,0
2023-04-04 11:00:00+01:00,0.007529100403189659,0.007529156748205423,0.007517836056649685,0.007523831911385059,0.007523831911385059,0
2023-04-04 12:00:00+01:00,0.007523831911385059,0.007527286186814308,0.007509254850447178,0.007516988553106785,0.007516988553106785,0
2023-04-04 13:00:00+01:00,0.007516875397413969,0.007531254552304745,0.007514277007430792,0.007524397689849138,0.007524397689849138,0
2023-04-04 14:00:00+01:00,0.007524454966187477,0.007547910325229168,0.007521398831158876,0.007535681594163179,0.007535681594163179,0
2023-04-04 15:00:00+01:00,0.007536078337579966,0.00759589858353138,0.007535567972809076,0.007585929706692696,0.007585929706692696,0
2023-04-04 16:00:00+01:00,0.0075858719646930695,0.007601903285831213,0.007582075893878937,0.0075987265445292,0.0075987265445292,0
2023-04-04 17:00:00+01:00,0.0075987838208675385,0.007603521458804607,0.007593936752527952,0.00759762991219759,0.00759762991219759,0
2023-04-04 18:00:00+01:00,0.007597745396196842,0.0075987838208675385,0.007589787244796753,0.007590708788484335,0.007590708788484335,0
2023-04-04 19:00:00+01:00,0.007590478286147118,0.0075987838208675385,0.007590421009808779,0.007597571704536676,0.007597571704536676,0
2023-04-04 20:00:00+01:00,0.007597398944199085,0.0076005165465176105,0.007594051770865917,0.007596360053867102,0.007596360053867102,0
2023-04-04 21:00:00+01:00,0.0075964173302054405,0.007597052026540041,0.007588808424770832,0.007593706250190735,0.007593706250190735,0
2023-04-04 22:00:00+01:00,0.0075938212685287,0.007596590556204319,0.007590708788484335,0.007591976784169674,0.007591976784169674,0
2023-04-04 23:00:00+01:00,0.0075920345261693,0.007598206866532564,0.007591285277158022,0.007594570983201265,0.007594570983201265,0
2023-04-05 00:00:00+01:00,0.007594225462526083,0.0076122041791677475,0.007592265028506517,0.007608496583998203,0.007608496583998203,0
2023-04-05 01:00:00+01:00,0.007608555257320404,0.007616261951625347,0.00760074844583869,0.007601672317832708,0.007601672317832708,0
2023-04-05 02:00:00+01:00,0.007601846009492874,0.007612088229507208,0.0075966487638652325,0.007600170094519854,0.007600170094519854,0
2023-04-05 03:00:00+01:00,0.0076005165465176105,0.007602250669151545,0.0075861020013689995,0.007589038461446762,0.007589038461446762,0
2023-04-05 04:00:00+01:00,0.007588980719447136,0.00759589858353138,0.007584721781313419,0.007594744674861431,0.007594744674861431,0
2023-04-05 05:00:00+01:00,0.007594340480864048,0.007595321163535118,0.007586504798382521,0.007593187037855387,0.007593187037855387,0
2023-04-05 06:00:00+01:00,0.007593187037855387,0.007605140563100576,0.007590708788484335,0.007602423429489136,0.007602423429489136,0
2023-04-05 07:00:00+01:00,0.007602481637150049,0.007610929198563099,0.007596994750201702,0.007603811100125313,0.007603811100125313,0
2023-04-05 08:00:00+01:00,0.007603869307786226,0.0076161460019648075,0.007597745396196842,0.007609886582940817,0.007609886582940817,0
2023-04-05 09:00:00+01:00,0.007610002066940069,0.0076202088966965675,0.007603521458804607,0.0076065873727202415,0.0076065873727202415,0
2023-04-05 10:00:00+01:00,0.007606413681060076,0.007607571315020323,0.00759093975648284,0.007596764247864485,0.007596764247864485,0
2023-04-05 11:00:00+01:00,0.007596994750201702,0.007601094897836447,0.007588289678096771,0.007595725357532501,0.007595725357532501,0
2023-04-05 12:00:00+01:00,0.007595609873533249,0.007609191816300154,0.007590708788484335,0.0076060667634010315,0.0076060667634010315,0
2023-04-05 13:00:00+01:00,0.00760612403973937,0.007638835813850164,0.007603405974805355,0.0076328301802277565,0.0076328301802277565,0
2023-04-05 14:00:00+01:00,0.007632597349584103,0.007638894487172365,0.007621603086590767,0.007628521416336298,0.007628521416336298,0
2023-04-05 15:00:00+01:00,0.007628521416336298,0.007656323257833719,0.007622532080858946,0.007640469819307327,0.007640469819307327,0
2023-04-05 16:00:00+01:00,0.007640412077307701,0.007645259611308575,0.007625903468579054,0.007627241779118776,0.007627241779118776,0
2023-04-05 17:00:00+01:00,0.007626892067492008,0.007631258107721806,0.007619511801749468,0.0076230550184845924,0.0076230550184845924,0
2023-04-05 18:00:00+01:00,0.007622939068824053,0.00762951048091054,0.007619163487106562,0.007628405001014471,0.007628405001014471,0
2023-04-05 19:00:00+01:00,0.007628928869962692,0.00762951048091054,0.007624334190040827,0.00762788113206625,0.00762788113206625,0
2023-04-05 20:00:00+01:00,0.007627939805388451,0.007628928869962692,0.007613362744450569,0.007615798152983189,0.007615798152983189,0
2023-04-05 21:00:00+01:00,0.0076161460019648075,0.007618467323482037,0.007609539199620485,0.007615798152983189,0.007615798152983189,0
2023-04-05 22:00:00+01:00,0.007616900373250246,0.00762078957632184,0.007614406291395426,0.007620150689035654,0.007620150689035654,0
2023-04-05 23:00:00+01:00,0.00762049900367856,0.007628347259014845,0.007617886643856764,0.0076271831057965755,0.0076271831057965755,0
2023-04-06 00:00:00+01:00,0.007627241779118776,0.007645259611308575,0.007627067156136036,0.00763726094737649,0.00763726094737649,0
2023-04-06 01:00:00+01:00,0.00763726094737649,0.007647013757377863,0.007622822653502226,0.007624507881700993,0.007624507881700993,0
2023-04-06 02:00:00+01:00,0.007624275516718626,0.007627764716744423,0.007616493850946426,0.007624741178005934,0.007624741178005934,0
2023-04-06 03:00:00+01:00,0.007624857593327761,0.007634170353412628,0.007621892727911472,0.007624275516718626,0.007624275516718626,0
2023-04-06 04:00:00+01:00,0.007624217774719,0.0076266019605100155,0.00762049900367856,0.007621892727911472,0.007621892727911472,0
2023-04-06 05:00:00+01:00,0.007621951401233673,0.007627764716744423,0.007618234492838383,0.007624217774719,0.007624217774719,0
2023-04-06 06:00:00+01:00,0.007623985409736633,0.007626019883900881,0.0076141743920743465,0.007619279902428389,0.007619279902428389,0
2023-04-06 07:00:00+01:00,0.0076192221604287624,0.00762078957632184,0.007604852318763733,0.007611798122525215,0.007611798122525215,0
2023-04-06 08:00:00+01:00,0.007611856795847416,0.0076210214756429195,0.007605545688420534,0.0076122041791677475,0.0076122041791677475,0
2023-04-06 09:00:00+01:00,0.0076122041791677475,0.007623113691806793,0.007607513107359409,0.007609597407281399,0.007609597407281399,0
2023-04-06 10:00:00+01:00,0.007609828840941191,0.007623694371432066,0.007608786690980196,0.007614406291395426,0.007614406291395426,0
2023-04-06 11:00:00+01:00,0.007614522241055965,0.0076161460019648075,0.007600285578519106,0.007607281673699617,0.007607281673699617,0
2023-04-06 12:00:00+01:00,0.007608033716678619,0.007614406291395426,0.007600170094519854,0.007606008555740118,0.007606008555740118,0
2023-04-06 13:00:00+01:00,0.007605950813740492,0.007636968977749348,0.0075949751771986485,0.0075990729965269566,0.0075990729965269566,0
2023-04-06 14:00:00+01:00,0.007598842028528452,0.007603405974805355,0.007586274761706591,0.007587541360408068,0.007587541360408068,0
2023-04-06 15:00:00+01:00,0.007587656378746033,0.0075935907661914825,0.00758121395483613,0.007589902728796005,0.007589902728796005,0
2023-04-06 16:00:00+01:00,0.007589557208120823,0.00759589858353138,0.007587426342070103,0.0075944559648633,0.0075944559648633,0
2023-04-06 17:00:00+01:00,0.007593994960188866,0.007601094897836447,0.007593360263854265,0.007597860414534807,0.007597860414534807,0
2023-04-06 18:00:00+01:00,0.007598265074193478,0.007601094897836447,0.007592611014842987,0.0075927842408418655,0.0075927842408418655,0
2023-04-06 19:00:00+01:00,0.007592668756842613,0.007595321163535118,0.007588059641420841,0.007589902728796005,0.007589902728796005,0
2023-04-06 20:00:00+01:00,0.00759001774713397,0.007591285277158022,0.00758437579497695,0.00758834695443511,0.00758834695443511,0
2023-04-06 21:00:00+01:00,0.007588520180433989,0.007592726033180952,0.007585066836327314,0.007589959539473057,0.007589959539473057,0
2023-04-06 22:00:00+01:00,0.0075884051620960236,0.007594340480864048,0.007587829604744911,0.007593014743179083,0.007593014743179083,0
2023-04-06 23:00:00+01:00,0.007593302056193352,0.007594744674861431,0.007583801168948412,0.007584951817989349,0.007584951817989349,0
2023-04-07 00:00:00+01:00,0.007584951817989349,0.00759762991219759,0.0075801219791173935,0.007594629190862179,0.007594629190862179,0
2023-04-07 01:00:00+01:00,0.007594570983201265,0.007599361706525087,0.00758834695443511,0.007590766530483961,0.007590766530483961,0
2023-04-07 02:00:00+01:00,0.00759093975648284,0.007601672317832708,0.007589729502797127,0.007597802672535181,0.007597802672535181,0
2023-04-07 03:00:00+01:00,0.007598206866532564,0.007599939126521349,0.007589672226458788,0.007589959539473057,0.007589959539473057,0
2023-04-07 04:00:00+01:00,0.0075902477838099,0.007594744674861431,0.007585526909679174,0.007592668756842613,0.007592668756842613,0
2023-04-07 05:00:00+01:00,0.007592611014842987,0.007596475072205067,0.007590536493808031,0.007592956535518169,0.007592956535518169,0
2023-04-07 06:00:00+01:00,0.007592956535518169,0.007597052026540041,0.007587886415421963,0.007588001899421215,0.007588001899421215,0
2023-04-07 07:00:00+01:00,0.007588577922433615,0.007589153479784727,0.007578685414046049,0.007584663573652506,0.007584663573652506,0
2023-04-07 08:00:00+01:00,0.007584433536976576,0.0075884051620960236,0.0075801219791173935,0.007582248654216528,0.007582248654216528,0
2023-04-07 09:00:00+01:00,0.007582593709230423,0.007590132765471935,0.007581673562526703,0.007587138097733259,0.007587138097733259,0
2023-04-07 10:00:00+01:00,0.007587311323732138,0.007595321163535118,0.007585296873003244,0.007593014743179083,0.007593014743179083,0
2023-04-07 11:00:00+01:00,0.007592956535518169,0.007603405974805355,0.0075927842408418655,0.007603002246469259,0.007603002246469259,0
2023-04-07 12:00:00+01:00,0.007602944038808346,0.0076045626774430275,0.007594168186187744,0.007595494389533997,0.007595494389533997,0
2023-04-07 13:00:00+01:00,0.0075955516658723354,0.007601267658174038,0.0075540682300925255,0.007568877190351486,0.007568877190351486,0
2023-04-07 14:00:00+01:00,0.007568704895675182,0.007572888862341642,0.007559493184089661,0.00756418239325285,0.00756418239325285,0
2023-04-07 15:00:00+01:00,0.007564124651253223,0.007572487462311983,0.007562065962702036,0.007571741938591003,0.007571741938591003,0
2023-04-07 16:00:00+01:00,0.0075719719752669334,0.0075766765512526035,0.007568303495645523,0.007568303495645523,0.007568303495645523,0
2023-04-07 17:00:00+01:00,0.0075690485537052155,0.007570136804133654,0.00756544154137373,0.007567558903247118,0.007567558903247118,0
2023-04-07 18:00:00+01:00,0.007567960303276777,0.007570366840809584,0.007563152350485325,0.007565269246697426,0.007565269246697426,0
2023-04-07 19:00:00+01:00,0.007566757965832949,0.007569449488073587,0.007560750935226679,0.007562408689409494,0.007562408689409494,0
2023-04-07 20:00:00+01:00,0.007562580518424511,0.0075671011582016945,0.007560236379504204,0.007561208214610815,0.007561208214610815,0
2023-04-07 21:00:00+01:00,0.007562751416116953,0.007570079993456602,0.007561265025287867,0.007567903492599726,0.007567903492599726,0
2023-04-10 00:00:00+01:00,0.007576159667223692,0.00757885817438364,0.007566357031464577,0.007570022251456976,0.007570022251456976,0
2023-04-10 01:00:00+01:00,0.0075703090988099575,0.007571168709546328,0.0075371586717665195,0.007541648577898741,0.007541648577898741,0
2023-04-10 02:00:00+01:00,0.007541648577898741,0.007549050264060497,0.0075334105640649796,0.007539203856140375,0.007539203856140375,0
2023-04-10 03:00:00+01:00,0.007539260201156139,0.007546030450612307,0.007536760531365871,0.00754181994125247,0.00754181994125247,0
2023-04-10 04:00:00+01:00,0.007541477680206299,0.007542615756392479,0.007533978670835495,0.0075354548171162605,0.0075354548171162605,0
2023-04-10 05:00:00+01:00,0.007535567972809076,0.00753948837518692,0.007530120201408863,0.007538464851677418,0.007538464851677418,0
2023-04-10 06:00:00+01:00,0.007538351230323315,0.00754369655624032,0.007533523719757795,0.007541421335190535,0.007541421335190535,0
2023-04-10 07:00:00+01:00,0.007541648577898741,0.007547738961875439,0.007537612691521645,0.00754568912088871,0.00754568912088871,0
2023-04-10 08:00:00+01:00,0.007545517757534981,0.007573463022708893,0.007544607389718294,0.007572028785943985,0.007572028785943985,0
2023-04-10 09:00:00+01:00,0.0075719719752669334,0.007576331030577421,0.007566127926111221,0.007571283262223005,0.007571283262223005,0
2023-04-10 10:00:00+01:00,0.007571512833237648,0.007574036251753569,0.0075639537535607815,0.007566357031464577,0.007566357031464577,0
2023-04-10 11:00:00+01:00,0.007566300220787525,0.007570595946162939,0.007553155068308115,0.0075591509230434895,0.0075591509230434895,0
2023-04-10 12:00:00+01:00,0.007558578625321388,0.0075622377917170525,0.0075262668542563915,0.007526719942688942,0.007526719942688942,0
2023-04-10 13:00:00+01:00,0.007526606786996126,0.007527399342507124,0.0074994005262851715,0.007500356528908014,0.007500356528908014,0
2023-04-10 14:00:00+01:00,0.007500299718230963,0.00750395841896534,0.007488336879760027,0.00748895388096571,0.00748895388096571,0
2023-04-10 15:00:00+01:00,0.007488729432225227,0.007489122450351715,0.00746943149715662,0.007471942808479071,0.007471942808479071,0
2023-04-10 16:00:00+01:00,0.007471831049770117,0.0074805510230362415,0.007470268290489912,0.007476747035980225,0.007476747035980225,0
2023-04-10 17:00:00+01:00,0.00747646763920784,0.007482453715056181,0.007476076949387789,0.007479935418814421,0.007479935418814421,0
2023-04-10 18:00:00+01:00,0.0074798790737986565,0.007487327326089144,0.0074793198145926,0.00748278945684433,0.00748278945684433,0
2023-04-10 19:00:00+01:00,0.007482958026230335,0.007486150600016117,0.0074803829193115234,0.007482958026230335,0.007482958026230335,0
2023-04-10 20:00:00+01:00,0.007483405526727438,0.007488000672310591,0.007482845336198807,0.007487271912395954,0.007487271912395954,0
2023-04-10 21:00:00+01:00,0.007487383671104908,0.007487383671104908,0.007483349181711674,0.007485534064471722,0.007485534064471722,0
2023-04-10 22:00:00+01:00,0.0074863191694021225,0.007491647265851498,0.007484469562768936,0.007485590409487486,0.007485590409487486,0
2023-04-10 23:00:00+01:00,0.007486598566174507,0.007491197437047958,0.007485029753297567,0.007489346899092197,0.007489346899092197,0
2023-04-11 00:00:00+01:00,0.007489122450351715,0.007493162527680397,0.007483741734176874,0.007492264732718468,0.007492264732718468,0
2023-04-11 01:00:00+01:00,0.007492376957088709,0.007505310233682394,0.007492039352655411,0.007496139965951443,0.007496139965951443,0
2023-04-11 02:00:00+01:00,0.00749619584530592,0.007496589329093695,0.007479823660105467,0.007490579970180988,0.007490579970180988,0
2023-04-11 03:00:00+01:00,0.0074904682114720345,0.007499737665057182,0.007487047463655472,0.007499062456190586,0.007499062456190586,0
2023-04-11 04:00:00+01:00,0.007498893886804581,0.007502438500523567,0.007495015859603882,0.007495689671486616,0.007495689671486616,0
2023-04-11 05:00:00+01:00,0.007495689671486616,0.007499062456190586,0.007491590455174446,0.0074964771047234535,0.0074964771047234535,0
2023-04-11 06:00:00+01:00,0.0074964771047234535,0.00750632444396615,0.007496364414691925,0.007504577748477459,0.007504577748477459,0
2023-04-11 07:00:00+01:00,0.007504520937800407,0.007505817338824272,0.007489066105335951,0.007491983473300934,0.007491983473300934,0
2023-04-11 08:00:00+01:00,0.00749187171459198,0.007516649551689625,0.007487327326089144,0.007510665338486433,0.007510665338486433,0
2023-04-11 09:00:00+01:00,0.00751072121784091,0.007519079837948084,0.007505366113036871,0.007513147778809071,0.007513147778809071,0
2023-04-11 10:00:00+01:00,0.007513374090194702,0.007519362028688192,0.00751072121784091,0.007513881660997868,0.007513881660997868,0
2023-04-11 11:00:00+01:00,0.007513825781643391,0.007519928272813559,0.00750615494325757,0.007517327554523945,0.007517327554523945,0
2023-04-11 12:00:00+01:00,0.007517101243138313,0.0075210584327578545,0.00749956863000989,0.007504070643335581,0.007504070643335581,0
2023-04-11 13:00:00+01:00,0.00750395841896534,0.007517101243138313,0.007503508124500513,0.007512809243053198,0.007512809243053198,0
2023-04-11 14:00:00+01:00,0.007513034623116255,0.007514333818107843,0.007496644742786884,0.0075036208145320415,0.0075036208145320415,0
2023-04-11 15:00:00+01:00,0.00750378891825676,0.007505817338824272,0.007489402312785387,0.0074904123321175575,0.0074904123321175575,0
2023-04-11 16:00:00+01:00,0.007490693125873804,0.007491759490221739,0.007481277454644442,0.007483125198632479,0.007483125198632479,0
2023-04-11 17:00:00+01:00,0.007483013439923525,0.007484469562768936,0.007477473933249712,0.0074780890718102455,0.0074780890718102455,0
2023-04-11 18:00:00+01:00,0.007478144485503435,0.007485029753297567,0.007475797086954117,0.007482230197638273,0.007482230197638273,0
2023-04-11 19:00:00+01:00,0.00748183811083436,0.007483349181711674,0.00747350649908185,0.007475461810827255,0.007475461810827255,0
2023-04-11 20:00:00+01:00,0.007475405931472778,0.00748278945684433,0.007475070655345917,0.007480270694941282,0.007480270694941282,0
2023-04-11 21:00:00+01:00,0.007480214349925518,0.007482621353119612,0.007476579397916794,0.0074803829193115234,0.0074803829193115234,0
2023-04-11 22:00:00+01:00,0.007482621353119612,0.007484469562768936,0.007479431573301554,0.007482565939426422,0.007482565939426422,0
2023-04-11 23:00:00+01:00,0.007483013439923525,0.007486486807465553,0.007479208055883646,0.007484693545848131,0.007484693545848131,0
2023-04-12 00:00:00+01:00,0.007484917528927326,0.00748895388096571,0.007481669541448355,0.0074851978570222855,0.0074851978570222855,0
2023-04-12 01:00:00+01:00,0.007485086098313332,0.007487832102924585,0.007475461810827255,0.007480718195438385,0.007480718195438385,0
2023-04-12 02:00:00+01:00,0.007480718195438385,0.007486150600016117,0.007480438333004713,0.007484357804059982,0.007484357804059982,0
2023-04-12 03:00:00+01:00,0.007484357804059982,0.007486150600016117,0.007466531358659267,0.007468985393643379,0.007468985393643379,0
2023-04-12 04:00:00+01:00,0.007469040807336569,0.007473841309547424,0.0074600703082978725,0.007471607998013496,0.007471607998013496,0
2023-04-12 05:00:00+01:00,0.007471384946256876,0.0074805510230362415,0.00746809272095561,0.007476244121789932,0.007476244121789932,0
2023-04-12 06:00:00+01:00,0.007476635742932558,0.00747999083250761,0.007471384946256876,0.007474232465028763,0.007474232465028763,0
2023-04-12 07:00:00+01:00,0.007474064826965332,0.007483909837901592,0.007469989359378815,0.007482230197638273,0.007482230197638273,0
2023-04-12 08:00:00+01:00,0.007482285611331463,0.007487832102924585,0.007470547687262297,0.007471217308193445,0.007471217308193445,0
2023-04-12 09:00:00+01:00,0.007471328601241112,0.007477753795683384,0.007464302238076925,0.007472836412489414,0.007472836412489414,0
2023-04-12 10:00:00+01:00,0.007472836412489414,0.00747999083250761,0.007471160963177681,0.007476579397916794,0.007476579397916794,0
2023-04-12 11:00:00+01:00,0.00747646763920784,0.007486150600016117,0.007475908845663071,0.007477865554392338,0.007477865554392338,0
2023-04-12 12:00:00+01:00,0.00747769745066762,0.007483909837901592,0.007474902551621199,0.007477362174540758,0.007477362174540758,0
2023-04-12 13:00:00+01:00,0.007477585691958666,0.007534091826528311,0.0074679250828921795,0.007516705896705389,0.007516705896705389,0
2023-04-12 14:00:00+01:00,0.007516931742429733,0.007530460134148598,0.00749934371560812,0.007509762421250343,0.007509762421250343,0
2023-04-12 15:00:00+01:00,0.007509649731218815,0.00751953199505806,0.007501200307160616,0.007501650135964155,0.007501650135964155,0
2023-04-12 16:00:00+01:00,0.007501875516027212,0.007512075360864401,0.007500187493860722,0.007504803128540516,0.007504803128540516,0
2023-04-12 17:00:00+01:00,0.007504915818572044,0.007514277007430792,0.007502776104956865,0.007508635520935059,0.007508635520935059,0
2023-04-12 18:00:00+01:00,0.00750835333019495,0.007509537041187286,0.00749619584530592,0.007497994229197502,0.007497994229197502,0
2023-04-12 19:00:00+01:00,0.007497938349843025,0.007514955010265112,0.0074964771047234535,0.007508409209549427,0.007508409209549427,0
2023-04-12 20:00:00+01:00,0.007508466020226479,0.007516366895288229,0.007507282309234142,0.007507958449423313,0.007507958449423313,0
2023-04-12 21:00:00+01:00,0.00750818382948637,0.007513825781643391,0.007506493013352156,0.007512470707297325,0.007512470707297325,0
2023-04-12 22:00:00+01:00,0.007512301206588745,0.0075185708701610565,0.00751089071854949,0.007512358017265797,0.007512358017265797,0
2023-04-12 23:00:00+01:00,0.007512358017265797,0.0075168185867369175,0.007502438500523567,0.007516480050981045,0.007516480050981045,0
2023-04-13 00:00:00+01:00,0.007515632547438145,0.007522360421717167,0.007513429969549179,0.007513938471674919,0.007513938471674919,0
2023-04-13 01:00:00+01:00,0.007513938471674919,0.007520040962845087,0.007505647838115692,0.007509706541895866,0.007509706541895866,0
2023-04-13 02:00:00+01:00,0.007509875111281872,0.007516705896705389,0.00750632444396615,0.007508635520935059,0.007508635520935059,0
2023-04-13 03:00:00+01:00,0.0075085218995809555,0.0075110034085810184,0.00750333908945322,0.0075051975436508656,0.0075051975436508656,0
2023-04-13 04:00:00+01:00,0.007504915818572044,0.007506493013352156,0.0075014252215623856,0.007503733038902283,0.007503733038902283,0
2023-04-13 05:00:00+01:00,0.00750378891825676,0.007508635520935059,0.007501312997192144,0.0075032832100987434,0.0075032832100987434,0
2023-04-13 06:00:00+01:00,0.0075034513138234615,0.007508127950131893,0.007500131614506245,0.007502438500523567,0.007502438500523567,0
2023-04-13 07:00:00+01:00,0.007502212654799223,0.007512019481509924,0.007497657090425491,0.007510327268391848,0.007510327268391848,0
2023-04-13 08:00:00+01:00,0.007510270457714796,0.007519928272813559,0.007509875111281872,0.007517610210925341,0.007517610210925341,0
2023-04-13 09:00:00+01:00,0.007517553400248289,0.007525586523115635,0.007508071139454842,0.007509593851864338,0.007509593851864338,0
2023-04-13 10:00:00+01:00,0.007509762421250343,0.0075182318687438965,0.007508635520935059,0.007509254850447178,0.007509254850447178,0
2023-04-13 11:00:00+01:00,0.007509198971092701,0.00751089071854949,0.007502156775444746,0.0075059859082102776,0.0075059859082102776,0
2023-04-13 12:00:00+01:00,0.007505817338824272,0.007512583397328854,0.007497488055378199,0.007499793544411659,0.007499793544411659,0
2023-04-13 13:00:00+01:00,0.007499737665057182,0.007547738961875439,0.007496589329093695,0.007546770852059126,0.007546770852059126,0
2023-04-13 14:00:00+01:00,0.007546600420027971,0.007575184106826782,0.007545006461441517,0.007567558903247118,0.007567558903247118,0
2023-04-13 15:00:00+01:00,0.007567788008600473,0.007568877190351486,0.00754711264744401,0.00755178602412343,0.00755178602412343,0
2023-04-13 16:00:00+01:00,0.007551843300461769,0.007560293190181255,0.007547169923782349,0.007554182317107916,0.007554182317107916,0
2023-04-13 17:00:00+01:00,0.007554296404123306,0.007555723190307617,0.007547397632151842,0.007554296404123306,0.007554296404123306,0
2023-04-13 18:00:00+01:00,0.007554582320153713,0.007555152755230665,0.007542673032730818,0.007542900275439024,0.007542900275439024,0
2023-04-13 19:00:00+01:00,0.007543014362454414,0.007543184328824282,0.007530063856393099,0.00753199215978384,0.00753199215978384,0
2023-04-13 20:00:00+01:00,0.007532389368861914,0.007536362856626511,0.007531028240919113,0.007534205447882414,0.007534205447882414,0
2023-04-13 21:00:00+01:00,0.007534205447882414,0.0075448923744261265,0.0075332969427108765,0.007544038817286491,0.007544038817286491,0
2023-04-13 22:00:00+01:00,0.0075432416051626205,0.007547511253505945,0.007542956620454788,0.007544266059994698,0.007544266059994698,0
2023-04-13 23:00:00+01:00,0.007544380147010088,0.007546030450612307,0.007540853228420019,0.007542445324361324,0.007542445324361324,0
2023-04-14 00:00:00+01:00,0.007542842999100685,0.007550588808953762,0.007541933562606573,0.007548252120614052,0.007548252120614052,0
2023-04-14 01:00:00+01:00,0.007548195309937,0.007551159709692001,0.007539260201156139,0.007542330771684647,0.007542330771684647,0
2023-04-14 02:00:00+01:00,0.007542445324361324,0.0075546386651694775,0.007540568243712187,0.007551159709692001,0.007551159709692001,0
2023-04-14 03:00:00+01:00,0.007550646085292101,0.0075608654879033566,0.007548764813691378,0.00755218556150794,0.00755218556150794,0
2023-04-14 04:00:00+01:00,0.0075523569248616695,0.007557435892522335,0.007548252120614052,0.007552812807261944,0.007552812807261944,0
2023-04-14 05:00:00+01:00,0.007553440518677235,0.007560293190181255,0.007547738961875439,0.007548878900706768,0.007548878900706768,0
2023-04-14 06:00:00+01:00,0.007548764813691378,0.007550018839538097,0.007542900275439024,0.007549619767814875,0.007549619767814875,0
2023-04-14 07:00:00+01:00,0.007549334783107042,0.007556294556707144,0.007544436492025852,0.007549050264060497,0.007549050264060497,0
2023-04-14 08:00:00+01:00,0.007549277972429991,0.007564868777990341,0.007541876286268234,0.007562695071101189,0.007562695071101189,0
2023-04-14 09:00:00+01:00,0.007562980521470308,0.007566585671156645,0.007547283545136452,0.007547511253505945,0.007547511253505945,0
2023-04-14 10:00:00+01:00,0.007547340821474791,0.007552299648523331,0.007544038817286491,0.007547738961875439,0.007547738961875439,0
2023-04-14 11:00:00+01:00,0.007547511253505945,0.007554010953754187,0.0075459168292582035,0.007546828128397465,0.007546828128397465,0
2023-04-14 12:00:00+01:00,0.00754711264744401,0.007548309396952391,0.007533183321356773,0.007541194092482328,0.007541194092482328,0
2023-04-14 13:00:00+01:00,0.007540966849774122,0.0075651551596820354,0.007508127950131893,0.0075182318687438965,0.0075182318687438965,0
2023-04-14 14:00:00+01:00,0.0075182318687438965,0.0075220209546387196,0.007506662514060736,0.007515632547438145,0.007515632547438145,0
2023-04-14 15:00:00+01:00,0.007515689358115196,0.0075163100846111774,0.007492151577025652,0.007492938078939915,0.007492938078939915,0
2023-04-14 16:00:00+01:00,0.0074928258545696735,0.007494117133319378,0.007475797086954117,0.007476635742932558,0.007476635742932558,0
2023-04-14 17:00:00+01:00,0.007476915139704943,0.00748278945684433,0.00747177517041564,0.0074750143103301525,0.0074750143103301525,0
2023-04-14 18:00:00+01:00,0.007475070655345917,0.007483909837901592,0.007474121171981096,0.007476132363080978,0.007476132363080978,0
2023-04-14 19:00:00+01:00,0.007476076949387789,0.007477250415831804,0.007473059929907322,0.007474958896636963,0.007474958896636963,0
2023-04-14 20:00:00+01:00,0.007474624086171389,0.007479431573301554,0.007473841309547424,0.0074760206043720245,0.0074760206043720245,0
2023-04-14 21:00:00+01:00,0.007476076949387789,0.007478760089725256,0.007473171688616276,0.007476747035980225,0.007476747035980225,0
2023-04-14 22:00:00+01:00,0.007476915139704943,0.007476915139704943,0.007476915139704943,0.007476915139704943,0.007476915139704943,0
2023-04-17 00:00:00+01:00,0.0074684834107756615,0.007473953068256378,0.007463132031261921,0.007463466841727495,0.007463466841727495,0
2023-04-17 01:00:00+01:00,0.007463410496711731,0.007479039952158928,0.007462854031473398,0.007471607998013496,0.007471607998013496,0
2023-04-17 02:00:00+01:00,0.007471273187547922,0.007472165860235691,0.007456732448190451,0.007463354617357254,0.007463354617357254,0
2023-04-17 03:00:00+01:00,0.007463354617357254,0.007474009413272142,0.007463354617357254,0.007471217308193445,0.007471217308193445,0
2023-04-17 04:00:00+01:00,0.007471440359950066,0.007473841309547424,0.007463020738214254,0.007463800720870495,0.007463800720870495,0
2023-04-17 05:00:00+01:00,0.007463744841516018,0.007467702031135559,0.007455398328602314,0.007459457963705063,0.007459457963705063,0
2023-04-17 06:00:00+01:00,0.007459346670657396,0.007467255927622318,0.007450621109455824,0.00746602937579155,0.00746602937579155,0
2023-04-17 07:00:00+01:00,0.0074658626690506935,0.007471607998013496,0.007457789033651352,0.007462129928171635,0.007462129928171635,0
2023-04-17 08:00:00+01:00,0.007461962755769491,0.0074704913422465324,0.00745923537760973,0.0074597918428480625,0.0074597918428480625,0
2023-04-17 09:00:00+01:00,0.007459680549800396,0.00747177517041564,0.007459346670657396,0.007464190013706684,0.007464190013706684,0
2023-04-17 10:00:00+01:00,0.0074644689448177814,0.00746602937579155,0.007457677740603685,0.007459457963705063,0.007459457963705063,0
2023-04-17 11:00:00+01:00,0.007459457963705063,0.00746547244489193,0.007452786900103092,0.007464357651770115,0.007464357651770115,0
2023-04-17 12:00:00+01:00,0.0074640787206590176,0.007476635742932558,0.007458122447133064,0.007475517224520445,0.007475517224520445,0
2023-04-17 13:00:00+01:00,0.007475070655345917,0.00747719407081604,0.007454342674463987,0.00745895691215992,0.00745895691215992,0
2023-04-17 14:00:00+01:00,0.007458901964128017,0.007461572531610727,0.0074403658509254456,0.0074454620480537415,0.0074454620480537415,0
2023-04-17 15:00:00+01:00,0.007445240393280983,0.0074487896636128426,0.0074309660121798515,0.007432181388139725,0.007432181388139725,0
2023-04-17 16:00:00+01:00,0.007432181388139725,0.00743898143991828,0.007431518752127886,0.007434391882270575,0.007434391882270575,0
2023-04-17 17:00:00+01:00,0.007434170227497816,0.007440752815455198,0.007433286402374506,0.007437432650476694,0.007437432650476694,0
2023-04-17 18:00:00+01:00,0.007437709253281355,0.007441583089530468,0.0074349441565573215,0.007435994688421488,0.007435994688421488,0
2023-04-17 19:00:00+01:00,0.007435994688421488,0.007441196125000715,0.007435718551278114,0.007440199609845877,0.007440199609845877,0
2023-04-17 20:00:00+01:00,0.007440309971570969,0.007441583089530468,0.007438041269779205,0.007439148146659136,0.007439148146659136,0
2023-04-17 21:00:00+01:00,0.007439037319272757,0.007439369335770607,0.007434888742864132,0.007437155582010746,0.007437155582010746,0
2023-04-17 22:00:00+01:00,0.007437764201313257,0.007439867593348026,0.007435496896505356,0.007439037319272757,0.007439037319272757,0
2023-04-17 23:00:00+01:00,0.007438926957547665,0.007440420798957348,0.007435165345668793,0.007437155582010746,0.007437155582010746,0
2023-04-18 00:00:00+01:00,0.007437930442392826,0.007440199609845877,0.00743610505014658,0.007437321823090315,0.007437321823090315,0
2023-04-18 01:00:00+01:00,0.007437488064169884,0.007447679992765188,0.007437211461365223,0.007441583089530468,0.007441583089530468,0
2023-04-18 02:00:00+01:00,0.007441196125000715,0.00744280219078064,0.007423574570566416,0.007433949038386345,0.007433949038386345,0
2023-04-18 03:00:00+01:00,0.007434059400111437,0.007437709253281355,0.0074304696172475815,0.007434281520545483,0.007434281520545483,0
2023-04-18 04:00:00+01:00,0.007434225641191006,0.0074418047443032265,0.007432347163558006,0.0074382624588906765,0.0074382624588906765,0
2023-04-18 05:00:00+01:00,0.007438041269779205,0.007439369335770607,0.007433009799569845,0.0074382624588906765,0.0074382624588906765,0
2023-04-18 06:00:00+01:00,0.0074382624588906765,0.007445627823472023,0.007436215411871672,0.007442580536007881,0.007442580536007881,0
2023-04-18 07:00:00+01:00,0.00744269136339426,0.007449067197740078,0.007437985390424728,0.007444630842655897,0.007444630842655897,0
2023-04-18 08:00:00+01:00,0.007444741670042276,0.007451565004885197,0.007438483648002148,0.007449899800121784,0.007449899800121784,0
2023-04-18 09:00:00+01:00,0.0074500106275081635,0.007455453276634216,0.007446847856044769,0.007454508915543556,0.007454508915543556,0
2023-04-18 10:00:00+01:00,0.007454508915543556,0.007459402084350586,0.0074506765231490135,0.0074581787921488285,0.0074581787921488285,0
2023-04-18 11:00:00+01:00,0.007458233740180731,0.0074632433243095875,0.0074552311562001705,0.0074579003266990185,0.0074579003266990185,0
2023-04-18 12:00:00+01:00,0.007458011619746685,0.0074704913422465324,0.0074579003266990185,0.007468817755579948,0.007468817755579948,0
2023-04-18 13:00:00+01:00,0.007468817755579948,0.0074704913422465324,0.007451232057064772,0.007452342193573713,0.007452342193573713,0
2023-04-18 14:00:00+01:00,0.007452008780092001,0.007457733154296875,0.00744457496330142,0.007454286329448223,0.007454286329448223,0
2023-04-18 15:00:00+01:00,0.00745439762249589,0.007467702031135559,0.007450232282280922,0.007464357651770115,0.007464357651770115,0
2023-04-18 16:00:00+01:00,0.007464246358722448,0.007467255927622318,0.00745439762249589,0.007456565275788307,0.007456565275788307,0
2023-04-18 17:00:00+01:00,0.0074562872759997845,0.007458233740180731,0.007451897952705622,0.007457789033651352,0.007457789033651352,0
2023-04-18 18:00:00+01:00,0.0074578444473445415,0.007462129928171635,0.007456510327756405,0.007457121275365353,0.007457121275365353,0
2023-04-18 19:00:00+01:00,0.0074571771547198296,0.007461683824658394,0.007456009741872549,0.00745895691215992,0.00745895691215992,0
2023-04-18 20:00:00+01:00,0.007459013257175684,0.0074610160663723946,0.0074571771547198296,0.007458400912582874,0.007458400912582874,0
2023-04-18 21:00:00+01:00,0.007458233740180731,0.0074610160663723946,0.007456009741872549,0.007458456326276064,0.007458456326276064,0
2023-04-18 22:00:00+01:00,0.007458456326276064,0.007461183704435825,0.0074552870355546474,0.007458567153662443,0.007458567153662443,0
2023-04-18 23:00:00+01:00,0.007458789739757776,0.007464246358722448,0.007458122447133064,0.007461071480065584,0.007461071480065584,0
2023-04-19 00:00:00+01:00,0.0074610160663723946,0.0074632433243095875,0.0074597918428480625,0.007460347842425108,0.007460347842425108,0
2023-04-19 01:00:00+01:00,0.007460292428731918,0.00746547244489193,0.007455342449247837,0.007462241221219301,0.007462241221219301,0
2023-04-19 02:00:00+01:00,0.007462296634912491,0.00746547244489193,0.007444298360496759,0.007447957526892424,0.007447957526892424,0
2023-04-19 03:00:00+01:00,0.007447957526892424,0.007448345888406038,0.0074409740045666695,0.0074454620480537415,0.0074454620480537415,0
2023-04-19 04:00:00+01:00,0.007445240393280983,0.007448290009051561,0.007443799637258053,0.0074465153738856316,0.0074465153738856316,0
2023-04-19 05:00:00+01:00,0.0074465712532401085,0.007447236217558384,0.0074442424811422825,0.007444907445460558,0.007444907445460558,0
2023-04-19 06:00:00+01:00,0.007444907445460558,0.007445516996085644,0.00743687991052866,0.007438096683472395,0.007438096683472395,0
2023-04-19 07:00:00+01:00,0.0074382624588906765,0.007438317872583866,0.007421866524964571,0.007428813725709915,0.007428813725709915,0
2023-04-19 08:00:00+01:00,0.007428979035466909,0.0074349441565573215,0.007417572196573019,0.007422031834721565,0.007422031834721565,0
2023-04-19 09:00:00+01:00,0.0074220867827534676,0.007422802969813347,0.007411580067127943,0.0074139973148703575,0.0074139973148703575,0
2023-04-19 10:00:00+01:00,0.007413557730615139,0.007421370595693588,0.0073998430743813515,0.00741916848346591,0.00741916848346591,0
2023-04-19 11:00:00+01:00,0.00741911306977272,0.007422362454235554,0.0074108662083745,0.007417076732963324,0.007417076732963324,0
2023-04-19 12:00:00+01:00,0.007416856940835714,0.007426772266626358,0.0074121844954788685,0.0074253929778933525,0.0074253929778933525,0
2023-04-19 13:00:00+01:00,0.0074255033396184444,0.007442248519510031,0.007422362454235554,0.007441472727805376,0.007441472727805376,0
2023-04-19 14:00:00+01:00,0.007441583089530468,0.00744673702865839,0.007436271291226149,0.007436824031174183,0.007436824031174183,0
2023-04-19 15:00:00+01:00,0.007436769083142281,0.0074465712532401085,0.007427599746733904,0.007428316865116358,0.007428316865116358,0
2023-04-19 16:00:00+01:00,0.007428261451423168,0.0074310763739049435,0.007417737506330013,0.007418892811983824,0.007418892811983824,0
2023-04-19 17:00:00+01:00,0.007418948225677013,0.007426440715789795,0.007415426895022392,0.007426440715789795,0.007426440715789795,0
2023-04-19 18:00:00+01:00,0.007426110096275806,0.0074272132478654385,0.007418562658131123,0.007419498637318611,0.007419498637318611,0
2023-04-19 19:00:00+01:00,0.007419553119689226,0.007425558753311634,0.007419498637318611,0.007422526832669973,0.007422526832669973,0
2023-04-19 20:00:00+01:00,0.007422692608088255,0.007423353381454945,0.007418507244437933,0.0074186730198562145,0.0074186730198562145,0
2023-04-19 21:00:00+01:00,0.007418837398290634,0.0074258893728256226,0.007417076732963324,0.007423739414662123,0.007423739414662123,0
2023-04-19 22:00:00+01:00,0.007423794828355312,0.00743085565045476,0.007420599926263094,0.007429365534335375,0.007429365534335375,0
2023-04-19 23:00:00+01:00,0.007428702432662249,0.007429586257785559,0.007418948225677013,0.007423408795148134,0.007423408795148134,0
2023-04-20 00:00:00+01:00,0.007422692608088255,0.007425558753311634,0.007420434150844812,0.007423133123666048,0.007423133123666048,0
2023-04-20 01:00:00+01:00,0.007423188537359238,0.007428924087435007,0.007415756583213806,0.0074164168909192085,0.0074164168909192085,0
2023-04-20 02:00:00+01:00,0.00741674704477191,0.007419498637318611,0.007408779114484787,0.007417022250592709,0.007417022250592709,0
2023-04-20 03:00:00+01:00,0.007417186629027128,0.0074229128658771515,0.007415042724460363,0.007418617606163025,0.007418617606163025,0
2023-04-20 04:00:00+01:00,0.007418562658131123,0.0074253384955227375,0.007418287452310324,0.0074217007495462894,0.0074217007495462894,0
2023-04-20 05:00:00+01:00,0.007421921938657761,0.007423353381454945,0.007416802458465099,0.00741933286190033,0.00741933286190033,0
2023-04-20 06:00:00+01:00,0.007419608533382416,0.007425007876008749,0.007416471838951111,0.007424456067383289,0.007424456067383289,0
2023-04-20 07:00:00+01:00,0.007424070034176111,0.007441583089530468,0.007423133123666048,0.0074354419484734535,0.0074354419484734535,0
2023-04-20 08:00:00+01:00,0.007435331586748362,0.0074382624588906765,0.007427764590829611,0.007428979035466909,0.007428979035466909,0
2023-04-20 09:00:00+01:00,0.007428924087435007,0.0074349441565573215,0.007425228133797646,0.007425558753311634,0.007425558753311634,0
2023-04-20 10:00:00+01:00,0.0074253384955227375,0.007426661904901266,0.007414931897073984,0.007424456067383289,0.007424456067383289,0
2023-04-20 11:00:00+01:00,0.007424621842801571,0.0074346126057207584,0.007423519156873226,0.007431629113852978,0.007431629113852978,0
2023-04-20 12:00:00+01:00,0.007431573700159788,0.00743350712582469,0.007425669115036726,0.0074258348904550076,0.0074258348904550076,0
2023-04-20 13:00:00+01:00,0.0074258348904550076,0.007453231140971184,0.007416637148708105,0.007447679992765188,0.007447679992765188,0
2023-04-20 14:00:00+01:00,0.007447569165378809,0.007453786209225655,0.0074429684318602085,0.007448179181665182,0.007448179181665182,0
2023-04-20 15:00:00+01:00,0.007448290009051561,0.007462129928171635,0.00744812423363328,0.007460013963282108,0.007460013963282108,0
2023-04-20 16:00:00+01:00,0.007460292428731918,0.007461572531610727,0.007454508915543556,0.007457121275365353,0.007457121275365353,0
2023-04-20 17:00:00+01:00,0.007457121275365353,0.007459959015250206,0.007451842073351145,0.007454175502061844,0.007454175502061844,0
2023-04-20 18:00:00+01:00,0.007454342674463987,0.007454508915543556,0.0074465153738856316,0.007447292096912861,0.007447292096912861,0
2023-04-20 19:00:00+01:00,0.007447292096912861,0.0074477908201515675,0.007443467155098915,0.0074442424811422825,0.0074442424811422825,0
2023-04-20 20:00:00+01:00,0.007444298360496759,0.007448235061019659,0.0074429684318602085,0.00744740292429924,0.00744740292429924,0
2023-04-20 21:00:00+01:00,0.007447236217558384,0.0074517871253192425,0.007446792908012867,0.007449788507074118,0.007449788507074118,0
2023-04-20 22:00:00+01:00,0.007450454402714968,0.007454342674463987,0.007449344266206026,0.007450454402714968,0.007450454402714968,0
2023-04-20 23:00:00+01:00,0.007451287005096674,0.007455453276634216,0.0074465712532401085,0.007453119847923517,0.007453119847923517,0
2023-04-21 00:00:00+01:00,0.007453231140971184,0.00746547244489193,0.00745306396856904,0.007462854031473398,0.007462854031473398,0
2023-04-21 01:00:00+01:00,0.007462965324521065,0.007463912013918161,0.007448678836226463,0.007454731035977602,0.007454731035977602,0
2023-04-21 02:00:00+01:00,0.007454953156411648,0.007471105549484491,0.0074538420885801315,0.007467311341315508,0.007467311341315508,0
2023-04-21 03:00:00+01:00,0.007467702031135559,0.007473841309547424,0.007463744841516018,0.007465304806828499,0.007465304806828499,0
2023-04-21 04:00:00+01:00,0.007465304806828499,0.007471105549484491,0.007464302238076925,0.007470380049198866,0.007470380049198866,0
2023-04-21 05:00:00+01:00,0.00747043639421463,0.007476635742932558,0.0074684834107756615,0.007469598203897476,0.007469598203897476,0
2023-04-21 06:00:00+01:00,0.007469710893929005,0.007475182414054871,0.007467478979378939,0.007474121171981096,0.007474121171981096,0
2023-04-21 07:00:00+01:00,0.007474064826965332,0.007479823660105467,0.007468427065759897,0.007469096686691046,0.007469096686691046,0
2023-04-21 08:00:00+01:00,0.007469319738447666,0.007472724188119173,0.007456565275788307,0.007466363720595837,0.007466363720595837,0
2023-04-21 09:00:00+01:00,0.007466475013643503,0.007478032726794481,0.007460125256329775,0.007475461810827255,0.007475461810827255,0
2023-04-21 10:00:00+01:00,0.007475573569536209,0.007476691622287035,0.00746625242754817,0.007474790792912245,0.007474790792912245,0
2023-04-21 11:00:00+01:00,0.007474624086171389,0.007481334265321493,0.007472724188119173,0.007474512327462435,0.007474512327462435,0
2023-04-21 12:00:00+01:00,0.007474567741155624,0.007476691622287035,0.007467813324183226,0.007476244121789932,0.007476244121789932,0
2023-04-21 13:00:00+01:00,0.007476076949387789,0.007485310081392527,0.007467144634574652,0.007482958026230335,0.007482958026230335,0
2023-04-21 14:00:00+01:00,0.007483349181711674,0.00748805608600378,0.007441029883921146,0.007446293719112873,0.007446293719112873,0
2023-04-21 15:00:00+01:00,0.007446237839758396,0.007451121229678392,0.0074354419484734535,0.007439867593348026,0.007439867593348026,0
2023-04-21 16:00:00+01:00,0.007439922541379929,0.007449344266206026,0.007437155582010746,0.0074470145627856255,0.0074470145627856255,0
2023-04-21 17:00:00+01:00,0.007447125390172005,0.007456231862306595,0.0074465712532401085,0.007455453276634216,0.007455453276634216,0
2023-04-21 18:00:00+01:00,0.007455509155988693,0.007459346670657396,0.007452230900526047,0.007456454448401928,0.007456454448401928,0
2023-04-21 19:00:00+01:00,0.007456621620804071,0.00745895691215992,0.007450565230101347,0.00745084322988987,0.00745084322988987,0
2023-04-21 20:00:00+01:00,0.007450787350535393,0.007459402084350586,0.007450565230101347,0.007458789739757776,0.007458789739757776,0
2023-04-21 21:00:00+01:00,0.007458456326276064,0.00745895691215992,0.007455009035766125,0.007458567153662443,0.007458567153662443,0
2023-04-21 22:00:00+01:00,0.007457344327121973,0.007457344327121973,0.007457344327121973,0.007457344327121973,0.007457344327121973,0
2023-04-24 00:00:00+01:00,0.007458456326276064,0.007466587238013744,0.007458456326276064,0.007464914582669735,0.007464914582669735,0
2023-04-24 01:00:00+01:00,0.0074646915309131145,0.007468929048627615,0.007457065861672163,0.0074640787206590176,0.0074640787206590176,0
2023-04-24 02:00:00+01:00,0.007464246358722448,0.007466587238013744,0.007452065125107765,0.007454175502061844,0.007454175502061844,0
2023-04-24 03:00:00+01:00,0.007454231381416321,0.007454897742718458,0.007438317872583866,0.00743859400972724,0.00743859400972724,0
2023-04-24 04:00:00+01:00,0.007438372820615768,0.0074450187385082245,0.007436436600983143,0.007442580536007881,0.007442580536007881,0
2023-04-24 05:00:00+01:00,0.007442636415362358,0.007443799637258053,0.007438096683472395,0.00744269136339426,0.00744269136339426,0
2023-04-24 06:00:00+01:00,0.007442912552505732,0.007445516996085644,0.007436271291226149,0.0074418047443032265,0.0074418047443032265,0
2023-04-24 07:00:00+01:00,0.007441860623657703,0.007454342674463987,0.007441196125000715,0.007453231140971184,0.007453231140971184,0
2023-04-24 08:00:00+01:00,0.007452731020748615,0.007456009741872549,0.007446072064340115,0.007450232282280922,0.007450232282280922,0
2023-04-24 09:00:00+01:00,0.007450176402926445,0.007452676072716713,0.007439867593348026,0.0074465712532401085,0.0074465712532401085,0
2023-04-24 10:00:00+01:00,0.007447125390172005,0.00744912214577198,0.007439590524882078,0.007440476678311825,0.007440476678311825,0
2023-04-24 11:00:00+01:00,0.007439977955073118,0.0074421376921236515,0.0074253929778933525,0.007430524565279484,0.007430524565279484,0
2023-04-24 12:00:00+01:00,0.0074303038418293,0.007431629113852978,0.007423959672451019,0.007428040727972984,0.007428040727972984,0
2023-04-24 13:00:00+01:00,0.007428261451423168,0.007436602842062712,0.007422252092510462,0.007434888742864132,0.007434888742864132,0
2023-04-24 14:00:00+01:00,0.00743483379483223,0.007437155582010746,0.0074255033396184444,0.007429199293255806,0.007429199293255806,0
2023-04-24 15:00:00+01:00,0.007429309654980898,0.007444353308528662,0.007426220458000898,0.007438704837113619,0.007438704837113619,0
2023-04-24 16:00:00+01:00,0.007438704837113619,0.007443799637258053,0.0074372668750584126,0.0074401437304914,0.0074401437304914,0
2023-04-24 17:00:00+01:00,0.0074401437304914,0.007443799637258053,0.00743931345641613,0.007441583089530468,0.007441583089530468,0
2023-04-24 18:00:00+01:00,0.007441528607159853,0.007447125390172005,0.007440808694809675,0.007443245034664869,0.007443245034664869,0
2023-04-24 19:00:00+01:00,0.007443245034664869,0.007450454402714968,0.007442524656653404,0.007448345888406038,0.007448345888406038,0
2023-04-24 20:00:00+01:00,0.0074487896636128426,0.0074487896636128426,0.0074442424811422825,0.007445961236953735,0.007445961236953735,0
2023-04-24 21:00:00+01:00,0.007446072064340115,0.007450898177921772,0.007444907445460558,0.007450898177921772,0.007450898177921772,0
2023-04-24 22:00:00+01:00,0.0074506765231490135,0.007460236549377441,0.007443688809871674,0.007452342193573713,0.007452342193573713,0
2023-04-24 23:00:00+01:00,0.007452563848346472,0.007464803289622068,0.0074514541774988174,0.007457121275365353,0.007457121275365353,0
2023-04-25 00:00:00+01:00,0.007456955034285784,0.007461683824658394,0.007455842569470406,0.007458233740180731,0.007458233740180731,0
2023-04-25 01:00:00+01:00,0.007458067499101162,0.007462686393409967,0.0074450187385082245,0.007446348667144775,0.007446348667144775,0
2023-04-25 02:00:00+01:00,0.007446348667144775,0.0074510094709694386,0.007442358881235123,0.007448622956871986,0.007448622956871986,0
2023-04-25 03:00:00+01:00,0.007448567543178797,0.0074538420885801315,0.007445351220667362,0.007446626201272011,0.007446626201272011,0
2023-04-25 04:00:00+01:00,0.007446682080626488,0.007448345888406038,0.007439590524882078,0.007443245034664869,0.007443245034664869,0
2023-04-25 05:00:00+01:00,0.007442912552505732,0.007448290009051561,0.007441970985382795,0.0074465712532401085,0.0074465712532401085,0
2023-04-25 06:00:00+01:00,0.007446626201272011,0.007454453501850367,0.007445850409567356,0.007451953832060099,0.007451953832060099,0
2023-04-25 07:00:00+01:00,0.0074521759524941444,0.007458789739757776,0.00743610505014658,0.007437709253281355,0.007437709253281355,0
2023-04-25 08:00:00+01:00,0.007437709253281355,0.007459959015250206,0.007437100633978844,0.007454286329448223,0.007454286329448223,0
2023-04-25 09:00:00+01:00,0.00745439762249589,0.007461572531610727,0.007451342884451151,0.007456565275788307,0.007456565275788307,0
2023-04-25 10:00:00+01:00,0.007456565275788307,0.007473282981663942,0.007453953381627798,0.007471607998013496,0.007471607998013496,0
2023-04-25 11:00:00+01:00,0.007471551652997732,0.007472277618944645,0.007457288447767496,0.007457288447767496,0.007457288447767496,0
2023-04-25 12:00:00+01:00,0.007457399740815163,0.007461851462721825,0.0074510653503239155,0.0074517871253192425,0.0074517871253192425,0
2023-04-25 13:00:00+01:00,0.0074517871253192425,0.007469933945685625,0.007448678836226463,0.007467478979378939,0.007467478979378939,0
2023-04-25 14:00:00+01:00,0.0074676466174423695,0.0074744559824466705,0.007460347842425108,0.007469375152140856,0.007469375152140856,0
2023-04-25 15:00:00+01:00,0.007469765841960907,0.007477920968085527,0.007462686393409967,0.007470045238733292,0.007470045238733292,0
2023-04-25 16:00:00+01:00,0.007470100652426481,0.007472277618944645,0.007461294997483492,0.0074644689448177814,0.0074644689448177814,0
2023-04-25 17:00:00+01:00,0.007464023306965828,0.007472277618944645,0.00746179511770606,0.007471942808479071,0.007471942808479071,0
2023-04-25 18:00:00+01:00,0.007471886463463306,0.0074869911186397076,0.007469765841960907,0.007486262358725071,0.007486262358725071,0
2023-04-25 19:00:00+01:00,0.007486598566174507,0.007498331367969513,0.007484805770218372,0.007486150600016117,0.007486150600016117,0
2023-04-25 20:00:00+01:00,0.007486206945031881,0.007494173478335142,0.007483349181711674,0.007490972988307476,0.007490972988307476,0
2023-04-25 21:00:00+01:00,0.007491197437047958,0.007491197437047958,0.007475517224520445,0.007478144485503435,0.007478144485503435,0
2023-04-25 22:00:00+01:00,0.007477865554392338,0.007482061628252268,0.0074675907380878925,0.007477753795683384,0.007477753795683384,0
2023-04-25 23:00:00+01:00,0.0074793198145926,0.0074805510230362415,0.007468260359019041,0.00747887184843421,0.00747887184843421,0
2023-04-26 00:00:00+01:00,0.0074785929173231125,0.007484077475965023,0.00747641222551465,0.007479039952158928,0.007479039952158928,0
2023-04-26 01:00:00+01:00,0.007479039952158928,0.007491422817111015,0.007476579397916794,0.007479823660105467,0.007479823660105467,0
2023-04-26 02:00:00+01:00,0.0074798790737986565,0.007494004443287849,0.007476803380995989,0.007489626761525869,0.007489626761525869,0
2023-04-26 03:00:00+01:00,0.007489738520234823,0.007493050303310156,0.007484469562768936,0.007485926616936922,0.007485926616936922,0
2023-04-26 04:00:00+01:00,0.00748609472066164,0.007491197437047958,0.007482958026230335,0.007489122450351715,0.007489122450351715,0
2023-04-26 05:00:00+01:00,0.007489009294658899,0.007491759490221739,0.007484581787139177,0.007486038375645876,0.007486038375645876,0
2023-04-26 06:00:00+01:00,0.007486150600016117,0.007487832102924585,0.007478481158614159,0.00748318200930953,0.00748318200930953,0
2023-04-26 07:00:00+01:00,0.007483069784939289,0.007483909837901592,0.0074744559824466705,0.007481334265321493,0.007481334265321493,0
2023-04-26 08:00:00+01:00,0.00748183811083436,0.007496869657188654,0.007478144485503435,0.007493443321436644,0.007493443321436644,0
2023-04-26 09:00:00+01:00,0.0074934992007911205,0.007495296187698841,0.0074800471775233746,0.0074886176735162735,0.0074886176735162735,0
2023-04-26 10:00:00+01:00,0.007488729432225227,0.0074951839633286,0.007486038375645876,0.007494510151445866,0.007494510151445866,0
2023-04-26 11:00:00+01:00,0.007494453806430101,0.007502494379878044,0.007491478230804205,0.007495409343391657,0.007495409343391657,0
2023-04-26 12:00:00+01:00,0.007495577447116375,0.007504127454012632,0.0074709379114210606,0.007477530278265476,0.007477530278265476,0
2023-04-26 13:00:00+01:00,0.007477473933249712,0.007485086098313332,0.00746602937579155,0.007484021596610546,0.007484021596610546,0
2023-04-26 14:00:00+01:00,0.007484077475965023,0.0075154067017138,0.007482117973268032,0.007509311661124229,0.007509311661124229,0
2023-04-26 15:00:00+01:00,0.0075094811618328094,0.007518797181546688,0.007498050574213266,0.007500412408262491,0.007500412408262491,0
2023-04-26 16:00:00+01:00,0.007500356528908014,0.007502438500523567,0.007477305829524994,0.007478032726794481,0.007478032726794481,0
2023-04-26 17:00:00+01:00,0.007477977313101292,0.00747887184843421,0.007469263859093189,0.007473171688616276,0.007473171688616276,0
2023-04-26 18:00:00+01:00,0.007473171688616276,0.007479431573301554,0.007470380049198866,0.0074770268984138966,0.0074770268984138966,0
2023-04-26 19:00:00+01:00,0.00747719407081604,0.00749063678085804,0.0074738976545631886,0.007488505449146032,0.007488505449146032,0
2023-04-26 20:00:00+01:00,0.007488673087209463,0.007492881268262863,0.007479486986994743,0.007483909837901592,0.007483909837901592,0
2023-04-26 21:00:00+01:00,0.007483461406081915,0.007485590409487486,0.007480270694941282,0.007482397370040417,0.007482397370040417,0
2023-04-26 22:00:00+01:00,0.007482397370040417,0.007486486807465553,0.007479431573301554,0.007483685854822397,0.007483685854822397,0
2023-04-26 23:00:00+01:00,0.007483461406081915,0.00748895388096571,0.007480774540454149,0.007486486807465553,0.007486486807465553,0
2023-04-27 00:00:00+01:00,0.0074865431524813175,0.007496813777834177,0.007486486807465553,0.0074928258545696735,0.0074928258545696735,0
2023-04-27 01:00:00+01:00,0.007492769043892622,0.007497038692235947,0.0074798790737986565,0.007488449104130268,0.007488449104130268,0
2023-04-27 02:00:00+01:00,0.007488336879760027,0.007494004443287849,0.007482173852622509,0.00748788844794035,0.00748788844794035,0
2023-04-27 03:00:00+01:00,0.007487103343009949,0.007491759490221739,0.007483853492885828,0.00748895388096571,0.00748895388096571,0
2023-04-27 04:00:00+01:00,0.007489009294658899,0.007490076124668121,0.007478200830519199,0.007480102591216564,0.007480102591216564,0
2023-04-27 05:00:00+01:00,0.007480102591216564,0.00748278945684433,0.00747646763920784,0.0074780890718102455,0.0074780890718102455,0
2023-04-27 06:00:00+01:00,0.007478032726794481,0.007484469562768936,0.007475628983229399,0.007481053937226534,0.007481053937226534,0
2023-04-27 07:00:00+01:00,0.007481390610337257,0.007482230197638273,0.007471049204468727,0.00747713865712285,0.00747713865712285,0
2023-04-27 08:00:00+01:00,0.00747713865712285,0.007485029753297567,0.0074738976545631886,0.007474958896636963,0.007474958896636963,0
2023-04-27 09:00:00+01:00,0.007474790792912245,0.00747719407081604,0.007465695030987263,0.007470045238733292,0.007470045238733292,0
2023-04-27 10:00:00+01:00,0.007469765841960907,0.0074783130548894405,0.007468427065759897,0.0074737295508384705,0.0074737295508384705,0
2023-04-27 11:00:00+01:00,0.007473618257790804,0.007486710790544748,0.007471440359950066,0.007486150600016117,0.007486150600016117,0
2023-04-27 12:00:00+01:00,0.007485758047550917,0.007495858706533909,0.0074854218401014805,0.007491197437047958,0.007491197437047958,0
2023-04-27 13:00:00+01:00,0.007491759490221739,0.007507620379328728,0.007459290791302919,0.007468315772712231,0.007468315772712231,0
2023-04-27 14:00:00+01:00,0.007468148600310087,0.007472724188119173,0.0074517312459647655,0.007457344327121973,0.007457344327121973,0
2023-04-27 15:00:00+01:00,0.007457399740815163,0.007463800720870495,0.007452620193362236,0.007455953862518072,0.007455953862518072,0
2023-04-27 16:00:00+01:00,0.007456009741872549,0.007467702031135559,0.007454841863363981,0.007459680549800396,0.007459680549800396,0
2023-04-27 17:00:00+01:00,0.0074597918428480625,0.007464914582669735,0.00745923537760973,0.007463132031261921,0.007463132031261921,0
2023-04-27 18:00:00+01:00,0.007463020738214254,0.007473841309547424,0.00745923537760973,0.007464580237865448,0.007464580237865448,0
2023-04-27 19:00:00+01:00,0.007464580237865448,0.007466587238013744,0.00745923537760973,0.0074635217897593975,0.0074635217897593975,0
2023-04-27 20:00:00+01:00,0.0074635217897593975,0.007469933945685625,0.0074632433243095875,0.007467702031135559,0.007467702031135559,0
2023-04-27 21:00:00+01:00,0.007467813324183226,0.0074704913422465324,0.007460682652890682,0.0074632433243095875,0.0074632433243095875,0
2023-04-27 22:00:00+01:00,0.007464525289833546,0.007471384946256876,0.0074632433243095875,0.007468817755579948,0.007468817755579948,0
2023-04-27 23:00:00+01:00,0.007470268290489912,0.007473282981663942,0.007464970462024212,0.007467702031135559,0.007467702031135559,0
2023-04-28 00:00:00+01:00,0.0074676466174423695,0.00747887184843421,0.007466475013643503,0.007473674137145281,0.007473674137145281,0
2023-04-28 01:00:00+01:00,0.007473674137145281,0.007474958896636963,0.007458456326276064,0.0074610160663723946,0.0074610160663723946,0
2023-04-28 02:00:00+01:00,0.007460793945938349,0.007485029753297567,0.007446847856044769,0.007451842073351145,0.007451842073351145,0
2023-04-28 03:00:00+01:00,0.007451897952705622,0.00746547244489193,0.007446348667144775,0.007457121275365353,0.007457121275365353,0
2023-04-28 04:00:00+01:00,0.007457232568413019,0.007500131614506245,0.007455342449247837,0.007473171688616276,0.007473171688616276,0
2023-04-28 05:00:00+01:00,0.007473171688616276,0.007498331367969513,0.007410810794681311,0.007419884204864502,0.007419884204864502,0
2023-04-28 06:00:00+01:00,0.007419994100928307,0.007423464674502611,0.007400007918477058,0.007408724632114172,0.007408724632114172,0
2023-04-28 07:00:00+01:00,0.00740850530564785,0.007409602403640747,0.007365994155406952,0.007372510619461536,0.007372510619461536,0
2023-04-28 08:00:00+01:00,0.007372565101832151,0.007374958135187626,0.007360680960118771,0.007367839105427265,0.007367839105427265,0
2023-04-28 09:00:00+01:00,0.007367839105427265,0.007379529532045126,0.007363878656178713,0.007372782565653324,0.007372782565653324,0
2023-04-28 10:00:00+01:00,0.007373000029474497,0.007373543921858072,0.007343006320297718,0.007344516459852457,0.007344516459852457,0
2023-04-28 11:00:00+01:00,0.007344624027609825,0.007359976880252361,0.007343815173953772,0.007349158171564341,0.007349158171564341,0
2023-04-28 12:00:00+01:00,0.007349212653934956,0.007355104200541973,0.007343275938183069,0.007346027065068483,0.007346027065068483,0
2023-04-28 13:00:00+01:00,0.007345649879425764,0.007354563567787409,0.0073302495293319225,0.007349698804318905,0.007349698804318905,0
2023-04-28 14:00:00+01:00,0.0073495362885296345,0.007361872587352991,0.007339772768318653,0.007341119926422834,0.007341119926422834,0
2023-04-28 15:00:00+01:00,0.007341443095356226,0.007346459198743105,0.00732273468747735,0.007343761622905731,0.007343761622905731,0
2023-04-28 16:00:00+01:00,0.007343707140535116,0.007355645764619112,0.007340635173022747,0.007353535853326321,0.007353535853326321,0
2023-04-28 17:00:00+01:00,0.007353265304118395,0.0073552667163312435,0.007347538135945797,0.00734894210472703,0.00734894210472703,0
2023-04-28 18:00:00+01:00,0.007348834071308374,0.007350779604166746,0.007341928780078888,0.007343869190663099,0.007343869190663099,0
2023-04-28 19:00:00+01:00,0.007343761622905731,0.007344948593527079,0.007337295915931463,0.0073392875492572784,0.0073392875492572784,0
2023-04-28 20:00:00+01:00,0.00733917998149991,0.007345487829297781,0.007339018862694502,0.007340095471590757,0.007340095471590757,0
2023-04-28 21:00:00+01:00,0.007340095471590757,0.0073422519490122795,0.007334174122661352,0.007339826785027981,0.007339826785027981,0
2023-05-01 00:00:00+01:00,0.007341173477470875,0.007341928780078888,0.007329658139497042,0.007331271190196276,0.007331271190196276,0
2023-05-01 01:00:00+01:00,0.007331378757953644,0.0073393420316278934,0.0073109036311507225,0.00731732277199626,0.00731732277199626,0
2023-05-01 02:00:00+01:00,0.007317055016756058,0.0073226275853812695,0.007314272690564394,0.007316947914659977,0.007316947914659977,0
2023-05-01 03:00:00+01:00,0.00731732277199626,0.007318233139812946,0.007303588092327118,0.007306203246116638,0.007306203246116638,0
2023-05-01 04:00:00+01:00,0.007306256331503391,0.007311384659260511,0.0073022013530135155,0.00730577576905489,0.00730577576905489,0
2023-05-01 05:00:00+01:00,0.0073059359565377235,0.007310368586331606,0.007303374819457531,0.0073072174564003944,0.0073072174564003944,0
2023-05-01 06:00:00+01:00,0.007307324092835188,0.007308445405215025,0.00730241509154439,0.007304174825549126,0.007304174825549126,0
2023-05-01 07:00:00+01:00,0.007304228376597166,0.007305402774363756,0.0073002297431230545,0.007304281461983919,0.007304281461983919,0
2023-05-01 08:00:00+01:00,0.007304602302610874,0.007316359784454107,0.007304228376597166,0.007314486429095268,0.007314486429095268,0
2023-05-01 09:00:00+01:00,0.007314539514482021,0.007315075024962425,0.007308659143745899,0.007311010267585516,0.007311010267585516,0
2023-05-01 10:00:00+01:00,0.007311010267585516,0.007316145114600658,0.007307537831366062,0.007314379792660475,0.007314379792660475,0
2023-05-01 11:00:00+01:00,0.007314272690564394,0.007322251796722412,0.007313309703022242,0.007317269686609507,0.007317269686609507,0
2023-05-01 12:00:00+01:00,0.007317536976188421,0.007320108357816935,0.0073051354847848415,0.007309140171855688,0.007309140171855688,0
2023-05-01 13:00:00+01:00,0.007309246808290482,0.007314218673855066,0.007306469604372978,0.00731250736862421,0.00731250736862421,0
2023-05-01 14:00:00+01:00,0.007312721107155085,0.007315289229154587,0.007307430729269981,0.00730881979689002,0.00730881979689002,0
2023-05-01 15:00:00+01:00,0.00730871269479394,0.00730881979689002,0.007283056154847145,0.007284647785127163,0.007284647785127163,0
2023-05-01 16:00:00+01:00,0.007284647785127163,0.007284806575626135,0.007277437951415777,0.007280457764863968,0.007280457764863968,0
2023-05-01 17:00:00+01:00,0.007280457764863968,0.007282896898686886,0.007273468188941479,0.00727399718016386,0.00727399718016386,0
2023-05-01 18:00:00+01:00,0.007274261675775051,0.007279927842319012,0.00727399718016386,0.007278709206730127,0.007278709206730127,0
2023-05-01 19:00:00+01:00,0.007278867997229099,0.007279398385435343,0.0072735208086669445,0.007274631876498461,0.007274631876498461,0
2023-05-01 20:00:00+01:00,0.007274684961885214,0.007275743875652552,0.007270453497767448,0.007272727321833372,0.007272727321833372,0
2023-05-01 21:00:00+01:00,0.00727293873205781,0.007276590447872877,0.007271828129887581,0.007273837924003601,0.007273837924003601,0
2023-05-01 22:00:00+01:00,0.0072738914750516415,0.007279715966433287,0.007273097522556782,0.007274579256772995,0.007274579256772995,0
2023-05-01 23:00:00+01:00,0.007274631876498461,0.007277861703187227,0.0072735208086669445,0.007275743875652552,0.007275743875652552,0
2023-05-02 00:00:00+01:00,0.0072764321230351925,0.007277119439095259,0.007268603891134262,0.007271722424775362,0.007271722424775362,0
2023-05-02 01:00:00+01:00,0.007271880749613047,0.00728390458971262,0.007271299604326487,0.007276801858097315,0.007276801858097315,0
2023-05-02 02:00:00+01:00,0.007276801858097315,0.007283374667167664,0.00727516133338213,0.007278073113411665,0.007278073113411665,0
2023-05-02 03:00:00+01:00,0.007277861703187227,0.007280563469976187,0.007274314295500517,0.007280139718204737,0.007280139718204737,0
2023-05-02 04:00:00+01:00,0.007280193269252777,0.007280722726136446,0.007272462360560894,0.007272991817444563,0.007272991817444563,0
2023-05-02 05:00:00+01:00,0.0072731501422822475,0.007275002542883158,0.00726211117580533,0.007263324689120054,0.007263324689120054,0
2023-05-02 06:00:00+01:00,0.00726337730884552,0.007268340326845646,0.007258263416588306,0.0072660683654248714,0.0072660683654248714,0
2023-05-02 07:00:00+01:00,0.007266227155923843,0.007273415103554726,0.0072639575228095055,0.007272039540112019,0.007272039540112019,0
2023-05-02 08:00:00+01:00,0.007272093091160059,0.00727293873205781,0.007261425722390413,0.007267388980835676,0.007267388980835676,0
2023-05-02 09:00:00+01:00,0.007267441600561142,0.007280669640749693,0.0072668613865971565,0.007272198796272278,0.007272198796272278,0
2023-05-02 10:00:00+01:00,0.007272304501384497,0.007279610261321068,0.0072699254378676414,0.00727833854034543,0.00727833854034543,0
2023-05-02 11:00:00+01:00,0.007278232369571924,0.007281571626663208,0.007269238121807575,0.00727119343355298,0.00727119343355298,0
2023-05-02 12:00:00+01:00,0.0072712465189397335,0.0072875674813985825,0.007270717993378639,0.007281358819454908,0.007281358819454908,0
2023-05-02 13:00:00+01:00,0.007281518075615168,0.007283321116119623,0.007268498186022043,0.007269238121807575,0.007269238121807575,0
2023-05-02 14:00:00+01:00,0.00726939644664526,0.007285444065928459,0.007268656976521015,0.00727833854034543,0.00727833854034543,0
2023-05-02 15:00:00+01:00,0.007278444245457649,0.0073329913429915905,0.007278179284185171,0.007329766638576984,0.007329766638576984,0
2023-05-02 16:00:00+01:00,0.007329981308430433,0.00733191566541791,0.007315610069781542,0.007327939849346876,0.007327939849346876,0
2023-05-02 17:00:00+01:00,0.007327939849346876,0.007336757145822048,0.007322091609239578,0.0073286378756165504,0.0073286378756165504,0
2023-05-02 18:00:00+01:00,0.007328691892325878,0.007330840453505516,0.007315235212445259,0.007317162584513426,0.007317162584513426,0
2023-05-02 19:00:00+01:00,0.007317162584513426,0.007326007355004549,0.00731539586558938,0.007315930910408497,0.007315930910408497,0
2023-05-02 20:00:00+01:00,0.007315877825021744,0.007329228799790144,0.007315770722925663,0.007325953338295221,0.007325953338295221,0
2023-05-02 21:00:00+01:00,0.007325900252908468,0.007328691892325878,0.007321662735193968,0.007324826437979937,0.007324826437979937,0
2023-05-02 22:00:00+01:00,0.007325202226638794,0.007327725179493427,0.007319787051528692,0.0073247733525931835,0.0073247733525931835,0
2023-05-02 23:00:00+01:00,0.007324397563934326,0.007328100968152285,0.00732273468747735,0.007324504666030407,0.007324504666030407,0
2023-05-03 00:00:00+01:00,0.0073247733525931835,0.007332238368690014,0.007324612233787775,0.007327510509639978,0.007327510509639978,0
2023-05-03 01:00:00+01:00,0.007327725179493427,0.007332023233175278,0.007322144694626331,0.007331055589020252,0.007331055589020252,0
2023-05-03 02:00:00+01:00,0.007331271190196276,0.007353914901614189,0.0073283701203763485,0.007352130487561226,0.007352130487561226,0
2023-05-03 03:00:00+01:00,0.007352184038609266,0.00735759362578392,0.007349050138145685,0.007351211737841368,0.007351211737841368,0
2023-05-03 04:00:00+01:00,0.007351103704422712,0.00735331978648901,0.007347052916884422,0.0073501309379935265,0.0073501309379935265,0
2023-05-03 05:00:00+01:00,0.007349914871156216,0.007351751904934645,0.007346620783209801,0.007349914871156216,0.007349914871156216,0
2023-05-03 06:00:00+01:00,0.007349860388785601,0.007360138930380344,0.00734894210472703,0.007355537265539169,0.007355537265539169,0
2023-05-03 07:00:00+01:00,0.007355753798037767,0.007361059542745352,0.007347430102527142,0.007359921932220459,0.007359921932220459,0
2023-05-03 08:00:00+01:00,0.007359921932220459,0.007368110585957766,0.0073531572706997395,0.007364258170127869,0.007364258170127869,0
2023-05-03 09:00:00+01:00,0.0073640416376292706,0.007379529532045126,0.0073636616580188274,0.007370934821665287,0.007370934821665287,0
2023-05-03 10:00:00+01:00,0.007370934821665287,0.007376426365226507,0.007366265635937452,0.007374413311481476,0.007374413311481476,0
2023-05-03 11:00:00+01:00,0.007374250795692205,0.007383888587355614,0.007368165533989668,0.007378058973699808,0.007378058973699808,0
2023-05-03 12:00:00+01:00,0.00737800495699048,0.0073817078955471516,0.007371478248387575,0.0073804003186523914,0.0073804003186523914,0
2023-05-03 13:00:00+01:00,0.0073807272128760815,0.0073894537054002285,0.0073560248129069805,0.007385796867311001,0.007385796867311001,0
2023-05-03 14:00:00+01:00,0.007385742850601673,0.007393715437501669,0.007378331385552883,0.007383997552096844,0.007383997552096844,0
2023-05-03 15:00:00+01:00,0.007384433876723051,0.0074018146842718124,0.0073805092833936214,0.007400390226393938,0.007400390226393938,0
2023-05-03 16:00:00+01:00,0.007400280795991421,0.00740389758720994,0.007389727048575878,0.0073901633732020855,0.0073901633732020855,0
2023-05-03 17:00:00+01:00,0.007390272803604603,0.007396996486932039,0.007385851815342903,0.0073865060694515705,0.0073865060694515705,0
2023-05-03 18:00:00+01:00,0.007386452052742243,0.007391037885099649,0.007382362615317106,0.00739049119874835,0.00739049119874835,0
2023-05-03 19:00:00+01:00,0.007390764541924,0.007416802458465099,0.007368816528469324,0.007382798474282026,0.007382798474282026,0
2023-05-03 20:00:00+01:00,0.007382689509540796,0.007411524653434753,0.007370826322585344,0.007406859192997217,0.007406859192997217,0
2023-05-03 21:00:00+01:00,0.0074068037793040276,0.007426110096275806,0.007393441628664732,0.007426110096275806,0.007426110096275806,0
2023-05-03 22:00:00+01:00,0.007425723597407341,0.007433286402374506,0.007421094924211502,0.007429696619510651,0.007429696619510651,0
2023-05-03 23:00:00+01:00,0.00742975203320384,0.007441417779773474,0.0074259997345507145,0.00742942001670599,0.00742942001670599,0
2023-05-04 00:00:00+01:00,0.00743085565045476,0.007435773499310017,0.007428261451423168,0.007432347163558006,0.007432347163558006,0
2023-05-04 01:00:00+01:00,0.007432126440107822,0.007443688809871674,0.007430911064147949,0.007433617487549782,0.007433617487549782,0
2023-05-04 02:00:00+01:00,0.007433452643454075,0.007435607258230448,0.007427985314279795,0.007432899437844753,0.007432899437844753,0
2023-05-04 03:00:00+01:00,0.007432954851537943,0.007437985390424728,0.007432899437844753,0.007436326239258051,0.007436326239258051,0
2023-05-04 04:00:00+01:00,0.007436271291226149,0.007437820080667734,0.007431408390402794,0.007434281520545483,0.007434281520545483,0
2023-05-04 05:00:00+01:00,0.007434281520545483,0.007440697867423296,0.007429089397192001,0.007431131787598133,0.007431131787598133,0
2023-05-04 06:00:00+01:00,0.007431242149323225,0.007437930442392826,0.007430137600749731,0.007437764201313257,0.007437764201313257,0
2023-05-04 07:00:00+01:00,0.007437820080667734,0.007454508915543556,0.007431849837303162,0.0074433558620512486,0.0074433558620512486,0
2023-05-04 08:00:00+01:00,0.007443522103130817,0.007444131653755903,0.007417517714202404,0.007425558753311634,0.007425558753311634,0
2023-05-04 09:00:00+01:00,0.0074254488572478294,0.0074309660121798515,0.007421205751597881,0.007429475896060467,0.007429475896060467,0
2023-05-04 10:00:00+01:00,0.007429586257785559,0.007432678714394569,0.007423078641295433,0.007428924087435007,0.007428924087435007,0
2023-05-04 11:00:00+01:00,0.007429034449160099,0.007439701352268457,0.00742638623341918,0.007435773499310017,0.007435773499310017,0
2023-05-04 12:00:00+01:00,0.0074358293786644936,0.007443245034664869,0.007433230523020029,0.007439479697495699,0.007439479697495699,0
2023-05-04 13:00:00+01:00,0.007439534645527601,0.007445073686540127,0.00741465762257576,0.007417022250592709,0.007417022250592709,0
2023-05-04 14:00:00+01:00,0.007417076732963324,0.0074500106275081635,0.007414162624627352,0.0074470145627856255,0.0074470145627856255,0
2023-05-04 15:00:00+01:00,0.0074470145627856255,0.007472836412489414,0.007442912552505732,0.007468817755579948,0.007468817755579948,0
2023-05-04 16:00:00+01:00,0.007468929048627615,0.007481110282242298,0.007454508915543556,0.007475685328245163,0.007475685328245163,0
2023-05-04 17:00:00+01:00,0.007475740741938353,0.007490749005228281,0.007474176585674286,0.00747641222551465,0.00747641222551465,0
2023-05-04 18:00:00+01:00,0.00747641222551465,0.007477362174540758,0.0074598477222025394,0.007461071480065584,0.007461071480065584,0
2023-05-04 19:00:00+01:00,0.007460848893970251,0.007462074048817158,0.007451232057064772,0.007454953156411648,0.007454953156411648,0
2023-05-04 20:00:00+01:00,0.007455009035766125,0.0074571771547198296,0.007449732627719641,0.007454231381416321,0.007454231381416321,0
2023-05-04 21:00:00+01:00,0.007454175502061844,0.007456454448401928,0.007443245034664869,0.007447069510817528,0.007447069510817528,0
2023-05-04 22:00:00+01:00,0.0074469586834311485,0.007453675381839275,0.0074469586834311485,0.007449732627719641,0.007449732627719641,0
2023-05-04 23:00:00+01:00,0.007450121454894543,0.007450121454894543,0.007445516996085644,0.007446847856044769,0.007446847856044769,0
2023-05-05 00:00:00+01:00,0.0074465712532401085,0.0074540083296597,0.007446348667144775,0.0074538420885801315,0.0074538420885801315,0
2023-05-05 01:00:00+01:00,0.007453731261193752,0.007458512205630541,0.007448290009051561,0.007455398328602314,0.007455398328602314,0
2023-05-05 02:00:00+01:00,0.007455398328602314,0.007464190013706684,0.007455398328602314,0.007460848893970251,0.007460848893970251,0
2023-05-05 03:00:00+01:00,0.007460848893970251,0.007462185341864824,0.007454453501850367,0.007457288447767496,0.007457288447767496,0
2023-05-05 04:00:00+01:00,0.007457344327121973,0.007463967427611351,0.007455453276634216,0.0074605150148272514,0.0074605150148272514,0
2023-05-05 05:00:00+01:00,0.007460626307874918,0.0074676466174423695,0.007459625136107206,0.007464580237865448,0.007464580237865448,0
2023-05-05 06:00:00+01:00,0.007464525289833546,0.007469375152140856,0.007461127359420061,0.007462686393409967,0.007462686393409967,0
2023-05-05 07:00:00+01:00,0.007462909445166588,0.007469040807336569,0.007452953141182661,0.007459068205207586,0.007459068205207586,0
2023-05-05 08:00:00+01:00,0.007458901964128017,0.007462686393409967,0.0074507324025034904,0.007459625136107206,0.007459625136107206,0
2023-05-05 09:00:00+01:00,0.007459736429154873,0.00746602937579155,0.007451842073351145,0.007454508915543556,0.007454508915543556,0
2023-05-05 10:00:00+01:00,0.00745439762249589,0.007458233740180731,0.007448956370353699,0.007452563848346472,0.007452563848346472,0
2023-05-05 11:00:00+01:00,0.007452563848346472,0.007457121275365353,0.007446404546499252,0.007450954057276249,0.007450954057276249,0
2023-05-05 12:00:00+01:00,0.007451121229678392,0.007452676072716713,0.0074465712532401085,0.007448733784258366,0.007448733784258366,0
2023-05-05 13:00:00+01:00,0.007448900490999222,0.007453786209225655,0.007400555070489645,0.007408943958580494,0.007408943958580494,0
2023-05-05 14:00:00+01:00,0.007408889010548592,0.007423133123666048,0.007403567899018526,0.007416087202727795,0.007416087202727795,0
2023-05-05 15:00:00+01:00,0.007416251581162214,0.007424621842801571,0.0074126236140728,0.007415207102894783,0.007415207102894783,0
2023-05-05 16:00:00+01:00,0.007415316998958588,0.007419663947075605,0.007410042453557253,0.007415097206830978,0.007415097206830978,0
2023-05-05 17:00:00+01:00,0.007415262516587973,0.007428537588566542,0.007413613144308329,0.0074259997345507145,0.0074259997345507145,0
2023-05-05 18:00:00+01:00,0.0074258893728256226,0.007427433971315622,0.007417737506330013,0.007419498637318611,0.007419498637318611,0
2023-05-05 19:00:00+01:00,0.0074194432236254215,0.00742098456248641,0.007417076732963324,0.007418562658131123,0.007418562658131123,0
2023-05-05 20:00:00+01:00,0.007418507244437933,0.0074210399761796,0.007415316998958588,0.007415316998958588,0.007415316998958588,0
2023-05-05 21:00:00+01:00,0.007415262516587973,0.007419663947075605,0.0074139428324997425,0.007419388275593519,0.007419388275593519,0
2023-05-08 00:00:00+01:00,0.007404007017612457,0.007406365126371384,0.0073911468498408794,0.007396996486932039,0.007396996486932039,0
2023-05-08 01:00:00+01:00,0.007396833039820194,0.00741465762257576,0.007396722678095102,0.0074132285080850124,0.0074132285080850124,0
2023-05-08 02:00:00+01:00,0.007413338404148817,0.00741674704477191,0.007406638935208321,0.007413613144308329,0.007413613144308329,0
2023-05-08 03:00:00+01:00,0.007413887418806553,0.007420654408633709,0.007413557730615139,0.007416526786983013,0.007416526786983013,0
2023-05-08 04:00:00+01:00,0.007416361477226019,0.007418562658131123,0.007413723040372133,0.007415042724460363,0.007415042724460363,0
2023-05-08 05:00:00+01:00,0.007415152620524168,0.007423133123666048,0.007414931897073984,0.007421590853482485,0.007421590853482485,0
2023-05-08 06:00:00+01:00,0.0074217007495462894,0.0074247317388653755,0.007419058587402105,0.007422142196446657,0.007422142196446657,0
2023-05-08 07:00:00+01:00,0.007421976421028376,0.00742732360959053,0.007417132146656513,0.007419608533382416,0.007419608533382416,0
2023-05-08 08:00:00+01:00,0.00741971842944622,0.0074201589450240135,0.007405432872474194,0.007405980955809355,0.007405980955809355,0
2023-05-08 09:00:00+01:00,0.007406145799905062,0.007411744445562363,0.007402417249977589,0.0074092731811106205,0.0074092731811106205,0
2023-05-08 10:00:00+01:00,0.00740932859480381,0.007410920690745115,0.007404939271509647,0.007406255695968866,0.007406255695968866,0
2023-05-08 11:00:00+01:00,0.007406090851873159,0.0074112508445978165,0.007404391188174486,0.007405980955809355,0.007405980955809355,0
2023-05-08 12:00:00+01:00,0.007406145799905062,0.00741015188395977,0.007395902182906866,0.007397215347737074,0.007397215347737074,0
2023-05-08 13:00:00+01:00,0.0073974342085421085,0.0074090538546442986,0.007395027671009302,0.0074043357744812965,0.0074043357744812965,0
2023-05-08 14:00:00+01:00,0.0074045551009476185,0.0074139973148703575,0.007404007017612457,0.007411030121147633,0.007411030121147633,0
2023-05-08 15:00:00+01:00,0.007410975638777018,0.007420048583298922,0.007407407276332378,0.007415042724460363,0.007415042724460363,0
2023-05-08 16:00:00+01:00,0.007414931897073984,0.0074217007495462894,0.007411195430904627,0.007416802458465099,0.007416802458465099,0
2023-05-08 17:00:00+01:00,0.007416856940835714,0.0074272132478654385,0.007416526786983013,0.007423464674502611,0.007423464674502611,0
2023-05-08 18:00:00+01:00,0.007423519156873226,0.007426110096275806,0.007412404287606478,0.007413557730615139,0.007413557730615139,0
2023-05-08 19:00:00+01:00,0.007413613144308329,0.007414547726511955,0.007397762965410948,0.007399788126349449,0.007399788126349449,0
2023-05-08 20:00:00+01:00,0.007399952504783869,0.007404116913676262,0.007398200687021017,0.007400610018521547,0.007400610018521547,0
2023-05-08 21:00:00+01:00,0.007400829344987869,0.007404664997011423,0.00739907706156373,0.00740165077149868,0.00740165077149868,0
2023-05-08 22:00:00+01:00,0.007402253337204456,0.0074090538546442986,0.007401376497000456,0.007404445670545101,0.007404445670545101,0
2023-05-08 23:00:00+01:00,0.007404993753880262,0.0074090538546442986,0.00740192411467433,0.007407078519463539,0.007407078519463539,0
2023-05-09 00:00:00+01:00,0.007406638935208321,0.007409602403640747,0.007400499656796455,0.007402746006846428,0.007402746006846428,0
2023-05-09 01:00:00+01:00,0.0074028014205396175,0.007404116913676262,0.007389672100543976,0.007395848166197538,0.007395848166197538,0
2023-05-09 02:00:00+01:00,0.007396121975034475,0.007411799859255552,0.007395246531814337,0.007404719945043325,0.007404719945043325,0
2023-05-09 03:00:00+01:00,0.007404610514640808,0.007406859192997217,0.00740077393129468,0.007404061499983072,0.007404061499983072,0
2023-05-09 04:00:00+01:00,0.007404226344078779,0.0074128988198935986,0.0074028014205396175,0.007410810794681311,0.007410810794681311,0
2023-05-09 05:00:00+01:00,0.0074108662083745,0.007415097206830978,0.007405542302876711,0.0074072424322366714,0.0074072424322366714,0
2023-05-09 06:00:00+01:00,0.007407133001834154,0.00741674704477191,0.007405158597975969,0.007413832936435938,0.007413832936435938,0
2023-05-09 07:00:00+01:00,0.007413832936435938,0.007423353381454945,0.007412129081785679,0.007416582200676203,0.007416582200676203,0
2023-05-09 08:00:00+01:00,0.007416582200676203,0.007420048583298922,0.007407791912555695,0.007418617606163025,0.007418617606163025,0
2023-05-09 09:00:00+01:00,0.007418782915920019,0.007420048583298922,0.0074043357744812965,0.007405158597975969,0.007405158597975969,0
2023-05-09 10:00:00+01:00,0.007405268028378487,0.007416197098791599,0.007401595823466778,0.007413887418806553,0.007413887418806553,0
2023-05-09 11:00:00+01:00,0.007414107210934162,0.007419498637318611,0.00741190928965807,0.007418948225677013,0.007418948225677013,0
2023-05-09 12:00:00+01:00,0.007419003173708916,0.007420599926263094,0.0074081760831177235,0.0074112508445978165,0.0074112508445978165,0
2023-05-09 13:00:00+01:00,0.0074112508445978165,0.007411799859255552,0.007396833039820194,0.007397105917334557,0.007397105917334557,0
2023-05-09 14:00:00+01:00,0.007396996486932039,0.007404883857816458,0.0073878709226846695,0.007404061499983072,0.007404061499983072,0
2023-05-09 15:00:00+01:00,0.007404116913676262,0.007410700898617506,0.007400555070489645,0.00740477442741394,0.00740477442741394,0
2023-05-09 16:00:00+01:00,0.00740477442741394,0.007406309712678194,0.007396833039820194,0.007399295922368765,0.007399295922368765,0
2023-05-09 17:00:00+01:00,0.0073991864919662476,0.007402472663670778,0.007392349187284708,0.007393441628664732,0.007393441628664732,0
2023-05-09 18:00:00+01:00,0.007393332663923502,0.007402472663670778,0.007393169216811657,0.007399295922368765,0.007399295922368765,0
2023-05-09 19:00:00+01:00,0.007399349939078093,0.007402472663670778,0.0073951371014118195,0.007398857269436121,0.007398857269436121,0
2023-05-09 20:00:00+01:00,0.007398747839033604,0.007400280795991421,0.00739305978640914,0.007394644897431135,0.007394644897431135,0
2023-05-09 21:00:00+01:00,0.007395082153379917,0.0073980912566185,0.007394043263047934,0.007395683787763119,0.007395683787763119,0
2023-05-09 22:00:00+01:00,0.007396613713353872,0.007400007918477058,0.007394809275865555,0.007396175991743803,0.007396175991743803,0
2023-05-09 23:00:00+01:00,0.007395629305392504,0.007400610018521547,0.007395355496555567,0.0073975445702672005,0.0073975445702672005,0
2023-05-10 00:00:00+01:00,0.00739644980058074,0.007398638408631086,0.007389016915112734,0.007391474675387144,0.007391474675387144,0
2023-05-10 01:00:00+01:00,0.007391529623419046,0.007403020281344652,0.007390982937067747,0.0073991864919662476,0.0073991864919662476,0
2023-05-10 02:00:00+01:00,0.007399240508675575,0.007404116913676262,0.007396668661385775,0.007398528978228569,0.007398528978228569,0
2023-05-10 03:00:00+01:00,0.007398419547826052,0.007402472663670778,0.007396121975034475,0.0073977080173790455,0.0073977080173790455,0
2023-05-10 04:00:00+01:00,0.007397762965410948,0.007400829344987869,0.007397215347737074,0.0073995147831737995,0.0073995147831737995,0
2023-05-10 05:00:00+01:00,0.007399733643978834,0.007401376497000456,0.007391639053821564,0.0073946998454630375,0.0073946998454630375,0
2023-05-10 06:00:00+01:00,0.007394809275865555,0.007396996486932039,0.00738677941262722,0.007389344274997711,0.007389344274997711,0
2023-05-10 07:00:00+01:00,0.007389126345515251,0.007390436716377735,0.0073817078955471516,0.0073862881399691105,0.0073862881399691105,0
2023-05-10 08:00:00+01:00,0.0073866150341928005,0.007395902182906866,0.007382689509540796,0.007394098211079836,0.007394098211079836,0
2023-05-10 09:00:00+01:00,0.007394371088594198,0.00740192411467433,0.007391583640128374,0.007393113803118467,0.007393113803118467,0
2023-05-10 10:00:00+01:00,0.007393113803118467,0.007400280795991421,0.007391802500933409,0.0073969424702227116,0.0073969424702227116,0
2023-05-10 11:00:00+01:00,0.007396887522190809,0.007400829344987869,0.007393988780677319,0.007396833039820194,0.007396833039820194,0
2023-05-10 12:00:00+01:00,0.007396778091788292,0.0073980912566185,0.007388634607195854,0.007390272803604603,0.007390272803604603,0
2023-05-10 13:00:00+01:00,0.007390272803604603,0.007444353308528662,0.007384760770946741,0.007440199609845877,0.007440199609845877,0
2023-05-10 14:00:00+01:00,0.0074403658509254456,0.007447513751685619,0.007422802969813347,0.00743931345641613,0.00743931345641613,0
2023-05-10 15:00:00+01:00,0.007439369335770607,0.007444907445460558,0.007428979035466909,0.007439148146659136,0.007439148146659136,0
2023-05-10 16:00:00+01:00,0.007439203094691038,0.007440476678311825,0.007429199293255806,0.00743350712582469,0.00743350712582469,0
2023-05-10 17:00:00+01:00,0.007433838676661253,0.007446016184985638,0.007432899437844753,0.00744418753311038,0.00744418753311038,0
2023-05-10 18:00:00+01:00,0.007444020826369524,0.007457121275365353,0.007442081812769175,0.00744912214577198,0.00744912214577198,0
2023-05-10 19:00:00+01:00,0.007449067197740078,0.007452676072716713,0.0074456837028265,0.0074488455429673195,0.0074488455429673195,0
2023-05-10 20:00:00+01:00,0.007448900490999222,0.007449899800121784,0.007441251073032618,0.007443300914019346,0.007443300914019346,0
2023-05-10 21:00:00+01:00,0.0074433558620512486,0.007447679992765188,0.0074403658509254456,0.007443632930517197,0.007443632930517197,0
2023-05-10 22:00:00+01:00,0.007443522103130817,0.0074506765231490135,0.007443522103130817,0.0074469586834311485,0.0074469586834311485,0
2023-05-10 23:00:00+01:00,0.007446459494531155,0.007452676072716713,0.007442358881235123,0.0074521200731396675,0.0074521200731396675,0
2023-05-11 00:00:00+01:00,0.00745239807292819,0.007462129928171635,0.007452286779880524,0.00745745562016964,0.00745745562016964,0
2023-05-11 01:00:00+01:00,0.007457232568413019,0.007469375152140856,0.0074540083296597,0.007459124084562063,0.007459124084562063,0
2023-05-11 02:00:00+01:00,0.007459068205207586,0.007462686393409967,0.007454786915332079,0.007459346670657396,0.007459346670657396,0
2023-05-11 03:00:00+01:00,0.007459013257175684,0.007459902670234442,0.0074487896636128426,0.0074506765231490135,0.0074506765231490135,0
2023-05-11 04:00:00+01:00,0.0074510094709694386,0.007457677740603685,0.007450787350535393,0.0074521200731396675,0.0074521200731396675,0
2023-05-11 05:00:00+01:00,0.0074521200731396675,0.007455453276634216,0.007445739582180977,0.007449233438819647,0.007449233438819647,0
2023-05-11 06:00:00+01:00,0.007449344266206026,0.007454342674463987,0.007445739582180977,0.0074465153738856316,0.0074465153738856316,0
2023-05-11 07:00:00+01:00,0.007446682080626488,0.007454342674463987,0.007443688809871674,0.007444353308528662,0.007444353308528662,0
2023-05-11 08:00:00+01:00,0.007444020826369524,0.007444907445460558,0.007431573700159788,0.007432181388139725,0.007432181388139725,0
2023-05-11 09:00:00+01:00,0.0074320705607533455,0.007433286402374506,0.00741597730666399,0.007418948225677013,0.007418948225677013,0
2023-05-11 10:00:00+01:00,0.007418617606163025,0.007426110096275806,0.007416197098791599,0.007424401585012674,0.007424401585012674,0
2023-05-11 11:00:00+01:00,0.007424401585012674,0.007435496896505356,0.007423905190080404,0.007432954851537943,0.007432954851537943,0
2023-05-11 12:00:00+01:00,0.007432844489812851,0.007458233740180731,0.007429862394928932,0.007454119622707367,0.007454119622707367,0
2023-05-11 13:00:00+01:00,0.007454175502061844,0.00747719407081604,0.007427544333040714,0.007472333963960409,0.007472333963960409,0
2023-05-11 14:00:00+01:00,0.0074720545671880245,0.007474958896636963,0.007444852497428656,0.0074470145627856255,0.0074470145627856255,0
2023-05-11 15:00:00+01:00,0.007447125390172005,0.007451565004885197,0.00743256788700819,0.007439701352268457,0.007439701352268457,0
2023-05-11 16:00:00+01:00,0.007439590524882078,0.007444907445460558,0.007435386069118977,0.007437045220285654,0.007437045220285654,0
2023-05-11 17:00:00+01:00,0.007437155582010746,0.007444907445460558,0.007435607258230448,0.007439811713993549,0.007439811713993549,0
2023-05-11 18:00:00+01:00,0.007439701352268457,0.007444907445460558,0.007436990272253752,0.007437709253281355,0.007437709253281355,0
2023-05-11 19:00:00+01:00,0.007437764201313257,0.007441029883921146,0.007430137600749731,0.007434281520545483,0.007434281520545483,0
2023-05-11 20:00:00+01:00,0.007434170227497816,0.007436050102114677,0.007431021425873041,0.0074319601990282536,0.0074319601990282536,0
2023-05-11 21:00:00+01:00,0.0074320705607533455,0.007434446830302477,0.007430193480104208,0.007434446830302477,0.007434446830302477,0
2023-05-11 22:00:00+01:00,0.007434059400111437,0.007441140711307526,0.007432734128087759,0.007434391882270575,0.007434391882270575,0
2023-05-11 23:00:00+01:00,0.007435275707393885,0.00743610505014658,0.007430414203554392,0.007434336002916098,0.007434336002916098,0
2023-05-12 00:00:00+01:00,0.007433949038386345,0.0074382624588906765,0.007433065213263035,0.007435331586748362,0.007435331586748362,0
2023-05-12 01:00:00+01:00,0.007435386069118977,0.007441583089530468,0.0074320160783827305,0.007433728314936161,0.007433728314936161,0
2023-05-12 02:00:00+01:00,0.007433617487549782,0.00743610505014658,0.007429199293255806,0.007434888742864132,0.007434888742864132,0
2023-05-12 03:00:00+01:00,0.0074350545182824135,0.007436050102114677,0.007424952462315559,0.00742688262835145,0.00742688262835145,0
2023-05-12 04:00:00+01:00,0.00742688262835145,0.007433838676661253,0.007424401585012674,0.007432291749864817,0.007432291749864817,0
2023-05-12 05:00:00+01:00,0.007432734128087759,0.007433949038386345,0.0074303038418293,0.007431131787598133,0.007431131787598133,0
2023-05-12 06:00:00+01:00,0.0074310763739049435,0.007431629113852978,0.007422692608088255,0.007423905190080404,0.007423905190080404,0
2023-05-12 07:00:00+01:00,0.007424070034176111,0.007425558753311634,0.0074155922047793865,0.0074186730198562145,0.0074186730198562145,0
2023-05-12 08:00:00+01:00,0.007418892811983824,0.007420378737151623,0.007412513718008995,0.007415262516587973,0.007415262516587973,0
2023-05-12 09:00:00+01:00,0.007415097206830978,0.007424179930239916,0.007414987310767174,0.007420103996992111,0.007420103996992111,0
2023-05-12 10:00:00+01:00,0.007420214358717203,0.007425007876008749,0.007418837398290634,0.007423959672451019,0.007423959672451019,0
2023-05-12 11:00:00+01:00,0.007423959672451019,0.007427874952554703,0.0074210399761796,0.007426110096275806,0.007426110096275806,0
2023-05-12 12:00:00+01:00,0.007426165509968996,0.007426716852933168,0.0074104261584579945,0.007411470171064138,0.007411470171064138,0
2023-05-12 13:00:00+01:00,0.007411470171064138,0.007414052728563547,0.007404829375445843,0.007408779114484787,0.007408779114484787,0
2023-05-12 14:00:00+01:00,0.007408669218420982,0.007423078641295433,0.007408120669424534,0.007419222965836525,0.007419222965836525,0
2023-05-12 15:00:00+01:00,0.007419003173708916,0.007422252092510462,0.007390218786895275,0.007390327751636505,0.007390327751636505,0
2023-05-12 16:00:00+01:00,0.007390272803604603,0.007393715437501669,0.007372022140771151,0.0073731630109250546,0.0073731630109250546,0
2023-05-12 17:00:00+01:00,0.007373000029474497,0.007375175133347511,0.007366319186985493,0.0073714242316782475,0.0073714242316782475,0
2023-05-12 18:00:00+01:00,0.007371641229838133,0.007373543921858072,0.00736659113317728,0.007372348103672266,0.007372348103672266,0
2023-05-12 19:00:00+01:00,0.007372565101832151,0.0073746307753026485,0.007368057034909725,0.007369902916252613,0.007369902916252613,0
2023-05-12 20:00:00+01:00,0.007369739934802055,0.007372456602752209,0.007368653547018766,0.007369305472820997,0.007369305472820997,0
2023-05-12 21:00:00+01:00,0.0073691969737410545,0.007371369283646345,0.007366374135017395,0.0073701199144124985,0.0073701199144124985,0
2023-05-15 00:00:00+01:00,0.007365071680396795,0.007366482634097338,0.007358568720519543,0.007362523581832647,0.007362523581832647,0
2023-05-15 01:00:00+01:00,0.007362577132880688,0.00736659113317728,0.007351590320467949,0.007359921932220459,0.007359921932220459,0
2023-05-15 02:00:00+01:00,0.007359868381172419,0.007368110585957766,0.00735851377248764,0.007361602038145065,0.007361602038145065,0
2023-05-15 03:00:00+01:00,0.00736154755577445,0.007362143602222204,0.007353752385824919,0.007354455534368753,0.007354455534368753,0
2023-05-15 04:00:00+01:00,0.007354401051998138,0.007355104200541973,0.007344894111156464,0.007345919031649828,0.007345919031649828,0
2023-05-15 05:00:00+01:00,0.0073461891151964664,0.007349698804318905,0.007339987903833389,0.007348672952502966,0.007348672952502966,0
2023-05-15 06:00:00+01:00,0.00734840240329504,0.00735034653916955,0.007342629600316286,0.007342898286879063,0.007342898286879063,0
2023-05-15 07:00:00+01:00,0.007343113888055086,0.007351319771260023,0.007338749244809151,0.0073502385057508945,0.0073502385057508945,0
2023-05-15 08:00:00+01:00,0.0073502385057508945,0.007363228127360344,0.0073501309379935265,0.007355213165283203,0.007355213165283203,0
2023-05-15 09:00:00+01:00,0.007355158682912588,0.007356727961450815,0.007345541846007109,0.007347052916884422,0.007347052916884422,0
2023-05-15 10:00:00+01:00,0.007347106467932463,0.007348618470132351,0.007335411850363016,0.007343168370425701,0.007343168370425701,0
2023-05-15 11:00:00+01:00,0.007343761622905731,0.007346998900175095,0.00733573455363512,0.00734656723216176,0.00734656723216176,0
2023-05-15 12:00:00+01:00,0.007346459198743105,0.007351319771260023,0.007342898286879063,0.007345379795879126,0.007345379795879126,0
2023-05-15 13:00:00+01:00,0.007345379795879126,0.007368762977421284,0.007340149953961372,0.007358838804066181,0.007358838804066181,0
2023-05-15 14:00:00+01:00,0.0073587847873568535,0.007359109818935394,0.007343383971601725,0.007350670639425516,0.007350670639425516,0
2023-05-15 15:00:00+01:00,0.007350779604166746,0.0073519679717719555,0.007342359516769648,0.007345487829297781,0.007345487829297781,0
2023-05-15 16:00:00+01:00,0.007345325313508511,0.007352941203862429,0.007344408426433802,0.007349158171564341,0.007349158171564341,0
2023-05-15 17:00:00+01:00,0.007348888553678989,0.007353481370955706,0.00734656723216176,0.007348618470132351,0.007348618470132351,0
2023-05-15 18:00:00+01:00,0.0073485649190843105,0.0073518599383533,0.007345541846007109,0.007349158171564341,0.007349158171564341,0
2023-05-15 19:00:00+01:00,0.007348888553678989,0.007353481370955706,0.007347538135945797,0.007348780520260334,0.007348780520260334,0
2023-05-15 20:00:00+01:00,0.007348618470132351,0.007353481370955706,0.007348347920924425,0.007350022904574871,0.007350022904574871,0
2023-05-15 21:00:00+01:00,0.007349969353526831,0.007352401036769152,0.007346728350967169,0.007346945349127054,0.007346945349127054,0
2023-05-15 22:00:00+01:00,0.007347484584897757,0.0073501309379935265,0.007346459198743105,0.007348726503551006,0.007348726503551006,0
2023-05-15 23:00:00+01:00,0.007348672952502966,0.007353481370955706,0.007348618470132351,0.0073519679717719555,0.0073519679717719555,0
2023-05-16 00:00:00+01:00,0.007351698353886604,0.007357269059866667,0.007349860388785601,0.0073513733223080635,0.0073513733223080635,0
2023-05-16 01:00:00+01:00,0.007351265288889408,0.007358134724199772,0.007347430102527142,0.007356944493949413,0.007356944493949413,0
2023-05-16 02:00:00+01:00,0.007356944493949413,0.007358893286436796,0.007347646169364452,0.00734980683773756,0.00734980683773756,0
2023-05-16 03:00:00+01:00,0.00734980683773756,0.007357810158282518,0.007348347920924425,0.007355753798037767,0.007355753798037767,0
2023-05-16 04:00:00+01:00,0.007355591282248497,0.007357810158282518,0.00735050905495882,0.00735494215041399,0.00735494215041399,0
2023-05-16 05:00:00+01:00,0.007354887668043375,0.007357269059866667,0.0073532117530703545,0.007354347035288811,0.007354347035288811,0
2023-05-16 06:00:00+01:00,0.007354455534368753,0.007360517978668213,0.007351049222052097,0.007358189206570387,0.007358189206570387,0
2023-05-16 07:00:00+01:00,0.007358134724199772,0.00736377015709877,0.007351157255470753,0.007361764088273048,0.007361764088273048,0
2023-05-16 08:00:00+01:00,0.007362143602222204,0.007367568090558052,0.0073587847873568535,0.007364313118159771,0.007364313118159771,0
2023-05-16 09:00:00+01:00,0.007364258170127869,0.007368327584117651,0.007360084913671017,0.007361439056694508,0.007361439056694508,0
2023-05-16 10:00:00+01:00,0.007361331023275852,0.007370826322585344,0.007359868381172419,0.007365940138697624,0.007365940138697624,0
2023-05-16 11:00:00+01:00,0.007365614175796509,0.007367025129497051,0.007360897492617369,0.007363011594861746,0.007363011594861746,0
2023-05-16 12:00:00+01:00,0.007362903095781803,0.007365397177636623,0.00735921785235405,0.007360680960118771,0.007360680960118771,0
2023-05-16 13:00:00+01:00,0.007360843010246754,0.007371750194579363,0.0073417131789028645,0.007347538135945797,0.007347538135945797,0
2023-05-16 14:00:00+01:00,0.007347592618316412,0.0073502385057508945,0.007336057256907225,0.007338049355894327,0.007338049355894327,0
2023-05-16 15:00:00+01:00,0.007338156923651695,0.0073394495993852615,0.007325416896492243,0.007327241823077202,0.007327241823077202,0
2023-05-16 16:00:00+01:00,0.007327241823077202,0.007328691892325878,0.007316145114600658,0.007320108357816935,0.007320108357816935,0
2023-05-16 17:00:00+01:00,0.007319894153624773,0.007324397563934326,0.007317590992897749,0.007321716286242008,0.007321716286242008,0
2023-05-16 18:00:00+01:00,0.007321287412196398,0.007335680536925793,0.007320269476622343,0.00733239995315671,0.00733239995315671,0
2023-05-16 19:00:00+01:00,0.0073321848176419735,0.007338911294937134,0.007331593427807093,0.007335519418120384,0.007335519418120384,0
2023-05-16 20:00:00+01:00,0.007335572969168425,0.0073394495993852615,0.007334443274885416,0.0073354654014110565,0.0073354654014110565,0
2023-05-16 21:00:00+01:00,0.007335788570344448,0.0073394495993852615,0.007331378757953644,0.0073329913429915905,0.0073329913429915905,0
2023-05-16 22:00:00+01:00,0.007333098910748959,0.007334981579333544,0.00733030354604125,0.007333528716117144,0.007333528716117144,0
2023-05-16 23:00:00+01:00,0.007333044894039631,0.007336757145822048,0.007331217173486948,0.007332453038543463,0.007332453038543463,0
2023-05-17 00:00:00+01:00,0.007332560606300831,0.0073329913429915905,0.007327725179493427,0.007329927291721106,0.007329927291721106,0
2023-05-17 01:00:00+01:00,0.007330195978283882,0.007337295915931463,0.007327241823077202,0.007329766638576984,0.007329766638576984,0
2023-05-17 02:00:00+01:00,0.007329551037400961,0.00733374385163188,0.007327510509639978,0.007330787368118763,0.007330787368118763,0
2023-05-17 03:00:00+01:00,0.007331002037972212,0.007332453038543463,0.007324612233787775,0.0073250411078333855,0.0073250411078333855,0
2023-05-17 04:00:00+01:00,0.007324988022446632,0.00733191566541791,0.007324612233787775,0.00732826255261898,0.00732826255261898,0
2023-05-17 05:00:00+01:00,0.007328100968152285,0.007328691892325878,0.007321555633097887,0.007321877405047417,0.007321877405047417,0
2023-05-17 06:00:00+01:00,0.007322091609239578,0.007323324680328369,0.0073097278364002705,0.007310368586331606,0.007310368586331606,0
2023-05-17 07:00:00+01:00,0.007310529239475727,0.00731641286984086,0.007306203246116638,0.007309246808290482,0.007309246808290482,0
2023-05-17 08:00:00+01:00,0.007309407461434603,0.007313148584216833,0.007299536839127541,0.007299962919205427,0.007299962919205427,0
2023-05-17 09:00:00+01:00,0.0073000164702534676,0.007304068189114332,0.007294318173080683,0.007296713534742594,0.007296713534742594,0
2023-05-17 10:00:00+01:00,0.007297140080481768,0.007304602302610874,0.0072900112718343735,0.0073014553636312485,0.0073014553636312485,0
2023-05-17 11:00:00+01:00,0.0073014553636312485,0.0073083387687802315,0.007299376651644707,0.007299802731722593,0.007299802731722593,0
2023-05-17 12:00:00+01:00,0.0072999089024960995,0.007306736893951893,0.007296181283891201,0.007299003656953573,0.007299003656953573,0
2023-05-17 13:00:00+01:00,0.007299270015209913,0.007304602302610874,0.007286558393388987,0.007291818503290415,0.007291818503290415,0
2023-05-17 14:00:00+01:00,0.007291552610695362,0.007301561534404755,0.007280669640749693,0.007280988153070211,0.007280988153070211,0
2023-05-17 15:00:00+01:00,0.007281200028955936,0.007288098335266113,0.007275108247995377,0.007277490571141243,0.007277490571141243,0
2023-05-17 16:00:00+01:00,0.007277490571141243,0.007278549950569868,0.007268868386745453,0.0072719338349998,0.0072719338349998,0
2023-05-17 17:00:00+01:00,0.007272198796272278,0.007276961114257574,0.007270823698490858,0.007274579256772995,0.007274579256772995,0
2023-05-17 18:00:00+01:00,0.007274790666997433,0.007279079873114824,0.0072688148356974125,0.007271457929164171,0.007271457929164171,0
2023-05-17 19:00:00+01:00,0.0072714053094387054,0.007273255847394466,0.007265805266797543,0.007267441600561142,0.007267441600561142,0
2023-05-17 20:00:00+01:00,0.007267335895448923,0.007270083297044039,0.007264379411935806,0.007266596890985966,0.007266596890985966,0
2023-05-17 21:00:00+01:00,0.0072668083012104034,0.007268498186022043,0.007261530961841345,0.007263482548296452,0.007263482548296452,0
2023-05-17 22:00:00+01:00,0.007263535633683205,0.0072712465189397335,0.007262955419719219,0.00727003114297986,0.00727003114297986,0
2023-05-17 23:00:00+01:00,0.0072697666473686695,0.007270189002156258,0.007262427359819412,0.007268656976521015,0.007268656976521015,0
2023-05-18 00:00:00+01:00,0.007268762681633234,0.007271140813827515,0.007264063227921724,0.007267283741384745,0.007267283741384745,0
2023-05-18 01:00:00+01:00,0.007267335895448923,0.0072764321230351925,0.0072610569186508656,0.007275902200490236,0.007275902200490236,0
2023-05-18 02:00:00+01:00,0.007275902200490236,0.0072843823581933975,0.007274790666997433,0.007280457764863968,0.007280457764863968,0
2023-05-18 03:00:00+01:00,0.007280405145138502,0.007282259874045849,0.007272780407220125,0.007273626513779163,0.007273626513779163,0
2023-05-18 04:00:00+01:00,0.0072735208086669445,0.0072764321230351925,0.007265857420861721,0.007268233690410852,0.007268233690410852,0
2023-05-18 05:00:00+01:00,0.007268128450959921,0.007273785304278135,0.007266121916472912,0.007267388980835676,0.007267388980835676,0
2023-05-18 06:00:00+01:00,0.007267547305673361,0.0072764321230351925,0.007259897422045469,0.007272304501384497,0.007272304501384497,0
2023-05-18 07:00:00+01:00,0.007272304501384497,0.007280139718204737,0.00727003114297986,0.007270770613104105,0.007270770613104105,0
2023-05-18 08:00:00+01:00,0.007271140813827515,0.007272198796272278,0.007253051735460758,0.00725552486255765,0.00725552486255765,0
2023-05-18 09:00:00+01:00,0.00725505081936717,0.007260054815560579,0.0072496868669986725,0.007258579134941101,0.007258579134941101,0
2023-05-18 10:00:00+01:00,0.007258579134941101,0.007262691389769316,0.007253261748701334,0.007258106023073196,0.007258106023073196,0
2023-05-18 11:00:00+01:00,0.00725799985229969,0.007262691389769316,0.007256683427840471,0.007260002661496401,0.007260002661496401,0
2023-05-18 12:00:00+01:00,0.007259897422045469,0.007261636201292276,0.007251368835568428,0.007255840580910444,0.007255840580910444,0
2023-05-18 13:00:00+01:00,0.007255840580910444,0.007260054815560579,0.007225798908621073,0.007230710703879595,0.007230710703879595,0
2023-05-18 14:00:00+01:00,0.007230710703879595,0.00723971426486969,0.007224076893180609,0.007226060144603252,0.007226060144603252,0
2023-05-18 15:00:00+01:00,0.007226007524877787,0.007232331205159426,0.007213809993118048,0.007214070297777653,0.007214070297777653,0
2023-05-18 16:00:00+01:00,0.00721417460590601,0.007222302258014679,0.007211104966700077,0.0072203208692371845,0.0072203208692371845,0
2023-05-18 17:00:00+01:00,0.007220529019832611,0.007227522321045399,0.007216101046651602,0.007216204889118671,0.007216204889118671,0
2023-05-18 18:00:00+01:00,0.007216152269393206,0.007221259642392397,0.007210377603769302,0.007216881960630417,0.007216881960630417,0
2023-05-18 19:00:00+01:00,0.007216881960630417,0.0072176107205450535,0.0072095454670488834,0.007212093099951744,0.007212093099951744,0
2023-05-18 20:00:00+01:00,0.007212196942418814,0.007214539218693972,0.0072074150666594505,0.007210585288703442,0.007210585288703442,0
2023-05-18 21:00:00+01:00,0.007210636977106333,0.0072118849493563175,0.007208609487861395,0.007209597621113062,0.007209597621113062,0
2023-05-18 22:00:00+01:00,0.007211001124233007,0.007214018143713474,0.007208246272057295,0.007211312651634216,0.007211312651634216,0
2023-05-18 23:00:00+01:00,0.007211625576019287,0.007214590907096863,0.007210845593363047,0.007212561089545488,0.007212561089545488,0
2023-05-19 00:00:00+01:00,0.007212405558675528,0.007219539023935795,0.007210636977106333,0.0072138626128435135,0.0072138626128435135,0
2023-05-19 01:00:00+01:00,0.0072137583047151566,0.00723201734945178,0.007211729418486357,0.007225276902318001,0.007225276902318001,0
2023-05-19 02:00:00+01:00,0.007225119974464178,0.007229142356663942,0.00721521582454443,0.0072192782536149025,0.0072192782536149025,0
2023-05-19 03:00:00+01:00,0.007219069637358189,0.007227522321045399,0.007216986268758774,0.007224285509437323,0.007224285509437323,0
2023-05-19 04:00:00+01:00,0.007224337197840214,0.0072259558364748955,0.007220216561108828,0.007224076893180609,0.007224076893180609,0
2023-05-19 05:00:00+01:00,0.0072241285815835,0.007226582150906324,0.0072204251773655415,0.007222563028335571,0.007222563028335571,0
2023-05-19 06:00:00+01:00,0.00722251133993268,0.007232750300318003,0.007222093641757965,0.007231337483972311,0.007231337483972311,0
2023-05-19 07:00:00+01:00,0.007231494877487421,0.007245852146297693,0.007225381210446358,0.007235837634652853,0.007235837634652853,0
2023-05-19 08:00:00+01:00,0.007235890254378319,0.007247427478432655,0.0072347382083535194,0.007240867707878351,0.007240867707878351,0
2023-05-19 09:00:00+01:00,0.0072408150881528854,0.0072442772798240185,0.007234215270727873,0.007237094454467297,0.007237094454467297,0
2023-05-19 10:00:00+01:00,0.007237094454467297,0.007247952278703451,0.007234162651002407,0.007242702413350344,0.007242702413350344,0
2023-05-19 11:00:00+01:00,0.007242702413350344,0.0072442772798240185,0.007231390103697777,0.0072323838248848915,0.0072323838248848915,0
2023-05-19 12:00:00+01:00,0.007232331205159426,0.007233796175569296,0.007220998406410217,0.007225119974464178,0.007225119974464178,0
2023-05-19 13:00:00+01:00,0.007225119974464178,0.007236413657665253,0.007216204889118671,0.007217559032142162,0.007217559032142162,0
2023-05-19 14:00:00+01:00,0.007217402569949627,0.007220737636089325,0.0072121452540159225,0.007217923179268837,0.007217923179268837,0
2023-05-19 15:00:00+01:00,0.007217975798994303,0.007224911358207464,0.007213341537863016,0.00721969548612833,0.00721969548612833,0
2023-05-19 16:00:00+01:00,0.007219591643661261,0.007276961114257574,0.00721781887114048,0.007263219449669123,0.007263219449669123,0
2023-05-19 17:00:00+01:00,0.007263271603733301,0.007267072331160307,0.007252472918480635,0.007257578428834677,0.007257578428834677,0
2023-05-19 18:00:00+01:00,0.007257473189383745,0.007257947698235512,0.007249896880239248,0.0072569469921290874,0.0072569469921290874,0
2023-05-19 19:00:00+01:00,0.007257052231580019,0.007259001489728689,0.0072417063638567924,0.0072425976395606995,0.0072425976395606995,0
2023-05-19 20:00:00+01:00,0.007242492865771055,0.007249003276228905,0.007239190395921469,0.007248320151120424,0.007248320151120424,0
2023-05-19 21:00:00+01:00,0.0072482675313949585,0.007252578157931566,0.007246376946568489,0.00725068524479866,0.00725068524479866,0
2023-05-22 00:00:00+01:00,0.007263219449669123,0.007269079331308603,0.00725936982780695,0.007262586150318384,0.007262586150318384,0
2023-05-22 01:00:00+01:00,0.007262533530592918,0.007266913540661335,0.007254472933709621,0.007263482548296452,0.007263482548296452,0
2023-05-22 02:00:00+01:00,0.0072636413387954235,0.007273255847394466,0.007263482548296452,0.007271140813827515,0.007271140813827515,0
2023-05-22 03:00:00+01:00,0.007271140813827515,0.007271140813827515,0.007261320017278194,0.007265857420861721,0.007265857420861721,0
2023-05-22 04:00:00+01:00,0.007266016211360693,0.007267019245773554,0.00726190023124218,0.007262375205755234,0.007262375205755234,0
2023-05-22 05:00:00+01:00,0.007262375205755234,0.007265329826623201,0.00725657818838954,0.007257947698235512,0.007257947698235512,0
2023-05-22 06:00:00+01:00,0.007257578428834677,0.007259001489728689,0.007247112225741148,0.007247427478432655,0.007247427478432655,0
2023-05-22 07:00:00+01:00,0.007247374393045902,0.007256893906742334,0.007244119420647621,0.007254840340465307,0.007254840340465307,0
2023-05-22 08:00:00+01:00,0.007254682946950197,0.007258632220327854,0.00724821537733078,0.0072553143836557865,0.0072553143836557865,0
2023-05-22 09:00:00+01:00,0.007255262229591608,0.007256893906742334,0.007246534805744886,0.007255103904753923,0.007255103904753923,0
2023-05-22 10:00:00+01:00,0.007255209144204855,0.007257421035319567,0.007250422146171331,0.007252157665789127,0.007252157665789127,0
2023-05-22 11:00:00+01:00,0.007251947186887264,0.007253735791891813,0.007246534805744886,0.007247900124639273,0.007247900124639273,0
2023-05-22 12:00:00+01:00,0.007247900124639273,0.007249108515679836,0.007228201720863581,0.007233953103423119,0.007233953103423119,0
2023-05-22 13:00:00+01:00,0.007234006188809872,0.007236413657665253,0.00722047733142972,0.0072243898175656796,0.0072243898175656796,0
2023-05-22 14:00:00+01:00,0.007224441505968571,0.007227000314742327,0.007211677264422178,0.007215632125735283,0.007215632125735283,0
2023-05-22 15:00:00+01:00,0.0072153713554143906,0.007247112225741148,0.007213706150650978,0.0072151110507547855,0.0072151110507547855,0
2023-05-22 16:00:00+01:00,0.007215163204818964,0.007220946718007326,0.007211572956293821,0.007211988791823387,0.007211988791823387,0
2023-05-22 17:00:00+01:00,0.007212041411548853,0.007223972585052252,0.007210481446236372,0.00721781887114048,0.00721781887114048,0
2023-05-22 18:00:00+01:00,0.007217767182737589,0.007232750300318003,0.007216829340904951,0.00722251133993268,0.00722251133993268,0
2023-05-22 19:00:00+01:00,0.007222458720207214,0.0072259558364748955,0.007215319667011499,0.00721729826182127,0.00721729826182127,0
2023-05-22 20:00:00+01:00,0.00721729826182127,0.007222302258014679,0.007214851211756468,0.007216048426926136,0.007216048426926136,0
2023-05-22 21:00:00+01:00,0.007215996738523245,0.007218236569315195,0.007213445380330086,0.007215632125735283,0.007215632125735283,0
2023-05-22 22:00:00+01:00,0.007215632125735283,0.007219643332064152,0.007215006742626429,0.007216881960630417,0.007216881960630417,0
2023-05-22 23:00:00+01:00,0.007216829340904951,0.0072192782536149025,0.007215527817606926,0.007217090111225843,0.007217090111225843,0
2023-05-23 00:00:00+01:00,0.007218132261186838,0.007220216561108828,0.007204766850918531,0.007211937569081783,0.007211937569081783,0
2023-05-23 01:00:00+01:00,0.007211729418486357,0.0072243898175656796,0.007211365271359682,0.007218288257718086,0.007218288257718086,0
2023-05-23 02:00:00+01:00,0.007218496408313513,0.0072192782536149025,0.007202690467238426,0.0072040921077132225,0.0072040921077132225,0
2023-05-23 03:00:00+01:00,0.007204195950180292,0.007209856994450092,0.007200564257800579,0.007209805306047201,0.007209805306047201,0
2023-05-23 04:00:00+01:00,0.007209649309515953,0.007221468258649111,0.00720445578917861,0.007213966455310583,0.007213966455310583,0
2023-05-23 05:00:00+01:00,0.0072137583047151566,0.007228044327348471,0.007213549688458443,0.007224807050079107,0.007224807050079107,0
2023-05-23 06:00:00+01:00,0.007224911358207464,0.007225798908621073,0.0072137583047151566,0.007215944118797779,0.007215944118797779,0
2023-05-23 07:00:00+01:00,0.007215996738523245,0.007226060144603252,0.007210792973637581,0.007224181201308966,0.007224181201308966,0
2023-05-23 08:00:00+01:00,0.007224024273455143,0.007229612208902836,0.0072153713554143906,0.007227522321045399,0.007227522321045399,0
2023-05-23 09:00:00+01:00,0.0072275749407708645,0.007233796175569296,0.007220529019832611,0.0072291940450668335,0.0072291940450668335,0
2023-05-23 10:00:00+01:00,0.007229298818856478,0.007233063690364361,0.007222615648061037,0.007223398424685001,0.007223398424685001,0
2023-05-23 11:00:00+01:00,0.0072234501130878925,0.007223867811262608,0.0072154756635427475,0.00721969548612833,0.00721969548612833,0
2023-05-23 12:00:00+01:00,0.00721969548612833,0.007226007524877787,0.007217767182737589,0.007224807050079107,0.007224807050079107,0
2023-05-23 13:00:00+01:00,0.007224755361676216,0.0072259558364748955,0.007198957726359367,0.007201653905212879,0.007201653905212879,0
2023-05-23 14:00:00+01:00,0.007201601751148701,0.007228044327348471,0.007201497908681631,0.0072204251773655415,0.0072204251773655415,0
2023-05-23 15:00:00+01:00,0.0072203208692371845,0.007231546565890312,0.007213706150650978,0.007218444719910622,0.007218444719910622,0
2023-05-23 16:00:00+01:00,0.007218549028038979,0.0072191739454865456,0.00720637571066618,0.0072074150666594505,0.0072074150666594505,0
2023-05-23 17:00:00+01:00,0.007207674905657768,0.007214590907096863,0.0072032613679766655,0.00721313338726759,0.00721313338726759,0
2023-05-23 18:00:00+01:00,0.00721302954480052,0.007222302258014679,0.007209025789052248,0.007218392100185156,0.007218392100185156,0
2023-05-23 19:00:00+01:00,0.007217767182737589,0.0072259558364748955,0.007214226294308901,0.007220685947686434,0.007220685947686434,0
2023-05-23 20:00:00+01:00,0.007220633327960968,0.007221259642392397,0.007215267512947321,0.007215944118797779,0.007215944118797779,0
2023-05-23 21:00:00+01:00,0.007215944118797779,0.0072176107205450535,0.00721313338726759,0.007216256577521563,0.007216256577521563,0
2023-05-23 22:00:00+01:00,0.007217767182737589,0.007220112252980471,0.007215527817606926,0.007218965329229832,0.007218965329229832,0
2023-05-23 23:00:00+01:00,0.007219122257083654,0.007219747174531221,0.007215527817606926,0.007219122257083654,0.007219122257083654,0
2023-05-24 00:00:00+01:00,0.007218704558908939,0.007220841944217682,0.0072134980000555515,0.0072143301367759705,0.0072143301367759705,0
2023-05-24 01:00:00+01:00,0.007214590907096863,0.007221259642392397,0.007213082164525986,0.0072192782536149025,0.0072192782536149025,0
2023-05-24 02:00:00+01:00,0.0072192782536149025,0.007226164452731609,0.0072191739454865456,0.0072234501130878925,0.0072234501130878925,0
2023-05-24 03:00:00+01:00,0.007223398424685001,0.007227522321045399,0.007220633327960968,0.007223867811262608,0.007223867811262608,0
2023-05-24 04:00:00+01:00,0.0072235544212162495,0.007228044327348471,0.007222667336463928,0.0072243898175656796,0.0072243898175656796,0
2023-05-24 05:00:00+01:00,0.0072243898175656796,0.007226582150906324,0.007220894563943148,0.0072243898175656796,0.0072243898175656796,0
2023-05-24 06:00:00+01:00,0.007224545814096928,0.007234371732920408,0.007223241496831179,0.00723112840205431,0.00723112840205431,0
2023-05-24 07:00:00+01:00,0.007231233175843954,0.007233168464154005,0.007210117299109697,0.007210221141576767,0.007210221141576767,0
2023-05-24 08:00:00+01:00,0.007210324984043837,0.007223137188702822,0.007208505645394325,0.007212769240140915,0.007212769240140915,0
2023-05-24 09:00:00+01:00,0.007212821394205093,0.007220737636089325,0.007210481446236372,0.007216413039714098,0.007216413039714098,0
2023-05-24 10:00:00+01:00,0.007216569036245346,0.007223345804959536,0.007215892896056175,0.007218757178634405,0.007218757178634405,0
2023-05-24 11:00:00+01:00,0.007218704558908939,0.007223867811262608,0.0072157359682023525,0.007220216561108828,0.007220216561108828,0
2023-05-24 12:00:00+01:00,0.007220269180834293,0.007228723727166653,0.007216881960630417,0.007227052003145218,0.007227052003145218,0
2023-05-24 13:00:00+01:00,0.007226686459034681,0.0072277314029634,0.0072059608064591885,0.007210428826510906,0.007210428826510906,0
2023-05-24 14:00:00+01:00,0.007210377603769302,0.007214070297777653,0.0072017572820186615,0.007202846463769674,0.007202846463769674,0
2023-05-24 15:00:00+01:00,0.007202898617833853,0.007205285597592592,0.007194140926003456,0.007194762118160725,0.007194762118160725,0
2023-05-24 16:00:00+01:00,0.007194762118160725,0.0071978699415922165,0.007183082401752472,0.007187006063759327,0.007187006063759327,0
2023-05-24 17:00:00+01:00,0.007186850532889366,0.007187006063759327,0.007174373604357243,0.007178338710218668,0.007178338710218668,0
2023-05-24 18:00:00+01:00,0.007178389932960272,0.007182566449046135,0.007175917737185955,0.0071804518811404705,0.0071804518811404705,0
2023-05-24 19:00:00+01:00,0.0071804518811404705,0.0071958499029278755,0.00717560900375247,0.007187315728515387,0.007187315728515387,0
2023-05-24 20:00:00+01:00,0.007187161128968,0.007187522016465664,0.007177462801337242,0.007177462801337242,0.007177462801337242,0
2023-05-24 21:00:00+01:00,0.007177462801337242,0.007179266773164272,0.007169640623033047,0.007170618046075106,0.007170618046075106,0
2023-05-24 22:00:00+01:00,0.007171234581619501,0.007178287021815777,0.007170977536588907,0.00717602064833045,0.00717602064833045,0
2023-05-24 23:00:00+01:00,0.007175968959927559,0.007204039953649044,0.007170155178755522,0.007184269838035107,0.007184269838035107,0
2023-05-25 00:00:00+01:00,0.00718334037810564,0.007185456808656454,0.007174012716859579,0.007179162930697203,0.007179162930697203,0
2023-05-25 01:00:00+01:00,0.007179111707955599,0.007180813234299421,0.007169897668063641,0.007173910271376371,0.007173910271376371,0
2023-05-25 02:00:00+01:00,0.007173910271376371,0.00717529933899641,0.007160451263189316,0.00716352928429842,0.00716352928429842,0
2023-05-25 03:00:00+01:00,0.007163477595895529,0.007166147232055664,0.00716081028804183,0.007163939531892538,0.007163939531892538,0
2023-05-25 04:00:00+01:00,0.007164042443037033,0.007164144888520241,0.007158042397350073,0.007160451263189316,0.007160451263189316,0
2023-05-25 05:00:00+01:00,0.007160451263189316,0.007165479473769665,0.007159169763326645,0.007164760492742062,0.007164760492742062,0
2023-05-25 06:00:00+01:00,0.007164760492742062,0.007169024087488651,0.007158555090427399,0.007165839429944754,0.007165839429944754,0
2023-05-25 07:00:00+01:00,0.007165736518800259,0.007171079982072115,0.007161733694374561,0.007163118105381727,0.007163118105381727,0
2023-05-25 08:00:00+01:00,0.007163118105381727,0.007178750820457935,0.007162195164710283,0.007174218539148569,0.007174218539148569,0
2023-05-25 09:00:00+01:00,0.007174063939601183,0.0071798330172896385,0.007167945150285959,0.00716897239908576,0.00716897239908576,0
2023-05-25 10:00:00+01:00,0.00716897239908576,0.007170823402702808,0.007164144888520241,0.007166197989135981,0.007166197989135981,0
2023-05-25 11:00:00+01:00,0.007166249677538872,0.007172160781919956,0.0071636829525232315,0.007163887843489647,0.007163887843489647,0
2023-05-25 12:00:00+01:00,0.007163939531892538,0.007166044786572456,0.007161425892263651,0.007164812181144953,0.007164812181144953,0
2023-05-25 13:00:00+01:00,0.007164862938225269,0.00718483654782176,0.007155328057706356,0.0071570691652596,0.0071570691652596,0
2023-05-25 14:00:00+01:00,0.0071570174768567085,0.007172777783125639,0.007151388097554445,0.0071605537086725235,0.0071605537086725235,0
2023-05-25 15:00:00+01:00,0.007160605397075415,0.007169692311435938,0.0071527170948684216,0.00715425331145525,0.00715425331145525,0
2023-05-25 16:00:00+01:00,0.007154508493840694,0.007157580927014351,0.007148677948862314,0.007152155507355928,0.007152155507355928,0
2023-05-25 17:00:00+01:00,0.007152103818953037,0.007152615115046501,0.007144796196371317,0.007146430667489767,0.007146430667489767,0
2023-05-25 18:00:00+01:00,0.007146481424570084,0.007150518242269754,0.0071453070268034935,0.007147707510739565,0.007147707510739565,0
2023-05-25 19:00:00+01:00,0.007147655822336674,0.007148167584091425,0.007143673952668905,0.007143724709749222,0.007143724709749222,0
2023-05-25 20:00:00+01:00,0.007143571972846985,0.007144490256905556,0.0071312435902655125,0.007134449202567339,0.007134449202567339,0
2023-05-25 21:00:00+01:00,0.007134499493986368,0.007141684181988239,0.0071335830725729465,0.007140408735722303,0.007140408735722303,0
2023-05-25 22:00:00+01:00,0.00714204041287303,0.0071432143449783325,0.007139134686440229,0.007140052504837513,0.007140052504837513,0
2023-05-25 23:00:00+01:00,0.007139949593693018,0.007147963158786297,0.0071377079002559185,0.0071465326473116875,0.0071465326473116875,0
2023-05-26 00:00:00+01:00,0.007146787829697132,0.007149700541049242,0.0071390834636986256,0.00714188814163208,0.00714188814163208,0
2023-05-26 01:00:00+01:00,0.007141734939068556,0.007153587881475687,0.007137605920433998,0.007148575969040394,0.007148575969040394,0
2023-05-26 02:00:00+01:00,0.007148627657443285,0.007154508493840694,0.007145103067159653,0.007150620222091675,0.007150620222091675,0
2023-05-26 03:00:00+01:00,0.007150569465011358,0.00715471338480711,0.007148575969040394,0.007151030004024506,0.007151030004024506,0
2023-05-26 04:00:00+01:00,0.007151080761104822,0.007154560182243586,0.007150211371481419,0.007151388097554445,0.007151388097554445,0
2023-05-26 05:00:00+01:00,0.007151438854634762,0.007157991640269756,0.007151234429329634,0.007157171610742807,0.007157171610742807,0
2023-05-26 06:00:00+01:00,0.007157427724450827,0.007159631233662367,0.0071527170948684216,0.007158042397350073,0.007158042397350073,0
2023-05-26 07:00:00+01:00,0.007158298511058092,0.007163118105381727,0.007153741084039211,0.007160297594964504,0.007160297594964504,0
2023-05-26 08:00:00+01:00,0.007160245906561613,0.007168869487941265,0.0071517969481647015,0.007167020346969366,0.007167020346969366,0
2023-05-26 09:00:00+01:00,0.007167020346969366,0.007167636416852474,0.007155328057706356,0.007158605847507715,0.007158605847507715,0
2023-05-26 10:00:00+01:00,0.007158349733799696,0.0071624512784183025,0.00715312734246254,0.007160245906561613,0.007160245906561613,0
2023-05-26 11:00:00+01:00,0.0071605537086725235,0.007162348832935095,0.007155891507863998,0.007157683372497559,0.007157683372497559,0
2023-05-26 12:00:00+01:00,0.0071573760360479355,0.007158708292990923,0.007152155507355928,0.007155123166739941,0.007155123166739941,0
2023-05-26 13:00:00+01:00,0.007155276369303465,0.007162502966821194,0.007126669865101576,0.007138930726796389,0.007138930726796389,0
2023-05-26 14:00:00+01:00,0.007139032706618309,0.0071423472836613655,0.00712301442399621,0.007125552278012037,0.007125552278012037,0
2023-05-26 15:00:00+01:00,0.007124993950128555,0.007140612695366144,0.007117437664419413,0.007117943838238716,0.007117943838238716,0
2023-05-26 16:00:00+01:00,0.007117741741240025,0.007118957582861185,0.0071068149991333485,0.007115716114640236,0.007115716114640236,0
2023-05-26 17:00:00+01:00,0.007115716114640236,0.007117741741240025,0.007111717481166124,0.007112881634384394,0.007112881634384394,0
2023-05-26 18:00:00+01:00,0.007112679537385702,0.007116576656699181,0.007106108590960503,0.007108078338205814,0.007108078338205814,0
2023-05-26 19:00:00+01:00,0.007108229678124189,0.0071129826828837395,0.007107623852789402,0.007110301870852709,0.007110301870852709,0
2023-05-26 20:00:00+01:00,0.007110402919352055,0.007114399690181017,0.007107623852789402,0.007113842759281397,0.007113842759281397,0
2023-05-26 21:00:00+01:00,0.00711379200220108,0.007115462329238653,0.00711025157943368,0.0071129826828837395,0.0071129826828837395,0
2023-05-26 22:00:00+01:00,0.007112628314644098,0.007112628314644098,0.007112628314644098,0.007112628314644098,0.007112628314644098,0
2023-05-29 00:00:00+01:00,0.0071042911149561405,0.007105754688382149,0.0070977360010147095,0.007098239380866289,0.007098239380866289,0
2023-05-29 01:00:00+01:00,0.007098088506609201,0.007107320707291365,0.007096375338733196,0.007104846648871899,0.007104846648871899,0
2023-05-29 02:00:00+01:00,0.007104795891791582,0.00711865397170186,0.007103584241122007,0.007115361280739307,0.007115361280739307,0
2023-05-29 03:00:00+01:00,0.007115361280739307,0.007123521529138088,0.00711379200220108,0.007116727996617556,0.007116727996617556,0
2023-05-29 04:00:00+01:00,0.007116981782019138,0.0071174888871610165,0.007110352627933025,0.007112830877304077,0.007112830877304077,0
2023-05-29 05:00:00+01:00,0.007112881634384394,0.00712301442399621,0.007110352627933025,0.0071221012622118,0.0071221012622118,0
2023-05-29 06:00:00+01:00,0.007122202310711145,0.007126567419618368,0.007121036294847727,0.00712590804323554,0.00712590804323554,0
2023-05-29 07:00:00+01:00,0.007125805597752333,0.007131142076104879,0.007124790921807289,0.00712590804323554,0.00712590804323554,0
2023-05-29 08:00:00+01:00,0.00712590804323554,0.007126567419618368,0.007117285393178463,0.00711936317384243,0.00711936317384243,0
2023-05-29 09:00:00+01:00,0.007119312882423401,0.007127583492547274,0.007115664891898632,0.007126771379262209,0.007126771379262209,0
2023-05-29 10:00:00+01:00,0.007126720156520605,0.007133685518056154,0.007123115938156843,0.007130073383450508,0.007130073383450508,0
2023-05-29 11:00:00+01:00,0.007129971869289875,0.00713327806442976,0.007127177435904741,0.007128600031137466,0.007128600031137466,0
2023-05-29 12:00:00+01:00,0.007128600031137466,0.007134194485843182,0.00712778652086854,0.007128091994673014,0.007128091994673014,0
2023-05-29 13:00:00+01:00,0.007128295488655567,0.007134499493986368,0.007127685006707907,0.007132362574338913,0.007132362574338913,0
2023-05-29 14:00:00+01:00,0.007132514845579863,0.007137351203709841,0.007130837067961693,0.0071312435902655125,0.0071312435902655125,0
2023-05-29 15:00:00+01:00,0.0071312435902655125,0.0071326675824820995,0.007127533201128244,0.007128600031137466,0.007128600031137466,0
2023-05-29 16:00:00+01:00,0.007128803059458733,0.007130124606192112,0.007124029565602541,0.007128193508833647,0.007128193508833647,0
2023-05-29 17:00:00+01:00,0.007128193508833647,0.007128600031137466,0.007124638184905052,0.007125400006771088,0.007125400006771088,0
2023-05-29 18:00:00+01:00,0.007125552278012037,0.007127583492547274,0.007123623043298721,0.007123724557459354,0.007123724557459354,0
2023-05-29 19:00:00+01:00,0.007123928051441908,0.0071250442415475845,0.007122760638594627,0.0071228621527552605,0.0071228621527552605,0
2023-05-29 20:00:00+01:00,0.007122912909835577,0.007124131079763174,0.00712017435580492,0.007120478432625532,0.007120478432625532,0
2023-05-29 21:00:00+01:00,0.00712032662704587,0.007122405804693699,0.007119312882423401,0.007121542934328318,0.007121542934328318,0
2023-05-29 22:00:00+01:00,0.007121949456632137,0.007126923184841871,0.007119261659681797,0.007124181371182203,0.007124181371182203,0
2023-05-29 23:00:00+01:00,0.007124131079763174,0.0071257040835917,0.007117134053260088,0.00711865397170186,0.00711865397170186,0
2023-05-30 00:00:00+01:00,0.007117082830518484,0.0071212900802493095,0.007116981782019138,0.007119059097021818,0.007119059097021818,0
2023-05-30 01:00:00+01:00,0.007118907291442156,0.007133329287171364,0.007115817163139582,0.007131803315132856,0.007131803315132856,0
2023-05-30 02:00:00+01:00,0.007131803315132856,0.007145001087337732,0.007131650112569332,0.007140154484659433,0.007140154484659433,0
2023-05-30 03:00:00+01:00,0.007140154484659433,0.007144387811422348,0.007137554697692394,0.007141021080315113,0.007141021080315113,0
2023-05-30 04:00:00+01:00,0.007140867877751589,0.007141836453229189,0.007129362318664789,0.0071305823512375355,0.0071305823512375355,0
2023-05-30 05:00:00+01:00,0.007130633108317852,0.007130633108317852,0.00712448637932539,0.007126517128199339,0.007126517128199339,0
2023-05-30 06:00:00+01:00,0.007126517128199339,0.007127583492547274,0.007107926532626152,0.007108583580702543,0.007108583580702543,0
2023-05-30 07:00:00+01:00,0.007108684629201889,0.0071257040835917,0.007095620036125183,0.007123521529138088,0.007123521529138088,0
2023-05-30 08:00:00+01:00,0.007123369723558426,0.00713724922388792,0.007120478432625532,0.007129768840968609,0.007129768840968609,0
2023-05-30 09:00:00+01:00,0.007129870355129242,0.0071363323368132114,0.0071243843995034695,0.007134499493986368,0.007134499493986368,0
2023-05-30 10:00:00+01:00,0.007134499493986368,0.007136230356991291,0.007109948433935642,0.007132158614695072,0.007132158614695072,0
2023-05-30 11:00:00+01:00,0.007132362574338913,0.007141836453229189,0.007127583492547274,0.007136230356991291,0.007136230356991291,0
2023-05-30 12:00:00+01:00,0.007136485073715448,0.0071607595309615135,0.00713567016646266,0.007160245906561613,0.007160245906561613,0
2023-05-30 13:00:00+01:00,0.007160451263189316,0.007164504379034042,0.00715026305988431,0.0071517969481647015,0.0071517969481647015,0
2023-05-30 14:00:00+01:00,0.007151847705245018,0.007158196065574884,0.00714525580406189,0.007146073039621115,0.007146073039621115,0
2023-05-30 15:00:00+01:00,0.007146225776523352,0.007164966315031052,0.00713724922388792,0.007153945509344339,0.007153945509344339,0
2023-05-30 16:00:00+01:00,0.007153945509344339,0.007159272208809853,0.007148627657443285,0.00715128518640995,0.00715128518640995,0
2023-05-30 17:00:00+01:00,0.007151540834456682,0.007156761828809977,0.0071465326473116875,0.007146941032260656,0.007146941032260656,0
2023-05-30 18:00:00+01:00,0.007147093769162893,0.007157683372497559,0.007145561743527651,0.0071557373739778996,0.0071557373739778996,0
2023-05-30 19:00:00+01:00,0.007155583705753088,0.007156710140407085,0.007148729637265205,0.007150415796786547,0.007150415796786547,0
2023-05-30 20:00:00+01:00,0.00715036503970623,0.007157171610742807,0.007149853277951479,0.007155430503189564,0.007155430503189564,0
2023-05-30 21:00:00+01:00,0.007155378814786673,0.007155634928494692,0.007151388097554445,0.007154201623052359,0.007154201623052359,0
2023-05-30 22:00:00+01:00,0.007155071943998337,0.007157222833484411,0.007151540834456682,0.007154457736760378,0.007154457736760378,0
2023-05-30 23:00:00+01:00,0.007154304068535566,0.007157632615417242,0.007150876335799694,0.007154917810112238,0.007154917810112238,0
2023-05-31 00:00:00+01:00,0.00715502118691802,0.007157683372497559,0.0071511827409267426,0.007153382524847984,0.007153382524847984,0
2023-05-31 01:00:00+01:00,0.007153382524847984,0.007162810768932104,0.007146941032260656,0.007159681990742683,0.007159681990742683,0
2023-05-31 02:00:00+01:00,0.007159784436225891,0.007162810768932104,0.007148013915866613,0.007151950150728226,0.007151950150728226,0
2023-05-31 03:00:00+01:00,0.007152103818953037,0.007155123166739941,0.007149138022214174,0.007154457736760378,0.007154457736760378,0
2023-05-31 04:00:00+01:00,0.007154610939323902,0.007156146690249443,0.007149291690438986,0.007153843063861132,0.007153843063861132,0
2023-05-31 05:00:00+01:00,0.0071539971977472305,0.007154201623052359,0.007150109391659498,0.007153178099542856,0.007153178099542856,0
2023-05-31 06:00:00+01:00,0.0071530756540596485,0.007176999002695084,0.007152564357966185,0.007173086516559124,0.007173086516559124,0
2023-05-31 07:00:00+01:00,0.007173291873186827,0.007178287021815777,0.007165171671658754,0.007169435266405344,0.007169435266405344,0
2023-05-31 08:00:00+01:00,0.007169332355260849,0.007170514669269323,0.007154764607548714,0.007155942264944315,0.007155942264944315,0
2023-05-31 09:00:00+01:00,0.0071560959331691265,0.007160861976444721,0.007144592236727476,0.007145511452108622,0.007145511452108622,0
2023-05-31 10:00:00+01:00,0.00714535778388381,0.007152564357966185,0.0071432143449783325,0.007148575969040394,0.007148575969040394,0
2023-05-31 11:00:00+01:00,0.007148575969040394,0.007154099177569151,0.007139797322452068,0.007143673952668905,0.007143673952668905,0
2023-05-31 12:00:00+01:00,0.007143673952668905,0.007158708292990923,0.00714188814163208,0.007158349733799696,0.007158349733799696,0
2023-05-31 13:00:00+01:00,0.007158349733799696,0.00716845877468586,0.007151847705245018,0.00715312734246254,0.00715312734246254,0
2023-05-31 14:00:00+01:00,0.007153178099542856,0.00716589018702507,0.007147093769162893,0.0071615795604884624,0.0071615795604884624,0
2023-05-31 15:00:00+01:00,0.007161631248891354,0.007165325339883566,0.007122710347175598,0.007156915031373501,0.007156915031373501,0
2023-05-31 16:00:00+01:00,0.007157273590564728,0.00716332346200943,0.007150058634579182,0.007155123166739941,0.007155123166739941,0
2023-05-31 17:00:00+01:00,0.007154508493840694,0.007157683372497559,0.007146073039621115,0.0071570691652596,0.0071570691652596,0
2023-05-31 18:00:00+01:00,0.007156915031373501,0.007176690269261599,0.00715425331145525,0.007173086516559124,0.007173086516559124,0
2023-05-31 19:00:00+01:00,0.007173086516559124,0.007183391600847244,0.007172417361289263,0.007179060019552708,0.007179060019552708,0
2023-05-31 20:00:00+01:00,0.007179008796811104,0.007181844208389521,0.007173652295023203,0.007176535669714212,0.007176535669714212,0
2023-05-31 21:00:00+01:00,0.0071763815358281136,0.007180296815931797,0.007174476515501738,0.007177051156759262,0.007177051156759262,0
2023-05-31 22:00:00+01:00,0.007178750820457935,0.007182257249951363,0.007176123559474945,0.0071788025088608265,0.0071788025088608265,0
2023-05-31 23:00:00+01:00,0.007178029511123896,0.007187006063759327,0.007175660226494074,0.007184579037129879,0.007184579037129879,0
2023-06-01 00:00:00+01:00,0.007184372749179602,0.007196522783488035,0.007183546666055918,0.007187315728515387,0.007187315728515387,0
2023-06-01 01:00:00+01:00,0.007187264505773783,0.0071903131902217865,0.007176690269261599,0.007184372749179602,0.007184372749179602,0
2023-06-01 02:00:00+01:00,0.007184372749179602,0.0071883490309119225,0.007169795222580433,0.007174733094871044,0.007174733094871044,0
2023-06-01 03:00:00+01:00,0.00717468187212944,0.007176690269261599,0.007166197989135981,0.007171132136136293,0.007171132136136293,0
2023-06-01 04:00:00+01:00,0.007171079982072115,0.007173601537942886,0.007165736518800259,0.007168561685830355,0.007168561685830355,0
2023-06-01 05:00:00+01:00,0.007168510463088751,0.007173601537942886,0.007167122792452574,0.007172983605414629,0.007172983605414629,0
2023-06-01 06:00:00+01:00,0.007172880694270134,0.007173086516559124,0.0071573760360479355,0.007157683372497559,0.007157683372497559,0
2023-06-01 07:00:00+01:00,0.00715773506090045,0.007162810768932104,0.007154457736760378,0.007157889194786549,0.007157889194786549,0
2023-06-01 08:00:00+01:00,0.007157786749303341,0.007161271758377552,0.0071454597637057304,0.007147247437387705,0.007147247437387705,0
2023-06-01 09:00:00+01:00,0.007147247437387705,0.007155123166739941,0.007145613431930542,0.00715312734246254,0.00715312734246254,0
2023-06-01 10:00:00+01:00,0.00715312734246254,0.007157171610742807,0.007148575969040394,0.007155123166739941,0.007155123166739941,0
2023-06-01 11:00:00+01:00,0.00715502118691802,0.007166917435824871,0.007153280079364777,0.007166506722569466,0.007166506722569466,0
2023-06-01 12:00:00+01:00,0.007166660390794277,0.007177205290645361,0.00716558238491416,0.007174630183726549,0.007174630183726549,0
2023-06-01 13:00:00+01:00,0.007174218539148569,0.00718958955258131,0.007148627657443285,0.007188297342509031,0.007188297342509031,0
2023-06-01 14:00:00+01:00,0.007188142742961645,0.007204039953649044,0.007185094989836216,0.007200201973319054,0.007200201973319054,0
2023-06-01 15:00:00+01:00,0.007201030850410461,0.007223867811262608,0.007190830539911985,0.007197610568255186,0.007197610568255186,0
2023-06-01 16:00:00+01:00,0.007197454571723938,0.007211365271359682,0.007195538375526667,0.007207467220723629,0.007207467220723629,0
2023-06-01 17:00:00+01:00,0.00720751890912652,0.007210324984043837,0.007202172186225653,0.007205337751656771,0.007205337751656771,0
2023-06-01 18:00:00+01:00,0.007205337751656771,0.007208246272057295,0.007202690467238426,0.007203469052910805,0.007203469052910805,0
2023-06-01 19:00:00+01:00,0.007203625049442053,0.007210324984043837,0.007201134692877531,0.007202224340289831,0.007202224340289831,0
2023-06-01 20:00:00+01:00,0.007202224340289831,0.007207050919532776,0.0072011868469417095,0.007204818539321423,0.007204818539321423,0
2023-06-01 21:00:00+01:00,0.007204714696854353,0.0072065843269228935,0.007203157525509596,0.00720544159412384,0.00720544159412384,0
2023-06-01 22:00:00+01:00,0.007206428330391645,0.007207050919532776,0.007202535402029753,0.007203832268714905,0.007203832268714905,0
2023-06-01 23:00:00+01:00,0.007203728426247835,0.0072097014635801315,0.007203313522040844,0.007207311224192381,0.007207311224192381,0
2023-06-02 00:00:00+01:00,0.007207467220723629,0.007208558265119791,0.007202690467238426,0.007207571063190699,0.007207571063190699,0
2023-06-02 01:00:00+01:00,0.007207830436527729,0.007211988791823387,0.007195538375526667,0.007196677848696709,0.007196677848696709,0
2023-06-02 02:00:00+01:00,0.007196781225502491,0.007203572429716587,0.007191502954810858,0.007201030850410461,0.007201030850410461,0
2023-06-02 03:00:00+01:00,0.007201083470135927,0.007207934744656086,0.0072004604153335094,0.007207571063190699,0.007207571063190699,0
2023-06-02 04:00:00+01:00,0.007207778748124838,0.007215006742626429,0.007206792011857033,0.007207934744656086,0.007207934744656086,0
2023-06-02 05:00:00+01:00,0.007207778748124838,0.0072083501145243645,0.007197817787528038,0.007198905572295189,0.007198905572295189,0
2023-06-02 06:00:00+01:00,0.007198750507086515,0.007201497908681631,0.007193054538220167,0.007200149819254875,0.007200149819254875,0
2023-06-02 07:00:00+01:00,0.007200201973319054,0.00720564927905798,0.007197040598839521,0.0072017572820186615,0.0072017572820186615,0
2023-06-02 08:00:00+01:00,0.0072017572820186615,0.007203572429716587,0.007192692253738642,0.007194089237600565,0.007194089237600565,0
2023-06-02 09:00:00+01:00,0.0071939341723918915,0.00720564927905798,0.007188814226537943,0.007203365210443735,0.007203365210443735,0
2023-06-02 10:00:00+01:00,0.007203313522040844,0.00720876595005393,0.007197610568255186,0.00720637571066618,0.00720637571066618,0
2023-06-02 11:00:00+01:00,0.007206479553133249,0.007208246272057295,0.00719942431896925,0.007200098130851984,0.007200098130851984,0
2023-06-02 12:00:00+01:00,0.007199993822723627,0.007202016189694405,0.007195073179900646,0.007197817787528038,0.007197817787528038,0
2023-06-02 13:00:00+01:00,0.007197817787528038,0.0072083501145243645,0.0071706692688167095,0.007181534543633461,0.007181534543633461,0
2023-06-02 14:00:00+01:00,0.007181380409747362,0.007196004502475262,0.007168869487941265,0.00717303529381752,0.00717303529381752,0
2023-06-02 15:00:00+01:00,0.00717303529381752,0.007180813234299421,0.007158759981393814,0.007160605397075415,0.007160605397075415,0
2023-06-02 16:00:00+01:00,0.0071607595309615135,0.0071643502451479435,0.007152257487177849,0.007155276369303465,0.007155276369303465,0
2023-06-02 17:00:00+01:00,0.007155225612223148,0.007156146690249443,0.007147655822336674,0.007148422300815582,0.007148422300815582,0
2023-06-02 18:00:00+01:00,0.007148320320993662,0.0071500069461762905,0.007143163122236729,0.0071433670818805695,0.0071433670818805695,0
2023-06-02 19:00:00+01:00,0.007143316324800253,0.0071484739892184734,0.007139286957681179,0.007146787829697132,0.007146787829697132,0
2023-06-02 20:00:00+01:00,0.007146839052438736,0.007147963158786297,0.007143520284444094,0.007144132629036903,0.007144132629036903,0
2023-06-02 21:00:00+01:00,0.007144081871956587,0.007148065138608217,0.007143571972846985,0.007146583404392004,0.007146583404392004,0
2023-06-05 00:00:00+01:00,0.007139695342630148,0.007139695342630148,0.0071303281001746655,0.0071320063434541225,0.0071320063434541225,0
2023-06-05 01:00:00+01:00,0.007132057100534439,0.007138777524232864,0.007129362318664789,0.007137402426451445,0.007137402426451445,0
2023-06-05 02:00:00+01:00,0.007137402426451445,0.007141836453229189,0.007134041283279657,0.0071360268630087376,0.0071360268630087376,0
2023-06-05 03:00:00+01:00,0.007136230356991291,0.0071384720504283905,0.007130684331059456,0.007137147244066,0.007137147244066,0
2023-06-05 04:00:00+01:00,0.00713724922388792,0.00714346906170249,0.007136740256100893,0.007140919100493193,0.007140919100493193,0
2023-06-05 05:00:00+01:00,0.007140919100493193,0.007141225039958954,0.007135466672480106,0.007138574030250311,0.007138574030250311,0
2023-06-05 06:00:00+01:00,0.007138777524232864,0.007143673952668905,0.007136180065572262,0.007139134686440229,0.007139134686440229,0
2023-06-05 07:00:00+01:00,0.007139134686440229,0.007140306755900383,0.007124739699065685,0.007125552278012037,0.007125552278012037,0
2023-06-05 08:00:00+01:00,0.007125552278012037,0.007126567419618368,0.007120123133063316,0.00712205097079277,0.00712205097079277,0
2023-06-05 09:00:00+01:00,0.0071221012622118,0.007133685518056154,0.007119819521903992,0.007129515055567026,0.007129515055567026,0
2023-06-05 10:00:00+01:00,0.007129565346986055,0.0071326675824820995,0.007124892435967922,0.007129362318664789,0.007129362318664789,0
2023-06-05 11:00:00+01:00,0.0071294126100838184,0.007131650112569332,0.007123064715415239,0.007128752768039703,0.007128752768039703,0
2023-06-05 12:00:00+01:00,0.007128904573619366,0.007132158614695072,0.007123572751879692,0.007129463832825422,0.007129463832825422,0
2023-06-05 13:00:00+01:00,0.007129311095923185,0.00713724922388792,0.007127583492547274,0.007134550716727972,0.007134550716727972,0
2023-06-05 14:00:00+01:00,0.007134397979825735,0.007146021816879511,0.00713226106017828,0.007143928669393063,0.007143928669393063,0
2023-06-05 15:00:00+01:00,0.00714346906170249,0.007181844208389521,0.007142398040741682,0.007160143461078405,0.007160143461078405,0
2023-06-05 16:00:00+01:00,0.007160143461078405,0.0071643502451479435,0.007154201623052359,0.007161066867411137,0.007161066867411137,0
2023-06-05 17:00:00+01:00,0.007161117624491453,0.007169486954808235,0.007155430503189564,0.007157786749303341,0.007157786749303341,0
2023-06-05 18:00:00+01:00,0.007157786749303341,0.007159221451729536,0.0071523599326610565,0.00715548126026988,0.00715548126026988,0
2023-06-05 19:00:00+01:00,0.007155634928494692,0.007166917435824871,0.007154764607548714,0.007162143941968679,0.007162143941968679,0
2023-06-05 20:00:00+01:00,0.007162143941968679,0.007170000579208136,0.007161220069974661,0.007165941875427961,0.007165941875427961,0
2023-06-05 21:00:00+01:00,0.00716589018702507,0.007167688105255365,0.007163067348301411,0.007164709735661745,0.007164709735661745,0
2023-06-05 22:00:00+01:00,0.007164658047258854,0.007170155178755522,0.007162708323448896,0.007166609633713961,0.007166609633713961,0
2023-06-05 23:00:00+01:00,0.0071664550341665745,0.007171337492763996,0.007163477595895529,0.007171337492763996,0.007171337492763996,0
2023-06-06 00:00:00+01:00,0.00717118289321661,0.0071777720004320145,0.007169537711888552,0.007172880694270134,0.007172880694270134,0
2023-06-06 01:00:00+01:00,0.00717282947152853,0.007174836006015539,0.00716460682451725,0.0071650175377726555,0.0071650175377726555,0
2023-06-06 02:00:00+01:00,0.007165222894400358,0.007167174480855465,0.007160451263189316,0.007164196576923132,0.007164196576923132,0
2023-06-06 03:00:00+01:00,0.0071642473340034485,0.00716845877468586,0.007163734640926123,0.007166609633713961,0.007166609633713961,0
2023-06-06 04:00:00+01:00,0.0071664550341665745,0.007170771714299917,0.0071657877415418625,0.007166197989135981,0.007166197989135981,0
2023-06-06 05:00:00+01:00,0.007166044786572456,0.00717221200466156,0.007161528337746859,0.007170874625444412,0.007170874625444412,0
2023-06-06 06:00:00+01:00,0.007171132136136293,0.007176999002695084,0.0071674310602247715,0.007169075310230255,0.007169075310230255,0
2023-06-06 07:00:00+01:00,0.007169024087488651,0.007180296815931797,0.00716845877468586,0.007177565712481737,0.007177565712481737,0
2023-06-06 08:00:00+01:00,0.007177565712481737,0.00718958955258131,0.007174063939601183,0.0071784937754273415,0.0071784937754273415,0
2023-06-06 09:00:00+01:00,0.007178750820457935,0.007188555784523487,0.007177462801337242,0.007183391600847244,0.007183391600847244,0
2023-06-06 10:00:00+01:00,0.007183391600847244,0.007187006063759327,0.007174424361437559,0.007176793180406094,0.007176793180406094,0
2023-06-06 11:00:00+01:00,0.007176896091550589,0.007181844208389521,0.007170411758124828,0.007171492092311382,0.007171492092311382,0
2023-06-06 12:00:00+01:00,0.007171595003455877,0.007173086516559124,0.007162298075854778,0.00716383708640933,0.00716383708640933,0
2023-06-06 13:00:00+01:00,0.0071636829525232315,0.007166968658566475,0.007148115895688534,0.007154457736760378,0.007154457736760378,0
2023-06-06 14:00:00+01:00,0.0071543557569384575,0.007162298075854778,0.00714525580406189,0.007146787829697132,0.007146787829697132,0
2023-06-06 15:00:00+01:00,0.0071468898095190525,0.007156659383326769,0.0071432143449783325,0.007155634928494692,0.007155634928494692,0
2023-06-06 16:00:00+01:00,0.007155583705753088,0.007163425907492638,0.007150927558541298,0.007159733679145575,0.007159733679145575,0
2023-06-06 17:00:00+01:00,0.00715993857011199,0.007164862938225269,0.0071570174768567085,0.007160245906561613,0.007160245906561613,0
2023-06-06 18:00:00+01:00,0.0071601951494812965,0.007161271758377552,0.007155276369303465,0.007157478481531143,0.007157478481531143,0
2023-06-06 19:00:00+01:00,0.007157632615417242,0.007162298075854778,0.0071573760360479355,0.007160400040447712,0.007160400040447712,0
2023-06-06 20:00:00+01:00,0.007160451263189316,0.007162298075854778,0.0071584009565413,0.007159169763326645,0.007159169763326645,0
2023-06-06 21:00:00+01:00,0.007159067317843437,0.007163477595895529,0.007158708292990923,0.007161784451454878,0.007161784451454878,0
2023-06-06 22:00:00+01:00,0.007162246387451887,0.007165069226175547,0.0071581448428332806,0.007162092719227076,0.007162092719227076,0
2023-06-06 23:00:00+01:00,0.007161784451454878,0.007165941875427961,0.007161271758377552,0.007163785398006439,0.007163785398006439,0
2023-06-07 00:00:00+01:00,0.007163939531892538,0.007167533505707979,0.007162041030824184,0.007167225703597069,0.007167225703597069,0
2023-06-07 01:00:00+01:00,0.007167225703597069,0.007175145670771599,0.007165222894400358,0.007174784783273935,0.007174784783273935,0
2023-06-07 02:00:00+01:00,0.007174939848482609,0.007184940855950117,0.007174424361437559,0.007177256979048252,0.007177256979048252,0
2023-06-07 03:00:00+01:00,0.007177359890192747,0.007184940855950117,0.007175402250140905,0.007184527348726988,0.007184527348726988,0
2023-06-07 04:00:00+01:00,0.007184372749179602,0.007185610942542553,0.0071779778227210045,0.0071785966865718365,0.0071785966865718365,0
2023-06-07 05:00:00+01:00,0.0071784937754273415,0.007186593022197485,0.0071780807338654995,0.007181431632488966,0.007181431632488966,0
2023-06-07 06:00:00+01:00,0.0071811736561357975,0.007185972761362791,0.007176587358117104,0.007185301743447781,0.007185301743447781,0
2023-06-07 07:00:00+01:00,0.007185404654592276,0.007188039366155863,0.007176690269261599,0.0071816896088421345,0.0071816896088421345,0
2023-06-07 08:00:00+01:00,0.0071814837865531445,0.007184114307165146,0.007169795222580433,0.007171646226197481,0.007171646226197481,0
2023-06-07 09:00:00+01:00,0.007171646226197481,0.007176690269261599,0.007168664131313562,0.007175557315349579,0.007175557315349579,0
2023-06-07 10:00:00+01:00,0.0071755051612854,0.007181844208389521,0.007173394784331322,0.007180090993642807,0.007180090993642807,0
2023-06-07 11:00:00+01:00,0.007180193904787302,0.007182360161095858,0.007173189427703619,0.007174836006015539,0.007174836006015539,0
2023-06-07 12:00:00+01:00,0.007175145670771599,0.007182360161095858,0.007174012716859579,0.007175196427851915,0.007175196427851915,0
2023-06-07 13:00:00+01:00,0.007175196427851915,0.007176174782216549,0.0071618868969380856,0.0071656848303973675,0.0071656848303973675,0
2023-06-07 14:00:00+01:00,0.007165839429944754,0.007193209603428841,0.007163272704929113,0.007191813085228205,0.007191813085228205,0
2023-06-07 15:00:00+01:00,0.007191813085228205,0.007192692253738642,0.007156505715101957,0.007156966719776392,0.007156966719776392,0
2023-06-07 16:00:00+01:00,0.007156966719776392,0.007158196065574884,0.007140358444303274,0.0071439798921346664,0.0071439798921346664,0
2023-06-07 17:00:00+01:00,0.007144030649214983,0.007145919371396303,0.007132514845579863,0.00713317608460784,0.00713317608460784,0
2023-06-07 18:00:00+01:00,0.007133329287171364,0.007139797322452068,0.007131040096282959,0.007137656677514315,0.007137656677514315,0
2023-06-07 19:00:00+01:00,0.007137911394238472,0.007139797322452068,0.007133379578590393,0.007136638276278973,0.007136638276278973,0
2023-06-07 20:00:00+01:00,0.007136638276278973,0.007140817120671272,0.007130480837076902,0.007130734622478485,0.007130734622478485,0
2023-06-07 21:00:00+01:00,0.007131142076104879,0.007138879504054785,0.007130277808755636,0.007137300446629524,0.007137300446629524,0
2023-06-07 22:00:00+01:00,0.007138727232813835,0.007144081871956587,0.007135619875043631,0.007136230356991291,0.007136230356991291,0
2023-06-07 23:00:00+01:00,0.007137860171496868,0.007143877912312746,0.007131395861506462,0.007142398040741682,0.007142398040741682,0
2023-06-08 00:00:00+01:00,0.0071423472836613655,0.0071500069461762905,0.007139542140066624,0.007147299125790596,0.007147299125790596,0
2023-06-08 01:00:00+01:00,0.007147401105612516,0.007151030004024506,0.007141582202166319,0.007146481424570084,0.007146481424570084,0
2023-06-08 02:00:00+01:00,0.007146583404392004,0.007148115895688534,0.007138166576623917,0.007147349417209625,0.007147349417209625,0
2023-06-08 03:00:00+01:00,0.0071471454575657845,0.007150518242269754,0.007144337520003319,0.007149802520871162,0.007149802520871162,0
2023-06-08 04:00:00+01:00,0.007149496115744114,0.007154099177569151,0.0071478611789643764,0.007152922451496124,0.007152922451496124,0
2023-06-08 05:00:00+01:00,0.00715287122875452,0.007158196065574884,0.007151847705245018,0.007156710140407085,0.007156710140407085,0
2023-06-08 06:00:00+01:00,0.007156710140407085,0.007160245906561613,0.007150927558541298,0.00715164327993989,0.00715164327993989,0
2023-06-08 07:00:00+01:00,0.007151592522859573,0.007153792306780815,0.00714525580406189,0.007149700541049242,0.007149700541049242,0
2023-06-08 08:00:00+01:00,0.007149598561227322,0.007157273590564728,0.007144796196371317,0.0071570691652596,0.0071570691652596,0
2023-06-08 09:00:00+01:00,0.0071570691652596,0.007162298075854778,0.007153024896979332,0.007156659383326769,0.007156659383326769,0
2023-06-08 10:00:00+01:00,0.007156761828809977,0.007157683372497559,0.007151490543037653,0.00715287122875452,0.00715287122875452,0
2023-06-08 11:00:00+01:00,0.007152973208576441,0.0071585034020245075,0.007152461912482977,0.007153638638556004,0.007153638638556004,0
2023-06-08 12:00:00+01:00,0.007153690326958895,0.007161322515457869,0.00715072313323617,0.007158862426877022,0.007158862426877022,0
2023-06-08 13:00:00+01:00,0.007158862426877022,0.007183082401752472,0.007155583705753088,0.00717282947152853,0.00717282947152853,0
2023-06-08 14:00:00+01:00,0.007172726094722748,0.0071977656334638596,0.007169743534177542,0.007193985395133495,0.007193985395133495,0
2023-06-08 15:00:00+01:00,0.007193985395133495,0.007200564257800579,0.0071851471439003944,0.007195227779448032,0.007195227779448032,0
2023-06-08 16:00:00+01:00,0.007195434998720884,0.007204610854387283,0.007190778385847807,0.007202587090432644,0.007202587090432644,0
2023-06-08 17:00:00+01:00,0.007202587090432644,0.0072030541487038136,0.007194917649030685,0.007198750507086515,0.007198750507086515,0
2023-06-08 18:00:00+01:00,0.007198854349553585,0.007199942599982023,0.007195331621915102,0.007197507191449404,0.007197507191449404,0
2023-06-08 19:00:00+01:00,0.007197507191449404,0.007198387756943703,0.007194658275693655,0.007197558414191008,0.007197558414191008,0
2023-06-08 20:00:00+01:00,0.007197507191449404,0.007198905572295189,0.007194037549197674,0.007198542822152376,0.007198542822152376,0
2023-06-08 21:00:00+01:00,0.007198647130280733,0.007200667634606361,0.007197973318397999,0.0071984389796853065,0.0071984389796853065,0
2023-06-08 22:00:00+01:00,0.007199372164905071,0.007203365210443735,0.007198491133749485,0.007200098130851984,0.007200098130851984,0
2023-06-08 23:00:00+01:00,0.0072000459767878056,0.0072006164118647575,0.007197351194918156,0.007200409192591906,0.007200409192591906,0
2023-06-09 00:00:00+01:00,0.007201030850410461,0.007206947077065706,0.0072002531960606575,0.0072004604153335094,0.0072004604153335094,0
2023-06-09 01:00:00+01:00,0.0072004604153335094,0.007201497908681631,0.0071901585906744,0.007192692253738642,0.007192692253738642,0
2023-06-09 02:00:00+01:00,0.007192899007350206,0.007194348145276308,0.00718096736818552,0.007182927802205086,0.007182927802205086,0
2023-06-09 03:00:00+01:00,0.007182824891060591,0.007183959241956472,0.007178956642746925,0.007179214619100094,0.007179214619100094,0
2023-06-09 04:00:00+01:00,0.007179008796811104,0.007183134090155363,0.0071788025088608265,0.007180296815931797,0.007180296815931797,0
2023-06-09 05:00:00+01:00,0.0071804518811404705,0.00718297902494669,0.007177565712481737,0.0071804518811404705,0.0071804518811404705,0
2023-06-09 06:00:00+01:00,0.007180400192737579,0.007182360161095858,0.007174373604357243,0.007178235799074173,0.007178235799074173,0
2023-06-09 07:00:00+01:00,0.007178750820457935,0.007180296815931797,0.007170977536588907,0.00717282947152853,0.00717282947152853,0
2023-06-09 08:00:00+01:00,0.007173086516559124,0.007174115628004074,0.007163221016526222,0.007165325339883566,0.007165325339883566,0
2023-06-09 09:00:00+01:00,0.007165377028286457,0.0071674310602247715,0.007156966719776392,0.0071605537086725235,0.0071605537086725235,0
2023-06-09 10:00:00+01:00,0.007160348817706108,0.007166917435824871,0.007160245906561613,0.007161169312894344,0.007161169312894344,0
2023-06-09 11:00:00+01:00,0.007160964421927929,0.007167945150285959,0.00716081028804183,0.007166917435824871,0.007166917435824871,0
2023-06-09 12:00:00+01:00,0.007167020346969366,0.007176174782216549,0.007164812181144953,0.007174476515501738,0.007174476515501738,0
2023-06-09 13:00:00+01:00,0.007174424361437559,0.007192899007350206,0.00717221200466156,0.007178956642746925,0.007178956642746925,0
2023-06-09 14:00:00+01:00,0.007179162930697203,0.007187006063759327,0.007163477595895529,0.007168355863541365,0.007168355863541365,0
2023-06-09 15:00:00+01:00,0.00716845877468586,0.007179266773164272,0.007165427785366774,0.007174476515501738,0.007174476515501738,0
2023-06-09 16:00:00+01:00,0.007174630183726549,0.007182360161095858,0.007173755206167698,0.007176123559474945,0.007176123559474945,0
2023-06-09 17:00:00+01:00,0.007175968959927559,0.007180296815931797,0.007173549849539995,0.00717581482604146,0.00717581482604146,0
2023-06-09 18:00:00+01:00,0.007175968959927559,0.007179369684308767,0.007175351493060589,0.007177462801337242,0.007177462801337242,0
2023-06-09 19:00:00+01:00,0.007177462801337242,0.007179781794548035,0.00717303529381752,0.007173755206167698,0.007173755206167698,0
2023-06-09 20:00:00+01:00,0.007173704449087381,0.007175145670771599,0.007169537711888552,0.007171492092311382,0.007171492092311382,0
2023-06-09 21:00:00+01:00,0.007171646226197481,0.007177926599979401,0.007171440403908491,0.007176638580858707,0.007176638580858707,0
2023-06-12 00:00:00+01:00,0.007172571960836649,0.0071768444031476974,0.007171337492763996,0.007174990605562925,0.007174990605562925,0
2023-06-12 01:00:00+01:00,0.00717509351670742,0.007180761080235243,0.007173394784331322,0.007173394784331322,0.007173394784331322,0
2023-06-12 02:00:00+01:00,0.007173344027251005,0.007175557315349579,0.007164452690631151,0.007166197989135981,0.007166197989135981,0
2023-06-12 03:00:00+01:00,0.007166300900280476,0.0071678427048027515,0.007160912733525038,0.007166609633713961,0.007166609633713961,0
2023-06-12 04:00:00+01:00,0.007166404277086258,0.007173652295023203,0.0071657877415418625,0.007172109093517065,0.007172109093517065,0
2023-06-12 05:00:00+01:00,0.00717200618237257,0.007176277693361044,0.007169640623033047,0.007170411758124828,0.007170411758124828,0
2023-06-12 06:00:00+01:00,0.007170618046075106,0.00717488769441843,0.0071665579453110695,0.007167533505707979,0.007167533505707979,0
2023-06-12 07:00:00+01:00,0.0071674310602247715,0.007171543315052986,0.007165069226175547,0.0071687158197164536,0.0071687158197164536,0
2023-06-12 08:00:00+01:00,0.0071688187308609486,0.007170823402702808,0.007161836139857769,0.0071683041751384735,0.0071683041751384735,0
2023-06-12 09:00:00+01:00,0.007168150506913662,0.007186489645391703,0.007166660390794277,0.007183701731264591,0.007183701731264591,0
2023-06-12 10:00:00+01:00,0.007183752954006195,0.007185456808656454,0.007179162930697203,0.007181792985647917,0.007181792985647917,0
2023-06-12 11:00:00+01:00,0.007181947119534016,0.007191657554358244,0.0071816896088421345,0.007184269838035107,0.007184269838035107,0
2023-06-12 12:00:00+01:00,0.0071844239719212055,0.007185972761362791,0.007172983605414629,0.00717468187212944,0.00717468187212944,0
2023-06-12 13:00:00+01:00,0.007174424361437559,0.007189899682998657,0.007173807360231876,0.0071839080192148685,0.0071839080192148685,0
2023-06-12 14:00:00+01:00,0.0071838051080703735,0.007185456808656454,0.007155993487685919,0.007160297594964504,0.007160297594964504,0
2023-06-12 15:00:00+01:00,0.007160657085478306,0.0071674310602247715,0.007157273590564728,0.0071624512784183025,0.0071624512784183025,0
2023-06-12 16:00:00+01:00,0.007162400521337986,0.007169486954808235,0.007156710140407085,0.007157222833484411,0.007157222833484411,0
2023-06-12 17:00:00+01:00,0.007157325278967619,0.007161271758377552,0.007154969498515129,0.007157478481531143,0.007157478481531143,0
2023-06-12 18:00:00+01:00,0.007157478481531143,0.00716589018702507,0.007154867053031921,0.007161631248891354,0.007161631248891354,0
2023-06-12 19:00:00+01:00,0.00716168200597167,0.007166404277086258,0.007160297594964504,0.007163118105381727,0.007163118105381727,0
2023-06-12 20:00:00+01:00,0.00716332346200943,0.007166917435824871,0.007161477115005255,0.007164966315031052,0.007164966315031052,0
2023-06-12 21:00:00+01:00,0.007164966315031052,0.0071674310602247715,0.007162708323448896,0.007163632195442915,0.007163632195442915,0
2023-06-12 22:00:00+01:00,0.007165171671658754,0.007165634073317051,0.007162298075854778,0.007163734640926123,0.007163734640926123,0
2023-06-12 23:00:00+01:00,0.007163734640926123,0.0071674310602247715,0.007162810768932104,0.0071657877415418625,0.0071657877415418625,0
2023-06-13 00:00:00+01:00,0.007165736518800259,0.007173601537942886,0.007165479473769665,0.0071705663576722145,0.0071705663576722145,0
2023-06-13 01:00:00+01:00,0.007170618046075106,0.007173807360231876,0.007159990258514881,0.0071610151790082455,0.0071610151790082455,0
2023-06-13 02:00:00+01:00,0.007161220069974661,0.00716897239908576,0.007160245906561613,0.007166404277086258,0.007166404277086258,0
2023-06-13 03:00:00+01:00,0.007166404277086258,0.007173601537942886,0.007165325339883566,0.007171954493969679,0.007171954493969679,0
2023-06-13 04:00:00+01:00,0.007172160781919956,0.007178235799074173,0.007171595003455877,0.007173961028456688,0.007173961028456688,0
2023-06-13 05:00:00+01:00,0.007174012716859579,0.007175145670771599,0.007167688105255365,0.00716897239908576,0.00716897239908576,0
2023-06-13 06:00:00+01:00,0.007169024087488651,0.007175660226494074,0.007165069226175547,0.007169795222580433,0.007169795222580433,0
2023-06-13 07:00:00+01:00,0.007169692311435938,0.007172263693064451,0.0071610151790082455,0.00716255372390151,0.00716255372390151,0
2023-06-13 08:00:00+01:00,0.007162502966821194,0.007171029224991798,0.007162400521337986,0.00716897239908576,0.00716897239908576,0
2023-06-13 09:00:00+01:00,0.007169075310230255,0.007170514669269323,0.0071618868969380856,0.0071678427048027515,0.0071678427048027515,0
2023-06-13 10:00:00+01:00,0.0071678427048027515,0.007170514669269323,0.00716383708640933,0.0071664550341665745,0.0071664550341665745,0
2023-06-13 11:00:00+01:00,0.007166404277086258,0.007169486954808235,0.007164709735661745,0.007166147232055664,0.007166147232055664,0
2023-06-13 12:00:00+01:00,0.007166197989135981,0.007171029224991798,0.007161477115005255,0.007167636416852474,0.007167636416852474,0
2023-06-13 13:00:00+01:00,0.00716779101639986,0.007192433346062899,0.007143826689571142,0.00718638626858592,0.00718638626858592,0
2023-06-13 14:00:00+01:00,0.0071861278265714645,0.007194244768470526,0.007154662627726793,0.007155276369303465,0.007155276369303465,0
2023-06-13 15:00:00+01:00,0.007155378814786673,0.007160245906561613,0.007145561743527651,0.007152410689741373,0.007152410689741373,0
2023-06-13 16:00:00+01:00,0.0071525126695632935,0.00715471338480711,0.00713724922388792,0.007142755202949047,0.007142755202949047,0
2023-06-13 17:00:00+01:00,0.0071428571827709675,0.0071500069461762905,0.00714214239269495,0.007148422300815582,0.007148422300815582,0
2023-06-13 18:00:00+01:00,0.007148320320993662,0.007151234429329634,0.007132464554160833,0.007133889012038708,0.007133889012038708,0
2023-06-13 19:00:00+01:00,0.007133889012038708,0.007135721389204264,0.00712778652086854,0.007128498516976833,0.007128498516976833,0
2023-06-13 20:00:00+01:00,0.007128548808395863,0.007134194485843182,0.007127278950065374,0.007132362574338913,0.007132362574338913,0
2023-06-13 21:00:00+01:00,0.007132108323276043,0.007135721389204264,0.007130175828933716,0.007132311351597309,0.007132311351597309,0
2023-06-13 22:00:00+01:00,0.007132311351597309,0.007134550716727972,0.0071320063434541225,0.0071326675824820995,0.0071326675824820995,0
2023-06-13 23:00:00+01:00,0.0071326675824820995,0.007137758657336235,0.007128548808395863,0.007135466672480106,0.007135466672480106,0
2023-06-14 00:00:00+01:00,0.007134550716727972,0.007136230356991291,0.007131293881684542,0.00713551789522171,0.00713551789522171,0
2023-06-14 01:00:00+01:00,0.007135364692658186,0.0071433670818805695,0.0071332273073494434,0.00714117381721735,0.00714117381721735,0
2023-06-14 02:00:00+01:00,0.007141275331377983,0.007146430667489767,0.007137452717870474,0.007140001282095909,0.007140001282095909,0
2023-06-14 03:00:00+01:00,0.007140204776078463,0.007141836453229189,0.007137402426451445,0.0071397460997104645,0.0071397460997104645,0
2023-06-14 04:00:00+01:00,0.007139899302273989,0.007146941032260656,0.007138574030250311,0.0071425000205636024,0.0071425000205636024,0
2023-06-14 05:00:00+01:00,0.0071425000205636024,0.007143877912312746,0.007137300446629524,0.007137554697692394,0.007137554697692394,0
2023-06-14 06:00:00+01:00,0.007137554697692394,0.0071423472836613655,0.007134499493986368,0.00713724922388792,0.00713724922388792,0
2023-06-14 07:00:00+01:00,0.007136994507163763,0.007140306755900383,0.007133329287171364,0.007135212421417236,0.007135212421417236,0
2023-06-14 08:00:00+01:00,0.007135314401239157,0.00714898481965065,0.007132514845579863,0.007143622729927301,0.007143622729927301,0
2023-06-14 09:00:00+01:00,0.007143622729927301,0.0071500069461762905,0.007143520284444094,0.007144183851778507,0.007144183851778507,0
2023-06-14 10:00:00+01:00,0.007144183851778507,0.007151030004024506,0.0071433670818805695,0.00714908679947257,0.00714908679947257,0
2023-06-14 11:00:00+01:00,0.007149036042392254,0.00714908679947257,0.007140358444303274,0.007142653223127127,0.007142653223127127,0
2023-06-14 12:00:00+01:00,0.007142653223127127,0.007147963158786297,0.007140408735722303,0.007144030649214983,0.007144030649214983,0
2023-06-14 13:00:00+01:00,0.007144030649214983,0.007162348832935095,0.007143928669393063,0.007158657535910606,0.007158657535910606,0
2023-06-14 14:00:00+01:00,0.007158657535910606,0.007173601537942886,0.007155378814786673,0.007167482748627663,0.007167482748627663,0
2023-06-14 15:00:00+01:00,0.007167533505707979,0.007178750820457935,0.007165530696511269,0.007173291873186827,0.007173291873186827,0
2023-06-14 16:00:00+01:00,0.00717324111610651,0.0071798330172896385,0.007169692311435938,0.0071768444031476974,0.0071768444031476974,0
2023-06-14 17:00:00+01:00,0.007177101913839579,0.007177926599979401,0.007173601537942886,0.00717581482604146,0.00717581482604146,0
2023-06-14 18:00:00+01:00,0.00717602064833045,0.007177154067903757,0.00717118289321661,0.007173652295023203,0.007173652295023203,0
2023-06-14 19:00:00+01:00,0.00717282947152853,0.007174115628004074,0.007133990991860628,0.007157889194786549,0.007157889194786549,0
2023-06-14 20:00:00+01:00,0.007157786749303341,0.007162913214415312,0.007142653223127127,0.007145715411752462,0.007145715411752462,0
2023-06-14 21:00:00+01:00,0.007145919371396303,0.007147963158786297,0.007136587053537369,0.007139032706618309,0.007139032706618309,0
2023-06-14 22:00:00+01:00,0.0071388292126357555,0.007144439499825239,0.0071388292126357555,0.00714117381721735,0.00714117381721735,0
2023-06-14 23:00:00+01:00,0.007140817120671272,0.007144183851778507,0.007137402426451445,0.0071416329592466354,0.0071416329592466354,0
2023-06-15 00:00:00+01:00,0.007141530979424715,0.007145511452108622,0.007138522807508707,0.007144796196371317,0.007144796196371317,0
2023-06-15 01:00:00+01:00,0.007144490256905556,0.007146123796701431,0.007123217452317476,0.00712433410808444,0.00712433410808444,0
2023-06-15 02:00:00+01:00,0.0071243843995034695,0.007124790921807289,0.007090086117386818,0.007091997656971216,0.007091997656971216,0
2023-06-15 03:00:00+01:00,0.007091897074133158,0.007102373521775007,0.00708792544901371,0.00708978483453393,0.00708978483453393,0
2023-06-15 04:00:00+01:00,0.007089735008776188,0.007095117121934891,0.00708792544901371,0.007088327780365944,0.007088327780365944,0
2023-06-15 05:00:00+01:00,0.007088528946042061,0.007088780403137207,0.007075738627463579,0.007078743539750576,0.007078743539750576,0
2023-06-15 06:00:00+01:00,0.007078694179654121,0.007086017169058323,0.007070736028254032,0.007081701420247555,0.007081701420247555,0
2023-06-15 07:00:00+01:00,0.0070816511288285255,0.007085163611918688,0.007071386091411114,0.007076689973473549,0.007076689973473549,0
2023-06-15 08:00:00+01:00,0.007076689973473549,0.0070801470428705215,0.007066987454891205,0.007078694179654121,0.007078694179654121,0
2023-06-15 09:00:00+01:00,0.007078743539750576,0.0070856655947864056,0.0070753381587564945,0.0070787942968308926,0.0070787942968308926,0
2023-06-15 10:00:00+01:00,0.007078743539750576,0.007100255694240332,0.0070782932452857494,0.007091595325618982,0.007091595325618982,0
2023-06-15 11:00:00+01:00,0.007092701271176338,0.007092701271176338,0.007082554046064615,0.0070847622118890285,0.0070847622118890285,0
2023-06-15 12:00:00+01:00,0.0070847622118890285,0.007088678888976574,0.007079595699906349,0.007079846225678921,0.007079846225678921,0
2023-06-15 13:00:00+01:00,0.007079946808516979,0.007109746336936951,0.007077140733599663,0.007107219658792019,0.007107219658792019,0
2023-06-15 14:00:00+01:00,0.007107067853212357,0.007126059848815203,0.007104795891791582,0.007121340371668339,0.007121340371668339,0
2023-06-15 15:00:00+01:00,0.007121492642909288,0.007136230356991291,0.007116475608199835,0.0071200220845639706,0.0071200220845639706,0
2023-06-15 16:00:00+01:00,0.007119718007743359,0.0071219997480511665,0.007109291385859251,0.0071176402270793915,0.0071176402270793915,0
2023-06-15 17:00:00+01:00,0.00711784278973937,0.007129616569727659,0.007117539178580046,0.007126821670681238,0.007126821670681238,0
2023-06-15 18:00:00+01:00,0.007126821670681238,0.007132158614695072,0.007123674266040325,0.0071257040835917,0.0071257040835917,0
2023-06-15 19:00:00+01:00,0.00712595833465457,0.007130124606192112,0.0071249427273869514,0.0071258568204939365,0.0071258568204939365,0
2023-06-15 20:00:00+01:00,0.0071261110715568066,0.007132158614695072,0.007125095464289188,0.007129565346986055,0.007129565346986055,0
2023-06-15 21:00:00+01:00,0.0071294126100838184,0.007132158614695072,0.007127685006707907,0.007129463832825422,0.007129463832825422,0
2023-06-15 22:00:00+01:00,0.007130684331059456,0.007131447084248066,0.007128091994673014,0.007129768840968609,0.007129768840968609,0
2023-06-15 23:00:00+01:00,0.007129362318664789,0.007136740256100893,0.007129362318664789,0.0071363323368132114,0.0071363323368132114,0
2023-06-16 00:00:00+01:00,0.007136230356991291,0.007139286957681179,0.007129057310521603,0.007129362318664789,0.007129362318664789,0
2023-06-16 01:00:00+01:00,0.007129362318664789,0.007143061142414808,0.00712814275175333,0.007134957704693079,0.007134957704693079,0
2023-06-16 02:00:00+01:00,0.007135059684514999,0.007151030004024506,0.007134244777262211,0.007144949398934841,0.007144949398934841,0
2023-06-16 03:00:00+01:00,0.007144847419112921,0.007148371543735266,0.007103584241122007,0.0071083311922848225,0.0071083311922848225,0
2023-06-16 04:00:00+01:00,0.0071083311922848225,0.007132158614695072,0.0071074217557907104,0.007116120774298906,0.007116120774298906,0
2023-06-16 05:00:00+01:00,0.007117437664419413,0.007119464222341776,0.007105350960046053,0.007111262995749712,0.007111262995749712,0
2023-06-16 06:00:00+01:00,0.007111010141670704,0.007112374994903803,0.007102021016180515,0.0071065123192965984,0.0071065123192965984,0
2023-06-16 07:00:00+01:00,0.007106713950634003,0.007110857870429754,0.007093305699527264,0.0070937080308794975,0.0070937080308794975,0
2023-06-16 08:00:00+01:00,0.007093456108123064,0.007101011928170919,0.007071935571730137,0.007085264194756746,0.007085264194756746,0
2023-06-16 09:00:00+01:00,0.007085464894771576,0.007095721550285816,0.007075238041579723,0.007090589497238398,0.007090589497238398,0
2023-06-16 10:00:00+01:00,0.0070906393229961395,0.007098743692040443,0.007088780403137207,0.007094412576407194,0.007094412576407194,0
2023-06-16 11:00:00+01:00,0.007094513159245253,0.007103785872459412,0.007090739905834198,0.007095469627529383,0.007095469627529383,0
2023-06-16 12:00:00+01:00,0.0070956707932055,0.0071022724732756615,0.0070901368744671345,0.0070937080308794975,0.0070937080308794975,0
2023-06-16 13:00:00+01:00,0.007093758322298527,0.007096224930137396,0.0070763397961854935,0.007077742367982864,0.007077742367982864,0
2023-06-16 14:00:00+01:00,0.007077691610902548,0.0070831566117703915,0.0070701357908546925,0.007079946808516979,0.007079946808516979,0
2023-06-16 15:00:00+01:00,0.007079645991325378,0.007097030058503151,0.007063593715429306,0.007067536935210228,0.007067536935210228,0
2023-06-16 16:00:00+01:00,0.00706733763217926,0.0070723360404372215,0.007048458326607943,0.007051191292703152,0.007051191292703152,0
2023-06-16 17:00:00+01:00,0.0070510427467525005,0.007054474670439959,0.007048855535686016,0.007049700245261192,0.007049700245261192,0
2023-06-16 18:00:00+01:00,0.007049650885164738,0.0070590064860880375,0.0070493025705218315,0.007052882574498653,0.007052882574498653,0
2023-06-16 19:00:00+01:00,0.0070531307719647884,0.007054176181554794,0.007047812454402447,0.007052633911371231,0.007052633911371231,0
2023-06-16 20:00:00+01:00,0.007052683737128973,0.007054275833070278,0.0070490045472979546,0.0070500983856618404,0.0070500983856618404,0
2023-06-16 21:00:00+01:00,0.0070502967573702335,0.007053827866911888,0.007046670187264681,0.007050943095237017,0.007050943095237017,0
2023-06-19 00:00:00+01:00,0.007049452047795057,0.007049849256873131,0.007044535595923662,0.007049104198813438,0.007049104198813438,0
2023-06-19 01:00:00+01:00,0.007049352861940861,0.007053777575492859,0.0070437416434288025,0.007044833619147539,0.007044833619147539,0
2023-06-19 02:00:00+01:00,0.007044584956020117,0.007051987107843161,0.007044584956020117,0.007048061117529869,0.007048061117529869,0
2023-06-19 03:00:00+01:00,0.00704801082611084,0.007051837630569935,0.007044734433293343,0.007049948908388615,0.007049948908388615,0
2023-06-19 04:00:00+01:00,0.00704989954829216,0.007066638674587011,0.007048706989735365,0.007065839599817991,0.007065839599817991,0
2023-06-19 05:00:00+01:00,0.007065639831125736,0.007070235442370176,0.007056714966893196,0.007067437283694744,0.007067437283694744,0
2023-06-19 06:00:00+01:00,0.007067536935210228,0.007069236598908901,0.00705925514921546,0.0070594544522464275,0.0070594544522464275,0
2023-06-19 07:00:00+01:00,0.007059554569423199,0.007062795106321573,0.007056615315377712,0.0070588067173957825,0.0070588067173957825,0
2023-06-19 08:00:00+01:00,0.007058757357299328,0.007061149924993515,0.00704478332772851,0.0070500983856618404,0.0070500983856618404,0
2023-06-19 09:00:00+01:00,0.007049849256873131,0.00705566955730319,0.007048656698316336,0.007048905361443758,0.007048905361443758,0
2023-06-19 10:00:00+01:00,0.007049104198813438,0.007050197571516037,0.007042650133371353,0.007043295074254274,0.007043295074254274,0
2023-06-19 11:00:00+01:00,0.007043394260108471,0.007052185945212841,0.007042203564196825,0.007049452047795057,0.007049452047795057,0
2023-06-19 12:00:00+01:00,0.007049402222037315,0.007051887921988964,0.007043394260108471,0.007049799431115389,0.007049799431115389,0
2023-06-19 13:00:00+01:00,0.007049948908388615,0.007054176181554794,0.007045875769108534,0.007048656698316336,0.007048656698316336,0
2023-06-19 14:00:00+01:00,0.007048905361443758,0.007056166883558035,0.0070467195473611355,0.007054823450744152,0.007054823450744152,0
2023-06-19 15:00:00+01:00,0.007054872810840607,0.0070596542209386826,0.007048408035188913,0.007050992455333471,0.007050992455333471,0
2023-06-19 16:00:00+01:00,0.007050943095237017,0.007052185945212841,0.007045727223157883,0.007047117222100496,0.007047117222100496,0
2023-06-19 17:00:00+01:00,0.007047316059470177,0.007048706989735365,0.00704324571415782,0.007045727223157883,0.007045727223157883,0
2023-06-19 18:00:00+01:00,0.007045826409012079,0.00704771326854825,0.007042253389954567,0.007045329548418522,0.007045329548418522,0
2023-06-19 19:00:00+01:00,0.007045181002467871,0.00704721687361598,0.007044237572699785,0.007044584956020117,0.007044584956020117,0
2023-06-19 20:00:00+01:00,0.007044684141874313,0.007046223152428865,0.0070417579263448715,0.007043791469186544,0.007043791469186544,0
2023-06-19 21:00:00+01:00,0.007043890655040741,0.007045230362564325,0.007042550947517157,0.007043195888400078,0.007043195888400078,0
2023-06-19 22:00:00+01:00,0.007045379374176264,0.007049700245261192,0.00704324571415782,0.007046521175652742,0.007046521175652742,0
2023-06-19 23:00:00+01:00,0.007046620361506939,0.007050893269479275,0.007044833619147539,0.007047117222100496,0.007047117222100496,0
2023-06-20 00:00:00+01:00,0.0070461733266711235,0.007048706989735365,0.007043940015137196,0.00704721687361598,0.00704721687361598,0
2023-06-20 01:00:00+01:00,0.007047316059470177,0.007049700245261192,0.007032151333987713,0.007037396542727947,0.007037396542727947,0
2023-06-20 02:00:00+01:00,0.007037496194243431,0.007040270604193211,0.007029778324067593,0.007037149276584387,0.007037149276584387,0
2023-06-20 03:00:00+01:00,0.007037099450826645,0.007063244003802538,0.0070353662595152855,0.007057561539113522,0.007057561539113522,0
2023-06-20 04:00:00+01:00,0.007057561539113522,0.007058358751237392,0.007049948908388615,0.007055868394672871,0.007055868394672871,0
2023-06-20 05:00:00+01:00,0.007055917754769325,0.0070596542209386826,0.007039180025458336,0.007039279211312532,0.007039279211312532,0
2023-06-20 06:00:00+01:00,0.007039427291601896,0.0070437416434288025,0.007035267539322376,0.007040170952677727,0.007040170952677727,0
2023-06-20 07:00:00+01:00,0.007040170952677727,0.007049700245261192,0.007035416085273027,0.007044584956020117,0.007044584956020117,0
2023-06-20 08:00:00+01:00,0.007044535595923662,0.007062146440148354,0.007044287398457527,0.007053927518427372,0.007053927518427372,0
2023-06-20 09:00:00+01:00,0.007054126355797052,0.007069336250424385,0.0070523847825825214,0.007065090816468,0.007065090816468,0
2023-06-20 10:00:00+01:00,0.0070652407594025135,0.007070585619658232,0.007059055846184492,0.007060302421450615,0.007060302421450615,0
2023-06-20 11:00:00+01:00,0.007060252130031586,0.007074537221342325,0.00705985352396965,0.007071035914123058,0.007071035914123058,0
2023-06-20 12:00:00+01:00,0.0070713357999920845,0.007075238041579723,0.007069136016070843,0.007073286455124617,0.007073286455124617,0
2023-06-20 13:00:00+01:00,0.007073286455124617,0.007078643422573805,0.007061249576508999,0.007068786770105362,0.007068786770105362,0
2023-06-20 14:00:00+01:00,0.007068736478686333,0.007074637338519096,0.007062196731567383,0.007063543424010277,0.007063543424010277,0
2023-06-20 15:00:00+01:00,0.007063393946737051,0.007077140733599663,0.007054723799228668,0.007075638510286808,0.007075638510286808,0
2023-06-20 16:00:00+01:00,0.007075688801705837,0.007081150077283382,0.007068386301398277,0.007068736478686333,0.007068736478686333,0
2023-06-20 17:00:00+01:00,0.0070688361302018166,0.007080649025738239,0.007066688034683466,0.0070787942968308926,0.0070787942968308926,0
2023-06-20 18:00:00+01:00,0.007078593596816063,0.007082654628902674,0.007073736749589443,0.007076289504766464,0.007076289504766464,0
2023-06-20 19:00:00+01:00,0.0070763397961854935,0.007077642250806093,0.007071785628795624,0.007074187509715557,0.007074187509715557,0
2023-06-20 20:00:00+01:00,0.0070741367526352406,0.007075638510286808,0.007066638674587011,0.007069885265082121,0.007069885265082121,0
2023-06-20 21:00:00+01:00,0.007069735787808895,0.007074637338519096,0.0070686363615095615,0.007070186082273722,0.007070186082273722,0
2023-06-20 22:00:00+01:00,0.0070700859650969505,0.007075187750160694,0.007068986538797617,0.007073386572301388,0.007073386572301388,0
2023-06-20 23:00:00+01:00,0.007073386572301388,0.007076640147715807,0.007071285042911768,0.007074787747114897,0.007074787747114897,0
2023-06-21 00:00:00+01:00,0.007075038272887468,0.007079144939780235,0.007071185391396284,0.007075187750160694,0.007075187750160694,0
2023-06-21 01:00:00+01:00,0.007075538393110037,0.007075638510286808,0.0070571633987128735,0.007057362236082554,0.007057362236082554,0
2023-06-21 02:00:00+01:00,0.0070574115961790085,0.007066638674587011,0.0070552704855799675,0.007062097080051899,0.007062097080051899,0
2023-06-21 03:00:00+01:00,0.007062296383082867,0.007067137863487005,0.007059305440634489,0.007061349228024483,0.007061349228024483,0
2023-06-21 04:00:00+01:00,0.007061349228024483,0.007064142730087042,0.007059354800730944,0.007060451433062553,0.007060451433062553,0
2023-06-21 05:00:00+01:00,0.007060451433062553,0.007062146440148354,0.007052931934595108,0.007052982226014137,0.007052982226014137,0
2023-06-21 06:00:00+01:00,0.0070531307719647884,0.007057661190629005,0.007049203384667635,0.0070559680461883545,0.0070559680461883545,0
2023-06-21 07:00:00+01:00,0.0070559680461883545,0.007056664675474167,0.007040170952677727,0.007043642457574606,0.007043642457574606,0
2023-06-21 08:00:00+01:00,0.007043692283332348,0.007049700245261192,0.007037000264972448,0.007037892006337643,0.007037892006337643,0
2023-06-21 09:00:00+01:00,0.007037941366434097,0.007046223152428865,0.00703393155708909,0.00704294815659523,0.00704294815659523,0
2023-06-21 10:00:00+01:00,0.007042848505079746,0.007050197571516037,0.0070406170561909676,0.007046024780720472,0.007046024780720472,0
2023-06-21 11:00:00+01:00,0.007046024780720472,0.007056166883558035,0.007042253389954567,0.0070516387932002544,0.0070516387932002544,0
2023-06-21 12:00:00+01:00,0.007051887921988964,0.0070571633987128735,0.0070477621629834175,0.007051439955830574,0.007051439955830574,0
2023-06-21 13:00:00+01:00,0.007051390595734119,0.00705566955730319,0.007040270604193211,0.007048259489238262,0.007048259489238262,0
2023-06-21 14:00:00+01:00,0.007048358675092459,0.007049203384667635,0.007024050690233707,0.007029877044260502,0.007029877044260502,0
2023-06-21 15:00:00+01:00,0.007030025590211153,0.0070456271059811115,0.007026172708719969,0.007039378397166729,0.007039378397166729,0
2023-06-21 16:00:00+01:00,0.007039378397166729,0.007045428734272718,0.007037347182631493,0.007038090378046036,0.007038090378046036,0
2023-06-21 17:00:00+01:00,0.007037941366434097,0.007048607338219881,0.0070359609089791775,0.007045527920126915,0.007045527920126915,0
2023-06-21 18:00:00+01:00,0.007045428734272718,0.007054673507809639,0.007043890655040741,0.0070496005937457085,0.0070496005937457085,0
2023-06-21 19:00:00+01:00,0.007049750071018934,0.007058159448206425,0.007049203384667635,0.007052733097225428,0.007052733097225428,0
2023-06-21 20:00:00+01:00,0.007052931934595108,0.007054126355797052,0.0070500983856618404,0.007052982226014137,0.007052982226014137,0
2023-06-21 21:00:00+01:00,0.007052982226014137,0.007055320776998997,0.007046371698379517,0.007048557512462139,0.007048557512462139,0
2023-06-21 22:00:00+01:00,0.007049948908388615,0.007055071648210287,0.007048855535686016,0.0070502967573702335,0.0070502967573702335,0
2023-06-21 23:00:00+01:00,0.0070502967573702335,0.007058259099721909,0.007049104198813438,0.007057810667902231,0.007057810667902231,0
2023-06-22 00:00:00+01:00,0.00705701345577836,0.0070596542209386826,0.007055221125483513,0.00705795967951417,0.00705795967951417,0
2023-06-22 01:00:00+01:00,0.00705795967951417,0.00705925514921546,0.007047613617032766,0.007048110011965036,0.007048110011965036,0
2023-06-22 02:00:00+01:00,0.00704801082611084,0.00705726258456707,0.007047961466014385,0.00705611752346158,0.00705611752346158,0
2023-06-22 03:00:00+01:00,0.0070559680461883545,0.007061798125505447,0.007053777575492859,0.007058208808302879,0.007058208808302879,0
2023-06-22 04:00:00+01:00,0.007058208808302879,0.0070594544522464275,0.007054076995700598,0.007054773159325123,0.007054773159325123,0
2023-06-22 05:00:00+01:00,0.007055071648210287,0.0070615485310554504,0.007052783388644457,0.007053529378026724,0.007053529378026724,0
2023-06-22 06:00:00+01:00,0.007053430192172527,0.0070559680461883545,0.007049402222037315,0.007052435074001551,0.007052435074001551,0
2023-06-22 07:00:00+01:00,0.007052583619952202,0.007053479552268982,0.0070467195473611355,0.007047911640256643,0.007047911640256643,0
2023-06-22 08:00:00+01:00,0.007047862280160189,0.007057362236082554,0.007044584956020117,0.007052982226014137,0.007052982226014137,0
2023-06-22 09:00:00+01:00,0.007052982226014137,0.007053181063383818,0.00704215420410037,0.007043592631816864,0.007043592631816864,0
2023-06-22 10:00:00+01:00,0.007043394260108471,0.007049104198813438,0.007043195888400078,0.007045379374176264,0.007045379374176264,0
2023-06-22 11:00:00+01:00,0.007045280188322067,0.007047812454402447,0.00703705009073019,0.007039378397166729,0.007039378397166729,0
2023-06-22 12:00:00+01:00,0.007039279211312532,0.007049849256873131,0.007033980917185545,0.0070359609089791775,0.0070359609089791775,0
2023-06-22 13:00:00+01:00,0.0070359110832214355,0.007054076995700598,0.007029975764453411,0.007030371110886335,0.007030371110886335,0
2023-06-22 14:00:00+01:00,0.007030420936644077,0.007035218179225922,0.007020401302725077,0.007027752697467804,0.007027752697467804,0
2023-06-22 15:00:00+01:00,0.007027801591902971,0.007027801591902971,0.007002850528806448,0.00700338976457715,0.00700338976457715,0
2023-06-22 16:00:00+01:00,0.007003585807979107,0.007005057763308287,0.00699834106490016,0.006998537573963404,0.006998537573963404,0
2023-06-22 17:00:00+01:00,0.006998537573963404,0.006999762263149023,0.006993495859205723,0.006993643008172512,0.006993643008172512,0
2023-06-22 18:00:00+01:00,0.006993838120251894,0.006995795760303736,0.006988951005041599,0.006994376424700022,0.006994376424700022,0
2023-06-22 19:00:00+01:00,0.006994327064603567,0.0069965785369277,0.006989292334765196,0.006990024819970131,0.006990024819970131,0
2023-06-22 20:00:00+01:00,0.006989976391196251,0.0069917356595396996,0.006981923710554838,0.006985483691096306,0.006985483691096306,0
2023-06-22 21:00:00+01:00,0.006985581945627928,0.0069885593838989735,0.006985093466937542,0.006987729575484991,0.006987729575484991,0
2023-06-22 22:00:00+01:00,0.006987826898694038,0.006993838120251894,0.006987778469920158,0.006989487446844578,0.006989487446844578,0
2023-06-22 23:00:00+01:00,0.006989879067987204,0.0069932518526911736,0.00698885228484869,0.006989683490246534,0.006989683490246534,0
2023-06-23 00:00:00+01:00,0.006989879067987204,0.006995599251240492,0.006984117906540632,0.006991785019636154,0.006991785019636154,0
2023-06-23 01:00:00+01:00,0.0069917356595396996,0.006995501462370157,0.0069855330511927605,0.006988999433815479,0.006988999433815479,0
2023-06-23 02:00:00+01:00,0.006988999433815479,0.0070025562308728695,0.0069874366745352745,0.006996823474764824,0.006996823474764824,0
2023-06-23 03:00:00+01:00,0.006996970158070326,0.006998537573963404,0.006986899767071009,0.0069874851033091545,0.0069874851033091545,0
2023-06-23 04:00:00+01:00,0.0069876317866146564,0.006993789691478014,0.0069872415624558926,0.006989927496761084,0.006989927496761084,0
2023-06-23 05:00:00+01:00,0.006989927496761084,0.006994033697992563,0.006986069958657026,0.006988999433815479,0.006988999433815479,0
2023-06-23 06:00:00+01:00,0.006989048328250647,0.0069909533485770226,0.006971750408411026,0.006974035408347845,0.006974035408347845,0
2023-06-23 07:00:00+01:00,0.006973938085138798,0.006982898805290461,0.006971070077270269,0.0069734519347548485,0.0069734519347548485,0
2023-06-23 08:00:00+01:00,0.0069734519347548485,0.0070043704472482204,0.006971701979637146,0.006998831406235695,0.006998831406235695,0
2023-06-23 09:00:00+01:00,0.0069989776238799095,0.0069995662197470665,0.006989146117120981,0.0069902203977108,0.0069902203977108,0
2023-06-23 10:00:00+01:00,0.0069902203977108,0.0069902203977108,0.006980558857321739,0.006982118356972933,0.006982118356972933,0
2023-06-23 11:00:00+01:00,0.006982265040278435,0.006984752137213945,0.006977588403970003,0.006980071775615215,0.006980071775615215,0
2023-06-23 12:00:00+01:00,0.006980120204389095,0.006984216161072254,0.006977392826229334,0.006980266887694597,0.006980266887694597,0
2023-06-23 13:00:00+01:00,0.0069803157821297646,0.0070031932555139065,0.0069790976122021675,0.006999419070780277,0.006999419070780277,0
2023-06-23 14:00:00+01:00,0.006999516859650612,0.0070089856162667274,0.0069793895818293095,0.0069793895818293095,0.0069793895818293095,0
2023-06-23 15:00:00+01:00,0.006979633122682571,0.006979633122682571,0.006956521887332201,0.006956811994314194,0.006956811994314194,0
2023-06-23 16:00:00+01:00,0.0069571021012961864,0.006960492115467787,0.006951685529202223,0.006954876706004143,0.006954876706004143,0
2023-06-23 17:00:00+01:00,0.0069549246691167355,0.0069554089568555355,0.006950670853257179,0.006950912997126579,0.006950912997126579,0
2023-06-23 18:00:00+01:00,0.006951105780899525,0.006958263926208019,0.006950960494577885,0.0069579738192260265,0.0069579738192260265,0
2023-06-23 19:00:00+01:00,0.006957828067243099,0.006959765683859587,0.006953184027224779,0.006954054813832045,0.006954054813832045,0
2023-06-23 20:00:00+01:00,0.00695439288392663,0.006957150995731354,0.006953716278076172,0.006954876706004143,0.006954876706004143,0
2023-06-23 21:00:00+01:00,0.00695463502779603,0.006961509585380554,0.006953812669962645,0.006961509585380554,0.006961509585380554,0
2023-06-26 00:00:00+01:00,0.00697058392688632,0.006971118506044149,0.006964418571442366,0.006966893561184406,0.006966893561184406,0
2023-06-26 01:00:00+01:00,0.006966941524296999,0.006981728598475456,0.006965243257582188,0.006971555761992931,0.006971555761992931,0
2023-06-26 02:00:00+01:00,0.006971604656428099,0.006973014213144779,0.006960879545658827,0.006968398112803698,0.006968398112803698,0
2023-06-26 03:00:00+01:00,0.006968398112803698,0.006971847265958786,0.006963400170207024,0.006969029549509287,0.006969029549509287,0
2023-06-26 04:00:00+01:00,0.0069686900824308395,0.006974473129957914,0.006968641187995672,0.006971799302846193,0.006971799302846193,0
2023-06-26 05:00:00+01:00,0.006971847265958786,0.006976955570280552,0.006971264258027077,0.006974425166845322,0.006974425166845322,0
2023-06-26 06:00:00+01:00,0.006974327843636274,0.006977198179811239,0.006971312686800957,0.006975932512432337,0.006975932512432337,0
2023-06-26 07:00:00+01:00,0.006975884549319744,0.006979146506637335,0.006966699380427599,0.006967087741941214,0.006967087741941214,0
2023-06-26 08:00:00+01:00,0.006966941524296999,0.0069962358102202415,0.006965389009565115,0.006984020117670298,0.006984020117670298,0
2023-06-26 09:00:00+01:00,0.006984117906540632,0.006992518436163664,0.006982069928199053,0.00698577705770731,0.00698577705770731,0
2023-06-26 10:00:00+01:00,0.006985728163272142,0.006988999433815479,0.00698109483346343,0.006982118356972933,0.006982118356972933,0
2023-06-26 11:00:00+01:00,0.006981923710554838,0.006993691902607679,0.006980851758271456,0.006988462060689926,0.006988462060689926,0
2023-06-26 12:00:00+01:00,0.0069885109551250935,0.006988901644945145,0.00698109483346343,0.006983337923884392,0.006983337923884392,0
2023-06-26 13:00:00+01:00,0.006983288563787937,0.006990660447627306,0.006978221237659454,0.006987924687564373,0.006987924687564373,0
2023-06-26 14:00:00+01:00,0.006987924687564373,0.006987924687564373,0.006962673272937536,0.0069707296788692474,0.0069707296788692474,0
2023-06-26 15:00:00+01:00,0.006970778573304415,0.006971896160393953,0.006958312820643187,0.006965485867112875,0.006965485867112875,0
2023-06-26 16:00:00+01:00,0.006965485867112875,0.006975154858082533,0.006965097971260548,0.006966116838157177,0.006966116838157177,0
2023-06-26 17:00:00+01:00,0.006966262590140104,0.006968884263187647,0.006963594350963831,0.006965097971260548,0.006965097971260548,0
2023-06-26 18:00:00+01:00,0.006965097971260548,0.0069702924229204655,0.006963933818042278,0.006969563663005829,0.006969563663005829,0
2023-06-26 19:00:00+01:00,0.006969612557440996,0.006971944589167833,0.006968447007238865,0.006971896160393953,0.006971896160393953,0
2023-06-26 20:00:00+01:00,0.006971555761992931,0.006971993483603001,0.006966407876461744,0.006968543864786625,0.006968543864786625,0
2023-06-26 21:00:00+01:00,0.006968641187995672,0.0069701471365988255,0.006967232562601566,0.0069686900824308395,0.0069686900824308395,0
2023-06-26 22:00:00+01:00,0.006969757843762636,0.006971701979637146,0.006968447007238865,0.006970778573304415,0.006970778573304415,0
2023-06-26 23:00:00+01:00,0.0069702924229204655,0.00697369547560811,0.006969078443944454,0.006973500829190016,0.006973500829190016,0
2023-06-27 00:00:00+01:00,0.00697369547560811,0.006975202821195126,0.006970244459807873,0.00697053549811244,0.00697053549811244,0
2023-06-27 01:00:00+01:00,0.00697058392688632,0.006975641008466482,0.006965097971260548,0.0069687869399785995,0.0069687869399785995,0
2023-06-27 02:00:00+01:00,0.0069687869399785995,0.0069793895818293095,0.006967718712985516,0.006974716670811176,0.006974716670811176,0
2023-06-27 03:00:00+01:00,0.006974667776376009,0.00697534903883934,0.006970098242163658,0.006973986979573965,0.006973986979573965,0
2023-06-27 04:00:00+01:00,0.006973743438720703,0.0069772470742464066,0.006971847265958786,0.006971993483603001,0.006971993483603001,0
2023-06-27 05:00:00+01:00,0.006972090806812048,0.0069727227091789246,0.006967524532228708,0.0069687869399785995,0.0069687869399785995,0
2023-06-27 06:00:00+01:00,0.0069689322263002396,0.006970875896513462,0.006962721701711416,0.006963594350963831,0.006963594350963831,0
2023-06-27 07:00:00+01:00,0.006963449064642191,0.006972528528422117,0.006960879545658827,0.006971555761992931,0.006971555761992931,0
2023-06-27 08:00:00+01:00,0.006971361581236124,0.006973792798817158,0.00696601951494813,0.006967863999307156,0.006967863999307156,0
2023-06-27 09:00:00+01:00,0.006967815570533276,0.00696805864572525,0.0069554089568555355,0.006958457641303539,0.006958457641303539,0
2023-06-27 10:00:00+01:00,0.006958457641303539,0.006960105150938034,0.00694709736853838,0.006952701136469841,0.006952701136469841,0
2023-06-27 11:00:00+01:00,0.006952749099582434,0.006961219012737274,0.006949800997972488,0.006957054138183594,0.006957054138183594,0
2023-06-27 12:00:00+01:00,0.006957296282052994,0.006969029549509287,0.006954731419682503,0.006966116838157177,0.006966116838157177,0
2023-06-27 13:00:00+01:00,0.006966165732592344,0.006975008174777031,0.006962770130485296,0.006966262590140104,0.006966262590140104,0
2023-06-27 14:00:00+01:00,0.006966310553252697,0.006978610530495644,0.006960734724998474,0.006969126407057047,0.006969126407057047,0
2023-06-27 15:00:00+01:00,0.006969223730266094,0.006971944589167833,0.006940733175724745,0.006942467764019966,0.006942467764019966,0
2023-06-27 16:00:00+01:00,0.006942467764019966,0.006949270609766245,0.006936015095561743,0.006943962536752224,0.006943962536752224,0
2023-06-27 17:00:00+01:00,0.006944106891751289,0.006950816139578819,0.0069433837197721004,0.006945891305804253,0.006945891305804253,0
2023-06-27 18:00:00+01:00,0.0069457464851439,0.006946760229766369,0.006940347608178854,0.006945843808352947,0.006945843808352947,0
2023-06-27 19:00:00+01:00,0.006945987697690725,0.006946471054106951,0.006942082196474075,0.0069426605477929115,0.0069426605477929115,0
2023-06-27 20:00:00+01:00,0.0069426605477929115,0.006944637279957533,0.006941118277609348,0.006944348104298115,0.006944348104298115,0
2023-06-27 21:00:00+01:00,0.00694454088807106,0.006944733671844006,0.006940299645066261,0.006941118277609348,0.006941118277609348,0
2023-06-27 22:00:00+01:00,0.006941263098269701,0.00694454088807106,0.006941069848835468,0.006942612584680319,0.006942612584680319,0
2023-06-27 23:00:00+01:00,0.006943094544112682,0.006947677116841078,0.006940733175724745,0.006946471054106951,0.006946471054106951,0
2023-06-28 00:00:00+01:00,0.0069464221596717834,0.006954876706004143,0.006946132984012365,0.0069504291750490665,0.0069504291750490665,0
2023-06-28 01:00:00+01:00,0.006950670853257179,0.0069576348178088665,0.006948690861463547,0.00695439288392663,0.00695439288392663,0
2023-06-28 02:00:00+01:00,0.006954151671379805,0.006955456919968128,0.006948352791368961,0.00694951182231307,0.00694951182231307,0
2023-06-28 03:00:00+01:00,0.00694941496476531,0.006949898321181536,0.006942130159586668,0.006948159541934729,0.006948159541934729,0
2023-06-28 04:00:00+01:00,0.006948159541934729,0.006951879244297743,0.006944155320525169,0.006945071276277304,0.006945071276277304,0
2023-06-28 05:00:00+01:00,0.006945022847503424,0.006949174217879772,0.006943672429770231,0.006945071276277304,0.006945071276277304,0
2023-06-28 06:00:00+01:00,0.006945216562598944,0.00694956025108695,0.006942805368453264,0.00694594020023942,0.00694594020023942,0
2023-06-28 07:00:00+01:00,0.006946180947124958,0.006951202638447285,0.00694294972345233,0.006944926455616951,0.006944926455616951,0
2023-06-28 08:00:00+01:00,0.006944926455616951,0.00694709736853838,0.006935053039342165,0.00694092595949769,0.00694092595949769,0
2023-06-28 09:00:00+01:00,0.00694092595949769,0.00694724265486002,0.006932120770215988,0.006941069848835468,0.006941069848835468,0
2023-06-28 10:00:00+01:00,0.006941167172044516,0.006953135598450899,0.006940684746950865,0.006943045649677515,0.006943045649677515,0
2023-06-28 11:00:00+01:00,0.006943094544112682,0.0069444444961845875,0.006939673330634832,0.006940491963177919,0.006940491963177919,0
2023-06-28 12:00:00+01:00,0.006940540857613087,0.006942274980247021,0.006933610420674086,0.006935293786227703,0.006935293786227703,0
2023-06-28 13:00:00+01:00,0.00693524582311511,0.006939624901860952,0.006923050154000521,0.0069253514520823956,0.0069253514520823956,0
2023-06-28 14:00:00+01:00,0.00692525552585721,0.0069400109350681305,0.006921996362507343,0.006925208028405905,0.006925208028405905,0
2023-06-28 15:00:00+01:00,0.006925112102180719,0.006928470451384783,0.006914864294230938,0.006918978877365589,0.006918978877365589,0
2023-06-28 16:00:00+01:00,0.006919170264154673,0.006935967598110437,0.006918596103787422,0.006933610420674086,0.006933610420674086,0
2023-06-28 17:00:00+01:00,0.006933610420674086,0.00693871034309268,0.006929382681846619,0.006935822777450085,0.006935822777450085,0
2023-06-28 18:00:00+01:00,0.006935677956789732,0.006938613951206207,0.0069296229630708694,0.00692986324429512,0.00692986324429512,0
2023-06-28 19:00:00+01:00,0.006929670460522175,0.006931639742106199,0.006927942391484976,0.006929527036845684,0.006929527036845684,0
2023-06-28 20:00:00+01:00,0.006929478608071804,0.006930102594196796,0.006923913024365902,0.006923961453139782,0.006923961453139782,0
2023-06-28 21:00:00+01:00,0.006923913024365902,0.006925112102180719,0.00691869156435132,0.0069217081181705,0.0069217081181705,0
2023-06-28 22:00:00+01:00,0.006922619417309761,0.006928086746484041,0.0069218045100569725,0.006926503032445908,0.006926503032445908,0
2023-06-28 23:00:00+01:00,0.006926119327545166,0.006929286289960146,0.006923433858901262,0.006925639230757952,0.006925639230757952,0
2023-06-29 00:00:00+01:00,0.006925159599632025,0.006929286289960146,0.00692405691370368,0.00692583154886961,0.00692583154886961,0
2023-06-29 01:00:00+01:00,0.00692583154886961,0.006933129858225584,0.0069217081181705,0.006932553369551897,0.006932553369551897,0
2023-06-29 02:00:00+01:00,0.006932504940778017,0.0069383252412080765,0.006929094437509775,0.0069291903637349606,0.0069291903637349606,0
2023-06-29 03:00:00+01:00,0.006928902585059404,0.006929718889296055,0.006925879046320915,0.006926646921783686,0.006926646921783686,0
2023-06-29 04:00:00+01:00,0.006926694419234991,0.006927222479134798,0.0069207982160151005,0.006923721171915531,0.006923721171915531,0
2023-06-29 05:00:00+01:00,0.006923913024365902,0.006924248766154051,0.006915581412613392,0.006916585844010115,0.006916585844010115,0
2023-06-29 06:00:00+01:00,0.006916538346558809,0.0069204154424369335,0.006915390491485596,0.006918882951140404,0.006918882951140404,0
2023-06-29 07:00:00+01:00,0.006918978877365589,0.006920894142240286,0.006910945754498243,0.006915246602147818,0.006915246602147818,0
2023-06-29 08:00:00+01:00,0.006915103644132614,0.006937458645552397,0.0069111366756260395,0.006927702110260725,0.006927702110260725,0
2023-06-29 09:00:00+01:00,0.00692765461280942,0.006937169935554266,0.00692525552585721,0.006932504940778017,0.006932504940778017,0
2023-06-29 10:00:00+01:00,0.006932457443326712,0.006932457443326712,0.0069247763603925705,0.006926646921783686,0.006926646921783686,0
2023-06-29 11:00:00+01:00,0.006926503032445908,0.006935919169336557,0.006926070898771286,0.006935822777450085,0.006935822777450085,0
2023-06-29 12:00:00+01:00,0.006935726851224899,0.006937314756214619,0.0069303433410823345,0.00693039083853364,0.00693039083853364,0
2023-06-29 13:00:00+01:00,0.00693043926730752,0.006936929188668728,0.006905743386596441,0.006906840484589338,0.006906840484589338,0
2023-06-29 14:00:00+01:00,0.0069070314057171345,0.006915533449500799,0.006901502143591642,0.0069016446359455585,0.0069016446359455585,0
2023-06-29 15:00:00+01:00,0.006901692599058151,0.006919505540281534,0.006901406683027744,0.006915533449500799,0.006915533449500799,0
2023-06-29 16:00:00+01:00,0.006915390491485596,0.006918596103787422,0.006908081471920013,0.00690989475697279,0.00690989475697279,0
2023-06-29 17:00:00+01:00,0.006909847725182772,0.006910038646310568,0.006903407163918018,0.006904122419655323,0.006904122419655323,0
2023-06-29 18:00:00+01:00,0.006903979927301407,0.006907890550792217,0.0069035980850458145,0.006904885172843933,0.006904885172843933,0
2023-06-29 19:00:00+01:00,0.0069049326702952385,0.006905409973114729,0.0069016446359455585,0.006901882588863373,0.006901882588863373,0
2023-06-29 20:00:00+01:00,0.006902026012539864,0.006906172726303339,0.006901597138494253,0.0069045512937009335,0.0069045512937009335,0
2023-06-29 21:00:00+01:00,0.006904312875121832,0.00690822396427393,0.006904217414557934,0.006908081471920013,0.006908081471920013,0
2023-06-29 22:00:00+01:00,0.006908271927386522,0.006910659372806549,0.006907222326844931,0.0069092740304768085,0.0069092740304768085,0
2023-06-29 23:00:00+01:00,0.0069092740304768085,0.006910229567438364,0.006906077265739441,0.006908033043146133,0.006908033043146133,0
2023-06-30 00:00:00+01:00,0.006908081471920013,0.006912044249475002,0.0069046467542648315,0.006906602066010237,0.006906602066010237,0
2023-06-30 01:00:00+01:00,0.006906602066010237,0.006911232136189938,0.006900310982018709,0.0069022164680063725,0.0069022164680063725,0
2023-06-30 02:00:00+01:00,0.0069022634997963905,0.006906697526574135,0.006893366575241089,0.006906506605446339,0.006906506605446339,0
2023-06-30 03:00:00+01:00,0.006906458642333746,0.006910276599228382,0.0069022164680063725,0.006908510811626911,0.006908510811626911,0
2023-06-30 04:00:00+01:00,0.006908414885401726,0.006910085678100586,0.006905743386596441,0.006907508242875338,0.006907508242875338,0
2023-06-30 05:00:00+01:00,0.00690755620598793,0.006913239136338234,0.006905934773385525,0.00690989475697279,0.00690989475697279,0
2023-06-30 06:00:00+01:00,0.006909990217536688,0.006914816331118345,0.006909131538122892,0.0069122351706027985,0.0069122351706027985,0
2023-06-30 07:00:00+01:00,0.006912044249475002,0.006923481356352568,0.0069084628485143185,0.006916490383446217,0.006916490383446217,0
2023-06-30 08:00:00+01:00,0.006916490383446217,0.006918021477758884,0.006902692839503288,0.006903836503624916,0.006903836503624916,0
2023-06-30 09:00:00+01:00,0.006903931498527527,0.006914577446877956,0.006901073269546032,0.006914194673299789,0.006914194673299789,0
2023-06-30 10:00:00+01:00,0.0069142901338636875,0.006916442885994911,0.0069088926538825035,0.006909369491040707,0.006909369491040707,0
2023-06-30 11:00:00+01:00,0.006909417919814587,0.006916155107319355,0.006908319424837828,0.00691433809697628,0.00691433809697628,0
2023-06-30 12:00:00+01:00,0.006914194673299789,0.0069150072522461414,0.0069092269986867905,0.006909799296408892,0.006909799296408892,0
2023-06-30 13:00:00+01:00,0.006909847725182772,0.006928086746484041,0.006908844690769911,0.006922475062310696,0.006922475062310696,0
2023-06-30 14:00:00+01:00,0.00692242756485939,0.006928662303835154,0.006915820762515068,0.006920510903000832,0.006920510903000832,0
2023-06-30 15:00:00+01:00,0.006920128129422665,0.006934812758117914,0.006916777230799198,0.006918500177562237,0.006918500177562237,0
2023-06-30 16:00:00+01:00,0.006918500177562237,0.006922043859958649,0.006914385594427586,0.006921852007508278,0.006921852007508278,0
2023-06-30 17:00:00+01:00,0.006921852007508278,0.006929046008735895,0.006917925551533699,0.006928758230060339,0.006928758230060339,0
2023-06-30 18:00:00+01:00,0.006928758230060339,0.006932504940778017,0.006927030626684427,0.006929334718734026,0.006929334718734026,0
2023-06-30 19:00:00+01:00,0.006929527036845684,0.006933274213224649,0.006928326096385717,0.006930102594196796,0.006930102594196796,0
2023-06-30 20:00:00+01:00,0.006930198986083269,0.0069327931851148605,0.006929430644959211,0.006931543815881014,0.006931543815881014,0
2023-06-30 21:00:00+01:00,0.0069314963184297085,0.006931976415216923,0.006927558686584234,0.0069304876960814,0.0069304876960814,0
2023-07-03 00:00:00+01:00,0.006928086746484041,0.006929670460522175,0.006924968212842941,0.006925447378307581,0.006925447378307581,0
2023-07-03 01:00:00+01:00,0.006925591733306646,0.006933851167559624,0.006921469233930111,0.006923194043338299,0.006923194043338299,0
2023-07-03 02:00:00+01:00,0.006923194043338299,0.006924872286617756,0.006918308325111866,0.006919888313859701,0.006919888313859701,0
2023-07-03 03:00:00+01:00,0.006920032203197479,0.006920989602804184,0.00691128009930253,0.006912522483617067,0.006912522483617067,0
2023-07-03 04:00:00+01:00,0.006912665441632271,0.0069176387041807175,0.006911184638738632,0.0069150072522461414,0.0069150072522461414,0
2023-07-03 05:00:00+01:00,0.006914911791682243,0.006924488581717014,0.006914481986314058,0.006923337932676077,0.006923337932676077,0
2023-07-03 06:00:00+01:00,0.006923337932676077,0.006927079055458307,0.006914673373103142,0.006916681304574013,0.006916681304574013,0
2023-07-03 07:00:00+01:00,0.006916634272783995,0.0069213733077049255,0.006907460745424032,0.006909131538122892,0.006909131538122892,0
2023-07-03 08:00:00+01:00,0.006909131538122892,0.006911948788911104,0.006903788540512323,0.006904694717377424,0.006904694717377424,0
2023-07-03 09:00:00+01:00,0.006904599256813526,0.006910706404596567,0.006902073044329882,0.006910276599228382,0.006910276599228382,0
2023-07-03 10:00:00+01:00,0.006910085678100586,0.006918403785675764,0.006908319424837828,0.006915964186191559,0.006915964186191559,0
2023-07-03 11:00:00+01:00,0.0069160121493041515,0.006916968617588282,0.00690836738795042,0.0069093224592506886,0.0069093224592506886,0
2023-07-03 12:00:00+01:00,0.006909179035574198,0.00690989475697279,0.006900692358613014,0.006903502624481916,0.006903502624481916,0
2023-07-03 13:00:00+01:00,0.006903360132128,0.006919457111507654,0.006902502384036779,0.006916394457221031,0.006916394457221031,0
2023-07-03 14:00:00+01:00,0.006916155107319355,0.006927798967808485,0.006914003286510706,0.00692530395463109,0.00692530395463109,0
2023-07-03 15:00:00+01:00,0.00692530395463109,0.006945312954485416,0.00692065479233861,0.006922523491084576,0.006922523491084576,0
2023-07-03 16:00:00+01:00,0.006922523491084576,0.006923002190887928,0.006915581412613392,0.006920079700648785,0.006920079700648785,0
2023-07-03 17:00:00+01:00,0.006920271087437868,0.006920702289789915,0.006910754833370447,0.006911518517881632,0.006911518517881632,0
2023-07-03 18:00:00+01:00,0.006911661941558123,0.00691472040489316,0.006910563912242651,0.006911948788911104,0.006911948788911104,0
2023-07-03 19:00:00+01:00,0.006912092212587595,0.006912808865308762,0.006909655872732401,0.006910085678100586,0.006910085678100586,0
2023-07-03 20:00:00+01:00,0.006909990217536688,0.006911375559866428,0.006908701732754707,0.006908749230206013,0.006908749230206013,0
2023-07-03 21:00:00+01:00,0.0069088926538825035,0.00691381236538291,0.006908319424837828,0.006913286633789539,0.006913286633789539,0
2023-07-03 22:00:00+01:00,0.006912617944180965,0.00691472040489316,0.006911041215062141,0.006912999786436558,0.006912999786436558,0
2023-07-03 23:00:00+01:00,0.006913047283887863,0.006915246602147818,0.006910850293934345,0.006912665441632271,0.006912665441632271,0
2023-07-04 00:00:00+01:00,0.006912522483617067,0.006917207967489958,0.006912092212587595,0.006915820762515068,0.006915820762515068,0
2023-07-04 01:00:00+01:00,0.006915772799402475,0.006924152839928865,0.00691476883366704,0.00692242756485939,0.00692242756485939,0
2023-07-04 02:00:00+01:00,0.0069223311729729176,0.006923721171915531,0.006917303428053856,0.006917399354279041,0.006917399354279041,0
2023-07-04 03:00:00+01:00,0.006917447317391634,0.0069177341647446156,0.0069134775549173355,0.00691610760986805,0.00691610760986805,0
2023-07-04 04:00:00+01:00,0.006916203536093235,0.006917112041264772,0.006912569515407085,0.0069127134047448635,0.0069127134047448635,0
2023-07-04 05:00:00+01:00,0.006912569515407085,0.006917112041264772,0.006911948788911104,0.006913143675774336,0.006913143675774336,0
2023-07-04 06:00:00+01:00,0.006913191173225641,0.006915628910064697,0.006912426091730595,0.006913573015481234,0.006913573015481234,0
2023-07-04 07:00:00+01:00,0.006913668476045132,0.006928518880158663,0.006913239136338234,0.006925735156983137,0.006925735156983137,0
2023-07-04 08:00:00+01:00,0.006925447378307581,0.006926646921783686,0.006918069440871477,0.006920606829226017,0.006920606829226017,0
2023-07-04 09:00:00+01:00,0.006920606829226017,0.006926694419234991,0.006920463405549526,0.006926023401319981,0.006926023401319981,0
2023-07-04 10:00:00+01:00,0.006925927475094795,0.006930102594196796,0.006924008950591087,0.006924104876816273,0.006924104876816273,0
2023-07-04 11:00:00+01:00,0.006924104876816273,0.006927126552909613,0.0069227623753249645,0.006923194043338299,0.006923194043338299,0
2023-07-04 12:00:00+01:00,0.006923289969563484,0.006928086746484041,0.006922043859958649,0.006924632005393505,0.006924632005393505,0
2023-07-04 13:00:00+01:00,0.006924823857843876,0.006930006667971611,0.00692290673032403,0.006928662303835154,0.006928662303835154,0
2023-07-04 14:00:00+01:00,0.006928662303835154,0.00693356292322278,0.006925543304532766,0.006929527036845684,0.006929527036845684,0
2023-07-04 15:00:00+01:00,0.006929382681846619,0.006935293786227703,0.00692530395463109,0.006926598958671093,0.006926598958671093,0
2023-07-04 16:00:00+01:00,0.006926646921783686,0.00692760618403554,0.0069207982160151005,0.006924632005393505,0.006924632005393505,0
2023-07-04 17:00:00+01:00,0.006924632005393505,0.006926646921783686,0.006918308325111866,0.006919744424521923,0.006919744424521923,0
2023-07-04 18:00:00+01:00,0.006919840816408396,0.0069228108040988445,0.00691706407815218,0.006918739061802626,0.006918739061802626,0
2023-07-04 19:00:00+01:00,0.00691869156435132,0.006923769600689411,0.006918403785675764,0.006922043859958649,0.006922043859958649,0
2023-07-04 20:00:00+01:00,0.006922091823071241,0.0069247279316186905,0.006919936742633581,0.006921181920915842,0.006921181920915842,0
2023-07-04 21:00:00+01:00,0.0069212294183671474,0.006925687193870544,0.006921181920915842,0.006923529785126448,0.006923529785126448,0
2023-07-04 22:00:00+01:00,0.006924008950591087,0.006925543304532766,0.00692242756485939,0.006923289969563484,0.006923289969563484,0
2023-07-04 23:00:00+01:00,0.006922954227775335,0.0069247763603925705,0.0069212778471410275,0.006921947933733463,0.006921947933733463,0
2023-07-05 00:00:00+01:00,0.006922043859958649,0.006926166824996471,0.006920510903000832,0.006925015710294247,0.006925015710294247,0
2023-07-05 01:00:00+01:00,0.006924919784069061,0.006926646921783686,0.0069176387041807175,0.006922235246747732,0.006922235246747732,0
2023-07-05 02:00:00+01:00,0.006922283675521612,0.006923769600689411,0.006913621444255114,0.006915628910064697,0.006915628910064697,0
2023-07-05 03:00:00+01:00,0.006915820762515068,0.006919457111507654,0.006914051715284586,0.006918930448591709,0.006918930448591709,0
2023-07-05 04:00:00+01:00,0.006919936742633581,0.0069204154424369335,0.0069163464941084385,0.006919122766703367,0.006919122766703367,0
2023-07-05 05:00:00+01:00,0.006919170264154673,0.0069223311729729176,0.006918356288224459,0.006919265724718571,0.006919265724718571,0
2023-07-05 06:00:00+01:00,0.006919218227267265,0.006919936742633581,0.006912522483617067,0.006913239136338234,0.006913239136338234,0
2023-07-05 07:00:00+01:00,0.0069134775549173355,0.00691625103354454,0.0069096083752810955,0.006912808865308762,0.006912808865308762,0
2023-07-05 08:00:00+01:00,0.006912808865308762,0.006924104876816273,0.0069092269986867905,0.0069228108040988445,0.0069228108040988445,0
2023-07-05 09:00:00+01:00,0.006922954227775335,0.006932409014552832,0.006922954227775335,0.006927174981683493,0.006927174981683493,0
2023-07-05 10:00:00+01:00,0.0069273184053599834,0.006934620440006256,0.006925447378307581,0.0069308714009821415,0.0069308714009821415,0
2023-07-05 11:00:00+01:00,0.006930823437869549,0.006933226250112057,0.006926070898771286,0.006933129858225584,0.006933129858225584,0
2023-07-05 12:00:00+01:00,0.006933082360774279,0.006933610420674086,0.006919936742633581,0.006920559331774712,0.006920559331774712,0
2023-07-05 13:00:00+01:00,0.006920606829226017,0.00692760618403554,0.006915772799402475,0.006925159599632025,0.006925159599632025,0
2023-07-05 14:00:00+01:00,0.00692530395463109,0.006940106861293316,0.006925063673406839,0.006937699392437935,0.006937699392437935,0
2023-07-05 15:00:00+01:00,0.006937650963664055,0.006941069848835468,0.006920559331774712,0.006922475062310696,0.006922475062310696,0
2023-07-05 16:00:00+01:00,0.00692242756485939,0.006923769600689411,0.006916490383446217,0.006917494814842939,0.006917494814842939,0
2023-07-05 17:00:00+01:00,0.0069176387041807175,0.006918978877365589,0.006913095712661743,0.006914003286510706,0.006914003286510706,0
2023-07-05 18:00:00+01:00,0.006914051715284586,0.006919457111507654,0.006913047283887863,0.00691610760986805,0.00691610760986805,0
2023-07-05 19:00:00+01:00,0.006916203536093235,0.006920894142240286,0.006911327596753836,0.006912617944180965,0.006912617944180965,0
2023-07-05 20:00:00+01:00,0.006912569515407085,0.006914673373103142,0.006911041215062141,0.006912665441632271,0.006912665441632271,0
2023-07-05 21:00:00+01:00,0.006912665441632271,0.006914864294230938,0.006910945754498243,0.006914864294230938,0.006914864294230938,0
2023-07-05 22:00:00+01:00,0.006913382094353437,0.006919218227267265,0.006913382094353437,0.006918212864547968,0.006918212864547968,0
2023-07-05 23:00:00+01:00,0.0069177825935184956,0.0069204154424369335,0.006914673373103142,0.006918212864547968,0.006918212864547968,0
2023-07-06 00:00:00+01:00,0.0069176387041807175,0.00692578312009573,0.006916872691363096,0.00692065479233861,0.00692065479233861,0
2023-07-06 01:00:00+01:00,0.006920702289789915,0.006935293786227703,0.006919792853295803,0.0069334181025624275,0.0069334181025624275,0
2023-07-06 02:00:00+01:00,0.0069334181025624275,0.006934331730008125,0.006923050154000521,0.006924680434167385,0.006924680434167385,0
2023-07-06 03:00:00+01:00,0.0069247279316186905,0.006933947093784809,0.006923194043338299,0.0069327931851148605,0.0069327931851148605,0
2023-07-06 04:00:00+01:00,0.006932985503226519,0.006937218364328146,0.006931208074092865,0.006933322176337242,0.006933322176337242,0
2023-07-06 05:00:00+01:00,0.006933370605111122,0.006948255933821201,0.006933226250112057,0.0069464221596717834,0.0069464221596717834,0
2023-07-06 06:00:00+01:00,0.006946036592125893,0.006960008293390274,0.006945650093257427,0.0069581675343215466,0.0069581675343215466,0
2023-07-06 07:00:00+01:00,0.0069581675343215466,0.006963109597563744,0.006949463859200478,0.006952313706278801,0.006952313706278801,0
2023-07-06 08:00:00+01:00,0.006952313706278801,0.006966116838157177,0.006945409346371889,0.006948546506464481,0.006948546506464481,0
2023-07-06 09:00:00+01:00,0.0069487872533500195,0.006950670853257179,0.006941359490156174,0.006944299675524235,0.006944299675524235,0
2023-07-06 10:00:00+01:00,0.00694454088807106,0.00694724265486002,0.006938036531209946,0.0069391923025250435,0.0069391923025250435,0
2023-07-06 11:00:00+01:00,0.006939047481864691,0.006954005919396877,0.006939047481864691,0.006952555850148201,0.006952555850148201,0
2023-07-06 12:00:00+01:00,0.006952652242034674,0.006960492115467787,0.006950332783162594,0.006959765683859587,0.006959765683859587,0
2023-07-06 13:00:00+01:00,0.006959911435842514,0.006962333340197802,0.00692789489403367,0.006935005076229572,0.006935005076229572,0
2023-07-06 14:00:00+01:00,0.006935053039342165,0.006942033767700195,0.006929670460522175,0.006933995522558689,0.006933995522558689,0
2023-07-06 15:00:00+01:00,0.006933610420674086,0.0069361599162220955,0.006913095712661743,0.00693101529031992,0.00693101529031992,0
2023-07-06 16:00:00+01:00,0.006930919364094734,0.006946711800992489,0.006927942391484976,0.0069400109350681305,0.0069400109350681305,0
2023-07-06 17:00:00+01:00,0.0069400109350681305,0.0069465674459934235,0.006936544552445412,0.00693952850997448,0.00693952850997448,0
2023-07-06 18:00:00+01:00,0.006939336191862822,0.006941069848835468,0.006934235338121653,0.006935726851224899,0.006935726851224899,0
2023-07-06 19:00:00+01:00,0.006935871206223965,0.006939624901860952,0.0069334181025624275,0.006937362253665924,0.006937362253665924,0
2023-07-06 20:00:00+01:00,0.006937410682439804,0.006941552273929119,0.006936592981219292,0.006939384620636702,0.006939384620636702,0
2023-07-06 21:00:00+01:00,0.006939432583749294,0.006943094544112682,0.006937844213098288,0.006943094544112682,0.006943094544112682,0
2023-07-06 22:00:00+01:00,0.006941648665815592,0.00694458931684494,0.006939769722521305,0.006942467764019966,0.006942467764019966,0
2023-07-06 23:00:00+01:00,0.006943239364773035,0.006943962536752224,0.006940588355064392,0.006941407453268766,0.006941407453268766,0
2023-07-07 00:00:00+01:00,0.006941263098269701,0.006950719747692347,0.006941214669495821,0.006945698522031307,0.006945698522031307,0
2023-07-07 01:00:00+01:00,0.00694579491391778,0.00695439288392663,0.006934716831892729,0.00694092595949769,0.00694092595949769,0
2023-07-07 02:00:00+01:00,0.006941069848835468,0.006945891305804253,0.006939288228750229,0.0069437213242053986,0.0069437213242053986,0
2023-07-07 03:00:00+01:00,0.0069437213242053986,0.006948304828256369,0.006941118277609348,0.00694454088807106,0.00694454088807106,0
2023-07-07 04:00:00+01:00,0.0069444929249584675,0.006951202638447285,0.006944348104298115,0.006948690861463547,0.006948690861463547,0
2023-07-07 05:00:00+01:00,0.0069487872533500195,0.006954587064683437,0.0069465674459934235,0.006952458992600441,0.006952458992600441,0
2023-07-07 06:00:00+01:00,0.006952362600713968,0.006967475637793541,0.006951395887881517,0.006965243257582188,0.006965243257582188,0
2023-07-07 07:00:00+01:00,0.006965243257582188,0.006975932512432337,0.006961412727832794,0.0069734519347548485,0.0069734519347548485,0
2023-07-07 08:00:00+01:00,0.0069734519347548485,0.00698646018281579,0.006967524532228708,0.006981631275266409,0.006981631275266409,0
2023-07-07 09:00:00+01:00,0.006981728598475456,0.006995942443609238,0.006980510428547859,0.006995012518018484,0.006995012518018484,0
2023-07-07 10:00:00+01:00,0.006995061878114939,0.00699937017634511,0.006986801978200674,0.006987826898694038,0.006987826898694038,0
2023-07-07 11:00:00+01:00,0.006987778469920158,0.006989585235714912,0.006981582846492529,0.0069821677170693874,0.0069821677170693874,0
2023-07-07 12:00:00+01:00,0.006982216611504555,0.006985972169786692,0.0069754463620483875,0.006981485523283482,0.006981485523283482,0
2023-07-07 13:00:00+01:00,0.006981436163187027,0.007013704627752304,0.006974716670811176,0.006981631275266409,0.006981631275266409,0
2023-07-07 14:00:00+01:00,0.006981485523283482,0.007025925442576408,0.006972625385969877,0.007010558154433966,0.007010558154433966,0
2023-07-07 15:00:00+01:00,0.007010704837739468,0.007037793286144733,0.007005499675869942,0.00703135970979929,0.00703135970979929,0
2023-07-07 16:00:00+01:00,0.007031458429992199,0.007034327369183302,0.007025531027466059,0.007031409535557032,0.007031409535557032,0
2023-07-07 17:00:00+01:00,0.007031508255749941,0.007039279211312532,0.007030618377029896,0.007037000264972448,0.007037000264972448,0
2023-07-07 18:00:00+01:00,0.007036901544779539,0.0070382882840931416,0.007032645400613546,0.00703516835346818,0.00703516835346818,0
2023-07-07 19:00:00+01:00,0.0070350696332752705,0.007037297356873751,0.007034080568701029,0.007035811897367239,0.007035811897367239,0
2023-07-07 20:00:00+01:00,0.0070359110832214355,0.0070382882840931416,0.007033832836896181,0.0070359609089791775,0.0070359609089791775,0
2023-07-07 21:00:00+01:00,0.00703571317717433,0.0070394775830209255,0.007035465911030769,0.0070368023589253426,0.0070368023589253426,0
2023-07-10 00:00:00+01:00,0.007032991852611303,0.007034921552985907,0.007028048858046532,0.007031853776425123,0.007031853776425123,0
2023-07-10 01:00:00+01:00,0.007031853776425123,0.007036406546831131,0.007015525363385677,0.007018036209046841,0.007018036209046841,0
2023-07-10 02:00:00+01:00,0.007018085569143295,0.007021140772849321,0.007011884823441505,0.007017544005066156,0.007017544005066156,0
2023-07-10 03:00:00+01:00,0.0070174941793084145,0.007019169628620148,0.006997753866016865,0.007002213038504124,0.007002213038504124,0
2023-07-10 04:00:00+01:00,0.007002163678407669,0.007007806561887264,0.00699873361736536,0.0070043220184743404,0.0070043220184743404,0
2023-07-10 05:00:00+01:00,0.0070043704472482204,0.007004419807344675,0.006992762442678213,0.0069935936480760574,0.0069935936480760574,0
2023-07-10 06:00:00+01:00,0.006993789691478014,0.007008297834545374,0.0069935936480760574,0.007005548104643822,0.007005548104643822,0
2023-07-10 07:00:00+01:00,0.00700579397380352,0.007023457903414965,0.007005597464740276,0.007020499557256699,0.007020499557256699,0
2023-07-10 08:00:00+01:00,0.0070205493830144405,0.007030865643173456,0.007017593365162611,0.007027702871710062,0.007027702871710062,0
2023-07-10 09:00:00+01:00,0.007027702871710062,0.0070288884453475475,0.007016853895038366,0.0070264688692986965,0.0070264688692986965,0
2023-07-10 10:00:00+01:00,0.007026567589491606,0.007030371110886335,0.007016017101705074,0.007018036209046841,0.007018036209046841,0
2023-07-10 11:00:00+01:00,0.007018134463578463,0.007022472098469734,0.007012622430920601,0.0070203025825321674,0.0070203025825321674,0
2023-07-10 12:00:00+01:00,0.007020253222435713,0.007036059629172087,0.007018479518592358,0.0070359110832214355,0.0070359110832214355,0
2023-07-10 13:00:00+01:00,0.007035763002932072,0.007039279211312532,0.007016853895038366,0.007021633442491293,0.007021633442491293,0
2023-07-10 14:00:00+01:00,0.007021682802587748,0.007061149924993515,0.007021485827863216,0.0070564658381044865,0.0070564658381044865,0
2023-07-10 15:00:00+01:00,0.007056864444166422,0.0070646414533257484,0.007051738444715738,0.007057362236082554,0.007057362236082554,0
2023-07-10 16:00:00+01:00,0.007057461887598038,0.007066638674587011,0.00705726258456707,0.007064042612910271,0.007064042612910271,0
2023-07-10 17:00:00+01:00,0.0070641920901834965,0.007071635685861111,0.00706159882247448,0.007068336941301823,0.007068336941301823,0
2023-07-10 18:00:00+01:00,0.007068286649882793,0.007077140733599663,0.0070675876922905445,0.007074087392538786,0.007074087392538786,0
2023-07-10 19:00:00+01:00,0.00707398634403944,0.007077642250806093,0.007071135565638542,0.007076689973473549,0.007076689973473549,0
2023-07-10 20:00:00+01:00,0.007076689973473549,0.007079144939780235,0.007075688801705837,0.007077291142195463,0.007077291142195463,0
2023-07-10 21:00:00+01:00,0.007077191025018692,0.007078994531184435,0.0070753879845142365,0.007076589856296778,0.007076589856296778,0
2023-07-10 22:00:00+01:00,0.007076840382069349,0.0070803482085466385,0.007074087392538786,0.007076189387589693,0.007076189387589693,0
2023-07-10 23:00:00+01:00,0.007076189387589693,0.007082153111696243,0.0070753879845142365,0.007076689973473549,0.007076689973473549,0
2023-07-11 00:00:00+01:00,0.007076439913362265,0.007082153111696243,0.007075438275933266,0.007076840382069349,0.007076840382069349,0
2023-07-11 01:00:00+01:00,0.00707699079066515,0.007085163611918688,0.007069186307489872,0.007074687629938126,0.007074687629938126,0
2023-07-11 02:00:00+01:00,0.007074887398630381,0.007089181803166866,0.007074537221342325,0.007088981103152037,0.007088981103152037,0
2023-07-11 03:00:00+01:00,0.007088880520313978,0.007112021557986736,0.007086017169058323,0.0071114650927484035,0.0071114650927484035,0
2023-07-11 04:00:00+01:00,0.007111566606909037,0.007112374994903803,0.007098239380866289,0.00710277771577239,0.00710277771577239,0
2023-07-11 05:00:00+01:00,0.0071027264930307865,0.007112476509064436,0.007101667579263449,0.00710434140637517,0.00710434140637517,0
2023-07-11 06:00:00+01:00,0.007104493211954832,0.0071141463704407215,0.00709849176928401,0.007099197246134281,0.007099197246134281,0
2023-07-11 07:00:00+01:00,0.007099146489053965,0.00711338734254241,0.007094965782016516,0.007112830877304077,0.007112830877304077,0
2023-07-11 08:00:00+01:00,0.007112729363143444,0.0071219997480511665,0.007100911345332861,0.007115968503057957,0.007115968503057957,0
2023-07-11 09:00:00+01:00,0.007115867454558611,0.00712088355794549,0.007111059967428446,0.007115006912499666,0.007115006912499666,0
2023-07-11 10:00:00+01:00,0.007114956621080637,0.007123623043298721,0.007112931925803423,0.0071219997480511665,0.0071219997480511665,0
2023-07-11 11:00:00+01:00,0.007121847942471504,0.007135721389204264,0.007120833266526461,0.007123775780200958,0.007123775780200958,0
2023-07-11 12:00:00+01:00,0.007123826537281275,0.007131650112569332,0.00712032662704587,0.007122963201254606,0.007122963201254606,0
2023-07-11 13:00:00+01:00,0.007123064715415239,0.007128091994673014,0.007110402919352055,0.007118501700460911,0.007118501700460911,0
2023-07-11 14:00:00+01:00,0.00711870426312089,0.007123318966478109,0.007095167879015207,0.00710065895691514,0.00710065895691514,0
2023-07-11 15:00:00+01:00,0.007100557908415794,0.007112931925803423,0.007094513159245253,0.00711197080090642,0.00711197080090642,0
2023-07-11 16:00:00+01:00,0.007112325169146061,0.007118957582861185,0.007107320707291365,0.007116475608199835,0.007116475608199835,0
2023-07-11 17:00:00+01:00,0.007116525899618864,0.007127075921744108,0.007114197127521038,0.0071257553063333035,0.0071257553063333035,0
2023-07-11 18:00:00+01:00,0.0071261110715568066,0.007128600031137466,0.00712301442399621,0.0071257040835917,0.0071257040835917,0
2023-07-11 19:00:00+01:00,0.007125805597752333,0.007128600031137466,0.00711951544508338,0.007120123133063316,0.007120123133063316,0
2023-07-11 20:00:00+01:00,0.0071199205704033375,0.007124029565602541,0.007118400186300278,0.007123369723558426,0.007123369723558426,0
2023-07-11 21:00:00+01:00,0.007123369723558426,0.007127583492547274,0.00712301442399621,0.007124131079763174,0.007124131079763174,0
2023-07-11 22:00:00+01:00,0.007126567419618368,0.007127736229449511,0.007123369723558426,0.007125400006771088,0.007125400006771088,0
2023-07-11 23:00:00+01:00,0.007125349249690771,0.0071326675824820995,0.0071249427273869514,0.007131599821150303,0.007131599821150303,0
2023-07-12 00:00:00+01:00,0.007131853606551886,0.007139797322452068,0.007128295488655567,0.007136841770261526,0.007136841770261526,0
2023-07-12 01:00:00+01:00,0.007136689033359289,0.0071630156598985195,0.007134601473808289,0.007156300824135542,0.007156300824135542,0
2023-07-12 02:00:00+01:00,0.007156454958021641,0.007175557315349579,0.007156198378652334,0.007170308846980333,0.007170308846980333,0
2023-07-12 03:00:00+01:00,0.0071703605353832245,0.007172571960836649,0.0071557373739778996,0.007163632195442915,0.007163632195442915,0
2023-07-12 04:00:00+01:00,0.007163632195442915,0.00716897239908576,0.0071605537086725235,0.007160605397075415,0.007160605397075415,0
2023-07-12 05:00:00+01:00,0.0071607595309615135,0.007171132136136293,0.007159631233662367,0.007168613374233246,0.007168613374233246,0
2023-07-12 06:00:00+01:00,0.007168613374233246,0.007173601537942886,0.007163169793784618,0.007169024087488651,0.007169024087488651,0
2023-07-12 07:00:00+01:00,0.007169075310230255,0.007178750820457935,0.0071664550341665745,0.007171337492763996,0.007171337492763996,0
2023-07-12 08:00:00+01:00,0.007171389181166887,0.007175660226494074,0.007155378814786673,0.007164966315031052,0.007164966315031052,0
2023-07-12 09:00:00+01:00,0.007164966315031052,0.007166917435824871,0.007156454958021641,0.007163067348301411,0.007163067348301411,0
2023-07-12 10:00:00+01:00,0.007163067348301411,0.00716383708640933,0.007156864274293184,0.007161117624491453,0.007161117624491453,0
2023-07-12 11:00:00+01:00,0.007161271758377552,0.0071674310602247715,0.0071585034020245075,0.007166197989135981,0.007166197989135981,0
2023-07-12 12:00:00+01:00,0.007166095543652773,0.007171029224991798,0.007163375150412321,0.007167533505707979,0.007167533505707979,0
2023-07-12 13:00:00+01:00,0.007167636416852474,0.007206220645457506,0.007161220069974661,0.007180142682045698,0.007180142682045698,0
2023-07-12 14:00:00+01:00,0.0071802460588514805,0.007204195950180292,0.00717560900375247,0.007203521206974983,0.007203521206974983,0
2023-07-12 15:00:00+01:00,0.007203781045973301,0.007227522321045399,0.007194658275693655,0.007223763037472963,0.007223763037472963,0
2023-07-12 16:00:00+01:00,0.007223658729344606,0.0072385091334581375,0.007217871490865946,0.007235156837850809,0.007235156837850809,0
2023-07-12 17:00:00+01:00,0.007235156837850809,0.007236413657665253,0.007220946718007326,0.0072254338301718235,0.0072254338301718235,0
2023-07-12 18:00:00+01:00,0.007225329522043467,0.007231181021779776,0.007220841944217682,0.007229507435113192,0.007229507435113192,0
2023-07-12 19:00:00+01:00,0.007229507435113192,0.007233273237943649,0.007225276902318001,0.007229612208902836,0.007229612208902836,0
2023-07-12 20:00:00+01:00,0.007229664828628302,0.007231703959405422,0.007221729028970003,0.007222667336463928,0.007222667336463928,0
2023-07-12 21:00:00+01:00,0.007222458720207214,0.007223867811262608,0.007217402569949627,0.007222980260848999,0.007222980260848999,0
2023-07-12 22:00:00+01:00,0.007222197949886322,0.00722689600661397,0.007221259642392397,0.00722470274195075,0.00722470274195075,0
2023-07-12 23:00:00+01:00,0.007224545814096928,0.0072291940450668335,0.007222250569611788,0.007226373068988323,0.007226373068988323,0
2023-07-13 00:00:00+01:00,0.007226947695016861,0.007231703959405422,0.007223502732813358,0.0072294557467103004,0.0072294557467103004,0
2023-07-13 01:00:00+01:00,0.007229403126984835,0.007242912892252207,0.007216309197247028,0.007217923179268837,0.007217923179268837,0
2023-07-13 02:00:00+01:00,0.007217923179268837,0.00722470274195075,0.0072112614288926125,0.007220269180834293,0.007220269180834293,0
2023-07-13 03:00:00+01:00,0.00722037348896265,0.0072234501130878925,0.007212093099951744,0.007219591643661261,0.007219591643661261,0
2023-07-13 04:00:00+01:00,0.007219747174531221,0.007227000314742327,0.007218288257718086,0.007219851482659578,0.007219851482659578,0
2023-07-13 05:00:00+01:00,0.007219904102385044,0.007227000314742327,0.00721781887114048,0.0072192782536149025,0.0072192782536149025,0
2023-07-13 06:00:00+01:00,0.0072190179489552975,0.007220216561108828,0.007203521206974983,0.007204195950180292,0.007204195950180292,0
2023-07-13 07:00:00+01:00,0.0072042993269860744,0.007231703959405422,0.007202898617833853,0.007225746754556894,0.007225746754556894,0
2023-07-13 08:00:00+01:00,0.007225851062685251,0.007233796175569296,0.00721667381003499,0.007226947695016861,0.007226947695016861,0
2023-07-13 09:00:00+01:00,0.007227052003145218,0.007234842982143164,0.00721860071644187,0.007226582150906324,0.007226582150906324,0
2023-07-13 10:00:00+01:00,0.00722647737711668,0.007227522321045399,0.007213809993118048,0.00721969548612833,0.00721969548612833,0
2023-07-13 11:00:00+01:00,0.007219799794256687,0.0072243898175656796,0.00721417460590601,0.0072192782536149025,0.0072192782536149025,0
2023-07-13 12:00:00+01:00,0.007219226565212011,0.0072254338301718235,0.0072153713554143906,0.00722047733142972,0.00722047733142972,0
2023-07-13 13:00:00+01:00,0.007220581639558077,0.007234320044517517,0.007196522783488035,0.00721302954480052,0.00721302954480052,0
2023-07-13 14:00:00+01:00,0.0072129773907363415,0.007241339888423681,0.007211469113826752,0.0072385091334581375,0.0072385091334581375,0
2023-07-13 15:00:00+01:00,0.0072387708351016045,0.00724385678768158,0.0072243898175656796,0.0072364662773907185,0.0072364662773907185,0
2023-07-13 16:00:00+01:00,0.007236571051180363,0.0072433846071362495,0.007231808267533779,0.007238875608891249,0.007238875608891249,0
2023-07-13 17:00:00+01:00,0.007239033002406359,0.0072451694868505,0.007237565703690052,0.007242912892252207,0.007242912892252207,0
2023-07-13 18:00:00+01:00,0.007242965046316385,0.007244066800922155,0.007236622739583254,0.007242388091981411,0.007242388091981411,0
2023-07-13 19:00:00+01:00,0.007242073304951191,0.007250632159411907,0.0072409724816679955,0.007245694287121296,0.007245694287121296,0
2023-07-13 20:00:00+01:00,0.00724579906091094,0.007248740643262863,0.007243175059556961,0.007245011627674103,0.007245011627674103,0
2023-07-13 21:00:00+01:00,0.0072451694868505,0.007247584406286478,0.007242440711706877,0.007244539447128773,0.007244539447128773,0
2023-07-13 22:00:00+01:00,0.0072441715747118,0.007249160669744015,0.007243122905492783,0.0072433846071362495,0.0072433846071362495,0
2023-07-13 23:00:00+01:00,0.007243490312248468,0.007249055430293083,0.007241496350616217,0.007245326414704323,0.007245326414704323,0
2023-07-14 00:00:00+01:00,0.007244487293064594,0.007252367679029703,0.007242283318191767,0.007242860272526741,0.007242860272526741,0
2023-07-14 01:00:00+01:00,0.007243018131703138,0.007265382446348667,0.007240342907607555,0.00726316636428237,0.00726316636428237,0
2023-07-14 02:00:00+01:00,0.007263219449669123,0.007286664564162493,0.007259949576109648,0.00727399718016386,0.00727399718016386,0
2023-07-14 03:00:00+01:00,0.00727399718016386,0.007278761826455593,0.0072639575228095055,0.007266121916472912,0.007266121916472912,0
2023-07-14 04:00:00+01:00,0.007266175001859665,0.0072797685861587524,0.007264063227921724,0.00727621978148818,0.00727621978148818,0
2023-07-14 05:00:00+01:00,0.00727621978148818,0.007276696152985096,0.007261530961841345,0.007262322120368481,0.007262322120368481,0
2023-07-14 06:00:00+01:00,0.007262427359819412,0.007268181536346674,0.0072488985024392605,0.007254472933709621,0.007254472933709621,0
2023-07-14 07:00:00+01:00,0.0072545250877738,0.007258263416588306,0.007225172594189644,0.007228201720863581,0.007228201720863581,0
2023-07-14 08:00:00+01:00,0.007228358648717403,0.007236361503601074,0.007222093641757965,0.007234529126435518,0.007234529126435518,0
2023-07-14 09:00:00+01:00,0.007234371732920408,0.007239033002406359,0.007228149101138115,0.007229873910546303,0.007229873910546303,0
2023-07-14 10:00:00+01:00,0.0072300308384001255,0.00723568070679903,0.007217455189675093,0.007219122257083654,0.007219122257083654,0
2023-07-14 11:00:00+01:00,0.007219069637358189,0.00721969548612833,0.007202379405498505,0.007214694749563932,0.007214694749563932,0
2023-07-14 12:00:00+01:00,0.007215006742626429,0.007228567264974117,0.007214747369289398,0.007218183949589729,0.007218183949589729,0
2023-07-14 13:00:00+01:00,0.007217923179268837,0.007220737636089325,0.007198647130280733,0.007204714696854353,0.007204714696854353,0
2023-07-14 14:00:00+01:00,0.007204818539321423,0.007214018143713474,0.007194658275693655,0.007212196942418814,0.007212196942418814,0
2023-07-14 15:00:00+01:00,0.007212249096482992,0.007225642446428537,0.0071861278265714645,0.007220008410513401,0.007220008410513401,0
2023-07-14 16:00:00+01:00,0.007220060098916292,0.007225381210446358,0.007206532172858715,0.007207726594060659,0.007207726594060659,0
2023-07-14 17:00:00+01:00,0.007207571063190699,0.007216569036245346,0.007207363378256559,0.007211625576019287,0.007211625576019287,0
2023-07-14 18:00:00+01:00,0.007211677264422178,0.00721417460590601,0.007204818539321423,0.007205181755125523,0.007205181755125523,0
2023-07-14 19:00:00+01:00,0.007205234374850988,0.007207934744656086,0.007203521206974983,0.007203625049442053,0.007203625049442053,0
2023-07-14 20:00:00+01:00,0.007203625049442053,0.007204974535852671,0.007199320942163467,0.0071996827609837055,0.0071996827609837055,0
2023-07-14 21:00:00+01:00,0.007199528161436319,0.007208609487861395,0.007199268788099289,0.007207467220723629,0.007207467220723629,0
2023-07-17 00:00:00+01:00,0.007206792011857033,0.007212301716208458,0.007204559165984392,0.007210689131170511,0.007210689131170511,0
2023-07-17 01:00:00+01:00,0.007210636977106333,0.007227313704788685,0.0072078825905919075,0.00722647737711668,0.00722647737711668,0
2023-07-17 02:00:00+01:00,0.007226529996842146,0.00722689600661397,0.007214121986180544,0.007217402569949627,0.007217402569949627,0
2023-07-17 03:00:00+01:00,0.007217350881546736,0.00722115533426404,0.007213966455310583,0.007218965329229832,0.007218965329229832,0
2023-07-17 04:00:00+01:00,0.007218965329229832,0.007219382096081972,0.007210169453173876,0.007212093099951744,0.007212093099951744,0
2023-07-17 05:00:00+01:00,0.007211781106889248,0.007215527817606926,0.007211312651634216,0.007213966455310583,0.007213966455310583,0
2023-07-17 06:00:00+01:00,0.007213914301246405,0.007220737636089325,0.007212353404611349,0.007215319667011499,0.007215319667011499,0
2023-07-17 07:00:00+01:00,0.007215423975139856,0.0072254338301718235,0.0072137583047151566,0.007222407031804323,0.007222407031804323,0
2023-07-17 08:00:00+01:00,0.007222354877740145,0.007224911358207464,0.007206895854324102,0.007211677264422178,0.007211677264422178,0
2023-07-17 09:00:00+01:00,0.007211729418486357,0.0072301351465284824,0.007210792973637581,0.007225276902318001,0.007225276902318001,0
2023-07-17 10:00:00+01:00,0.0072254338301718235,0.007243227679282427,0.007220894563943148,0.007239137776196003,0.007239137776196003,0
2023-07-17 11:00:00+01:00,0.0072389282286167145,0.007246901746839285,0.007237199228256941,0.007238613907247782,0.007238613907247782,0
2023-07-17 12:00:00+01:00,0.0072383517399430275,0.00724060507491231,0.007224232889711857,0.0072275749407708645,0.0072275749407708645,0
2023-07-17 13:00:00+01:00,0.007227626629173756,0.007231181021779776,0.007189279887825251,0.007190364878624678,0.007190364878624678,0
2023-07-17 14:00:00+01:00,0.007193002384155989,0.007197351194918156,0.00717324111610651,0.007186850532889366,0.007186850532889366,0
2023-07-17 15:00:00+01:00,0.007187006063759327,0.007197351194918156,0.007184011396020651,0.007188504561781883,0.007188504561781883,0
2023-07-17 16:00:00+01:00,0.007188504561781883,0.007198905572295189,0.0071844239719212055,0.007198387756943703,0.007198387756943703,0
2023-07-17 17:00:00+01:00,0.007198180537670851,0.00720616802573204,0.007192795630544424,0.007203988265246153,0.007203988265246153,0
2023-07-17 18:00:00+01:00,0.007204195950180292,0.00720876595005393,0.007199838757514954,0.007202483247965574,0.007202483247965574,0
2023-07-17 19:00:00+01:00,0.007202587090432644,0.007213289849460125,0.007202535402029753,0.0072125098668038845,0.0072125098668038845,0
2023-07-17 20:00:00+01:00,0.007212613709270954,0.007215527817606926,0.007208297960460186,0.0072125098668038845,0.0072125098668038845,0
2023-07-17 21:00:00+01:00,0.007212457247078419,0.00721292570233345,0.007208505645394325,0.007210377603769302,0.007210377603769302,0
2023-07-17 22:00:00+01:00,0.007209025789052248,0.007212821394205093,0.0072054932825267315,0.007209909614175558,0.007209909614175558,0
2023-07-17 23:00:00+01:00,0.007210324984043837,0.007215163204818964,0.0072089736349880695,0.007209077477455139,0.007209077477455139,0
2023-07-18 00:00:00+01:00,0.0072089736349880695,0.00721292570233345,0.007205700967460871,0.007208921946585178,0.007208921946585178,0
2023-07-18 01:00:00+01:00,0.007208869792521,0.0072118849493563175,0.007198231760412455,0.007203469052910805,0.007203469052910805,0
2023-07-18 02:00:00+01:00,0.0072032613679766655,0.007214902900159359,0.007199890445917845,0.0072134980000555515,0.0072134980000555515,0
2023-07-18 03:00:00+01:00,0.007213341537863016,0.007218652870506048,0.007211520802229643,0.0072167254984378815,0.0072167254984378815,0
2023-07-18 04:00:00+01:00,0.007216829340904951,0.00721969548612833,0.007213186006993055,0.007215787656605244,0.007215787656605244,0
2023-07-18 05:00:00+01:00,0.007215787656605244,0.007227000314742327,0.0072151110507547855,0.00722251133993268,0.00722251133993268,0
2023-07-18 06:00:00+01:00,0.007223345804959536,0.007231181021779776,0.007220269180834293,0.007222771644592285,0.007222771644592285,0
2023-07-18 07:00:00+01:00,0.007222980260848999,0.007231181021779776,0.00721781887114048,0.007229298818856478,0.007229298818856478,0
2023-07-18 08:00:00+01:00,0.007229298818856478,0.007237356621772051,0.007225068286061287,0.007234371732920408,0.007234371732920408,0
2023-07-18 09:00:00+01:00,0.0072347382083535194,0.0072421785444021225,0.007228880655020475,0.007232540287077427,0.007232540287077427,0
2023-07-18 10:00:00+01:00,0.0072326455265283585,0.0072385091334581375,0.007227626629173756,0.0072363088838756084,0.0072363088838756084,0
2023-07-18 11:00:00+01:00,0.0072363088838756084,0.007241129409521818,0.00723128579556942,0.007232488598674536,0.007232488598674536,0
2023-07-18 12:00:00+01:00,0.007232331205159426,0.007237461395561695,0.0072254338301718235,0.007231860887259245,0.007231860887259245,0
2023-07-18 13:00:00+01:00,0.007231913041323423,0.007263271603733301,0.007213706150650978,0.00724091986194253,0.00724091986194253,0
2023-07-18 14:00:00+01:00,0.0072409724816679955,0.007256367709487677,0.007200098130851984,0.007210585288703442,0.007210585288703442,0
2023-07-18 15:00:00+01:00,0.007210740819573402,0.007220216561108828,0.007195953279733658,0.007213445380330086,0.007213445380330086,0
2023-07-18 16:00:00+01:00,0.00721417460590601,0.007216569036245346,0.007196107879281044,0.007197351194918156,0.007197351194918156,0
2023-07-18 17:00:00+01:00,0.007197454571723938,0.007204610854387283,0.0071877287700772285,0.007188814226537943,0.007188814226537943,0
2023-07-18 18:00:00+01:00,0.007188968826085329,0.007202016189694405,0.007187315728515387,0.007199838757514954,0.007199838757514954,0
2023-07-18 19:00:00+01:00,0.007199735380709171,0.007207207381725311,0.007197143975645304,0.007202794309705496,0.007202794309705496,0
2023-07-18 20:00:00+01:00,0.007202587090432644,0.0072040921077132225,0.0071931579150259495,0.007197817787528038,0.007197817787528038,0
2023-07-18 21:00:00+01:00,0.00719792116433382,0.00720564927905798,0.007197713945060968,0.007203625049442053,0.007203625049442053,0
2023-07-18 22:00:00+01:00,0.007203936111181974,0.0072054932825267315,0.007202224340289831,0.0072040921077132225,0.0072040921077132225,0
2023-07-18 23:00:00+01:00,0.007203677203506231,0.007207207381725311,0.007197247818112373,0.007197973318397999,0.007197973318397999,0
2023-07-19 00:00:00+01:00,0.007199164945632219,0.0072004604153335094,0.0071844239719212055,0.007193261291831732,0.007193261291831732,0
2023-07-19 01:00:00+01:00,0.007193261291831732,0.007201601751148701,0.0071886079385876656,0.007198957726359367,0.007198957726359367,0
2023-07-19 02:00:00+01:00,0.007198905572295189,0.007202172186225653,0.007188968826085329,0.00718958955258131,0.00718958955258131,0
2023-07-19 03:00:00+01:00,0.00718958955258131,0.007190622854977846,0.007177256979048252,0.0071812765672802925,0.0071812765672802925,0
2023-07-19 04:00:00+01:00,0.007181637920439243,0.007187006063759327,0.00717864790931344,0.007179575506597757,0.007179575506597757,0
2023-07-19 05:00:00+01:00,0.0071798330172896385,0.007182360161095858,0.007172366604208946,0.007175196427851915,0.007175196427851915,0
2023-07-19 06:00:00+01:00,0.00717529933899641,0.007181328721344471,0.00717118289321661,0.007175711914896965,0.007175711914896965,0
2023-07-19 07:00:00+01:00,0.007175660226494074,0.007182876113802195,0.007159169763326645,0.007171079982072115,0.007171079982072115,0
2023-07-19 08:00:00+01:00,0.00717118289321661,0.007184114307165146,0.007167893461883068,0.007168664131313562,0.007168664131313562,0
2023-07-19 09:00:00+01:00,0.0071684070862829685,0.007174115628004074,0.0071557373739778996,0.007156761828809977,0.007156761828809977,0
2023-07-19 10:00:00+01:00,0.007156505715101957,0.0071607595309615135,0.007148320320993662,0.007152257487177849,0.007152257487177849,0
2023-07-19 11:00:00+01:00,0.007152308244258165,0.007158708292990923,0.007146073039621115,0.007147247437387705,0.007147247437387705,0
2023-07-19 12:00:00+01:00,0.007147196680307388,0.007153638638556004,0.0071432143449783325,0.007153484970331192,0.007153484970331192,0
2023-07-19 13:00:00+01:00,0.00715322932228446,0.007174579426646233,0.007152461912482977,0.007161169312894344,0.007161169312894344,0
2023-07-19 14:00:00+01:00,0.007161066867411137,0.007171029224991798,0.007153638638556004,0.007157273590564728,0.007157273590564728,0
2023-07-19 15:00:00+01:00,0.007157427724450827,0.00716332346200943,0.007143418304622173,0.007162605412304401,0.007162605412304401,0
2023-07-19 16:00:00+01:00,0.007162605412304401,0.007167533505707979,0.007154764607548714,0.007154764607548714,0.007154764607548714,0
2023-07-19 17:00:00+01:00,0.00715471338480711,0.007167688105255365,0.00715287122875452,0.0071618868969380856,0.0071618868969380856,0
2023-07-19 18:00:00+01:00,0.007162041030824184,0.0071650175377726555,0.007157427724450827,0.007164196576923132,0.007164196576923132,0
2023-07-19 19:00:00+01:00,0.007164504379034042,0.007167893461883068,0.007160451263189316,0.007162298075854778,0.007162298075854778,0
2023-07-19 20:00:00+01:00,0.007162348832935095,0.007163887843489647,0.007156761828809977,0.007158196065574884,0.007158196065574884,0
2023-07-19 21:00:00+01:00,0.007158298511058092,0.007164658047258854,0.007155071943998337,0.007162092719227076,0.007162092719227076,0
2023-07-19 22:00:00+01:00,0.007164812181144953,0.007167533505707979,0.007160348817706108,0.007163734640926123,0.007163734640926123,0
2023-07-19 23:00:00+01:00,0.007163425907492638,0.007165839429944754,0.007160707842558622,0.0071627595461905,0.0071627595461905,0
2023-07-20 00:00:00+01:00,0.007162810768932104,0.007163785398006439,0.007158349733799696,0.007162810768932104,0.007162810768932104,0
2023-07-20 01:00:00+01:00,0.007163118105381727,0.007173704449087381,0.0071581448428332806,0.007171492092311382,0.007171492092311382,0
2023-07-20 02:00:00+01:00,0.007171440403908491,0.0071882461197674274,0.007170618046075106,0.007184785790741444,0.007184785790741444,0
2023-07-20 03:00:00+01:00,0.007184579037129879,0.007188659161329269,0.00717967888340354,0.00718334037810564,0.00718334037810564,0
2023-07-20 04:00:00+01:00,0.007183237466961145,0.0071882461197674274,0.007179214619100094,0.007184630259871483,0.007184630259871483,0
2023-07-20 05:00:00+01:00,0.007184785790741444,0.007185250520706177,0.007174527272582054,0.007175248581916094,0.007175248581916094,0
2023-07-20 06:00:00+01:00,0.00717488769441843,0.007181534543633461,0.007169743534177542,0.007176329381763935,0.007176329381763935,0
2023-07-20 07:00:00+01:00,0.0071764844469726086,0.007179162930697203,0.007161631248891354,0.0071673281490802765,0.0071673281490802765,0
2023-07-20 08:00:00+01:00,0.0071673281490802765,0.007176174782216549,0.007158913183957338,0.007161989342421293,0.007161989342421293,0
2023-07-20 09:00:00+01:00,0.007162195164710283,0.007176174782216549,0.007159836124628782,0.007170926313847303,0.007170926313847303,0
2023-07-20 10:00:00+01:00,0.007171029224991798,0.007176690269261599,0.007166147232055664,0.007167020346969366,0.007167020346969366,0
2023-07-20 11:00:00+01:00,0.007167072035372257,0.007177205290645361,0.00716589018702507,0.007170258089900017,0.007170258089900017,0
2023-07-20 12:00:00+01:00,0.007170411758124828,0.007173601537942886,0.007162708323448896,0.007167020346969366,0.007167020346969366,0
2023-07-20 13:00:00+01:00,0.007167020346969366,0.007167945150285959,0.007146941032260656,0.007151592522859573,0.007151592522859573,0
2023-07-20 14:00:00+01:00,0.007151388097554445,0.007156659383326769,0.007144285831600428,0.00714898481965065,0.00714898481965065,0
2023-07-20 15:00:00+01:00,0.007149188779294491,0.007153945509344339,0.007124892435967922,0.007126872893422842,0.007126872893422842,0
2023-07-20 16:00:00+01:00,0.007127177435904741,0.007129463832825422,0.007121695671230555,0.007123064715415239,0.007123064715415239,0
2023-07-20 17:00:00+01:00,0.007123268209397793,0.0071250442415475845,0.007117539178580046,0.00711951544508338,0.00711951544508338,0
2023-07-20 18:00:00+01:00,0.0071196164935827255,0.00713724922388792,0.00711936317384243,0.00713312579318881,0.00713312579318881,0
2023-07-20 19:00:00+01:00,0.00713317608460784,0.007135721389204264,0.007130938582122326,0.007132311351597309,0.007132311351597309,0
2023-07-20 20:00:00+01:00,0.0071325660683214664,0.007141327019780874,0.007131955120712519,0.007138268556445837,0.007138268556445837,0
2023-07-20 21:00:00+01:00,0.007138268556445837,0.007141530979424715,0.007137504406273365,0.007139949593693018,0.007139949593693018,0
2023-07-20 22:00:00+01:00,0.0071401032619178295,0.007141836453229189,0.007138268556445837,0.007141021080315113,0.007141021080315113,0
2023-07-20 23:00:00+01:00,0.007140001282095909,0.007147043477743864,0.007140001282095909,0.007146175019443035,0.007146175019443035,0
2023-07-21 00:00:00+01:00,0.007146430667489767,0.00715471338480711,0.0071439798921346664,0.007150620222091675,0.007150620222091675,0
2023-07-21 01:00:00+01:00,0.007150671910494566,0.007155942264944315,0.007139032706618309,0.007144081871956587,0.007144081871956587,0
2023-07-21 02:00:00+01:00,0.0071439798921346664,0.007148269563913345,0.007135059684514999,0.00713837007060647,0.00713837007060647,0
2023-07-21 03:00:00+01:00,0.007138522807508707,0.007138625252991915,0.0071274819783866405,0.007131497375667095,0.007131497375667095,0
2023-07-21 04:00:00+01:00,0.007131548598408699,0.007136180065572262,0.007129921577870846,0.007133990991860628,0.007133990991860628,0
2023-07-21 05:00:00+01:00,0.007133889012038708,0.0071419901214540005,0.0071320063434541225,0.0071365367621183395,0.0071365367621183395,0
2023-07-21 06:00:00+01:00,0.0071365367621183395,0.007138574030250311,0.007126314099878073,0.007132158614695072,0.007132158614695072,0
2023-07-21 07:00:00+01:00,0.007131599821150303,0.007139286957681179,0.0071284472942352295,0.007129565346986055,0.007129565346986055,0
2023-07-21 08:00:00+01:00,0.0071294126100838184,0.0071326675824820995,0.0070721362717449665,0.007073736749589443,0.007073736749589443,0
2023-07-21 09:00:00+01:00,0.0070739369839429855,0.00707789184525609,0.007044436410069466,0.0070467195473611355,0.0070467195473611355,0
2023-07-21 10:00:00+01:00,0.007046818733215332,0.007071935571730137,0.00704627251252532,0.0070603517815470695,0.0070603517815470695,0
2023-07-21 11:00:00+01:00,0.0070602018386125565,0.007061648182570934,0.007049203384667635,0.007052882574498653,0.007052882574498653,0
2023-07-21 12:00:00+01:00,0.007052783388644457,0.007060850039124489,0.007050396408885717,0.007053430192172527,0.007053430192172527,0
2023-07-21 13:00:00+01:00,0.007053430192172527,0.007082153111696243,0.00705178827047348,0.007073636632412672,0.007073636632412672,0
2023-07-21 14:00:00+01:00,0.007073386572301388,0.007078843656927347,0.007059405092149973,0.00706244632601738,0.00706244632601738,0
2023-07-21 15:00:00+01:00,0.00706244632601738,0.007067137863487005,0.007048656698316336,0.007054723799228668,0.007054723799228668,0
2023-07-21 16:00:00+01:00,0.007054872810840607,0.007066638674587011,0.0070535787381231785,0.007054971996694803,0.007054971996694803,0
2023-07-21 17:00:00+01:00,0.007055071648210287,0.007061099633574486,0.007053728215396404,0.007058507762849331,0.007058507762849331,0
2023-07-21 18:00:00+01:00,0.007058408111333847,0.0070606013759970665,0.007055917754769325,0.007056217174977064,0.007056217174977064,0
2023-07-21 19:00:00+01:00,0.0070564658381044865,0.007058358751237392,0.007051439955830574,0.007051490247249603,0.007051490247249603,0
2023-07-21 20:00:00+01:00,0.007051539607346058,0.007056166883558035,0.007050893269479275,0.007053877227008343,0.007053877227008343,0
2023-07-21 21:00:00+01:00,0.007054325193166733,0.00705701345577836,0.007049799431115389,0.007051987107843161,0.007051987107843161,0
2023-07-24 00:00:00+01:00,0.007054673507809639,0.0070603517815470695,0.007053927518427372,0.007054524030536413,0.007054524030536413,0
2023-07-24 01:00:00+01:00,0.007054574321955442,0.007062246091663837,0.0070516387932002544,0.007057461887598038,0.007057461887598038,0
2023-07-24 02:00:00+01:00,0.007057362236082554,0.0070725358091294765,0.007054971996694803,0.007068886421620846,0.007068886421620846,0
2023-07-24 03:00:00+01:00,0.007068986538797617,0.007075238041579723,0.007068186532706022,0.007070435211062431,0.007070435211062431,0
2023-07-24 04:00:00+01:00,0.007070685736835003,0.007074437104165554,0.007069035898894072,0.00707168597728014,0.00707168597728014,0
2023-07-24 05:00:00+01:00,0.007071435451507568,0.007073436863720417,0.007062346674501896,0.007069336250424385,0.007069336250424385,0
2023-07-24 06:00:00+01:00,0.007069386076182127,0.007073436863720417,0.007063494063913822,0.007064092438668013,0.007064092438668013,0
2023-07-24 07:00:00+01:00,0.007063892669975758,0.007070585619658232,0.007060501724481583,0.0070680370554327965,0.0070680370554327965,0
2023-07-24 08:00:00+01:00,0.007067986764013767,0.007080798968672752,0.007066089194267988,0.007071235682815313,0.007071235682815313,0
2023-07-24 09:00:00+01:00,0.007071485742926598,0.007073786575347185,0.0070628453977406025,0.0070701357908546925,0.0070701357908546925,0
2023-07-24 10:00:00+01:00,0.007069885265082121,0.007083457428961992,0.007069186307489872,0.00707824295386672,0.00707824295386672,0
2023-07-24 11:00:00+01:00,0.007078142836689949,0.007089735008776188,0.007077240850776434,0.007085464894771576,0.007085464894771576,0
2023-07-24 12:00:00+01:00,0.007085464894771576,0.007100155111402273,0.0070824031718075275,0.007092298939824104,0.007092298939824104,0
2023-07-24 13:00:00+01:00,0.00709260068833828,0.007095318287611008,0.0070853144861757755,0.00709305377677083,0.00709305377677083,0
2023-07-24 14:00:00+01:00,0.007092953193932772,0.007105300202965736,0.007078843656927347,0.007084662094712257,0.007084662094712257,0
2023-07-24 15:00:00+01:00,0.007084561511874199,0.007091192528605461,0.007071135565638542,0.007084159646183252,0.007084159646183252,0
2023-07-24 16:00:00+01:00,0.007084561511874199,0.007086670026183128,0.007075989153236151,0.007082704920321703,0.007082704920321703,0
2023-07-24 17:00:00+01:00,0.007082805037498474,0.007083256728947163,0.007071135565638542,0.007077441085129976,0.007077441085129976,0
2023-07-24 18:00:00+01:00,0.007077642250806093,0.007079545874148607,0.0070680370554327965,0.007069436367601156,0.007069436367601156,0
2023-07-24 19:00:00+01:00,0.007069485727697611,0.0070703355595469475,0.007066038902848959,0.007069885265082121,0.007069885265082121,0
2023-07-24 20:00:00+01:00,0.007069835904985666,0.007071935571730137,0.0070647913962602615,0.007066388614475727,0.007066388614475727,0
2023-07-24 21:00:00+01:00,0.007066338323056698,0.007069986313581467,0.0070647913962602615,0.007068686652928591,0.007068686652928591,0
2023-07-24 22:00:00+01:00,0.007069086190313101,0.00707398634403944,0.007068886421620846,0.007070035673677921,0.007070035673677921,0
2023-07-24 23:00:00+01:00,0.0070703355595469475,0.0070723858661949635,0.007065190467983484,0.007066887803375721,0.007066887803375721,0
2023-07-25 00:00:00+01:00,0.007066288962960243,0.007066887803375721,0.0070623960345983505,0.007065290119498968,0.007065290119498968,0
2023-07-25 01:00:00+01:00,0.0070652407594025135,0.007073786575347185,0.0070612989366054535,0.007067786995321512,0.007067786995321512,0
2023-07-25 02:00:00+01:00,0.007067986764013767,0.007077942602336407,0.007067986764013767,0.007077240850776434,0.007077240850776434,0
2023-07-25 03:00:00+01:00,0.007077441085129976,0.007081250194460154,0.0070753381587564945,0.007080598268657923,0.007080598268657923,0
2023-07-25 04:00:00+01:00,0.007080598268657923,0.007082153111696243,0.007073886692523956,0.007078142836689949,0.007078142836689949,0
2023-07-25 05:00:00+01:00,0.007078042719513178,0.00707974610850215,0.007068587001413107,0.007069835904985666,0.007069835904985666,0
2023-07-25 06:00:00+01:00,0.0070699360221624374,0.007073136046528816,0.0070665390230715275,0.007071785628795624,0.007071785628795624,0
2023-07-25 07:00:00+01:00,0.007071935571730137,0.007072436157613993,0.00706573948264122,0.007067736703902483,0.007067736703902483,0
2023-07-25 08:00:00+01:00,0.007067637052386999,0.0070801470428705215,0.007063294295221567,0.007073736749589443,0.007073736749589443,0
2023-07-25 09:00:00+01:00,0.007073636632412672,0.007081752177327871,0.0070701357908546925,0.007074887398630381,0.007074887398630381,0
2023-07-25 10:00:00+01:00,0.007075238041579723,0.007077140733599663,0.007069035898894072,0.007073786575347185,0.007073786575347185,0
2023-07-25 11:00:00+01:00,0.0070739369839429855,0.007074838038533926,0.007069136016070843,0.0070699360221624374,0.0070699360221624374,0
2023-07-25 12:00:00+01:00,0.007069986313581467,0.00707473699003458,0.007055320776998997,0.007073136046528816,0.007073136046528816,0
2023-07-25 13:00:00+01:00,0.007073035929352045,0.007082704920321703,0.007071135565638542,0.007080798968672752,0.007080798968672752,0
2023-07-25 14:00:00+01:00,0.007080598268657923,0.0070822532288730145,0.007062246091663837,0.007075038272887468,0.007075038272887468,0
2023-07-25 15:00:00+01:00,0.007075187750160694,0.007091393694281578,0.0070658898912370205,0.007085113320499659,0.007085113320499659,0
2023-07-25 16:00:00+01:00,0.00708521343767643,0.0070969294756650925,0.007084611337631941,0.007096577435731888,0.007096577435731888,0
2023-07-25 17:00:00+01:00,0.0070967283099889755,0.007099701091647148,0.007088780403137207,0.007089533843100071,0.007089533843100071,0
2023-07-25 18:00:00+01:00,0.007089533843100071,0.007090488914400339,0.007083607371896505,0.007085163611918688,0.007085163611918688,0
2023-07-25 19:00:00+01:00,0.00708521343767643,0.007093154359608889,0.007082353811711073,0.007090538740158081,0.007090538740158081,0
2023-07-25 20:00:00+01:00,0.007090338040143251,0.0070967283099889755,0.007090338040143251,0.0070937080308794975,0.0070937080308794975,0
2023-07-25 21:00:00+01:00,0.007093959487974644,0.007099851965904236,0.0070935566909611225,0.007098793517798185,0.007098793517798185,0
2023-07-25 22:00:00+01:00,0.007098088506609201,0.007099095731973648,0.007088377606123686,0.0070967283099889755,0.0070967283099889755,0
2023-07-25 23:00:00+01:00,0.007096325512975454,0.00710065895691514,0.007093205116689205,0.007096174173057079,0.007096174173057079,0
2023-07-26 00:00:00+01:00,0.007096174173057079,0.007097785826772451,0.007094412576407194,0.007096828892827034,0.007096828892827034,0
2023-07-26 01:00:00+01:00,0.007096779067069292,0.007099751383066177,0.007087021600455046,0.007088076323270798,0.007088076323270798,0
2023-07-26 02:00:00+01:00,0.007087875623255968,0.0070919468998909,0.007082854863256216,0.00708431052044034,0.00708431052044034,0
2023-07-26 03:00:00+01:00,0.007084410637617111,0.0070914942771196365,0.0070833065547049046,0.0070907906629145145,0.0070907906629145145,0
2023-07-26 04:00:00+01:00,0.007090488914400339,0.0070939091965556145,0.00708757434040308,0.007093154359608889,0.007093154359608889,0
2023-07-26 05:00:00+01:00,0.007093205116689205,0.007093959487974644,0.00708737364038825,0.007089986000210047,0.007089986000210047,0
2023-07-26 06:00:00+01:00,0.007090237457305193,0.007095822133123875,0.00708792544901371,0.007094865199178457,0.007094865199178457,0
2023-07-26 07:00:00+01:00,0.007094714790582657,0.007112273946404457,0.007093254942446947,0.007107825484126806,0.007107825484126806,0
2023-07-26 08:00:00+01:00,0.007107269950211048,0.0071109589189291,0.007102928590029478,0.007109442725777626,0.007109442725777626,0
2023-07-26 09:00:00+01:00,0.007109746336936951,0.0071289557963609695,0.007107067853212357,0.0071258568204939365,0.0071258568204939365,0
2023-07-26 10:00:00+01:00,0.0071258568204939365,0.007130837067961693,0.007122760638594627,0.007126314099878073,0.007126314099878073,0
2023-07-26 11:00:00+01:00,0.007126517128199339,0.007129565346986055,0.00712017435580492,0.007123369723558426,0.007123369723558426,0
2023-07-26 12:00:00+01:00,0.007123268209397793,0.007133889012038708,0.007122608833014965,0.007123775780200958,0.007123775780200958,0
2023-07-26 13:00:00+01:00,0.007123876828700304,0.0071350084617733955,0.0071199205704033375,0.007130277808755636,0.007130277808755636,0
2023-07-26 14:00:00+01:00,0.007130226586014032,0.007130531128495932,0.007115209009498358,0.007120275869965553,0.007120275869965553,0
2023-07-26 15:00:00+01:00,0.007119971793144941,0.007131142076104879,0.007114399690181017,0.007124029565602541,0.007124029565602541,0
2023-07-26 16:00:00+01:00,0.007124232593923807,0.007127278950065374,0.007118552457541227,0.0071219997480511665,0.0071219997480511665,0
2023-07-26 17:00:00+01:00,0.0071217967197299,0.0071221012622118,0.0071098473854362965,0.007111667655408382,0.007111667655408382,0
2023-07-26 18:00:00+01:00,0.007111768703907728,0.007118045352399349,0.007107471581548452,0.0071160197257995605,0.0071160197257995605,0
2023-07-26 19:00:00+01:00,0.007115614600479603,0.007144081871956587,0.007107471581548452,0.007143673952668905,0.007143673952668905,0
2023-07-26 20:00:00+01:00,0.007143724709749222,0.007146941032260656,0.007129311095923185,0.00713226106017828,0.00713226106017828,0
2023-07-26 21:00:00+01:00,0.007132718339562416,0.007132718339562416,0.007123876828700304,0.007131040096282959,0.007131040096282959,0
2023-07-26 22:00:00+01:00,0.007131701335310936,0.007136180065572262,0.007131701335310936,0.007132973056286573,0.007132973056286573,0
2023-07-26 23:00:00+01:00,0.007132819853723049,0.007134499493986368,0.00711865397170186,0.0071188053116202354,0.0071188053116202354,0
2023-07-27 00:00:00+01:00,0.007119059097021818,0.0071258568204939365,0.007118299137800932,0.007124232593923807,0.007124232593923807,0
2023-07-27 01:00:00+01:00,0.00712433410808444,0.007131497375667095,0.0071183498948812485,0.007125349249690771,0.007125349249690771,0
2023-07-27 02:00:00+01:00,0.007125450763851404,0.007157786749303341,0.0071243843995034695,0.007154662627726793,0.007154662627726793,0
2023-07-27 03:00:00+01:00,0.007154610939323902,0.007174784783273935,0.007154508493840694,0.0071581448428332806,0.0071581448428332806,0
2023-07-27 04:00:00+01:00,0.007158042397350073,0.007163632195442915,0.007151745725423098,0.007151950150728226,0.007151950150728226,0
2023-07-27 05:00:00+01:00,0.007151899393647909,0.007153024896979332,0.007141530979424715,0.007142959162592888,0.007142959162592888,0
2023-07-27 06:00:00+01:00,0.007143112365156412,0.007145613431930542,0.007129565346986055,0.0071335830725729465,0.0071335830725729465,0
2023-07-27 07:00:00+01:00,0.00713327806442976,0.00714204041287303,0.0071325660683214664,0.007141021080315113,0.007141021080315113,0
2023-07-27 08:00:00+01:00,0.007141021080315113,0.007152666803449392,0.007137096021324396,0.0071439798921346664,0.0071439798921346664,0
2023-07-27 09:00:00+01:00,0.007143928669393063,0.007151030004024506,0.007140204776078463,0.00714454147964716,0.00714454147964716,0
2023-07-27 10:00:00+01:00,0.007144490256905556,0.007148677948862314,0.0071334815584123135,0.007140408735722303,0.007140408735722303,0
2023-07-27 11:00:00+01:00,0.0071401032619178295,0.007144490256905556,0.0071304296143352985,0.007131142076104879,0.007131142076104879,0
2023-07-27 12:00:00+01:00,0.007131293881684542,0.007136638276278973,0.007126465905457735,0.007136638276278973,0.007136638276278973,0
2023-07-27 13:00:00+01:00,0.0071364338509738445,0.007137045729905367,0.007103331852704287,0.007106360979378223,0.007106360979378223,0
2023-07-27 14:00:00+01:00,0.0071065123192965984,0.007113286294043064,0.007099549751728773,0.007104441989213228,0.007104441989213228,0
2023-07-27 15:00:00+01:00,0.007104493211954832,0.007105300202965736,0.007076139096170664,0.007079345639795065,0.007079345639795065,0
2023-07-27 16:00:00+01:00,0.007079495582729578,0.007092801854014397,0.007079044822603464,0.007090338040143251,0.007090338040143251,0
2023-07-27 17:00:00+01:00,0.007090338040143251,0.007093205116689205,0.007084460463374853,0.00708777504041791,0.00708777504041791,0
2023-07-27 18:00:00+01:00,0.007088127080351114,0.0071839080192148685,0.007087272126227617,0.007170618046075106,0.007170618046075106,0
2023-07-27 19:00:00+01:00,0.007170618046075106,0.007178235799074173,0.007161117624491453,0.007176329381763935,0.007176329381763935,0
2023-07-27 20:00:00+01:00,0.00717622647061944,0.007206688169389963,0.007168098818510771,0.007190830539911985,0.007190830539911985,0
2023-07-27 21:00:00+01:00,0.007190778385847807,0.007191657554358244,0.007165530696511269,0.007171697914600372,0.007171697914600372,0
2023-07-27 22:00:00+01:00,0.007171800825744867,0.007174939848482609,0.007170103490352631,0.007172777783125639,0.007172777783125639,0
2023-07-27 23:00:00+01:00,0.0071734469383955,0.0072006164118647575,0.007172469515353441,0.0071851471439003944,0.0071851471439003944,0
2023-07-28 00:00:00+01:00,0.007185043767094612,0.007209909614175558,0.007179008796811104,0.0072011868469417095,0.0072011868469417095,0
2023-07-28 01:00:00+01:00,0.007201134692877531,0.007207726594060659,0.007167893461883068,0.007170103490352631,0.007170103490352631,0
2023-07-28 02:00:00+01:00,0.007169897668063641,0.0071844239719212055,0.00716727739199996,0.007177514024078846,0.007177514024078846,0
2023-07-28 03:00:00+01:00,0.007177616935223341,0.007191554177552462,0.0071636829525232315,0.007182360161095858,0.007182360161095858,0
2023-07-28 04:00:00+01:00,0.00718246353790164,0.007222563028335571,0.0070882271975278854,0.007157222833484411,0.007157222833484411,0
2023-07-28 05:00:00+01:00,0.0071571203880012035,0.007243332453072071,0.007153638638556004,0.007206636015325785,0.007206636015325785,0
2023-07-28 06:00:00+01:00,0.007206532172858715,0.007218132261186838,0.007180503103882074,0.007187006063759327,0.007187006063759327,0
2023-07-28 07:00:00+01:00,0.007186902686953545,0.007198542822152376,0.0071541499346494675,0.007180296815931797,0.007180296815931797,0
2023-07-28 08:00:00+01:00,0.007180296815931797,0.0072002531960606575,0.007150058634579182,0.007154764607548714,0.007154764607548714,0
2023-07-28 09:00:00+01:00,0.007154917810112238,0.007162913214415312,0.0071394918486475945,0.007158810738474131,0.007158810738474131,0
2023-07-28 10:00:00+01:00,0.007158708292990923,0.007182566449046135,0.0071571203880012035,0.007179626729339361,0.007179626729339361,0
2023-07-28 11:00:00+01:00,0.007179575506597757,0.007184217683970928,0.007168561685830355,0.007181328721344471,0.007181328721344471,0
2023-07-28 12:00:00+01:00,0.0071815866976976395,0.007202120032161474,0.007178132887929678,0.007180090993642807,0.007180090993642807,0
2023-07-28 13:00:00+01:00,0.007180039770901203,0.007184527348726988,0.00713837007060647,0.007145561743527651,0.007145561743527651,0
2023-07-28 14:00:00+01:00,0.007145766634494066,0.007146941032260656,0.007111414335668087,0.007115209009498358,0.007115209009498358,0
2023-07-28 15:00:00+01:00,0.007115006912499666,0.007134244777262211,0.007115006912499666,0.007126465905457735,0.007126465905457735,0
2023-07-28 16:00:00+01:00,0.007126669865101576,0.007129209581762552,0.007103281561285257,0.007106310222297907,0.007106310222297907,0
2023-07-28 17:00:00+01:00,0.0071065123192965984,0.0071098473854362965,0.0070968796499073505,0.007099398877471685,0.007099398877471685,0
2023-07-28 18:00:00+01:00,0.007099298294633627,0.007105300202965736,0.007096174173057079,0.007097937166690826,0.007097937166690826,0
2023-07-28 19:00:00+01:00,0.007097987923771143,0.007099045906215906,0.007090941537171602,0.007092450279742479,0.007092450279742479,0
2023-07-28 20:00:00+01:00,0.007092399522662163,0.00709260068833828,0.00708451122045517,0.00708772474899888,0.00708772474899888,0
2023-07-28 21:00:00+01:00,0.00708777504041791,0.007090187631547451,0.007083005737513304,0.007085464894771576,0.007085464894771576,0
2023-07-28 22:00:00+01:00,0.007085163611918688,0.007085163611918688,0.007085163611918688,0.007085163611918688,0.007085163611918688,0
2023-07-31 00:00:00+01:00,0.007101011928170919,0.007105048280209303,0.007095067296177149,0.007104543037712574,0.007104543037712574,0
2023-07-31 01:00:00+01:00,0.007104694843292236,0.007107926532626152,0.007094764616340399,0.007097433786839247,0.007097433786839247,0
2023-07-31 02:00:00+01:00,0.00709738302975893,0.007101062219589949,0.007059753872454166,0.007064441684633493,0.007064441684633493,0
2023-07-31 03:00:00+01:00,0.0070646414533257484,0.007070635911077261,0.007054673507809639,0.007055917754769325,0.007055917754769325,0
2023-07-31 04:00:00+01:00,0.007055569905787706,0.007060800679028034,0.007047911640256643,0.007054971996694803,0.007054971996694803,0
2023-07-31 05:00:00+01:00,0.007055121939629316,0.00705795967951417,0.00704448577016592,0.007048160303384066,0.007048160303384066,0
2023-07-31 06:00:00+01:00,0.007048259489238262,0.007053081411868334,0.007044932805001736,0.007053081411868334,0.007053081411868334,0
2023-07-31 07:00:00+01:00,0.007053031586110592,0.007063443772494793,0.007033980917185545,0.007039873860776424,0.007039873860776424,0
2023-07-31 08:00:00+01:00,0.007039923686534166,0.007047862280160189,0.007031162269413471,0.00703393155708909,0.00703393155708909,0
2023-07-31 09:00:00+01:00,0.007033734116703272,0.007037793286144733,0.0070177405141294,0.007021633442491293,0.007021633442491293,0
2023-07-31 10:00:00+01:00,0.007021781522780657,0.007031409535557032,0.007020253222435713,0.007028098683804274,0.007028098683804274,0
2023-07-31 11:00:00+01:00,0.0070279501378536224,0.0070325955748558044,0.007019316777586937,0.00703007448464632,0.00703007448464632,0
2023-07-31 12:00:00+01:00,0.00702982721850276,0.007037991192191839,0.007027801591902971,0.007032496854662895,0.007032496854662895,0
2023-07-31 13:00:00+01:00,0.007032843306660652,0.00703878328204155,0.007028296124190092,0.007029382977634668,0.007029382977634668,0
2023-07-31 14:00:00+01:00,0.007029284257441759,0.007030865643173456,0.007008248940110207,0.007026024162769318,0.007026024162769318,0
2023-07-31 15:00:00+01:00,0.007025925442576408,0.007042253389954567,0.0070217326283454895,0.00703705009073019,0.00703705009073019,0
2023-07-31 16:00:00+01:00,0.007039279211312532,0.007042253389954567,0.007032052613794804,0.007033041212707758,0.007033041212707758,0
2023-07-31 17:00:00+01:00,0.007033139932900667,0.007040766067802906,0.007031903602182865,0.007036406546831131,0.007036406546831131,0
2023-07-31 18:00:00+01:00,0.007036604452878237,0.007040022406727076,0.007034080568701029,0.00703571317717433,0.00703571317717433,0
2023-07-31 19:00:00+01:00,0.007035416085273027,0.007037793286144733,0.007027060724794865,0.0070288884453475475,0.0070288884453475475,0
2023-07-31 20:00:00+01:00,0.007028740830719471,0.00703135970979929,0.007027110550552607,0.007029135711491108,0.007029135711491108,0
2023-07-31 21:00:00+01:00,0.007028987165540457,0.007031853776425123,0.007027406711131334,0.007029085885733366,0.007029085885733366,0
2023-07-31 22:00:00+01:00,0.007029481697827578,0.007031755056232214,0.007027406711131334,0.007029877044260502,0.007029877044260502,0
2023-07-31 23:00:00+01:00,0.007029184605926275,0.00703220022842288,0.00702824629843235,0.007029382977634668,0.007029382977634668,0
2023-08-01 00:00:00+01:00,0.007029728498309851,0.00703135970979929,0.007021880242973566,0.007026221603155136,0.007026221603155136,0
2023-08-01 01:00:00+01:00,0.007026122882962227,0.007029975764453411,0.0070173959247767925,0.007017544005066156,0.007017544005066156,0
2023-08-01 02:00:00+01:00,0.007017790339887142,0.007021485827863216,0.007003585807979107,0.007005156017839909,0.007005156017839909,0
2023-08-01 03:00:00+01:00,0.007005106657743454,0.007016066927462816,0.00700299721211195,0.00701395096257329,0.00701395096257329,0
2023-08-01 04:00:00+01:00,0.007013655733317137,0.007016066927462816,0.007006431929767132,0.007009182125329971,0.007009182125329971,0
2023-08-01 05:00:00+01:00,0.007009231019765139,0.007010361645370722,0.007000594865530729,0.007006776053458452,0.007006776053458452,0
2023-08-01 06:00:00+01:00,0.00700667779892683,0.0070084454491734505,0.00700240908190608,0.007003978360444307,0.007003978360444307,0
2023-08-01 07:00:00+01:00,0.007003978360444307,0.007017051801085472,0.007003585807979107,0.0070099192671477795,0.0070099192671477795,0
2023-08-01 08:00:00+01:00,0.0070098694413900375,0.0070148855447769165,0.007004763465374708,0.007007020991295576,0.007007020991295576,0
2023-08-01 09:00:00+01:00,0.007007217034697533,0.007010804023593664,0.007002065423876047,0.007008297834545374,0.007008297834545374,0
2023-08-01 10:00:00+01:00,0.007008297834545374,0.007012082263827324,0.007003782317042351,0.007011000532656908,0.007011000532656908,0
2023-08-01 11:00:00+01:00,0.007010902278125286,0.007011147681623697,0.0070043220184743404,0.007005646359175444,0.007005646359175444,0
2023-08-01 12:00:00+01:00,0.007005891762673855,0.00700672622770071,0.006993740797042847,0.006994131486862898,0.006994131486862898,0
2023-08-01 13:00:00+01:00,0.006994474213570356,0.006995942443609238,0.006978756282478571,0.006980022881180048,0.006980022881180048,0
2023-08-01 14:00:00+01:00,0.006979877129197121,0.00698821758851409,0.006976322736591101,0.006979438476264477,0.006979438476264477,0
2023-08-01 15:00:00+01:00,0.006979730911552906,0.006999174598604441,0.006970049813389778,0.006980022881180048,0.006980022881180048,0
2023-08-01 16:00:00+01:00,0.006980022881180048,0.006981289945542812,0.006972916889935732,0.006976420059800148,0.006976420059800148,0
2023-08-01 17:00:00+01:00,0.006976468022912741,0.006981289945542812,0.006973305717110634,0.006973889656364918,0.006973889656364918,0
2023-08-01 18:00:00+01:00,0.006974035408347845,0.006976420059800148,0.006966407876461744,0.006968641187995672,0.006968641187995672,0
2023-08-01 19:00:00+01:00,0.006968494970351458,0.006978366989642382,0.006968494970351458,0.006973305717110634,0.006973305717110634,0
2023-08-01 20:00:00+01:00,0.006973208859562874,0.006978854537010193,0.006972820032387972,0.006974473129957914,0.006974473129957914,0
2023-08-01 21:00:00+01:00,0.006974570453166962,0.006978610530495644,0.006972625385969877,0.006977636367082596,0.006977636367082596,0
2023-08-01 22:00:00+01:00,0.006978025659918785,0.0070078554563224316,0.006976517383009195,0.007004763465374708,0.007004763465374708,0
2023-08-01 23:00:00+01:00,0.007004763465374708,0.007005744613707066,0.006988754961639643,0.006997410673648119,0.006997410673648119,0
2023-08-02 00:00:00+01:00,0.0069970679469406605,0.007001820020377636,0.006993740797042847,0.006995061878114939,0.006995061878114939,0
2023-08-02 01:00:00+01:00,0.0069949631579220295,0.006996432319283485,0.0069843619130551815,0.006988901644945145,0.006988901644945145,0
2023-08-02 02:00:00+01:00,0.006988999433815479,0.006996432319283485,0.006981728598475456,0.006985483691096306,0.006985483691096306,0
2023-08-02 03:00:00+01:00,0.006985288579016924,0.006986167281866074,0.006977783050388098,0.006979974452406168,0.006979974452406168,0
2023-08-02 04:00:00+01:00,0.006979877129197121,0.0069865090772509575,0.006975981872528791,0.006985874846577644,0.006985874846577644,0
2023-08-02 05:00:00+01:00,0.006985972169786692,0.0069949631579220295,0.006981923710554838,0.0069933002814650536,0.0069933002814650536,0
2023-08-02 06:00:00+01:00,0.006993447430431843,0.007011147681623697,0.0069933002814650536,0.0069984388537704945,0.0069984388537704945,0
2023-08-02 07:00:00+01:00,0.006998488213866949,0.007016066927462816,0.006998194381594658,0.007011835929006338,0.007011835929006338,0
2023-08-02 08:00:00+01:00,0.007011884823441505,0.007012131158262491,0.007002213038504124,0.0070107546634972095,0.0070107546634972095,0
2023-08-02 09:00:00+01:00,0.007010606583207846,0.007030964363366365,0.007010606583207846,0.007025481201708317,0.007025481201708317,0
2023-08-02 10:00:00+01:00,0.007025579921901226,0.007027406711131334,0.007008052431046963,0.007010704837739468,0.007010704837739468,0
2023-08-02 11:00:00+01:00,0.007010656408965588,0.007011639419943094,0.007003732491284609,0.007005891762673855,0.007005891762673855,0
2023-08-02 12:00:00+01:00,0.007005990017205477,0.007009673397988081,0.006996040232479572,0.007002801168709993,0.007002801168709993,0
2023-08-02 13:00:00+01:00,0.007002506870776415,0.007006824482232332,0.006982654798775911,0.006984411273151636,0.006984411273151636,0
2023-08-02 14:00:00+01:00,0.0069843134842813015,0.006992029026150703,0.006977003533393145,0.006977928336709738,0.006977928336709738,0
2023-08-02 15:00:00+01:00,0.006978025659918785,0.0069793411530554295,0.0069698067381978035,0.0069754463620483875,0.0069754463620483875,0
2023-08-02 16:00:00+01:00,0.006975300144404173,0.006986655294895172,0.006972771603614092,0.006982948165386915,0.006982948165386915,0
2023-08-02 17:00:00+01:00,0.006982996128499508,0.006989292334765196,0.006980900187045336,0.006985142827033997,0.006985142827033997,0
2023-08-02 18:00:00+01:00,0.006985191255807877,0.0069910516031086445,0.006983337923884392,0.006983727682381868,0.006983727682381868,0
2023-08-02 19:00:00+01:00,0.006983679253607988,0.006985191255807877,0.006979243829846382,0.006980169098824263,0.006980169098824263,0
2023-08-02 20:00:00+01:00,0.006980120204389095,0.006982265040278435,0.006974278949201107,0.006974425166845322,0.006974425166845322,0
2023-08-02 21:00:00+01:00,0.006974570453166962,0.006978123914450407,0.006972528528422117,0.006977880373597145,0.006977880373597145,0
2023-08-02 22:00:00+01:00,0.0069778310135006905,0.006980218458920717,0.0069753979332745075,0.00697895186021924,0.00697895186021924,0
2023-08-02 23:00:00+01:00,0.0069793895818293095,0.006984703708440065,0.006978221237659454,0.006980510428547859,0.006980510428547859,0
2023-08-03 00:00:00+01:00,0.006980413105338812,0.006984216161072254,0.006975008174777031,0.0069757383316755295,0.0069757383316755295,0
2023-08-03 01:00:00+01:00,0.0069756899029016495,0.0069832406006753445,0.006972916889935732,0.006975981872528791,0.006975981872528791,0
2023-08-03 02:00:00+01:00,0.006976079195737839,0.006985679734498262,0.006970000918954611,0.006979585159569979,0.006979585159569979,0
2023-08-03 03:00:00+01:00,0.006979730911552906,0.006984216161072254,0.006974765565246344,0.006978318560868502,0.006978318560868502,0
2023-08-03 04:00:00+01:00,0.006978221237659454,0.006981777958571911,0.006976662669330835,0.006980705540627241,0.006980705540627241,0
2023-08-03 05:00:00+01:00,0.006980997510254383,0.00698109483346343,0.006957247853279114,0.006958893500268459,0.006958893500268459,0
2023-08-03 06:00:00+01:00,0.006959281396120787,0.006968543864786625,0.006949656642973423,0.006967621855437756,0.006967621855437756,0
2023-08-03 07:00:00+01:00,0.006967475637793541,0.006972820032387972,0.006958942394703627,0.006960492115467787,0.006960492115467787,0
2023-08-03 08:00:00+01:00,0.006960879545658827,0.00700044771656394,0.0069575379602611065,0.00699765607714653,0.00699765607714653,0
2023-08-03 09:00:00+01:00,0.00699765607714653,0.007003291975706816,0.006985483691096306,0.007000742480158806,0.007000742480158806,0
2023-08-03 10:00:00+01:00,0.007000790908932686,0.007005352061241865,0.006995355244725943,0.006997362244874239,0.006997362244874239,0
2023-08-03 11:00:00+01:00,0.00699716666713357,0.007000056095421314,0.0069902203977108,0.00699716666713357,0.00699716666713357,0
2023-08-03 12:00:00+01:00,0.00699716666713357,0.007001820020377636,0.006992762442678213,0.00699653010815382,0.00699653010815382,0
2023-08-03 13:00:00+01:00,0.006996480748057365,0.007017642259597778,0.00699476758018136,0.007007610518485308,0.007007610518485308,0
2023-08-03 14:00:00+01:00,0.007007512263953686,0.007013114634901285,0.007000056095421314,0.007001722231507301,0.007001722231507301,0
2023-08-03 15:00:00+01:00,0.007001771591603756,0.007028394844383001,0.007001134101301432,0.007027702871710062,0.007027702871710062,0
2023-08-03 16:00:00+01:00,0.007027752697467804,0.007039328571408987,0.007019316777586937,0.007021682802587748,0.007021682802587748,0
2023-08-03 17:00:00+01:00,0.0070217326283454895,0.0070247408002614975,0.0070149837993085384,0.007016805466264486,0.007016805466264486,0
2023-08-03 18:00:00+01:00,0.007016953080892563,0.007017544005066156,0.007007364649325609,0.007010459899902344,0.007010459899902344,0
2023-08-03 19:00:00+01:00,0.007010508328676224,0.007012425921857357,0.007006628438830376,0.007007414009422064,0.007007414009422064,0
2023-08-03 20:00:00+01:00,0.007007512263953686,0.00701503362506628,0.007005303166806698,0.007014737464487553,0.007014737464487553,0
2023-08-03 21:00:00+01:00,0.0070149837993085384,0.0070186275988817215,0.007013409864157438,0.007016853895038366,0.007016853895038366,0
2023-08-03 22:00:00+01:00,0.0070148855447769165,0.007019612938165665,0.007013753987848759,0.00701700197532773,0.00701700197532773,0
2023-08-03 23:00:00+01:00,0.007016853895038366,0.007020253222435713,0.007014737464487553,0.007018036209046841,0.007018036209046841,0
2023-08-04 00:00:00+01:00,0.007018085569143295,0.007018134463578463,0.0070098694413900375,0.007012327667325735,0.007012327667325735,0
2023-08-04 01:00:00+01:00,0.007012573536485434,0.00701503362506628,0.006998684257268906,0.007006039377301931,0.007006039377301931,0
2023-08-04 02:00:00+01:00,0.007006137631833553,0.007017642259597778,0.00700540142133832,0.007010804023593664,0.007010804023593664,0
2023-08-04 03:00:00+01:00,0.0070108529180288315,0.007026814389973879,0.007006922736763954,0.007018676493316889,0.007018676493316889,0
2023-08-04 04:00:00+01:00,0.007018676493316889,0.007019464857876301,0.007012032903730869,0.0070153772830963135,0.0070153772830963135,0
2023-08-04 05:00:00+01:00,0.007015574723482132,0.007020007353276014,0.007013901136815548,0.007018233649432659,0.007018233649432659,0
2023-08-04 06:00:00+01:00,0.007018381264060736,0.007024938240647316,0.00701503362506628,0.00701926788315177,0.00701926788315177,0
2023-08-04 07:00:00+01:00,0.007019316777586937,0.007025086786597967,0.007008003070950508,0.0070102633908391,0.0070102633908391,0
2023-08-04 08:00:00+01:00,0.00701031181961298,0.0070185293443500996,0.00700770877301693,0.0070098694413900375,0.0070098694413900375,0
2023-08-04 09:00:00+01:00,0.007010213565081358,0.007012475281953812,0.007006530184298754,0.007009771186858416,0.007009771186858416,0
2023-08-04 10:00:00+01:00,0.007009722758084536,0.007012573536485434,0.007002605125308037,0.007006382569670677,0.007006382569670677,0
2023-08-04 11:00:00+01:00,0.007006039377301931,0.0070098210126161575,0.007000742480158806,0.007003830745816231,0.007003830745816231,0
2023-08-04 12:00:00+01:00,0.007004174403846264,0.007009575143456459,0.0070030950009822845,0.0070078554563224316,0.0070078554563224316,0
2023-08-04 13:00:00+01:00,0.007007904816418886,0.007035515271127224,0.006997753866016865,0.007030371110886335,0.007030371110886335,0
2023-08-04 14:00:00+01:00,0.007030124310404062,0.007060052827000618,0.007029333151876926,0.007054076995700598,0.007054076995700598,0
2023-08-04 15:00:00+01:00,0.007054126355797052,0.007064741104841232,0.007047364953905344,0.007052534259855747,0.007052534259855747,0
2023-08-04 16:00:00+01:00,0.007052633911371231,0.007058856543153524,0.007045527920126915,0.007052285596728325,0.007052285596728325,0
2023-08-04 17:00:00+01:00,0.007052285596728325,0.007053777575492859,0.007047067396342754,0.0070502967573702335,0.0070502967573702335,0
2023-08-04 18:00:00+01:00,0.0070502967573702335,0.007052633911371231,0.007047862280160189,0.007050346117466688,0.007050346117466688,0
2023-08-04 19:00:00+01:00,0.007050346117466688,0.00705178827047348,0.0070490045472979546,0.007049700245261192,0.007049700245261192,0
2023-08-04 20:00:00+01:00,0.007049799431115389,0.00705203739926219,0.007048458326607943,0.0070516387932002544,0.0070516387932002544,0
2023-08-04 21:00:00+01:00,0.007051539607346058,0.00705855805426836,0.007050545886158943,0.007056664675474167,0.007056664675474167,0
2023-08-07 00:00:00+01:00,0.007051241584122181,0.007051689084619284,0.007045181002467871,0.007048755884170532,0.007048755884170532,0
2023-08-07 01:00:00+01:00,0.0070488061755895615,0.007066588383167982,0.007046521175652742,0.007062545977532864,0.007062545977532864,0
2023-08-07 02:00:00+01:00,0.007062745746225119,0.007063593715429306,0.007045527920126915,0.007053777575492859,0.007053777575492859,0
2023-08-07 03:00:00+01:00,0.007053728215396404,0.007054474670439959,0.007040170952677727,0.007041559088975191,0.007041559088975191,0
2023-08-07 04:00:00+01:00,0.00704141054302454,0.007044386584311724,0.0070315576158463955,0.007033288478851318,0.007033288478851318,0
2023-08-07 05:00:00+01:00,0.007033437490463257,0.00703705009073019,0.007027307990938425,0.007036356721073389,0.007036356721073389,0
2023-08-07 06:00:00+01:00,0.007036208640784025,0.007039774674922228,0.007030124310404062,0.007033288478851318,0.007033288478851318,0
2023-08-07 07:00:00+01:00,0.007033437490463257,0.00703571317717433,0.007027307990938425,0.007031162269413471,0.007031162269413471,0
2023-08-07 08:00:00+01:00,0.007031112443655729,0.007037793286144733,0.0070247408002614975,0.007036604452878237,0.007036604452878237,0
2023-08-07 09:00:00+01:00,0.007036455441266298,0.007037793286144733,0.007022225297987461,0.007027307990938425,0.007027307990938425,0
2023-08-07 10:00:00+01:00,0.007027307990938425,0.007032843306660652,0.007025678642094135,0.0070260739885270596,0.0070260739885270596,0
2023-08-07 11:00:00+01:00,0.007025925442576408,0.007028691004961729,0.007020007353276014,0.00702533358708024,0.00702533358708024,0
2023-08-07 12:00:00+01:00,0.007025234866887331,0.00703333830460906,0.00702301412820816,0.00703333830460906,0.00703333830460906,0
2023-08-07 13:00:00+01:00,0.007033189758658409,0.00704324571415782,0.00703017320483923,0.007041807286441326,0.007041807286441326,0
2023-08-07 14:00:00+01:00,0.007041658740490675,0.007052435074001551,0.007036554627120495,0.007036604452878237,0.007036604452878237,0
2023-08-07 15:00:00+01:00,0.007036554627120495,0.007040270604193211,0.007024543825536966,0.007025185041129589,0.007025185041129589,0
2023-08-07 16:00:00+01:00,0.007025136146694422,0.007030865643173456,0.007019021548330784,0.007020105607807636,0.007020105607807636,0
2023-08-07 17:00:00+01:00,0.0070202043280005455,0.007020993158221245,0.007013459224253893,0.007016853895038366,0.007016853895038366,0
2023-08-07 18:00:00+01:00,0.007016853895038366,0.007020993158221245,0.007014934904873371,0.007019513752311468,0.007019513752311468,0
2023-08-07 19:00:00+01:00,0.007019464857876301,0.007022472098469734,0.007018824573606253,0.007021584548056126,0.007021584548056126,0
2023-08-07 20:00:00+01:00,0.007021584548056126,0.007022965233772993,0.00701843062415719,0.00701857777312398,0.00701857777312398,0
2023-08-07 21:00:00+01:00,0.007018725853413343,0.007020598277449608,0.007016313262283802,0.0070185293443500996,0.0070185293443500996,0
2023-08-07 22:00:00+01:00,0.0070189726538956165,0.007020352408289909,0.007017888594418764,0.0070182825438678265,0.0070182825438678265,0
2023-08-07 23:00:00+01:00,0.00701887346804142,0.007022965233772993,0.007017987314611673,0.0070213377475738525,0.0070213377475738525,0
2023-08-08 00:00:00+01:00,0.007021387107670307,0.007023457903414965,0.007015328388661146,0.0070158205926418304,0.0070158205926418304,0
2023-08-08 01:00:00+01:00,0.007015771698206663,0.007017051801085472,0.006990612018853426,0.0069926162250339985,0.0069926162250339985,0
2023-08-08 02:00:00+01:00,0.006992566864937544,0.006996138021349907,0.006976662669330835,0.006978318560868502,0.006978318560868502,0
2023-08-08 03:00:00+01:00,0.006978366989642382,0.006982850376516581,0.006974522024393082,0.006976955570280552,0.006976955570280552,0
2023-08-08 04:00:00+01:00,0.006977198179811239,0.006981289945542812,0.006976029835641384,0.006976614240556955,0.006976614240556955,0
2023-08-08 05:00:00+01:00,0.006976711563766003,0.006982752121984959,0.006971701979637146,0.006982069928199053,0.006982069928199053,0
2023-08-08 06:00:00+01:00,0.0069819726049900055,0.006986655294895172,0.006976322736591101,0.006977977696806192,0.006977977696806192,0
2023-08-08 07:00:00+01:00,0.0069778310135006905,0.006997998803853989,0.00697369547560811,0.006994033697992563,0.006994033697992563,0
2023-08-08 08:00:00+01:00,0.006993985269218683,0.007001820020377636,0.0069867526181042194,0.006988462060689926,0.006988462060689926,0
2023-08-08 09:00:00+01:00,0.006988657172769308,0.006993154063820839,0.006983679253607988,0.0069885593838989735,0.0069885593838989735,0
2023-08-08 10:00:00+01:00,0.0069885593838989735,0.006993643008172512,0.006986948661506176,0.006991931237280369,0.006991931237280369,0
2023-08-08 11:00:00+01:00,0.006991588976234198,0.006994621362537146,0.006979535799473524,0.0069819726049900055,0.0069819726049900055,0
2023-08-08 12:00:00+01:00,0.0069819726049900055,0.006999957840889692,0.006981631275266409,0.0069872415624558926,0.0069872415624558926,0
2023-08-08 13:00:00+01:00,0.006986997090280056,0.006997901014983654,0.0069843619130551815,0.006985923275351524,0.006985923275351524,0
2023-08-08 14:00:00+01:00,0.006985581945627928,0.0069949631579220295,0.006981046870350838,0.006988462060689926,0.006988462060689926,0
2023-08-08 15:00:00+01:00,0.0069883642718195915,0.0069910516031086445,0.0069818259216845036,0.006986606866121292,0.006986606866121292,0
2023-08-08 16:00:00+01:00,0.00698641175404191,0.006987681146711111,0.006976517383009195,0.006984264589846134,0.006984264589846134,0
2023-08-08 17:00:00+01:00,0.006984411273151636,0.006985191255807877,0.006976322736591101,0.006977928336709738,0.006977928336709738,0
2023-08-08 18:00:00+01:00,0.006977783050388098,0.006982752121984959,0.006976517383009195,0.006979633122682571,0.006979633122682571,0
2023-08-08 19:00:00+01:00,0.006979925557971001,0.006981289945542812,0.006969029549509287,0.006974667776376009,0.006974667776376009,0
2023-08-08 20:00:00+01:00,0.006974522024393082,0.006975932512432337,0.006970486603677273,0.006971070077270269,0.006971070077270269,0
2023-08-08 21:00:00+01:00,0.006970973219722509,0.006976662669330835,0.00697053549811244,0.006976565346121788,0.006976565346121788,0
2023-08-08 22:00:00+01:00,0.006975202821195126,0.006980851758271456,0.00697418162599206,0.006976420059800148,0.006976420059800148,0
2023-08-08 23:00:00+01:00,0.006976370699703693,0.0069790491834282875,0.006974813994020224,0.006975154858082533,0.006975154858082533,0
2023-08-09 00:00:00+01:00,0.006975008174777031,0.006983727682381868,0.006974716670811176,0.0069806077517569065,0.0069806077517569065,0
2023-08-09 01:00:00+01:00,0.0069803157821297646,0.006989096757024527,0.006974084302783012,0.006976468022912741,0.006976468022912741,0
2023-08-09 02:00:00+01:00,0.006976273376494646,0.006981777958571911,0.006973549257963896,0.006975641008466482,0.006975641008466482,0
2023-08-09 03:00:00+01:00,0.006975641008466482,0.0069832406006753445,0.006974375806748867,0.006981582846492529,0.006981582846492529,0
2023-08-09 04:00:00+01:00,0.006981533952057362,0.006985679734498262,0.0069806077517569065,0.006982703693211079,0.006982703693211079,0
2023-08-09 05:00:00+01:00,0.006982703693211079,0.006986167281866074,0.0069803157821297646,0.0069830939173698425,0.0069830939173698425,0
2023-08-09 06:00:00+01:00,0.0069830454885959625,0.006990367081016302,0.006982996128499508,0.006990024819970131,0.006990024819970131,0
2023-08-09 07:00:00+01:00,0.006989879067987204,0.006993495859205723,0.0069830939173698425,0.006989829707890749,0.006989829707890749,0
2023-08-09 08:00:00+01:00,0.006989585235714912,0.006990269757807255,0.006980997510254383,0.00698109483346343,0.00698109483346343,0
2023-08-09 09:00:00+01:00,0.00698109483346343,0.006982752121984959,0.006976322736591101,0.00697900028899312,0.00697900028899312,0
2023-08-09 10:00:00+01:00,0.0069793411530554295,0.0069793895818293095,0.006972868926823139,0.0069790491834282875,0.0069790491834282875,0
2023-08-09 11:00:00+01:00,0.0069793411530554295,0.006981777958571911,0.006974619347602129,0.006974862888455391,0.006974862888455391,0
2023-08-09 12:00:00+01:00,0.006974911317229271,0.006976906210184097,0.006970827002078295,0.006971944589167833,0.006971944589167833,0
2023-08-09 13:00:00+01:00,0.006971653085201979,0.006975932512432337,0.006966941524296999,0.006973743438720703,0.006973743438720703,0
2023-08-09 14:00:00+01:00,0.006973792798817158,0.006981777958571911,0.006972042378038168,0.00697369547560811,0.00697369547560811,0
2023-08-09 15:00:00+01:00,0.006973500829190016,0.006978366989642382,0.006957586854696274,0.006958409678190947,0.006958409678190947,0
2023-08-09 16:00:00+01:00,0.006958360783755779,0.0069681559689342976,0.006957489997148514,0.006964418571442366,0.006964418571442366,0
2023-08-09 17:00:00+01:00,0.00696461321786046,0.006973500829190016,0.0069612679071724415,0.0069620427675545216,0.0069620427675545216,0
2023-08-09 18:00:00+01:00,0.006962139625102282,0.006969126407057047,0.006960153114050627,0.006962866988033056,0.006962866988033056,0
2023-08-09 19:00:00+01:00,0.006962866988033056,0.006964273285120726,0.006956957280635834,0.006959571968764067,0.006959571968764067,0
2023-08-09 20:00:00+01:00,0.006959619931876659,0.006962818559259176,0.006956521887332201,0.006958555430173874,0.006958555430173874,0
2023-08-09 21:00:00+01:00,0.006958555430173874,0.0069613647647202015,0.006956908851861954,0.006958555430173874,0.006958555430173874,0
2023-08-09 22:00:00+01:00,0.006959039252251387,0.006962382234632969,0.006958360783755779,0.006960249971598387,0.006960249971598387,0
2023-08-09 23:00:00+01:00,0.006960492115467787,0.006963303312659264,0.006959232967346907,0.006960928440093994,0.006960928440093994,0
2023-08-10 00:00:00+01:00,0.006960685830563307,0.006963303312659264,0.006956038065254688,0.0069581191055476665,0.0069581191055476665,0
2023-08-10 01:00:00+01:00,0.0069580706767737865,0.006959813646972179,0.006949800997972488,0.006953812669962645,0.006953812669962645,0
2023-08-10 02:00:00+01:00,0.006953716278076172,0.006957489997148514,0.006951830815523863,0.0069553605280816555,0.0069553605280816555,0
2023-08-10 03:00:00+01:00,0.0069553605280816555,0.006957489997148514,0.006949656642973423,0.00695163756608963,0.00695163756608963,0
2023-08-10 04:00:00+01:00,0.0069519272074103355,0.006953135598450899,0.006950091570615768,0.006950478069484234,0.006950478069484234,0
2023-08-10 05:00:00+01:00,0.006950332783162594,0.006951685529202223,0.006940347608178854,0.006942756939679384,0.006942756939679384,0
2023-08-10 06:00:00+01:00,0.006942805368453264,0.006948111578822136,0.0069407811388373375,0.006944878492504358,0.006944878492504358,0
2023-08-10 07:00:00+01:00,0.006944878492504358,0.006949753500521183,0.0069391438737511635,0.0069468081928789616,0.0069468081928789616,0
2023-08-10 08:00:00+01:00,0.006946856621652842,0.006955070421099663,0.006946711800992489,0.006953764241188765,0.006953764241188765,0
2023-08-10 09:00:00+01:00,0.0069536673836410046,0.006958457641303539,0.006951588671654463,0.006953909527510405,0.006953909527510405,0
2023-08-10 10:00:00+01:00,0.006953909527510405,0.006956038065254688,0.006949656642973423,0.006951395887881517,0.006951395887881517,0
2023-08-10 11:00:00+01:00,0.006951154675334692,0.006956521887332201,0.006950043141841888,0.006953038740903139,0.006953038740903139,0
2023-08-10 12:00:00+01:00,0.006953135598450899,0.006958457641303539,0.006951879244297743,0.0069550215266644955,0.0069550215266644955,0
2023-08-10 13:00:00+01:00,0.0069549246691167355,0.006979633122682571,0.006942901760339737,0.0069532329216599464,0.0069532329216599464,0
2023-08-10 14:00:00+01:00,0.006953135598450899,0.006956086028367281,0.00693043926730752,0.0069375550374388695,0.0069375550374388695,0
2023-08-10 15:00:00+01:00,0.006937747355550528,0.006942516192793846,0.0069238655269145966,0.006926215253770351,0.006926215253770351,0
2023-08-10 16:00:00+01:00,0.006926262751221657,0.006927126552909613,0.006920942105352879,0.006924968212842941,0.006924968212842941,0
2023-08-10 17:00:00+01:00,0.006924968212842941,0.006926166824996471,0.0069212778471410275,0.006923050154000521,0.006923050154000521,0
2023-08-10 18:00:00+01:00,0.00692290673032403,0.0069247279316186905,0.006911088712513447,0.006912999786436558,0.006912999786436558,0
2023-08-10 19:00:00+01:00,0.006912999786436558,0.006915628910064697,0.006909369491040707,0.006909990217536688,0.006909990217536688,0
2023-08-10 20:00:00+01:00,0.006910038646310568,0.006912760902196169,0.006906172726303339,0.006906554568558931,0.006906554568558931,0
2023-08-10 21:00:00+01:00,0.006906506605446339,0.00691037205979228,0.006905266549438238,0.0069096083752810955,0.0069096083752810955,0
2023-08-10 22:00:00+01:00,0.006910085678100586,0.006913047283887863,0.0069093224592506886,0.006911805830895901,0.006911805830895901,0
2023-08-10 23:00:00+01:00,0.006911757402122021,0.006911805830895901,0.006903788540512323,0.00690521951764822,0.00690521951764822,0
2023-08-11 00:00:00+01:00,0.006904980633407831,0.006908939685672522,0.00690259737893939,0.0069035980850458145,0.0069035980850458145,0
2023-08-11 01:00:00+01:00,0.006903693079948425,0.006908939685672522,0.0069015491753816605,0.006905457004904747,0.006905457004904747,0
2023-08-11 02:00:00+01:00,0.00690517108887434,0.0069151511415839195,0.006904694717377424,0.006910229567438364,0.006910229567438364,0
2023-08-11 03:00:00+01:00,0.006910276599228382,0.006912283133715391,0.006906363181769848,0.0069092740304768085,0.0069092740304768085,0
2023-08-11 04:00:00+01:00,0.0069092740304768085,0.006912760902196169,0.006908939685672522,0.006911996752023697,0.006911996752023697,0
2023-08-11 05:00:00+01:00,0.006912187673151493,0.006913716904819012,0.006910897325724363,0.0069115664809942245,0.0069115664809942245,0
2023-08-11 06:00:00+01:00,0.006911709439009428,0.006913239136338234,0.0069081285037100315,0.0069092740304768085,0.0069092740304768085,0
2023-08-11 07:00:00+01:00,0.0069092740304768085,0.006911327596753836,0.0069063156843185425,0.00690822396427393,0.00690822396427393,0
2023-08-11 08:00:00+01:00,0.006908176466822624,0.006918500177562237,0.006908176466822624,0.006914577446877956,0.006914577446877956,0
2023-08-11 09:00:00+01:00,0.006914481986314058,0.006918500177562237,0.006913334596902132,0.006916155107319355,0.006916155107319355,0
2023-08-11 10:00:00+01:00,0.0069163464941084385,0.006918500177562237,0.00691381236538291,0.006915533449500799,0.006915533449500799,0
2023-08-11 11:00:00+01:00,0.006915581412613392,0.006918021477758884,0.0069134775549173355,0.006917016580700874,0.006917016580700874,0
2023-08-11 12:00:00+01:00,0.00691706407815218,0.00692175654694438,0.006915964186191559,0.006921516731381416,0.006921516731381416,0
2023-08-11 13:00:00+01:00,0.006921420805156231,0.006924440618604422,0.006903646048158407,0.006906363181769848,0.006906363181769848,0
2023-08-11 14:00:00+01:00,0.006906411144882441,0.006911518517881632,0.0069022164680063725,0.006905791349709034,0.006905791349709034,0
2023-08-11 15:00:00+01:00,0.006905839312821627,0.006924488581717014,0.006904122419655323,0.006909513380378485,0.006909513380378485,0
2023-08-11 16:00:00+01:00,0.006909464951604605,0.006910801865160465,0.006897978950291872,0.006899359170347452,0.006899359170347452,0
2023-08-11 17:00:00+01:00,0.006899216212332249,0.006905505433678627,0.00689902575686574,0.0069000255316495895,0.0069000255316495895,0
2023-08-11 18:00:00+01:00,0.006900073494762182,0.0069022634997963905,0.006896551698446274,0.006897218059748411,0.006897218059748411,0
2023-08-11 19:00:00+01:00,0.006897408049553633,0.006901263725012541,0.006896884646266699,0.006898597348481417,0.006898597348481417,0
2023-08-11 20:00:00+01:00,0.0068987407721579075,0.006900358945131302,0.006896694656461477,0.006899168249219656,0.006899168249219656,0
2023-08-11 21:00:00+01:00,0.006899264175444841,0.006902453955262899,0.006898073945194483,0.006902453955262899,0.006902453955262899,0
2023-08-14 00:00:00+01:00,0.00690040597692132,0.006905266549438238,0.00689945463091135,0.006903550587594509,0.006903550587594509,0
2023-08-14 01:00:00+01:00,0.006903550587594509,0.006906840484589338,0.00688586663454771,0.006897027138620615,0.006897027138620615,0
2023-08-14 02:00:00+01:00,0.006897075101733208,0.006913191173225641,0.0068965996615588665,0.006898502353578806,0.006898502353578806,0
2023-08-14 03:00:00+01:00,0.006898645311594009,0.006902453955262899,0.006896694656461477,0.006897978950291872,0.006897978950291872,0
2023-08-14 04:00:00+01:00,0.0068981219083070755,0.006901597138494253,0.006897218059748411,0.006900501437485218,0.006900501437485218,0
2023-08-14 05:00:00+01:00,0.006900549400597811,0.0069019305519759655,0.006899549625813961,0.006901073269546032,0.006901073269546032,0
2023-08-14 06:00:00+01:00,0.00690112030133605,0.006905028130859137,0.00689764553681016,0.00690440833568573,0.00690440833568573,0
2023-08-14 07:00:00+01:00,0.00690474221482873,0.006909417919814587,0.006901882588863373,0.006903121713548899,0.006903121713548899,0
2023-08-14 08:00:00+01:00,0.006903121713548899,0.006909417919814587,0.006901025306433439,0.0069063156843185425,0.0069063156843185425,0
2023-08-14 09:00:00+01:00,0.006906363181769848,0.006908939685672522,0.00689764553681016,0.006899121217429638,0.006899121217429638,0
2023-08-14 10:00:00+01:00,0.006899264175444841,0.006903693079948425,0.0068930815905332565,0.00689945463091135,0.00689945463091135,0
2023-08-14 11:00:00+01:00,0.00689945463091135,0.00690083485096693,0.0068953633308410645,0.006895981263369322,0.006895981263369322,0
2023-08-14 12:00:00+01:00,0.006896076258271933,0.006897978950291872,0.006890373770147562,0.006893271580338478,0.006893271580338478,0
2023-08-14 13:00:00+01:00,0.006893414072692394,0.006894649937748909,0.006877626292407513,0.006880229339003563,0.006880229339003563,0
2023-08-14 14:00:00+01:00,0.0068801348097622395,0.00688278628513217,0.006869075354188681,0.006871435325592756,0.006871435325592756,0
2023-08-14 15:00:00+01:00,0.006871482357382774,0.006886293180286884,0.006870444398373365,0.0068756407126784325,0.0068756407126784325,0
2023-08-14 16:00:00+01:00,0.00687559274956584,0.006885108537971973,0.006875309627503157,0.006882360205054283,0.006882360205054283,0
2023-08-14 17:00:00+01:00,0.0068823122419416904,0.00688809622079134,0.0068816496059298515,0.0068831173703074455,0.0068831173703074455,0
2023-08-14 18:00:00+01:00,0.0068831173703074455,0.006884966045618057,0.006878998596221209,0.006879282649606466,0.006879282649606466,0
2023-08-14 19:00:00+01:00,0.00687914015725255,0.006880749948322773,0.006872427184134722,0.00687275780364871,0.00687275780364871,0
2023-08-14 20:00:00+01:00,0.00687275780364871,0.006876964587718248,0.006871907506138086,0.006875073071569204,0.006875073071569204,0
2023-08-14 21:00:00+01:00,0.006875215098261833,0.006875829771161079,0.0068700192496180534,0.006870680022984743,0.006870680022984743,0
2023-08-14 22:00:00+01:00,0.0068705384619534016,0.006877626292407513,0.006869830656796694,0.006871246732771397,0.006871246732771397,0
2023-08-14 23:00:00+01:00,0.006871058139950037,0.006874647457152605,0.006870444398373365,0.006872190628200769,0.006872190628200769,0
2023-08-15 00:00:00+01:00,0.006872427184134722,0.006879045628011227,0.0068705384619534016,0.006875829771161079,0.006875829771161079,0
2023-08-15 01:00:00+01:00,0.006876018363982439,0.00687710614874959,0.006868462078273296,0.006875687278807163,0.006875687278807163,0
2023-08-15 02:00:00+01:00,0.00687587633728981,0.0068813650868833065,0.006872994359582663,0.006877153646200895,0.006877153646200895,0
2023-08-15 03:00:00+01:00,0.006877200677990913,0.00687937717884779,0.00687058549374342,0.006870680022984743,0.006870680022984743,0
2023-08-15 04:00:00+01:00,0.006871010642498732,0.006874931510537863,0.0068703023716807365,0.006873040925711393,0.006873040925711393,0
2023-08-15 05:00:00+01:00,0.006873040925711393,0.006874600425362587,0.006871010642498732,0.006872096098959446,0.006872096098959446,0
2023-08-15 06:00:00+01:00,0.006872143596410751,0.006881223525851965,0.006871577352285385,0.006874647457152605,0.006874647457152605,0
2023-08-15 07:00:00+01:00,0.006874552927911282,0.006876917090266943,0.006861628033220768,0.006862334441393614,0.006862334441393614,0
2023-08-15 08:00:00+01:00,0.006862476002424955,0.006865821313112974,0.0068565476685762405,0.006858804263174534,0.006858804263174534,0
2023-08-15 09:00:00+01:00,0.006858804263174534,0.006869358476251364,0.006855654064565897,0.00686591537669301,0.00686591537669301,0
2023-08-15 10:00:00+01:00,0.006866056937724352,0.006872615776956081,0.006862711627036333,0.006870632991194725,0.006870632991194725,0
2023-08-15 11:00:00+01:00,0.006870349869132042,0.006872710306197405,0.006864972412586212,0.006871010642498732,0.006871010642498732,0
2023-08-15 12:00:00+01:00,0.006871058139950037,0.006874884013086557,0.006868509575724602,0.00687134126201272,0.00687134126201272,0
2023-08-15 13:00:00+01:00,0.006871482357382774,0.0068747419863939285,0.0068576755002141,0.006868367549031973,0.006868367549031973,0
2023-08-15 14:00:00+01:00,0.006868462078273296,0.006884634029120207,0.006867565680295229,0.006880844943225384,0.006880844943225384,0
2023-08-15 15:00:00+01:00,0.006880796980112791,0.006891798693686724,0.006876728031784296,0.006890089251101017,0.006890089251101017,0
2023-08-15 16:00:00+01:00,0.006890184246003628,0.0068902792409062386,0.006875781808048487,0.006877720821648836,0.006877720821648836,0
2023-08-15 17:00:00+01:00,0.006877720821648836,0.006878146901726723,0.006869688630104065,0.006870160344988108,0.006870160344988108,0
2023-08-15 18:00:00+01:00,0.0068703023716807365,0.006873986218124628,0.0068694525398314,0.006872238125652075,0.006872238125652075,0
2023-08-15 19:00:00+01:00,0.006872569210827351,0.006873088423162699,0.006865067407488823,0.006865161471068859,0.006865161471068859,0
2023-08-15 20:00:00+01:00,0.006865161471068859,0.006871435325592756,0.006864831782877445,0.006870680022984743,0.006870680022984743,0
2023-08-15 21:00:00+01:00,0.006870774086564779,0.006872190628200769,0.006868415046483278,0.006869971752166748,0.006869971752166748,0
2023-08-15 22:00:00+01:00,0.0068700192496180534,0.006871860474348068,0.0068662455305457115,0.006870821584016085,0.006870821584016085,0
2023-08-15 23:00:00+01:00,0.0068707275204360485,0.00687228562310338,0.006868225988000631,0.006868367549031973,0.006868367549031973,0
2023-08-16 00:00:00+01:00,0.006868367549031973,0.006869971752166748,0.0068656327202916145,0.006867188960313797,0.006867188960313797,0
2023-08-16 01:00:00+01:00,0.006867330055683851,0.006872804835438728,0.006864218972623348,0.0068685561418533325,0.0068685561418533325,0
2023-08-16 02:00:00+01:00,0.0068687922321259975,0.006871482357382774,0.006863794755190611,0.006870207842439413,0.006870207842439413,0
2023-08-16 03:00:00+01:00,0.006870113778859377,0.0068753561936318874,0.006869688630104065,0.006870444398373365,0.006870444398373365,0
2023-08-16 04:00:00+01:00,0.006870255805552006,0.006873891688883305,0.006870160344988108,0.006872804835438728,0.006872804835438728,0
2023-08-16 05:00:00+01:00,0.006872710306197405,0.006875781808048487,0.00687200203537941,0.006875261664390564,0.006875261664390564,0
2023-08-16 06:00:00+01:00,0.006875167600810528,0.006877200677990913,0.006873891688883305,0.0068770116195082664,0.0068770116195082664,0
2023-08-16 07:00:00+01:00,0.006876870058476925,0.006882217712700367,0.00687228562310338,0.00688018137589097,0.00688018137589097,0
2023-08-16 08:00:00+01:00,0.006880039349198341,0.006880607921630144,0.006871671881526709,0.006879093125462532,0.006879093125462532,0
2023-08-16 09:00:00+01:00,0.006879093125462532,0.006879471708089113,0.006870207842439413,0.006871812976896763,0.006871812976896763,0
2023-08-16 10:00:00+01:00,0.006871955003589392,0.006873986218124628,0.006866339594125748,0.006869971752166748,0.006869971752166748,0
2023-08-16 11:00:00+01:00,0.0068700192496180534,0.006870680022984743,0.006864831782877445,0.006867848802357912,0.006867848802357912,0
2023-08-16 12:00:00+01:00,0.006867707706987858,0.006867942865937948,0.006859839893877506,0.006860404275357723,0.006860404275357723,0
2023-08-16 13:00:00+01:00,0.006860451307147741,0.0068639833480119705,0.006854761391878128,0.006855701096355915,0.006855701096355915,0
2023-08-16 14:00:00+01:00,0.006855654064565897,0.006865774281322956,0.006852318532764912,0.0068580047227442265,0.0068580047227442265,0
2023-08-16 15:00:00+01:00,0.0068580047227442265,0.006863323971629143,0.00685551343485713,0.0068584284745156765,0.0068584284745156765,0
2023-08-16 16:00:00+01:00,0.006858569569885731,0.006862899754196405,0.006855090148746967,0.0068578640930354595,0.0068578640930354595,0
2023-08-16 17:00:00+01:00,0.0068578640930354595,0.006858804263174534,0.006852178368717432,0.0068535394966602325,0.0068535394966602325,0
2023-08-16 18:00:00+01:00,0.006853258237242699,0.0068535394966602325,0.0068419575691223145,0.006846454460173845,0.006846454460173845,0
2023-08-16 19:00:00+01:00,0.006846501491963863,0.0068498775362968445,0.006837139371782541,0.006838588509708643,0.006838588509708643,0
2023-08-16 20:00:00+01:00,0.0068384017795324326,0.00683872913941741,0.006830274593085051,0.006831767503172159,0.006831767503172159,0
2023-08-16 21:00:00+01:00,0.0068320478312671185,0.006835269741714001,0.006831534206867218,0.006833541672676802,0.006833541672676802,0
2023-08-16 22:00:00+01:00,0.006833822466433048,0.006841677241027355,0.006833401974290609,0.006837700493633747,0.006837700493633747,0
2023-08-16 23:00:00+01:00,0.006837185937911272,0.006838448811322451,0.006835316773504019,0.006835970561951399,0.006835970561951399,0
2023-08-17 00:00:00+01:00,0.006836438551545143,0.006836764980107546,0.006833074614405632,0.006833961699157953,0.006833961699157953,0
2023-08-17 01:00:00+01:00,0.006833728868514299,0.006834148429334164,0.006823097355663776,0.006831020582467318,0.006831020582467318,0
2023-08-17 02:00:00+01:00,0.006830927450209856,0.006833215244114399,0.006825845222920179,0.006830320693552494,0.006830320693552494,0
2023-08-17 03:00:00+01:00,0.006830601487308741,0.0068327016197144985,0.006829202175140381,0.0068297614343464375,0.0068297614343464375,0
2023-08-17 04:00:00+01:00,0.006829901598393917,0.00683246785774827,0.006828782148659229,0.006829621270298958,0.006829621270298958,0
2023-08-17 05:00:00+01:00,0.006829434540122747,0.00683214096352458,0.006829155143350363,0.006830041296780109,0.006830041296780109,0
2023-08-17 06:00:00+01:00,0.0068302275612950325,0.006835970561951399,0.006829202175140381,0.0068347561173141,0.0068347561173141,0
2023-08-17 07:00:00+01:00,0.0068347561173141,0.006836391519755125,0.006829901598393917,0.00683260802179575,0.00683260802179575,0
2023-08-17 08:00:00+01:00,0.00683260802179575,0.006840039044618607,0.006832094397395849,0.0068390569649636745,0.0068390569649636745,0
2023-08-17 09:00:00+01:00,0.006839009467512369,0.006844814866781235,0.006836812011897564,0.006838355213403702,0.006838355213403702,0
2023-08-17 10:00:00+01:00,0.006838121451437473,0.00684219179674983,0.006835316773504019,0.00683989841490984,0.00683989841490984,0
2023-08-17 11:00:00+01:00,0.006840132642537355,0.0068531641736626625,0.006838588509708643,0.00685128616169095,0.00685128616169095,0
2023-08-17 12:00:00+01:00,0.006851239129900932,0.006859275512397289,0.006847251206636429,0.0068578170612454414,0.0068578170612454414,0
2023-08-17 13:00:00+01:00,0.0068576755002141,0.006865726783871651,0.00684954971075058,0.006859228014945984,0.006859228014945984,0
2023-08-17 14:00:00+01:00,0.006859463639557362,0.006867424119263887,0.006853915750980377,0.00685471436008811,0.00685471436008811,0
2023-08-17 15:00:00+01:00,0.006854526232928038,0.006855136714875698,0.006841723341494799,0.006848705001175404,0.006848705001175404,0
2023-08-17 16:00:00+01:00,0.006848892662674189,0.0068529765121638775,0.0068399920128285885,0.00684162974357605,0.00684162974357605,0
2023-08-17 17:00:00+01:00,0.006841583643108606,0.006848189048469067,0.006841395515948534,0.006843175273388624,0.006843175273388624,0
2023-08-17 18:00:00+01:00,0.006843127775937319,0.006843596696853638,0.006835456471890211,0.006836391519755125,0.006836391519755125,0
2023-08-17 19:00:00+01:00,0.006836484652012587,0.006843221373856068,0.006835269741714001,0.006842238362878561,0.006842238362878561,0
2023-08-17 20:00:00+01:00,0.006842238362878561,0.006866622716188431,0.006841442547738552,0.006862381938844919,0.006862381938844919,0
2023-08-17 21:00:00+01:00,0.006862381938844919,0.006862711627036333,0.006856124382466078,0.0068574873730540276,0.0068574873730540276,0
2023-08-17 22:00:00+01:00,0.006858098786324263,0.006860639899969101,0.006855465937405825,0.006858569569885731,0.006858569569885731,0
2023-08-17 23:00:00+01:00,0.006857958156615496,0.006864265538752079,0.006856829393655062,0.006863041315227747,0.006863041315227747,0
2023-08-18 00:00:00+01:00,0.0068629467859864235,0.006869547069072723,0.006861817091703415,0.006862805690616369,0.006862805690616369,0
2023-08-18 01:00:00+01:00,0.006863088347017765,0.006871718447655439,0.00685889832675457,0.006870916113257408,0.006870916113257408,0
2023-08-18 02:00:00+01:00,0.0068707275204360485,0.006881175562739372,0.006869358476251364,0.006874600425362587,0.006874600425362587,0
2023-08-18 03:00:00+01:00,0.0068745058961212635,0.006875687278807163,0.006870113778859377,0.006872332654893398,0.006872332654893398,0
2023-08-18 04:00:00+01:00,0.006872190628200769,0.006881460081785917,0.006871293764561415,0.006879282649606466,0.006879282649606466,0
2023-08-18 05:00:00+01:00,0.006879234686493874,0.006880986504256725,0.006872427184134722,0.00687422277405858,0.00687422277405858,0
2023-08-18 06:00:00+01:00,0.006874269340187311,0.006881318055093288,0.0068740807473659515,0.006879424676299095,0.006879424676299095,0
2023-08-18 07:00:00+01:00,0.00687966076657176,0.0068880487233400345,0.006877153646200895,0.0068787140771746635,0.0068787140771746635,0
2023-08-18 08:00:00+01:00,0.006879045628011227,0.006889425218105316,0.0068780044093728065,0.006882406771183014,0.006882406771183014,0
2023-08-18 09:00:00+01:00,0.00688254926353693,0.006884492002427578,0.006866528186947107,0.00686926394701004,0.00686926394701004,0
2023-08-18 10:00:00+01:00,0.0068692173808813095,0.00687540415674448,0.006866622716188431,0.0068700662814080715,0.0068700662814080715,0
2023-08-18 11:00:00+01:00,0.0068700662814080715,0.006876917090266943,0.006869925186038017,0.006873655132949352,0.006873655132949352,0
2023-08-18 12:00:00+01:00,0.006873560603708029,0.006882596295326948,0.006871435325592756,0.006878194399178028,0.006878194399178028,0
2023-08-18 13:00:00+01:00,0.006878146901726723,0.006878525018692017,0.006860263179987669,0.006866434123367071,0.006866434123367071,0
2023-08-18 14:00:00+01:00,0.00686610396951437,0.006882975809276104,0.006861581467092037,0.006880512926727533,0.006880512926727533,0
2023-08-18 15:00:00+01:00,0.006880512926727533,0.006890184246003628,0.006877342704683542,0.006888191215693951,0.006888191215693951,0
2023-08-18 16:00:00+01:00,0.006888001225888729,0.006891466677188873,0.006880796980112791,0.00688951974734664,0.00688951974734664,0
2023-08-18 17:00:00+01:00,0.006889472249895334,0.006893889047205448,0.0068831173703074455,0.006893176585435867,0.006893176585435867,0
2023-08-18 18:00:00+01:00,0.0068934615701437,0.006900215987116098,0.006889425218105316,0.006890849210321903,0.006890849210321903,0
2023-08-18 19:00:00+01:00,0.006890944205224514,0.006891086231917143,0.006881933659315109,0.006882217712700367,0.006882217712700367,0
2023-08-18 20:00:00+01:00,0.006882217712700367,0.0068831173703074455,0.006877531763166189,0.006880465429276228,0.006880465429276228,0
2023-08-18 21:00:00+01:00,0.006880276370793581,0.0068828812800347805,0.006877484731376171,0.006880939472466707,0.006880939472466707,0
2023-08-18 22:00:00+01:00,0.006878525018692017,0.006878525018692017,0.006878525018692017,0.006878525018692017,0.006878525018692017,0
2023-08-21 00:00:00+01:00,0.006882501766085625,0.006883449386805296,0.006879897788167,0.006881223525851965,0.006881223525851965,0
2023-08-21 01:00:00+01:00,0.006881270091980696,0.006889756768941879,0.0068808915093541145,0.00688809622079134,0.00688809622079134,0
2023-08-21 02:00:00+01:00,0.006887953728437424,0.0068898992612957954,0.006870255805552006,0.006871104706078768,0.006871104706078768,0
2023-08-21 03:00:00+01:00,0.006871058139950037,0.006882406771183014,0.006866905372589827,0.006879849825054407,0.006879849825054407,0
2023-08-21 04:00:00+01:00,0.006879897788167,0.0068803709000349045,0.006874552927911282,0.006876728031784296,0.006876728031784296,0
2023-08-21 05:00:00+01:00,0.006876680068671703,0.006881839130073786,0.00687540415674448,0.006878904066979885,0.006878904066979885,0
2023-08-21 06:00:00+01:00,0.006879045628011227,0.006880796980112791,0.006875450722873211,0.0068777683191001415,0.0068777683191001415,0
2023-08-21 07:00:00+01:00,0.006877720821648836,0.006878430489450693,0.0068709636107087135,0.00687559274956584,0.00687559274956584,0
2023-08-21 08:00:00+01:00,0.00687587633728981,0.006880512926727533,0.006874127313494682,0.006875073071569204,0.006875073071569204,0
2023-08-21 09:00:00+01:00,0.006874931510537863,0.006876255385577679,0.0068636066280305386,0.006864454597234726,0.006864454597234726,0
2023-08-21 10:00:00+01:00,0.006864454597234726,0.006866905372589827,0.006858710199594498,0.006860216148197651,0.006860216148197651,0
2023-08-21 11:00:00+01:00,0.006860075052827597,0.006860263179987669,0.006850769743323326,0.006852741353213787,0.006852741353213787,0
2023-08-21 12:00:00+01:00,0.006852553691715002,0.006860969588160515,0.006851990707218647,0.00685711158439517,0.00685711158439517,0
2023-08-21 13:00:00+01:00,0.006857205647975206,0.0068576755002141,0.0068413494154810905,0.006845235824584961,0.006845235824584961,0
2023-08-21 14:00:00+01:00,0.006845142226666212,0.006848940160125494,0.00684008514508605,0.006842940580099821,0.006842940580099821,0
2023-08-21 15:00:00+01:00,0.006842894479632378,0.006844064686447382,0.00683442922309041,0.006835924461483955,0.006835924461483955,0
2023-08-21 16:00:00+01:00,0.006835597101598978,0.006838635541498661,0.006830414291471243,0.006836999207735062,0.006836999207735062,0
2023-08-21 17:00:00+01:00,0.006836999207735062,0.006844064686447382,0.006836017593741417,0.006840740796178579,0.006840740796178579,0
2023-08-21 18:00:00+01:00,0.006840834394097328,0.006845470517873764,0.006839103065431118,0.006841489113867283,0.006841489113867283,0
2023-08-21 19:00:00+01:00,0.006841489113867283,0.0068450020626187325,0.006840927992016077,0.006844439543783665,0.006844439543783665,0
2023-08-21 20:00:00+01:00,0.006844392977654934,0.006846314296126366,0.006836064159870148,0.0068385424092411995,0.0068385424092411995,0
2023-08-21 21:00:00+01:00,0.006838775705546141,0.006840693764388561,0.006837700493633747,0.006839476991444826,0.006839476991444826,0
2023-08-21 22:00:00+01:00,0.006839617621153593,0.006843456067144871,0.006838682107627392,0.006839851848781109,0.006839851848781109,0
2023-08-21 23:00:00+01:00,0.006839804816991091,0.006843127775937319,0.006839430890977383,0.006840834394097328,0.006840834394097328,0
2023-08-22 00:00:00+01:00,0.00684078736230731,0.006841723341494799,0.00683755986392498,0.00683755986392498,0.00683755986392498,0
2023-08-22 01:00:00+01:00,0.0068378872238099575,0.006841068621724844,0.0068305544555187225,0.00683957152068615,0.00683957152068615,0
2023-08-22 02:00:00+01:00,0.006839383859187365,0.006846876349300146,0.006838588509708643,0.006843924056738615,0.006843924056738615,0
2023-08-22 03:00:00+01:00,0.006844064686447382,0.006850441452115774,0.006843783892691135,0.006846220698207617,0.006846220698207617,0
2023-08-22 04:00:00+01:00,0.00684626679867506,0.006856782361865044,0.006844767369329929,0.00684879906475544,0.00684879906475544,0
2023-08-22 05:00:00+01:00,0.0068486579693853855,0.006851003970950842,0.006845798343420029,0.006849033758044243,0.006849033758044243,0
2023-08-22 06:00:00+01:00,0.006849033758044243,0.0068533518351614475,0.006845142226666212,0.006845423951745033,0.006845423951745033,0
2023-08-22 07:00:00+01:00,0.006845611147582531,0.006855419371277094,0.006844299379736185,0.006853633560240269,0.006853633560240269,0
2023-08-22 08:00:00+01:00,0.006853868719190359,0.006861533969640732,0.006852318532764912,0.006860310211777687,0.006860310211777687,0
2023-08-22 09:00:00+01:00,0.006860357243567705,0.0068687922321259975,0.006860357243567705,0.006867235526442528,0.006867235526442528,0
2023-08-22 10:00:00+01:00,0.006867188960313797,0.006872238125652075,0.006861817091703415,0.0068703023716807365,0.0068703023716807365,0
2023-08-22 11:00:00+01:00,0.006870113778859377,0.006873277481645346,0.006862287875264883,0.006863559130579233,0.006863559130579233,0
2023-08-22 12:00:00+01:00,0.006863700691610575,0.006864265538752079,0.006856124382466078,0.006859933957457542,0.006859933957457542,0
2023-08-22 13:00:00+01:00,0.006859886925667524,0.006862758193165064,0.006848564371466637,0.0068513802252709866,0.0068513802252709866,0
2023-08-22 14:00:00+01:00,0.00685128616169095,0.0068527888506650925,0.00684303417801857,0.006846548058092594,0.006846548058092594,0
2023-08-22 15:00:00+01:00,0.0068464078940451145,0.006858240347355604,0.006844205781817436,0.006855560000985861,0.006855560000985861,0
2023-08-22 16:00:00+01:00,0.006855701096355915,0.006863088347017765,0.0068542915396392345,0.006859181448817253,0.006859181448817253,0
2023-08-22 17:00:00+01:00,0.006858945824205875,0.006862429436296225,0.006855560000985861,0.00685687642544508,0.00685687642544508,0
2023-08-22 18:00:00+01:00,0.006856923457235098,0.006863182410597801,0.006856641732156277,0.006859181448817253,0.006859181448817253,0
2023-08-22 19:00:00+01:00,0.006859228014945984,0.0068609220907092094,0.006854902487248182,0.006856124382466078,0.006856124382466078,0
2023-08-22 20:00:00+01:00,0.006856076885014772,0.006856359075754881,0.006853633560240269,0.006854808423668146,0.006854808423668146,0
2023-08-22 21:00:00+01:00,0.006854761391878128,0.006857017520815134,0.006852506194263697,0.006854902487248182,0.006854902487248182,0
2023-08-22 22:00:00+01:00,0.006854902487248182,0.006860639899969101,0.006854854989796877,0.0068559832870960236,0.0068559832870960236,0
2023-08-22 23:00:00+01:00,0.006856076885014772,0.006860263179987669,0.006855090148746967,0.006858286913484335,0.006858286913484335,0
2023-08-23 00:00:00+01:00,0.006858240347355604,0.0068625700660049915,0.0068574873730540276,0.006859839893877506,0.006859839893877506,0
2023-08-23 01:00:00+01:00,0.006859886925667524,0.0068662455305457115,0.0068580047227442265,0.006865585222840309,0.006865585222840309,0
2023-08-23 02:00:00+01:00,0.00686568021774292,0.006869500037282705,0.006863276474177837,0.006868225988000631,0.006868225988000631,0
2023-08-23 03:00:00+01:00,0.006868084892630577,0.006868744734674692,0.0068631358444690704,0.0068644070997834206,0.0068644070997834206,0
2023-08-23 04:00:00+01:00,0.006864454597234726,0.006868131458759308,0.006862711627036333,0.006865726783871651,0.006865726783871651,0
2023-08-23 05:00:00+01:00,0.006865726783871651,0.0068664816208183765,0.006861533969640732,0.006866198033094406,0.006866198033094406,0
2023-08-23 06:00:00+01:00,0.006866292096674442,0.006869971752166748,0.006862381938844919,0.006864689756184816,0.006864689756184816,0
2023-08-23 07:00:00+01:00,0.006864925846457481,0.006871435325592756,0.006863465066999197,0.0068639833480119705,0.0068639833480119705,0
2023-08-23 08:00:00+01:00,0.006863888818770647,0.006879944819957018,0.006860592868179083,0.006877626292407513,0.006877626292407513,0
2023-08-23 09:00:00+01:00,0.0068777683191001415,0.00688420794904232,0.00687587633728981,0.006879566237330437,0.006879566237330437,0
2023-08-23 10:00:00+01:00,0.006879471708089113,0.0068833548575639725,0.006873891688883305,0.006876207422465086,0.006876207422465086,0
2023-08-23 11:00:00+01:00,0.0068763019517064095,0.00687861954793334,0.006870774086564779,0.006875687278807163,0.006875687278807163,0
2023-08-23 12:00:00+01:00,0.006875450722873211,0.006885250099003315,0.006874884013086557,0.00687587633728981,0.00687587633728981,0
2023-08-23 13:00:00+01:00,0.006876018363982439,0.0068801348097622395,0.006868415046483278,0.006873891688883305,0.006873891688883305,0
2023-08-23 14:00:00+01:00,0.006873938720673323,0.006910850293934345,0.006872852332890034,0.006908414885401726,0.006908414885401726,0
2023-08-23 15:00:00+01:00,0.006908414885401726,0.0069142901338636875,0.006896741688251495,0.00690836738795042,0.00690836738795042,0
2023-08-23 16:00:00+01:00,0.006907986011356115,0.006917542777955532,0.006905362010002136,0.00691433809697628,0.00691433809697628,0
2023-08-23 17:00:00+01:00,0.006914434023201466,0.006916585844010115,0.006909799296408892,0.006914529483765364,0.006914529483765364,0
2023-08-23 18:00:00+01:00,0.006914577446877956,0.006918978877365589,0.006907508242875338,0.006907699164003134,0.006907699164003134,0
2023-08-23 19:00:00+01:00,0.006907986011356115,0.00690989475697279,0.0069019305519759655,0.0069066500291228294,0.0069066500291228294,0
2023-08-23 20:00:00+01:00,0.0069066500291228294,0.006907986011356115,0.00690083485096693,0.006902692839503288,0.006902692839503288,0
2023-08-23 21:00:00+01:00,0.006902883294969797,0.006905600428581238,0.006900501437485218,0.006904790177941322,0.006904790177941322,0
2023-08-23 22:00:00+01:00,0.0069060297682881355,0.006910324562340975,0.006904456298798323,0.006906697526574135,0.006906697526574135,0
2023-08-23 23:00:00+01:00,0.006905981805175543,0.006908271927386522,0.006905266549438238,0.006906458642333746,0.006906458642333746,0
2023-08-24 00:00:00+01:00,0.006906458642333746,0.006916585844010115,0.006906172726303339,0.006912092212587595,0.006912092212587595,0
2023-08-24 01:00:00+01:00,0.006911901291459799,0.006915628910064697,0.006904599256813526,0.006906411144882441,0.006906411144882441,0
2023-08-24 02:00:00+01:00,0.0069066500291228294,0.006907508242875338,0.0068948399275541306,0.006896456703543663,0.006896456703543663,0
2023-08-24 03:00:00+01:00,0.006896361708641052,0.006899883039295673,0.006893366575241089,0.0068968371488153934,0.0068968371488153934,0
2023-08-24 04:00:00+01:00,0.0068968371488153934,0.00690083485096693,0.006893889047205448,0.006895933300256729,0.006895933300256729,0
2023-08-24 05:00:00+01:00,0.006896123755723238,0.006897978950291872,0.0068870047107338905,0.0068885707296431065,0.0068885707296431065,0
2023-08-24 06:00:00+01:00,0.006888522766530514,0.00689132371917367,0.00688690971583128,0.006887953728437424,0.006887953728437424,0
2023-08-24 07:00:00+01:00,0.0068880487233400345,0.006899883039295673,0.006887336727231741,0.0068944594822824,0.0068944594822824,0
2023-08-24 08:00:00+01:00,0.006894316989928484,0.006895600352436304,0.006879708729684353,0.006881175562739372,0.006881175562739372,0
2023-08-24 09:00:00+01:00,0.006880939472466707,0.006888001225888729,0.006879566237330437,0.006881980691105127,0.006881980691105127,0
2023-08-24 10:00:00+01:00,0.006882028188556433,0.006884681526571512,0.006874978542327881,0.006876444444060326,0.006876444444060326,0
2023-08-24 11:00:00+01:00,0.006876349914819002,0.006878998596221209,0.006873891688883305,0.0068756407126784325,0.0068756407126784325,0
2023-08-24 12:00:00+01:00,0.006875735241919756,0.006878052372485399,0.00686436053365469,0.0068653966300189495,0.0068653966300189495,0
2023-08-24 13:00:00+01:00,0.006865585222840309,0.006866716779768467,0.00685128616169095,0.006854197476059198,0.006854197476059198,0
2023-08-24 14:00:00+01:00,0.006853868719190359,0.00686436053365469,0.00685128616169095,0.0068629467859864235,0.0068629467859864235,0
2023-08-24 15:00:00+01:00,0.0068628522567451,0.006876255385577679,0.006862476002424955,0.006868225988000631,0.006868225988000631,0
2023-08-24 16:00:00+01:00,0.006868603639304638,0.006871435325592756,0.006858663633465767,0.006860969588160515,0.006860969588160515,0
2023-08-24 17:00:00+01:00,0.006861063651740551,0.006862005218863487,0.006853633560240269,0.006854009814560413,0.006854009814560413,0
2023-08-24 18:00:00+01:00,0.006853727623820305,0.006861533969640732,0.006852271966636181,0.006855090148746967,0.006855090148746967,0
2023-08-24 19:00:00+01:00,0.0068551842123270035,0.006859651766717434,0.006854949053376913,0.006855795159935951,0.006855795159935951,0
2023-08-24 20:00:00+01:00,0.006855842657387257,0.006859181448817253,0.006855372339487076,0.006856453139334917,0.006856453139334917,0
2023-08-24 21:00:00+01:00,0.006856453139334917,0.006859181448817253,0.006855560000985861,0.006857393309473991,0.006857393309473991,0
2023-08-24 22:00:00+01:00,0.006857440806925297,0.006860875058919191,0.006855701096355915,0.0068574873730540276,0.0068574873730540276,0
2023-08-24 23:00:00+01:00,0.0068574873730540276,0.006859463639557362,0.0068513802252709866,0.006851990707218647,0.006851990707218647,0
2023-08-25 00:00:00+01:00,0.006851943209767342,0.006853070110082626,0.006845657713711262,0.006846782751381397,0.006846782751381397,0
2023-08-25 01:00:00+01:00,0.006847064010798931,0.006853633560240269,0.006844252347946167,0.00684753293171525,0.00684753293171525,0
2023-08-25 02:00:00+01:00,0.006847251206636429,0.006848376709967852,0.006839617621153593,0.006841910537332296,0.006841910537332296,0
2023-08-25 03:00:00+01:00,0.006842004135251045,0.006850722711533308,0.006840834394097328,0.00684879906475544,0.00684879906475544,0
2023-08-25 04:00:00+01:00,0.006848940160125494,0.006854009814560413,0.006844767369329929,0.006845751311630011,0.006845751311630011,0
2023-08-25 05:00:00+01:00,0.006847111042588949,0.006847907789051533,0.006840927992016077,0.006847204640507698,0.006847204640507698,0
2023-08-25 06:00:00+01:00,0.006847344804555178,0.006850253790616989,0.006842519156634808,0.006845095660537481,0.006845095660537481,0
2023-08-25 07:00:00+01:00,0.0068450020626187325,0.006848846096545458,0.006837185937911272,0.006845095660537481,0.006845095660537481,0
2023-08-25 08:00:00+01:00,0.006845235824584961,0.006854949053376913,0.006844439543783665,0.006846876349300146,0.006846876349300146,0
2023-08-25 09:00:00+01:00,0.006847064010798931,0.006850253790616989,0.006845611147582531,0.006848330143839121,0.006848330143839121,0
2023-08-25 10:00:00+01:00,0.006848236545920372,0.006849315017461777,0.00684570474550128,0.006846876349300146,0.006846876349300146,0
2023-08-25 11:00:00+01:00,0.006846969947218895,0.006853070110082626,0.006842144764959812,0.006852741353213787,0.006852741353213787,0
2023-08-25 12:00:00+01:00,0.006852553691715002,0.0068535394966602325,0.006847626995295286,0.00684954971075058,0.00684954971075058,0
2023-08-25 13:00:00+01:00,0.006849690340459347,0.00685551343485713,0.006848892662674189,0.006851755548268557,0.006851755548268557,0
2023-08-25 14:00:00+01:00,0.006851755548268557,0.0068535394966602325,0.006839430890977383,0.006844252347946167,0.006844252347946167,0
2023-08-25 15:00:00+01:00,0.006844252347946167,0.006862523499876261,0.00681965472176671,0.00682333018630743,0.00682333018630743,0
2023-08-25 16:00:00+01:00,0.006823423318564892,0.006839617621153593,0.006821515038609505,0.006831534206867218,0.006831534206867218,0
2023-08-25 17:00:00+01:00,0.006831487640738487,0.006838167551904917,0.0068308343179523945,0.006832888349890709,0.006832888349890709,0
2023-08-25 18:00:00+01:00,0.006832888349890709,0.006838822737336159,0.00683214096352458,0.0068353633396327496,0.0068353633396327496,0
2023-08-25 19:00:00+01:00,0.0068353633396327496,0.006839945446699858,0.006833074614405632,0.006833868566900492,0.006833868566900492,0
2023-08-25 20:00:00+01:00,0.006833822466433048,0.00683508301153779,0.006830601487308741,0.006831674370914698,0.006831674370914698,0
2023-08-25 21:00:00+01:00,0.006831814534962177,0.006833401974290609,0.006827523000538349,0.0068314410746097565,0.0068314410746097565,0
2023-08-28 00:00:00+01:00,0.00682393554598093,0.006825752090662718,0.006820491049438715,0.006823795847594738,0.006823795847594738,0
2023-08-28 01:00:00+01:00,0.0068238889798521996,0.006828548852354288,0.006821887101978064,0.006825565826147795,0.006825565826147795,0
2023-08-28 02:00:00+01:00,0.006825472693890333,0.006830881349742413,0.006823377218097448,0.006825332995504141,0.006825332995504141,0
2023-08-28 03:00:00+01:00,0.006825472693890333,0.006828082725405693,0.006823516450822353,0.006825519260019064,0.006825519260019064,0
2023-08-28 04:00:00+01:00,0.006825658958405256,0.006828268989920616,0.006824774201959372,0.006827523000538349,0.006827523000538349,0
2023-08-28 05:00:00+01:00,0.006827429868280888,0.006828175857663155,0.006825798656791449,0.006827616132795811,0.006827616132795811,0
2023-08-28 06:00:00+01:00,0.006827709265053272,0.006835924461483955,0.0068268240429461,0.006831067614257336,0.006831067614257336,0
2023-08-28 07:00:00+01:00,0.006831301376223564,0.006836764980107546,0.006830320693552494,0.006833495106548071,0.006833495106548071,0
2023-08-28 08:00:00+01:00,0.0068333083763718605,0.006834942847490311,0.0068237027153372765,0.006823795847594738,0.006823795847594738,0
2023-08-28 09:00:00+01:00,0.006823842413723469,0.00682663731276989,0.006821282207965851,0.0068241688422858715,0.0068241688422858715,0
2023-08-28 10:00:00+01:00,0.0068243080750107765,0.006825658958405256,0.006821236107498407,0.006823656614869833,0.006823656614869833,0
2023-08-28 11:00:00+01:00,0.006823609583079815,0.006827056873589754,0.006821654736995697,0.0068241688422858715,0.0068241688422858715,0
2023-08-28 12:00:00+01:00,0.006824261974543333,0.0068264976143836975,0.006822817958891392,0.006823749281466007,0.006823749281466007,0
2023-08-28 13:00:00+01:00,0.0068238889798521996,0.006830414291471243,0.006821934133768082,0.006829202175140381,0.006829202175140381,0
2023-08-28 14:00:00+01:00,0.006829341407865286,0.006830507889389992,0.006817562505602837,0.006823795847594738,0.006823795847594738,0
2023-08-28 15:00:00+01:00,0.006823656614869833,0.006824261974543333,0.006817468907684088,0.006818445399403572,0.006818445399403572,0
2023-08-28 16:00:00+01:00,0.006818631198257208,0.00683246785774827,0.006814495660364628,0.006830507889389992,0.006830507889389992,0
2023-08-28 17:00:00+01:00,0.006830367725342512,0.006832187995314598,0.0068256123922765255,0.006826357915997505,0.006826357915997505,0
2023-08-28 18:00:00+01:00,0.006826404482126236,0.006827849429100752,0.006822213064879179,0.006827150471508503,0.006827150471508503,0
2023-08-28 19:00:00+01:00,0.006827103439718485,0.006829528138041496,0.006823237054049969,0.006825192831456661,0.006825192831456661,0
2023-08-28 20:00:00+01:00,0.006824913434684277,0.006828175857663155,0.006824820302426815,0.006825845222920179,0.006825845222920179,0
2023-08-28 21:00:00+01:00,0.0068260314874351025,0.006826591212302446,0.0068238889798521996,0.006825192831456661,0.006825192831456661,0
2023-08-28 22:00:00+01:00,0.006824960466474295,0.006826870609074831,0.0068235634826123714,0.006824634037911892,0.006824634037911892,0
2023-08-28 23:00:00+01:00,0.0068247271701693535,0.006830041296780109,0.006824214942753315,0.0068294815719127655,0.0068294815719127655,0
2023-08-29 00:00:00+01:00,0.006829434540122747,0.006831814534962177,0.006827010307461023,0.006827663164585829,0.006827663164585829,0
2023-08-29 01:00:00+01:00,0.006827802397310734,0.00683508301153779,0.0068260785192251205,0.006827942561358213,0.006827942561358213,0
2023-08-29 02:00:00+01:00,0.006827942561358213,0.00683489628136158,0.00682789646089077,0.006832934450358152,0.006832934450358152,0
2023-08-29 03:00:00+01:00,0.006833027582615614,0.00683358870446682,0.0068299476988613605,0.0068320478312671185,0.0068320478312671185,0
2023-08-29 04:00:00+01:00,0.0068322340957820415,0.006833681836724281,0.006829388439655304,0.006830647587776184,0.006830647587776184,0
2023-08-29 05:00:00+01:00,0.006830461323261261,0.006830694619566202,0.0068260314874351025,0.006826544180512428,0.006826544180512428,0
2023-08-29 06:00:00+01:00,0.0068267774768173695,0.006831581238657236,0.006823097355663776,0.0068305544555187225,0.0068305544555187225,0
2023-08-29 07:00:00+01:00,0.006830507889389992,0.006833681836724281,0.006828035693615675,0.006829994730651379,0.006829994730651379,0
2023-08-29 08:00:00+01:00,0.006830134429037571,0.006832841318100691,0.006827290169894695,0.006827942561358213,0.006827942561358213,0
2023-08-29 09:00:00+01:00,0.006828175857663155,0.006830694619566202,0.00682468106970191,0.006825519260019064,0.006825519260019064,0
2023-08-29 10:00:00+01:00,0.006825472693890333,0.006826404482126236,0.006822399329394102,0.006823981646448374,0.006823981646448374,0
2023-08-29 11:00:00+01:00,0.00682393554598093,0.006825472693890333,0.006812406703829765,0.006813056766986847,0.006813056766986847,0
2023-08-29 12:00:00+01:00,0.00681282440200448,0.00681310286745429,0.006795232184231281,0.006796387489885092,0.006796387489885092,0
2023-08-29 13:00:00+01:00,0.006796433124691248,0.006797726731747389,0.006785457953810692,0.006791770923882723,0.006791770923882723,0
2023-08-29 14:00:00+01:00,0.00679186312481761,0.006798651069402695,0.0067904796451330185,0.00679666455835104,0.00679666455835104,0
2023-08-29 15:00:00+01:00,0.006796895060688257,0.006840927992016077,0.006796895060688257,0.006833868566900492,0.006833868566900492,0
2023-08-29 16:00:00+01:00,0.006833868566900492,0.006856359075754881,0.006831720937043428,0.00684879906475544,0.00684879906475544,0
2023-08-29 17:00:00+01:00,0.00684879906475544,0.006853821221739054,0.006844486575573683,0.006853305269032717,0.006853305269032717,0
2023-08-29 18:00:00+01:00,0.006853305269032717,0.006860216148197651,0.006853023078292608,0.006858945824205875,0.006858945824205875,0
2023-08-29 19:00:00+01:00,0.006858992390334606,0.006859228014945984,0.006849456112831831,0.006856594234704971,0.006856594234704971,0
2023-08-29 20:00:00+01:00,0.006856641732156277,0.006865113973617554,0.006854949053376913,0.0068580047227442265,0.0068580047227442265,0
2023-08-29 21:00:00+01:00,0.006858052220195532,0.006860969588160515,0.006854854989796877,0.006855795159935951,0.006855795159935951,0
2023-08-29 22:00:00+01:00,0.006856030318886042,0.006858945824205875,0.006852553691715002,0.006853681057691574,0.006853681057691574,0
2023-08-29 23:00:00+01:00,0.0068535394966602325,0.006859086453914642,0.0068527888506650925,0.006858757697045803,0.006858757697045803,0
2023-08-30 00:00:00+01:00,0.006858804263174534,0.0068599809892475605,0.006849127355962992,0.006850159727036953,0.006850159727036953,0
2023-08-30 01:00:00+01:00,0.006850347388535738,0.006856359075754881,0.006844392977654934,0.006853633560240269,0.006853633560240269,0
2023-08-30 02:00:00+01:00,0.006853492930531502,0.006855795159935951,0.0068406471982598305,0.006842238362878561,0.006842238362878561,0
2023-08-30 03:00:00+01:00,0.006842285394668579,0.006845564115792513,0.006838167551904917,0.006838261615484953,0.006838261615484953,0
2023-08-30 04:00:00+01:00,0.006838448811322451,0.006842706352472305,0.0068373726680874825,0.006842051167041063,0.006842051167041063,0
2023-08-30 05:00:00+01:00,0.006842097733169794,0.00684303417801857,0.006837840657681227,0.006838868837803602,0.006838868837803602,0
2023-08-30 06:00:00+01:00,0.006838682107627392,0.006842519156634808,0.006837185937911272,0.006837980821728706,0.006837980821728706,0
2023-08-30 07:00:00+01:00,0.0068378872238099575,0.006842097733169794,0.0068327016197144985,0.006833728868514299,0.006833728868514299,0
2023-08-30 08:00:00+01:00,0.006833822466433048,0.006834803149104118,0.006825426127761602,0.006830881349742413,0.006830881349742413,0
2023-08-30 09:00:00+01:00,0.006830881349742413,0.006833215244114399,0.006824214942753315,0.006828735116869211,0.006828735116869211,0
2023-08-30 10:00:00+01:00,0.006828875280916691,0.00683755986392498,0.0068268240429461,0.006833634804934263,0.006833634804934263,0
2023-08-30 11:00:00+01:00,0.006833681836724281,0.00683508301153779,0.006829807534813881,0.006834008730947971,0.006834008730947971,0
2023-08-30 12:00:00+01:00,0.006833961699157953,0.0068347095511853695,0.006828921847045422,0.006833261344581842,0.006833261344581842,0
2023-08-30 13:00:00+01:00,0.006833401974290609,0.00685791065916419,0.0068320478312671185,0.00685551343485713,0.00685551343485713,0
2023-08-30 14:00:00+01:00,0.006855419371277094,0.0068703023716807365,0.006851708050817251,0.006867283023893833,0.006867283023893833,0
2023-08-30 15:00:00+01:00,0.006867377553135157,0.006868980824947357,0.006851990707218647,0.006856735795736313,0.006856735795736313,0
2023-08-30 16:00:00+01:00,0.00685687642544508,0.006860969588160515,0.006850488018244505,0.006851990707218647,0.006851990707218647,0
2023-08-30 17:00:00+01:00,0.006851943209767342,0.006852506194263697,0.006842472590506077,0.006844955030828714,0.006844955030828714,0
2023-08-30 18:00:00+01:00,0.0068450020626187325,0.006850629113614559,0.006839851848781109,0.006840319372713566,0.006840319372713566,0
2023-08-30 19:00:00+01:00,0.006840553600341082,0.006843175273388624,0.006837606895714998,0.006841021589934826,0.006841021589934826,0
2023-08-30 20:00:00+01:00,0.006840881425887346,0.006841536145657301,0.00683555006980896,0.006836812011897564,0.006836812011897564,0
2023-08-30 21:00:00+01:00,0.006836718879640102,0.006840132642537355,0.006836111191660166,0.006839009467512369,0.006839009467512369,0
2023-08-30 22:00:00+01:00,0.006838868837803602,0.006845282856374979,0.006838214583694935,0.006841723341494799,0.006841723341494799,0
2023-08-30 23:00:00+01:00,0.006840834394097328,0.006846829783171415,0.006840740796178579,0.006844299379736185,0.006844299379736185,0
2023-08-31 00:00:00+01:00,0.006844252347946167,0.006851802114397287,0.006843596696853638,0.006845470517873764,0.006845470517873764,0
2023-08-31 01:00:00+01:00,0.006845376454293728,0.006850816309452057,0.006843503098934889,0.0068463608622550964,0.0068463608622550964,0
2023-08-31 02:00:00+01:00,0.006846314296126366,0.006859651766717434,0.006845938507467508,0.006856170948594809,0.006856170948594809,0
2023-08-31 03:00:00+01:00,0.006856124382466078,0.006861110683530569,0.006852647289633751,0.006859228014945984,0.006859228014945984,0
2023-08-31 04:00:00+01:00,0.006859275512397289,0.006859463639557362,0.006851755548268557,0.006851755548268557,0.006851755548268557,0
2023-08-31 05:00:00+01:00,0.006851802114397287,0.006855701096355915,0.006847814191132784,0.006855043116956949,0.006855043116956949,0
2023-08-31 06:00:00+01:00,0.006855043116956949,0.006855043116956949,0.006847204640507698,0.0068535394966602325,0.0068535394966602325,0
2023-08-31 07:00:00+01:00,0.0068533518351614475,0.006854573264718056,0.006847111042588949,0.006847251206636429,0.006847251206636429,0
2023-08-31 08:00:00+01:00,0.006847344804555178,0.006862617563456297,0.006846876349300146,0.006853445898741484,0.006853445898741484,0
2023-08-31 09:00:00+01:00,0.006853586994111538,0.006861439906060696,0.006850863806903362,0.006851708050817251,0.006851708050817251,0
2023-08-31 10:00:00+01:00,0.006851755548268557,0.006857769563794136,0.006850957404822111,0.006854385603219271,0.006854385603219271,0
2023-08-31 11:00:00+01:00,0.00685415044426918,0.006856359075754881,0.006850488018244505,0.006852929014712572,0.006852929014712572,0
2023-08-31 12:00:00+01:00,0.0068531641736626625,0.006858757697045803,0.006852271966636181,0.00685791065916419,0.00685791065916419,0
2023-08-31 13:00:00+01:00,0.006858052220195532,0.0068670944310724735,0.006846126634627581,0.00685551343485713,0.00685551343485713,0
2023-08-31 14:00:00+01:00,0.006855747662484646,0.006859651766717434,0.006838635541498661,0.006842378992587328,0.006842378992587328,0
2023-08-31 15:00:00+01:00,0.006842425558716059,0.006871293764561415,0.006841442547738552,0.006867990363389254,0.006867990363389254,0
2023-08-31 16:00:00+01:00,0.006868131458759308,0.006874931510537863,0.006861487403512001,0.0068639363162219524,0.0068639363162219524,0
2023-08-31 17:00:00+01:00,0.006864124909043312,0.006876207422465086,0.0068639363162219524,0.006872899830341339,0.006872899830341339,0
2023-08-31 18:00:00+01:00,0.006872899830341339,0.006876774597913027,0.006870916113257408,0.006875687278807163,0.006875687278807163,0
2023-08-31 19:00:00+01:00,0.006875498685985804,0.00688018137589097,0.0068753561936318874,0.006876396480947733,0.006876396480947733,0
2023-08-31 20:00:00+01:00,0.006876396480947733,0.00687937717884779,0.006872521247714758,0.006874647457152605,0.006874647457152605,0
2023-08-31 21:00:00+01:00,0.006874931510537863,0.006875215098261833,0.006870868615806103,0.006871812976896763,0.006871812976896763,0
2023-08-31 22:00:00+01:00,0.006871955003589392,0.006874931510537863,0.006871010642498732,0.006872569210827351,0.006872569210827351,0
2023-08-31 23:00:00+01:00,0.006871152203530073,0.006874789483845234,0.006869642063975334,0.00687200203537941,0.00687200203537941,0
2023-09-01 00:00:00+01:00,0.006871766410768032,0.0068753561936318874,0.0068709636107087135,0.006873514037579298,0.006873514037579298,0
2023-09-01 01:00:00+01:00,0.006873514037579298,0.006874836981296539,0.0068633705377578735,0.006869877688586712,0.006869877688586712,0
2023-09-01 02:00:00+01:00,0.006869925186038017,0.006885345559567213,0.006869594566524029,0.006875781808048487,0.006875781808048487,0
2023-09-01 03:00:00+01:00,0.006875970866531134,0.0068833548575639725,0.0068745058961212635,0.006877153646200895,0.006877153646200895,0
2023-09-01 04:00:00+01:00,0.006877059116959572,0.006877200677990913,0.006872946862131357,0.006875073071569204,0.006875073071569204,0
2023-09-01 05:00:00+01:00,0.00687512056902051,0.006875498685985804,0.006869830656796694,0.006873182952404022,0.006873182952404022,0
2023-09-01 06:00:00+01:00,0.006873182952404022,0.0068740807473659515,0.006868178956210613,0.006872190628200769,0.006872190628200769,0
2023-09-01 07:00:00+01:00,0.006872143596410751,0.006873702630400658,0.006866670213639736,0.0068705384619534016,0.0068705384619534016,0
2023-09-01 08:00:00+01:00,0.00687058549374342,0.006879282649606466,0.006870490964502096,0.006876680068671703,0.006876680068671703,0
2023-09-01 09:00:00+01:00,0.006876774597913027,0.00687833596020937,0.006872096098959446,0.0068747419863939285,0.0068747419863939285,0
2023-09-01 10:00:00+01:00,0.006874411832541227,0.006877862848341465,0.006872899830341339,0.00687781535089016,0.00687781535089016,0
2023-09-01 11:00:00+01:00,0.0068777683191001415,0.006878052372485399,0.006872994359582663,0.006876255385577679,0.006876255385577679,0
2023-09-01 12:00:00+01:00,0.006876160856336355,0.006886815186589956,0.006875167600810528,0.0068857246078550816,0.0068857246078550816,0
2023-09-01 13:00:00+01:00,0.006885630078613758,0.006923337932676077,0.0068823122419416904,0.006909464951604605,0.006909464951604605,0
2023-09-01 14:00:00+01:00,0.006909369491040707,0.006911423057317734,0.006875167600810528,0.006879708729684353,0.006879708729684353,0
2023-09-01 15:00:00+01:00,0.006880086846649647,0.006880086846649647,0.00684626679867506,0.00684879906475544,0.00684879906475544,0
2023-09-01 16:00:00+01:00,0.006848846096545458,0.006849783938378096,0.006838822737336159,0.006839945446699858,0.006839945446699858,0
2023-09-01 17:00:00+01:00,0.006839804816991091,0.0068436432629823685,0.00683555006980896,0.006842425558716059,0.006842425558716059,0
2023-09-01 18:00:00+01:00,0.006842472590506077,0.006846126634627581,0.006841536145657301,0.00684354966506362,0.00684354966506362,0
2023-09-01 19:00:00+01:00,0.0068436432629823685,0.00684518925845623,0.006840225774794817,0.006842238362878561,0.006842238362878561,0
2023-09-01 20:00:00+01:00,0.006842144764959812,0.006844112183898687,0.006839804816991091,0.006840460002422333,0.006840460002422333,0
2023-09-01 21:00:00+01:00,0.006840460002422333,0.0068426597863435745,0.006835924461483955,0.006840319372713566,0.006840319372713566,0
2023-09-04 00:00:00+01:00,0.0068419575691223145,0.0068484703078866005,0.006841442547738552,0.006846314296126366,0.006846314296126366,0
2023-09-04 01:00:00+01:00,0.006846314296126366,0.006847767159342766,0.006839290261268616,0.006841583643108606,0.006841583643108606,0
2023-09-04 02:00:00+01:00,0.00684162974357605,0.006846126634627581,0.006837747525423765,0.006839009467512369,0.006839009467512369,0
2023-09-04 03:00:00+01:00,0.006839196663349867,0.0068458449095487595,0.0068390569649636745,0.006842940580099821,0.006842940580099821,0
2023-09-04 04:00:00+01:00,0.006842753384262323,0.006844392977654934,0.006840225774794817,0.006841910537332296,0.006841910537332296,0
2023-09-04 05:00:00+01:00,0.0068419575691223145,0.006843127775937319,0.006839711219072342,0.0068419575691223145,0.0068419575691223145,0
2023-09-04 06:00:00+01:00,0.006842004135251045,0.006843221373856068,0.006838121451437473,0.006840693764388561,0.006840693764388561,0
2023-09-04 07:00:00+01:00,0.006840693764388561,0.0068433149717748165,0.006839430890977383,0.0068405065685510635,0.0068405065685510635,0
2023-09-04 08:00:00+01:00,0.0068406471982598305,0.006840881425887346,0.0068279895931482315,0.006830320693552494,0.006830320693552494,0
2023-09-04 09:00:00+01:00,0.006830134429037571,0.0068353633396327496,0.0068281288258731365,0.006829248275607824,0.006829248275607824,0
2023-09-04 10:00:00+01:00,0.006829108111560345,0.00683246785774827,0.006827570032328367,0.0068311141803860664,0.0068311141803860664,0
2023-09-04 11:00:00+01:00,0.006830974481999874,0.00683489628136158,0.006830601487308741,0.006834148429334164,0.006834148429334164,0
2023-09-04 12:00:00+01:00,0.00683377543464303,0.0068342420272529125,0.006830694619566202,0.006831067614257336,0.006831067614257336,0
2023-09-04 13:00:00+01:00,0.006831067614257336,0.0068320478312671185,0.006828222423791885,0.0068284086883068085,0.0068284086883068085,0
2023-09-04 14:00:00+01:00,0.00682850182056427,0.006831301376223564,0.006827336736023426,0.006829388439655304,0.006829388439655304,0
2023-09-04 15:00:00+01:00,0.006829714402556419,0.0068308343179523945,0.006827570032328367,0.006828315556049347,0.006828315556049347,0
2023-09-04 16:00:00+01:00,0.006828362587839365,0.006829854566603899,0.006826311349868774,0.006827942561358213,0.006827942561358213,0
2023-09-04 17:00:00+01:00,0.006828175857663155,0.006828315556049347,0.006826171651482582,0.006826684344559908,0.006826684344559908,0
2023-09-04 18:00:00+01:00,0.006826591212302446,0.006827523000538349,0.006826264783740044,0.006826264783740044,0.006826264783740044,0
2023-09-04 19:00:00+01:00,0.006826357915997505,0.006827103439718485,0.006826171651482582,0.006826451048254967,0.006826451048254967,0
2023-09-04 20:00:00+01:00,0.006826544180512428,0.006827150471508503,0.006826171651482582,0.006826684344559908,0.006826684344559908,0
2023-09-04 21:00:00+01:00,0.00682663731276989,0.00682864198461175,0.006826218217611313,0.006828362587839365,0.006828362587839365,0
2023-09-04 22:00:00+01:00,0.006827802397310734,0.0068322340957820415,0.006827010307461023,0.006828222423791885,0.006828222423791885,0
2023-09-04 23:00:00+01:00,0.006828268989920616,0.006828735116869211,0.006824913434684277,0.006825332995504141,0.006825332995504141,0
2023-09-05 00:00:00+01:00,0.006825285963714123,0.006827056873589754,0.006823377218097448,0.006824028678238392,0.006824028678238392,0
2023-09-05 01:00:00+01:00,0.006824355106800795,0.006826591212302446,0.006820305250585079,0.0068250996991992,0.0068250996991992,0
2023-09-05 02:00:00+01:00,0.006825146730989218,0.006826730445027351,0.006819095928221941,0.006820305250585079,0.006820305250585079,0
2023-09-05 03:00:00+01:00,0.006820212118327618,0.0068210032768547535,0.006815424654632807,0.006815982051193714,0.006815982051193714,0
2023-09-05 04:00:00+01:00,0.006815796252340078,0.006816446781158447,0.00681310286745429,0.006814774125814438,0.006814774125814438,0
2023-09-05 05:00:00+01:00,0.006814866792410612,0.006819514557719231,0.006814309861510992,0.006818398833274841,0.006818398833274841,0
2023-09-05 06:00:00+01:00,0.006818212568759918,0.006818910129368305,0.006808463949710131,0.006809762213379145,0.006809762213379145,0
2023-09-05 07:00:00+01:00,0.0068098087795078754,0.006811525207012892,0.00679994560778141,0.006804804317653179,0.006804804317653179,0
2023-09-05 08:00:00+01:00,0.0068045263178646564,0.00681045837700367,0.006798882503062487,0.006806888617575169,0.006806888617575169,0
2023-09-05 09:00:00+01:00,0.006807027850300074,0.006810411810874939,0.006801009178161621,0.006802396848797798,0.006802396848797798,0
2023-09-05 10:00:00+01:00,0.006802351213991642,0.006805081851780415,0.006794170942157507,0.006794401910156012,0.006794401910156012,0
2023-09-05 11:00:00+01:00,0.006794355344027281,0.006795694585889578,0.006789880339056253,0.006792139727622271,0.006792139727622271,0
2023-09-05 12:00:00+01:00,0.006792278494685888,0.006793847307562828,0.006786654237657785,0.006786884739995003,0.006786884739995003,0
2023-09-05 13:00:00+01:00,0.0067869313061237335,0.006799113471060991,0.006779522635042667,0.006793755106627941,0.006793755106627941,0
2023-09-05 14:00:00+01:00,0.006793755106627941,0.006796525325626135,0.006775067653506994,0.006778466049581766,0.006778466049581766,0
2023-09-05 15:00:00+01:00,0.00677842041477561,0.006781822070479393,0.00677034305408597,0.006770939100533724,0.006770939100533724,0
2023-09-05 16:00:00+01:00,0.006770755629986525,0.006776077672839165,0.0067689684219658375,0.006773736793547869,0.006773736793547869,0
2023-09-05 17:00:00+01:00,0.006773736793547869,0.006777225993573666,0.006772314663976431,0.006773415487259626,0.006773415487259626,0
2023-09-05 18:00:00+01:00,0.006773462053388357,0.006776032038033009,0.006765808444470167,0.006766906939446926,0.006766906939446926,0
2023-09-05 19:00:00+01:00,0.00676695303991437,0.006770663894712925,0.006766586564481258,0.006767777260392904,0.006767777260392904,0
2023-09-05 20:00:00+01:00,0.006767685525119305,0.00677185645326972,0.006767181679606438,0.006769426167011261,0.006769426167011261,0
2023-09-05 21:00:00+01:00,0.006769334431737661,0.00677185645326972,0.006768784951418638,0.006770068313926458,0.006770068313926458,0
2023-09-05 22:00:00+01:00,0.006770068313926458,0.006775251589715481,0.006769426167011261,0.006771581247448921,0.006771581247448921,0
2023-09-05 23:00:00+01:00,0.006771672982722521,0.006775022018700838,0.006770709529519081,0.00677456334233284,0.00677456334233284,0
2023-09-06 00:00:00+01:00,0.006774103734642267,0.006786286365240812,0.006773736793547869,0.006781776435673237,0.006781776435673237,0
2023-09-06 01:00:00+01:00,0.006781729869544506,0.006782327778637409,0.006765076424926519,0.006767181679606438,0.006767181679606438,0
2023-09-06 02:00:00+01:00,0.006767044775187969,0.006773782428354025,0.006766860838979483,0.006772452499717474,0.006772452499717474,0
2023-09-06 03:00:00+01:00,0.00677249813452363,0.006779569201171398,0.006771901622414589,0.006778466049581766,0.006778466049581766,0
2023-09-06 04:00:00+01:00,0.00677842041477561,0.006782972253859043,0.006775710731744766,0.006776582915335894,0.006776582915335894,0
2023-09-06 05:00:00+01:00,0.006776904221624136,0.006784628611057997,0.006776674650609493,0.006784352939575911,0.006784352939575911,0
2023-09-06 06:00:00+01:00,0.006784490309655666,0.006802166346460581,0.006783800199627876,0.006801101379096508,0.006801101379096508,0
2023-09-06 07:00:00+01:00,0.006801333278417587,0.006801333278417587,0.006789004895836115,0.0067897881381213665,0.0067897881381213665,0
2023-09-06 08:00:00+01:00,0.006789649836719036,0.006792370695620775,0.006779890973120928,0.006785733625292778,0.006785733625292778,0
2023-09-06 09:00:00+01:00,0.006785641890019178,0.006786148529499769,0.00678021227940917,0.00678476644679904,0.00678476644679904,0
2023-09-06 10:00:00+01:00,0.006784813012927771,0.00678536482155323,0.006775297224521637,0.006783477962017059,0.006783477962017059,0
2023-09-06 11:00:00+01:00,0.006783707998692989,0.006789327599108219,0.006783477962017059,0.0067857797257602215,0.0067857797257602215,0
2023-09-06 12:00:00+01:00,0.0067860097624361515,0.0067874835804104805,0.006782143842428923,0.006785595323890448,0.006785595323890448,0
2023-09-06 13:00:00+01:00,0.006785641890019178,0.0067932941019535065,0.006784122437238693,0.006790341343730688,0.006790341343730688,0
2023-09-06 14:00:00+01:00,0.006790341343730688,0.006796802394092083,0.006784582510590553,0.006795786786824465,0.006795786786824465,0
2023-09-06 15:00:00+01:00,0.006795463617891073,0.006796617992222309,0.006770801730453968,0.006774975918233395,0.006774975918233395,0
2023-09-06 16:00:00+01:00,0.006775251589715481,0.006776720751076937,0.006770114414393902,0.006772865541279316,0.006772865541279316,0
2023-09-06 17:00:00+01:00,0.0067728194408118725,0.0067758942022919655,0.006771672982722521,0.006775480695068836,0.006775480695068836,0
2023-09-06 18:00:00+01:00,0.0067756641656160355,0.0067804423160851,0.006773828528821468,0.006774516776204109,0.006774516776204109,0
2023-09-06 19:00:00+01:00,0.006774516776204109,0.006774975918233395,0.006768693681806326,0.0067706177942454815,0.0067706177942454815,0
2023-09-06 20:00:00+01:00,0.0067706177942454815,0.006773049011826515,0.006768372841179371,0.0067711686715483665,0.0067711686715483665,0
2023-09-06 21:00:00+01:00,0.0067711686715483665,0.006773736793547869,0.006769930478185415,0.006772910710424185,0.006772910710424185,0
2023-09-06 22:00:00+01:00,0.006772910710424185,0.006778971757739782,0.006771581247448921,0.006774700712412596,0.006774700712412596,0
2023-09-06 23:00:00+01:00,0.006773920264095068,0.006776720751076937,0.006771901622414589,0.006772544234991074,0.006772544234991074,0
2023-09-07 00:00:00+01:00,0.0067731402814388275,0.00677442504093051,0.006769564002752304,0.006769701838493347,0.006769701838493347,0
2023-09-07 01:00:00+01:00,0.006770022213459015,0.006771489512175322,0.006762514356523752,0.006767640355974436,0.006767640355974436,0
2023-09-07 02:00:00+01:00,0.006767960265278816,0.006778006907552481,0.006765625439584255,0.006773598957806826,0.006773598957806826,0
2023-09-07 03:00:00+01:00,0.006773966830223799,0.006775618530809879,0.006770480889827013,0.00677442504093051,0.00677442504093051,0
2023-09-07 04:00:00+01:00,0.006774608511477709,0.006778787821531296,0.0067735533230006695,0.006776674650609493,0.006776674650609493,0
2023-09-07 05:00:00+01:00,0.006776812486350536,0.006780028343200684,0.006775159388780594,0.006776629015803337,0.006776629015803337,0
2023-09-07 06:00:00+01:00,0.0067768581211566925,0.006778006907552481,0.006771305575966835,0.006776169408112764,0.006776169408112764,0
2023-09-07 07:00:00+01:00,0.006776352878659964,0.00678315619006753,0.00677552679553628,0.006777547299861908,0.006777547299861908,0
2023-09-07 08:00:00+01:00,0.006777409929782152,0.006783891934901476,0.006775940302759409,0.006782833952456713,0.006782833952456713,0
2023-09-07 09:00:00+01:00,0.0067825582809746265,0.0067861019633710384,0.006779660936444998,0.006781822070479393,0.006781822070479393,0
2023-09-07 10:00:00+01:00,0.006781959906220436,0.00678467471152544,0.006779799237847328,0.006782511714845896,0.006782511714845896,0
2023-09-07 11:00:00+01:00,0.006782327778637409,0.006784352939575911,0.006779752671718597,0.006782742217183113,0.006782742217183113,0
2023-09-07 12:00:00+01:00,0.006782787851989269,0.006790064740926027,0.00678246608003974,0.006789880339056253,0.006789880339056253,0
2023-09-07 13:00:00+01:00,0.0067897881381213665,0.00679273996502161,0.006774378940463066,0.0067897881381213665,0.0067897881381213665,0
2023-09-07 14:00:00+01:00,0.006789833772927523,0.006798096466809511,0.006783201824873686,0.006784352939575911,0.006784352939575911,0
2023-09-07 15:00:00+01:00,0.006784352939575911,0.006800777744501829,0.0067825582809746265,0.006797726731747389,0.006797726731747389,0
2023-09-07 16:00:00+01:00,0.006797681096941233,0.006799482740461826,0.006789373233914375,0.00679666455835104,0.00679666455835104,0
2023-09-07 17:00:00+01:00,0.006796571891754866,0.006800963077694178,0.0067961560562253,0.006798697169870138,0.006798697169870138,0
2023-09-07 18:00:00+01:00,0.006798604503273964,0.006798604503273964,0.006790710613131523,0.006791817490011454,0.006791817490011454,0
2023-09-07 19:00:00+01:00,0.0067916326224803925,0.006797033827751875,0.006790295243263245,0.006794631946831942,0.006794631946831942,0
2023-09-07 20:00:00+01:00,0.0067944941110908985,0.006795463617891073,0.006791171617805958,0.006792278494685888,0.006792278494685888,0
2023-09-07 21:00:00+01:00,0.006792232394218445,0.006793847307562828,0.006789050530642271,0.006789603736251593,0.006789603736251593,0
2023-09-07 22:00:00+01:00,0.006789833772927523,0.006792416796088219,0.006788451224565506,0.006790111307054758,0.006790111307054758,0
2023-09-07 23:00:00+01:00,0.006790111307054758,0.006792786065489054,0.006789557635784149,0.006789926905184984,0.006789926905184984,0
2023-09-08 00:00:00+01:00,0.006789880339056253,0.006790525279939175,0.006784951314330101,0.006787253078073263,0.006787253078073263,0
2023-09-08 01:00:00+01:00,0.006787391845136881,0.006822073832154274,0.006785641890019178,0.006806657183915377,0.006806657183915377,0
2023-09-08 02:00:00+01:00,0.006806425284594297,0.0068069808185100555,0.006791125051677227,0.006797634530812502,0.006797634530812502,0
2023-09-08 03:00:00+01:00,0.00679777329787612,0.006801564712077379,0.006792786065489054,0.006792786065489054,0.006792786065489054,0
2023-09-08 04:00:00+01:00,0.006793016567826271,0.006795878987759352,0.0067869313061237335,0.0067920018918812275,0.0067920018918812275,0
2023-09-08 05:00:00+01:00,0.00679186312481761,0.006796063855290413,0.0067891888320446014,0.006792232394218445,0.006792232394218445,0
2023-09-08 06:00:00+01:00,0.006792370695620775,0.006796710193157196,0.006790710613131523,0.00679629435762763,0.00679629435762763,0
2023-09-08 07:00:00+01:00,0.006796202156692743,0.0068005467765033245,0.006791309919208288,0.006791724823415279,0.006791724823415279,0
2023-09-08 08:00:00+01:00,0.006791724823415279,0.006793016567826271,0.00678223604336381,0.006784490309655666,0.006784490309655666,0
2023-09-08 09:00:00+01:00,0.00678430637344718,0.006786562502384186,0.00678159249946475,0.006783938501030207,0.006783938501030207,0
2023-09-08 10:00:00+01:00,0.006783800199627876,0.006790710613131523,0.00678375456482172,0.006790341343730688,0.006790341343730688,0
2023-09-08 11:00:00+01:00,0.006790433544665575,0.006791724823415279,0.006784352939575911,0.006784859113395214,0.006784859113395214,0
2023-09-08 12:00:00+01:00,0.006784813012927771,0.006786562502384186,0.006779983174055815,0.006782005541026592,0.006782005541026592,0
2023-09-08 13:00:00+01:00,0.0067818681709468365,0.0067897881381213665,0.006776352878659964,0.006777501665055752,0.006777501665055752,0
2023-09-08 14:00:00+01:00,0.006777271628379822,0.006783340126276016,0.006770572625100613,0.006781407631933689,0.006781407631933689,0
2023-09-08 15:00:00+01:00,0.006781361997127533,0.006787944119423628,0.006771259941160679,0.006772957276552916,0.006772957276552916,0
2023-09-08 16:00:00+01:00,0.006773277651518583,0.0067756641656160355,0.006768464110791683,0.006770480889827013,0.006770480889827013,0
2023-09-08 17:00:00+01:00,0.006770480889827013,0.0067724063992500305,0.006766906939446926,0.006767456419765949,0.006767456419765949,0
2023-09-08 18:00:00+01:00,0.0067675476893782616,0.006770663894712925,0.006766906939446926,0.006769014522433281,0.006769014522433281,0
2023-09-08 19:00:00+01:00,0.0067689684219658375,0.006770297419279814,0.006764297839254141,0.006764892488718033,0.006764892488718033,0
2023-09-08 20:00:00+01:00,0.006764847319573164,0.006765671540051699,0.006762697361409664,0.006763657554984093,0.006763657554984093,0
2023-09-08 21:00:00+01:00,0.006763840559870005,0.006768372841179371,0.0067632002755999565,0.006765442434698343,0.006765442434698343,0
2023-09-08 23:00:00+01:00,0.006765442434698343,0.006765442434698343,0.006765442434698343,0.006765442434698343,0.006765442434698343,0
2023-09-11 00:00:00+01:00,0.006797634530812502,0.006801887881010771,0.006790664047002792,0.0067969877272844315,0.0067969877272844315,0
2023-09-11 01:00:00+01:00,0.006796895060688257,0.006811247207224369,0.006795971654355526,0.006805035751312971,0.006805035751312971,0
2023-09-11 02:00:00+01:00,0.00680498918518424,0.006813288666307926,0.00679842010140419,0.00680670328438282,0.00680670328438282,0
2023-09-11 03:00:00+01:00,0.006806842517107725,0.0068241688422858715,0.006806564051657915,0.00681993318721652,0.00681993318721652,0
2023-09-11 04:00:00+01:00,0.0068197473883628845,0.00683214096352458,0.006817329674959183,0.006827802397310734,0.006827802397310734,0
2023-09-11 05:00:00+01:00,0.006827663164585829,0.006842472590506077,0.006815982051193714,0.006840132642537355,0.006840132642537355,0
2023-09-11 06:00:00+01:00,0.006840039044618607,0.006850159727036953,0.006837747525423765,0.006839664652943611,0.006839664652943611,0
2023-09-11 07:00:00+01:00,0.00683957152068615,0.006853681057691574,0.0068357838317751884,0.006845938507467508,0.006845938507467508,0
2023-09-11 08:00:00+01:00,0.006846220698207617,0.006854056380689144,0.006840693764388561,0.006841021589934826,0.006841021589934826,0
2023-09-11 09:00:00+01:00,0.006841068621724844,0.006843221373856068,0.006826264783740044,0.006833261344581842,0.006833261344581842,0
2023-09-11 10:00:00+01:00,0.006833495106548071,0.006836905609816313,0.006817375775426626,0.006817794404923916,0.006817794404923916,0
2023-09-11 11:00:00+01:00,0.006817980203777552,0.0068190498277544975,0.0068059624172747135,0.006807398051023483,0.006807398051023483,0
2023-09-11 12:00:00+01:00,0.0068074907176196575,0.006817004177719355,0.006803369149565697,0.006813335232436657,0.006813335232436657,0
2023-09-11 13:00:00+01:00,0.006813195534050465,0.006835877429693937,0.006811896339058876,0.006826218217611313,0.006826218217611313,0
2023-09-11 14:00:00+01:00,0.006826357915997505,0.006833495106548071,0.006821608170866966,0.006828921847045422,0.006828921847045422,0
2023-09-11 15:00:00+01:00,0.006828921847045422,0.006840225774794817,0.006828828249126673,0.006830414291471243,0.006830414291471243,0
2023-09-11 16:00:00+01:00,0.006830367725342512,0.006831534206867218,0.0068237027153372765,0.006827290169894695,0.006827290169894695,0
2023-09-11 17:00:00+01:00,0.006827570032328367,0.00683391559869051,0.006824774201959372,0.006827290169894695,0.006827290169894695,0
2023-09-11 18:00:00+01:00,0.006827290169894695,0.006829574704170227,0.00682393554598093,0.00682850182056427,0.00682850182056427,0
2023-09-11 19:00:00+01:00,0.006828595884144306,0.00682864198461175,0.006821887101978064,0.006824355106800795,0.006824355106800795,0
2023-09-11 20:00:00+01:00,0.006824401207268238,0.006827150471508503,0.006821328774094582,0.0068244943395257,0.0068244943395257,0
2023-09-11 21:00:00+01:00,0.006824634037911892,0.006825380027294159,0.006821236107498407,0.006822678260505199,0.006822678260505199,0
2023-09-11 22:00:00+01:00,0.0068227252922952175,0.006826357915997505,0.006822352763265371,0.006823749281466007,0.006823749281466007,0
2023-09-11 23:00:00+01:00,0.0068237027153372765,0.006828828249126673,0.006821747869253159,0.006824820302426815,0.006824820302426815,0
2023-09-12 00:00:00+01:00,0.006825380027294159,0.006825472693890333,0.006817375775426626,0.006817980203777552,0.006817980203777552,0
2023-09-12 01:00:00+01:00,0.006817934103310108,0.006822771858423948,0.006811803672462702,0.00681718997657299,0.00681718997657299,0
2023-09-12 02:00:00+01:00,0.006817143876105547,0.006828268989920616,0.006816354114562273,0.006823004223406315,0.006823004223406315,0
2023-09-12 03:00:00+01:00,0.006823051255196333,0.0068250996991992,0.006815517786890268,0.006816818378865719,0.006816818378865719,0
2023-09-12 04:00:00+01:00,0.006816818378865719,0.006821887101978064,0.006814542692154646,0.006817748304456472,0.006817748304456472,0
2023-09-12 05:00:00+01:00,0.006817794404923916,0.0068205841816961765,0.00681491382420063,0.0068152849562466145,0.0068152849562466145,0
2023-09-12 06:00:00+01:00,0.006815238855779171,0.006815378088504076,0.006809206213802099,0.0068111540749669075,0.0068111540749669075,0
2023-09-12 07:00:00+01:00,0.006811339873820543,0.00681282440200448,0.006805266719311476,0.00680804718285799,0.00680804718285799,0
2023-09-12 08:00:00+01:00,0.006807954516261816,0.006813938729465008,0.006806657183915377,0.006811478640884161,0.006811478640884161,0
2023-09-12 09:00:00+01:00,0.006811478640884161,0.006818677298724651,0.0068102264776825905,0.006812546402215958,0.006812546402215958,0
2023-09-12 10:00:00+01:00,0.006812546402215958,0.006814124528318644,0.00680869584903121,0.006812453269958496,0.006812453269958496,0
2023-09-12 11:00:00+01:00,0.006812546402215958,0.006813521031290293,0.006803507916629314,0.006807305384427309,0.006807305384427309,0
2023-09-12 12:00:00+01:00,0.006807212717831135,0.0068092988803982735,0.006802628748118877,0.0068074907176196575,0.0068074907176196575,0
2023-09-12 13:00:00+01:00,0.006807676050812006,0.00680776871740818,0.006795278750360012,0.006797357462346554,0.006797357462346554,0
2023-09-12 14:00:00+01:00,0.006797080393880606,0.0067998990416526794,0.006792186293751001,0.006793109234422445,0.006793109234422445,0
2023-09-12 15:00:00+01:00,0.006793247535824776,0.006798743735998869,0.0067919096909463406,0.0067932941019535065,0.0067932941019535065,0
2023-09-12 16:00:00+01:00,0.006793063133955002,0.006798050366342068,0.006790848448872566,0.0067969877272844315,0.0067969877272844315,0
2023-09-12 17:00:00+01:00,0.006797033827751875,0.006800223141908646,0.006793616339564323,0.006794816814363003,0.006794816814363003,0
2023-09-12 18:00:00+01:00,0.006794724613428116,0.006795925088226795,0.006792370695620775,0.006793201435357332,0.006793201435357332,0
2023-09-12 19:00:00+01:00,0.006793247535824776,0.006799113471060991,0.006792324595153332,0.006798235233873129,0.006798235233873129,0
2023-09-12 20:00:00+01:00,0.00679842010140419,0.006798882503062487,0.006795094348490238,0.006796710193157196,0.006796710193157196,0
2023-09-12 21:00:00+01:00,0.00679666455835104,0.006803692784160376,0.0067954170517623425,0.006799482740461826,0.006799482740461826,0
2023-09-12 22:00:00+01:00,0.0067998068407177925,0.006801148410886526,0.006796479690819979,0.00679777329787612,0.00679777329787612,0
2023-09-12 23:00:00+01:00,0.006797726731747389,0.006802304647862911,0.006797218229621649,0.006799991708248854,0.006799991708248854,0
2023-09-13 00:00:00+01:00,0.0067998990416526794,0.0068005467765033245,0.006795047782361507,0.006795463617891073,0.006795463617891073,0
2023-09-13 01:00:00+01:00,0.006795509252697229,0.006798512302339077,0.006788266822695732,0.006788728293031454,0.006788728293031454,0
2023-09-13 02:00:00+01:00,0.006788958329707384,0.006790525279939175,0.006782327778637409,0.006788128986954689,0.006788128986954689,0
2023-09-13 03:00:00+01:00,0.0067880828864872456,0.006790203042328358,0.006782097741961479,0.0067857797257602215,0.0067857797257602215,0
2023-09-13 04:00:00+01:00,0.006785733625292778,0.006789327599108219,0.006782972253859043,0.006786654237657785,0.006786654237657785,0
2023-09-13 05:00:00+01:00,0.006786562502384186,0.006787575781345367,0.006783800199627876,0.006784813012927771,0.006784813012927771,0
2023-09-13 06:00:00+01:00,0.006784628611057997,0.006789142731577158,0.00678430637344718,0.006788359023630619,0.006788359023630619,0
2023-09-13 07:00:00+01:00,0.006788313388824463,0.006792924366891384,0.006786654237657785,0.00678997253999114,0.00678997253999114,0
2023-09-13 08:00:00+01:00,0.006790064740926027,0.00679273996502161,0.006784996949136257,0.006790618412196636,0.006790618412196636,0
2023-09-13 09:00:00+01:00,0.0067904796451330185,0.0067932941019535065,0.0067855496890842915,0.006791079416871071,0.006791079416871071,0
2023-09-13 10:00:00+01:00,0.006791263818740845,0.006791356019675732,0.006784996949136257,0.00678536482155323,0.00678536482155323,0
2023-09-13 11:00:00+01:00,0.006785088684409857,0.006787391845136881,0.0067825582809746265,0.006784951314330101,0.006784951314330101,0
2023-09-13 12:00:00+01:00,0.006785135250538588,0.006787898484617472,0.006783524062484503,0.00678444467484951,0.00678444467484951,0
2023-09-13 13:00:00+01:00,0.00678444467484951,0.006793201435357332,0.006768418941646814,0.006782833952456713,0.006782833952456713,0
2023-09-13 14:00:00+01:00,0.006782972253859043,0.006791356019675732,0.006775618530809879,0.00678361626341939,0.00678361626341939,0
2023-09-13 15:00:00+01:00,0.006783662363886833,0.006783707998692989,0.006774975918233395,0.006779614835977554,0.006779614835977554,0
2023-09-13 16:00:00+01:00,0.006779614835977554,0.006784720811992884,0.006777501665055752,0.0067816381342709064,0.0067816381342709064,0
2023-09-13 17:00:00+01:00,0.0067816381342709064,0.006790895015001297,0.006781499832868576,0.006786793004721403,0.006786793004721403,0
2023-09-13 18:00:00+01:00,0.0067869313061237335,0.006795232184231281,0.006786286365240812,0.006788128986954689,0.006788128986954689,0
2023-09-13 19:00:00+01:00,0.006787714548408985,0.006788681726902723,0.006782052107155323,0.006782189477235079,0.006782189477235079,0
2023-09-13 20:00:00+01:00,0.006782143842428923,0.006782833952456713,0.006779293529689312,0.006781822070479393,0.006781822070479393,0
2023-09-13 21:00:00+01:00,0.0067818681709468365,0.006783662363886833,0.006780488882213831,0.006782143842428923,0.006782143842428923,0
2023-09-13 22:00:00+01:00,0.00678223604336381,0.006787622347474098,0.006782189477235079,0.0067857797257602215,0.0067857797257602215,0
2023-09-13 23:00:00+01:00,0.0067857797257602215,0.006788266822695732,0.006784996949136257,0.006787391845136881,0.006787391845136881,0
2023-09-14 00:00:00+01:00,0.006787852384150028,0.006790618412196636,0.006786332465708256,0.006787575781345367,0.006787575781345367,0
2023-09-14 01:00:00+01:00,0.006787437945604324,0.006800500210374594,0.006784720811992884,0.006798743735998869,0.006798743735998869,0
2023-09-14 02:00:00+01:00,0.00679892860352993,0.00680174957960844,0.006793847307562828,0.006797541864216328,0.006797541864216328,0
2023-09-14 03:00:00+01:00,0.006797449663281441,0.006798697169870138,0.006793893873691559,0.006798651069402695,0.006798651069402695,0
2023-09-14 04:00:00+01:00,0.006798558868467808,0.006801980547606945,0.006798374000936747,0.00679892860352993,0.00679892860352993,0
2023-09-14 05:00:00+01:00,0.006798789370805025,0.006801055744290352,0.006795925088226795,0.006796387489885092,0.006796387489885092,0
2023-09-14 06:00:00+01:00,0.006796433124691248,0.006799482740461826,0.006796017289161682,0.00679740309715271,0.00679740309715271,0
2023-09-14 07:00:00+01:00,0.006797495298087597,0.006799020804464817,0.006795278750360012,0.006797818932682276,0.006797818932682276,0
2023-09-14 08:00:00+01:00,0.006797818932682276,0.006798374000936747,0.0067890966311097145,0.006789926905184984,0.006789926905184984,0
2023-09-14 09:00:00+01:00,0.006789926905184984,0.0067915404215455055,0.006786194164305925,0.006789419800043106,0.006789419800043106,0
2023-09-14 10:00:00+01:00,0.006789373233914375,0.006791263818740845,0.006784582510590553,0.006785319186747074,0.006785319186747074,0
2023-09-14 11:00:00+01:00,0.006785411387681961,0.00678997253999114,0.006784628611057997,0.006787898484617472,0.006787898484617472,0
2023-09-14 12:00:00+01:00,0.006787898484617472,0.006789880339056253,0.006786240264773369,0.006787207443267107,0.006787207443267107,0
2023-09-14 13:00:00+01:00,0.00678711524233222,0.0067934319376945496,0.006776629015803337,0.006783984135836363,0.006783984135836363,0
2023-09-14 14:00:00+01:00,0.006783707998692989,0.006800500210374594,0.006783477962017059,0.006788681726902723,0.006788681726902723,0
2023-09-14 15:00:00+01:00,0.006788958329707384,0.006801148410886526,0.006782189477235079,0.006797080393880606,0.006797080393880606,0
2023-09-14 16:00:00+01:00,0.0067969877272844315,0.006802166346460581,0.006793155334889889,0.006794724613428116,0.006794724613428116,0
2023-09-14 17:00:00+01:00,0.006794770713895559,0.006800500210374594,0.006791494321078062,0.006792094092816114,0.006792094092816114,0
2023-09-14 18:00:00+01:00,0.006791955325752497,0.006794770713895559,0.0067801205441355705,0.006783294025808573,0.006783294025808573,0
2023-09-14 19:00:00+01:00,0.00678315619006753,0.0067852274514734745,0.006780396681278944,0.006782419979572296,0.006782419979572296,0
2023-09-14 20:00:00+01:00,0.006782327778637409,0.0067835706286132336,0.00678067235276103,0.006782282143831253,0.006782282143831253,0
2023-09-14 21:00:00+01:00,0.006782052107155323,0.006783891934901476,0.006780534517019987,0.006781776435673237,0.006781776435673237,0
2023-09-14 22:00:00+01:00,0.006781776435673237,0.00678444467484951,0.006780764553695917,0.006783340126276016,0.006783340126276016,0
2023-09-14 23:00:00+01:00,0.006783294025808573,0.006784352939575911,0.006780074909329414,0.006781913805752993,0.006781913805752993,0
2023-09-15 00:00:00+01:00,0.006782052107155323,0.006782603915780783,0.006779293529689312,0.006781499832868576,0.006781499832868576,0
2023-09-15 01:00:00+01:00,0.006781499832868576,0.006787299644201994,0.006778696086257696,0.006781822070479393,0.006781822070479393,0
2023-09-15 02:00:00+01:00,0.006781729869544506,0.006786700803786516,0.006780534517019987,0.0067855496890842915,0.0067855496890842915,0
2023-09-15 03:00:00+01:00,0.0067856875248253345,0.0067869313061237335,0.0067797075025737286,0.006780304946005344,0.006780304946005344,0
2023-09-15 04:00:00+01:00,0.0067803505808115005,0.006782833952456713,0.0067797075025737286,0.006781131960451603,0.006781131960451603,0
2023-09-15 05:00:00+01:00,0.00678122416138649,0.006785595323890448,0.006781131960451603,0.006783891934901476,0.006783891934901476,0
2023-09-15 06:00:00+01:00,0.0067840758711099625,0.0067857797257602215,0.006770663894712925,0.006784260738641024,0.006784260738641024,0
2023-09-15 07:00:00+01:00,0.00678421463817358,0.00678490474820137,0.0067735533230006695,0.00677456334233284,0.00677456334233284,0
2023-09-15 08:00:00+01:00,0.006774516776204109,0.006774746812880039,0.006765854544937611,0.006768052000552416,0.006768052000552416,0
2023-09-15 09:00:00+01:00,0.00676800636574626,0.006770572625100613,0.006765076424926519,0.006766860838979483,0.006766860838979483,0
2023-09-15 10:00:00+01:00,0.006767044775187969,0.006769747007638216,0.006765030324459076,0.006765350699424744,0.006765350699424744,0
2023-09-15 11:00:00+01:00,0.0067653045989573,0.006765808444470167,0.0067590405233204365,0.006759496871381998,0.006759496871381998,0
2023-09-15 12:00:00+01:00,0.006759405601769686,0.00676644966006279,0.006759131792932749,0.00676635792478919,0.00676635792478919,0
2023-09-15 13:00:00+01:00,0.00676644966006279,0.0067686475813388824,0.006759223062545061,0.00675958814099431,0.00675958814099431,0
2023-09-15 14:00:00+01:00,0.006759496871381998,0.00676800636574626,0.006759176962077618,0.006763245910406113,0.006763245910406113,0
2023-09-15 15:00:00+01:00,0.006763337180018425,0.00677552679553628,0.0067627886310219765,0.006762971635907888,0.006762971635907888,0
2023-09-15 16:00:00+01:00,0.006763016805052757,0.006766723934561014,0.006761462427675724,0.006764390040189028,0.006764390040189028,0
2023-09-15 17:00:00+01:00,0.00676448130980134,0.006765808444470167,0.006761644966900349,0.006762971635907888,0.006762971635907888,0
2023-09-15 18:00:00+01:00,0.006763016805052757,0.006769655738025904,0.006762925535440445,0.006766082718968391,0.006766082718968391,0
2023-09-15 19:00:00+01:00,0.00676635792478919,0.006767823360860348,0.006763474550098181,0.006763520184904337,0.006763520184904337,0
2023-09-15 20:00:00+01:00,0.0067637027241289616,0.006765350699424744,0.006763109005987644,0.006763428449630737,0.006763428449630737,0
2023-09-15 21:00:00+01:00,0.006763520184904337,0.006765076424926519,0.006761691067367792,0.006765030324459076,0.006765030324459076,0
2023-09-15 22:00:00+01:00,0.006764343939721584,0.006764343939721584,0.006764297839254141,0.006764297839254141,0.006764297839254141,0
2023-09-18 00:00:00+01:00,0.006765030324459076,0.006765350699424744,0.006762285251170397,0.006763062905520201,0.006763062905520201,0
2023-09-18 01:00:00+01:00,0.006762742530554533,0.0067702061496675014,0.006762468256056309,0.006769884843379259,0.006769884843379259,0
2023-09-18 02:00:00+01:00,0.006769884843379259,0.006770389154553413,0.006765808444470167,0.006767731625586748,0.006767731625586748,0
2023-09-18 03:00:00+01:00,0.006767731625586748,0.006769930478185415,0.006767731625586748,0.0067686475813388824,0.0067686475813388824,0
2023-09-18 04:00:00+01:00,0.006768693681806326,0.006769564002752304,0.006768281105905771,0.006768876686692238,0.006768876686692238,0
2023-09-18 05:00:00+01:00,0.006768922787159681,0.0067717647179961205,0.006768555846065283,0.006771535146981478,0.006771535146981478,0
2023-09-18 06:00:00+01:00,0.006771672982722521,0.006773507222533226,0.006770985201001167,0.006772773806005716,0.006772773806005716,0
2023-09-18 07:00:00+01:00,0.006772727705538273,0.006777179893106222,0.0067717647179961205,0.0067717647179961205,0.0067717647179961205,0
2023-09-18 08:00:00+01:00,0.00677185645326972,0.006776444613933563,0.006769564002752304,0.006769884843379259,0.006769884843379259,0
2023-09-18 09:00:00+01:00,0.006769701838493347,0.006774608511477709,0.006767823360860348,0.006773645058274269,0.006773645058274269,0
2023-09-18 10:00:00+01:00,0.006773598957806826,0.006775985937565565,0.006771901622414589,0.0067749302834272385,0.0067749302834272385,0
2023-09-18 11:00:00+01:00,0.0067749302834272385,0.006776444613933563,0.006772452499717474,0.006772773806005716,0.006772773806005716,0
2023-09-18 12:00:00+01:00,0.00677249813452363,0.006776904221624136,0.006772039458155632,0.006774378940463066,0.006774378940463066,0
2023-09-18 13:00:00+01:00,0.006774378940463066,0.00677552679553628,0.006768235471099615,0.006769243162125349,0.006769243162125349,0
2023-09-18 14:00:00+01:00,0.006769014522433281,0.006775985937565565,0.006767181679606438,0.006768052000552416,0.006768052000552416,0
2023-09-18 15:00:00+01:00,0.00676800636574626,0.006775067653506994,0.006767319515347481,0.0067717647179961205,0.0067717647179961205,0
2023-09-18 16:00:00+01:00,0.006771947722882032,0.006775985937565565,0.006769426167011261,0.006773782428354025,0.006773782428354025,0
2023-09-18 17:00:00+01:00,0.006773782428354025,0.006775067653506994,0.006770068313926458,0.0067738741636276245,0.0067738741636276245,0
2023-09-18 18:00:00+01:00,0.006773920264095068,0.006775985937565565,0.006771535146981478,0.006771809887140989,0.006771809887140989,0
2023-09-18 19:00:00+01:00,0.006771809887140989,0.006772773806005716,0.006767823360860348,0.006768281105905771,0.006768281105905771,0
2023-09-18 20:00:00+01:00,0.006768464110791683,0.006775985937565565,0.006767823360860348,0.006774975918233395,0.006774975918233395,0
2023-09-18 21:00:00+01:00,0.006774792447686195,0.006777363363653421,0.006774011999368668,0.006775297224521637,0.006775297224521637,0
2023-09-18 22:00:00+01:00,0.00677543506026268,0.006777363363653421,0.006772452499717474,0.00677552679553628,0.00677552679553628,0
2023-09-18 23:00:00+01:00,0.006775480695068836,0.006778328213840723,0.006773782428354025,0.00677424157038331,0.00677424157038331,0
2023-09-19 00:00:00+01:00,0.00677424157038331,0.006776444613933563,0.006772773806005716,0.00677456334233284,0.00677456334233284,0
2023-09-19 01:00:00+01:00,0.006774608511477709,0.0067801205441355705,0.00676905969157815,0.0067731402814388275,0.0067731402814388275,0
2023-09-19 02:00:00+01:00,0.006773323751986027,0.006773690693080425,0.006767502520233393,0.00677025131881237,0.00677025131881237,0
2023-09-19 03:00:00+01:00,0.006770389154553413,0.00677185645326972,0.006767640355974436,0.006768831051886082,0.006768831051886082,0
2023-09-19 04:00:00+01:00,0.006768784951418638,0.006770022213459015,0.00676695303991437,0.006767777260392904,0.006767777260392904,0
2023-09-19 05:00:00+01:00,0.006767731625586748,0.006770022213459015,0.0067664035595953465,0.006768189370632172,0.006768189370632172,0
2023-09-19 06:00:00+01:00,0.006768281105905771,0.006769564002752304,0.006765625439584255,0.006766494829207659,0.006766494829207659,0
2023-09-19 07:00:00+01:00,0.006766540929675102,0.006766815669834614,0.00676159979775548,0.006764160934835672,0.006764160934835672,0
2023-09-19 08:00:00+01:00,0.006764297839254141,0.006773690693080425,0.006763154175132513,0.006772865541279316,0.006772865541279316,0
2023-09-19 09:00:00+01:00,0.006772727705538273,0.006775067653506994,0.0067694722674787045,0.006770022213459015,0.006770022213459015,0
2023-09-19 10:00:00+01:00,0.006770114414393902,0.006772773806005716,0.0067686475813388824,0.006771581247448921,0.006771581247448921,0
2023-09-19 11:00:00+01:00,0.006771535146981478,0.006776766385883093,0.006768189370632172,0.0067720855586230755,0.0067720855586230755,0
2023-09-19 12:00:00+01:00,0.006772314663976431,0.006773782428354025,0.006769930478185415,0.006771122105419636,0.006771122105419636,0
2023-09-19 13:00:00+01:00,0.006771213840693235,0.006773232016712427,0.006765533704310656,0.006766860838979483,0.006766860838979483,0
2023-09-19 14:00:00+01:00,0.006766906939446926,0.006773690693080425,0.006764252204447985,0.00677025131881237,0.00677025131881237,0
2023-09-19 15:00:00+01:00,0.006770159583538771,0.006774608511477709,0.006767227780073881,0.006770663894712925,0.006770663894712925,0
2023-09-19 16:00:00+01:00,0.0067706177942454815,0.00677185645326972,0.006764618214219809,0.0067658997140824795,0.0067658997140824795,0
2023-09-19 17:00:00+01:00,0.006765854544937611,0.006766815669834614,0.006762697361409664,0.006764664314687252,0.006764664314687252,0
2023-09-19 18:00:00+01:00,0.006764847319573164,0.006767273414880037,0.006763337180018425,0.006763657554984093,0.006763657554984093,0
2023-09-19 19:00:00+01:00,0.006763520184904337,0.006765442434698343,0.00676036486402154,0.006763748824596405,0.006763748824596405,0
2023-09-19 20:00:00+01:00,0.006763840559870005,0.0067649842239916325,0.006762239616364241,0.006763840559870005,0.006763840559870005,0
2023-09-19 21:00:00+01:00,0.0067637949250638485,0.006766815669834614,0.006762376986443996,0.006764023564755917,0.006764023564755917,0
2023-09-19 22:00:00+01:00,0.006764023564755917,0.0067713516764342785,0.006763109005987644,0.006767136510461569,0.006767136510461569,0
2023-09-19 23:00:00+01:00,0.006767227780073881,0.006770022213459015,0.00676644966006279,0.006768098101019859,0.006768098101019859,0
2023-09-20 00:00:00+01:00,0.006767456419765949,0.00677185645326972,0.006767090409994125,0.006767640355974436,0.006767640355974436,0
2023-09-20 01:00:00+01:00,0.00676791463047266,0.006770114414393902,0.006765076424926519,0.0067686475813388824,0.0067686475813388824,0
2023-09-20 02:00:00+01:00,0.006768738850951195,0.006770297419279814,0.006763886660337448,0.006767456419765949,0.006767456419765949,0
2023-09-20 03:00:00+01:00,0.006767456419765949,0.006769105792045593,0.0067637949250638485,0.006764297839254141,0.006764297839254141,0
2023-09-20 04:00:00+01:00,0.006764435209333897,0.006767731625586748,0.006763886660337448,0.006765259429812431,0.006765259429812431,0
2023-09-20 05:00:00+01:00,0.006765213329344988,0.006766815669834614,0.0067639779299497604,0.006764526944607496,0.006764526944607496,0
2023-09-20 06:00:00+01:00,0.006764390040189028,0.0067658997140824795,0.006759223062545061,0.006761416792869568,0.006761416792869568,0
2023-09-20 07:00:00+01:00,0.006761370692402124,0.006764252204447985,0.006758446339517832,0.00675958814099431,0.00675958814099431,0
2023-09-20 08:00:00+01:00,0.006759771145880222,0.0067617823369801044,0.006749141030013561,0.006750325206667185,0.006750325206667185,0
2023-09-20 09:00:00+01:00,0.006750553380697966,0.006755387410521507,0.00674996105954051,0.006752877961844206,0.006752877961844206,0
2023-09-20 10:00:00+01:00,0.006752650719136,0.006759496871381998,0.006752468179911375,0.0067578526213765144,0.0067578526213765144,0
2023-09-20 11:00:00+01:00,0.006757806520909071,0.006765442434698343,0.006756848189979792,0.006762833800166845,0.006762833800166845,0
2023-09-20 12:00:00+01:00,0.006762651260942221,0.006763611454516649,0.00675999978557229,0.006762285251170397,0.006762285251170397,0
2023-09-20 13:00:00+01:00,0.006762330885976553,0.006766815669834614,0.006759862415492535,0.006763062905520201,0.006763062905520201,0
2023-09-20 14:00:00+01:00,0.006763245910406113,0.006771213840693235,0.006762697361409664,0.006770297419279814,0.006770297419279814,0
2023-09-20 15:00:00+01:00,0.006770114414393902,0.006773828528821468,0.006765442434698343,0.006770847365260124,0.006770847365260124,0
2023-09-20 16:00:00+01:00,0.006770801730453968,0.006775067653506994,0.006768555846065283,0.006768876686692238,0.006768876686692238,0
2023-09-20 17:00:00+01:00,0.006769014522433281,0.006781040225178003,0.006768372841179371,0.006778052542358637,0.006778052542358637,0
2023-09-20 18:00:00+01:00,0.00677786860615015,0.006781499832868576,0.006772039458155632,0.006775755900889635,0.006775755900889635,0
2023-09-20 19:00:00+01:00,0.006775480695068836,0.0067778234370052814,0.006751465145498514,0.00675607193261385,0.00675607193261385,0
2023-09-20 20:00:00+01:00,0.006756163202226162,0.0067585832439363,0.006747365463525057,0.006748776417225599,0.006748776417225599,0
2023-09-20 21:00:00+01:00,0.006748640444129705,0.006749915890395641,0.006740452256053686,0.006741679273545742,0.006741679273545742,0
2023-09-20 22:00:00+01:00,0.006741588469594717,0.006749323569238186,0.006741588469594717,0.006748002488166094,0.006748002488166094,0
2023-09-20 23:00:00+01:00,0.006748594343662262,0.006749460007995367,0.006743315607309341,0.006744816899299622,0.006744816899299622,0
2023-09-21 00:00:00+01:00,0.0067450436763465405,0.0067467279732227325,0.006741542834788561,0.006742224562913179,0.006742224562913179,0
2023-09-21 01:00:00+01:00,0.0067422701977193356,0.006742633879184723,0.006735912058502436,0.0067383176647126675,0.0067383176647126675,0
2023-09-21 02:00:00+01:00,0.0067384084686636925,0.00674445228651166,0.006736138369888067,0.006741952151060104,0.006741952151060104,0
2023-09-21 03:00:00+01:00,0.006742087658494711,0.006748184561729431,0.0067410883493721485,0.006744316313415766,0.006744316313415766,0
2023-09-21 04:00:00+01:00,0.006744179874658585,0.006746273022145033,0.006742224562913179,0.006743725389242172,0.006743725389242172,0
2023-09-21 05:00:00+01:00,0.006743725389242172,0.006743997801095247,0.006738181225955486,0.006741224322468042,0.006741224322468042,0
2023-09-21 06:00:00+01:00,0.006741361226886511,0.006743088364601135,0.006738726515322924,0.0067409975454211235,0.0067409975454211235,0
2023-09-21 07:00:00+01:00,0.006741133518517017,0.0067467279732227325,0.006740270648151636,0.006744316313415766,0.006744316313415766,0
2023-09-21 08:00:00+01:00,0.00674445228651166,0.0067467279732227325,0.006739452481269836,0.006745225749909878,0.006745225749909878,0
2023-09-21 09:00:00+01:00,0.006745225749909878,0.006750371307134628,0.006744543556123972,0.0067482758313417435,0.0067482758313417435,0
2023-09-21 10:00:00+01:00,0.0067482758313417435,0.006751829758286476,0.006744998972862959,0.006750826723873615,0.006750826723873615,0
2023-09-21 11:00:00+01:00,0.006750644650310278,0.006769151426851749,0.006750325206667185,0.006769014522433281,0.006769014522433281,0
2023-09-21 12:00:00+01:00,0.006769197527319193,0.006770755629986525,0.006758035160601139,0.0067585832439363,0.0067585832439363,0
2023-09-21 13:00:00+01:00,0.0067585832439363,0.006760593969374895,0.006754110101610422,0.0067588575184345245,0.0067588575184345245,0
2023-09-21 14:00:00+01:00,0.006758903153240681,0.006767456419765949,0.006757623981684446,0.006762971635907888,0.006762971635907888,0
2023-09-21 15:00:00+01:00,0.0067626056261360645,0.0067857797257602215,0.006761553697288036,0.00678375456482172,0.00678375456482172,0
2023-09-21 16:00:00+01:00,0.00678375456482172,0.006788037251681089,0.006779339164495468,0.006783201824873686,0.006783201824873686,0
2023-09-21 17:00:00+01:00,0.006783385761082172,0.006784813012927771,0.006775940302759409,0.006779201794415712,0.006779201794415712,0
2023-09-21 18:00:00+01:00,0.006779293529689312,0.006783524062484503,0.006776674650609493,0.006777776870876551,0.006777776870876551,0
2023-09-21 19:00:00+01:00,0.006778006907552481,0.00678306445479393,0.006776766385883093,0.006778880022466183,0.006778880022466183,0
2023-09-21 20:00:00+01:00,0.006778880022466183,0.006782511714845896,0.0067763072438538074,0.006776491180062294,0.006776491180062294,0
2023-09-21 21:00:00+01:00,0.006776629015803337,0.0067797075025737286,0.0067749302834272385,0.006776352878659964,0.006776352878659964,0
2023-09-21 22:00:00+01:00,0.006776812486350536,0.006779614835977554,0.006775985937565565,0.0067768581211566925,0.0067768581211566925,0
2023-09-21 23:00:00+01:00,0.006776491180062294,0.0067789251916110516,0.006775618530809879,0.0067765372805297375,0.0067765372805297375,0
2023-09-22 00:00:00+01:00,0.0067770881578326225,0.006779201794415712,0.006772269029170275,0.006772957276552916,0.006772957276552916,0
2023-09-22 01:00:00+01:00,0.006772865541279316,0.0067794774658977985,0.006770389154553413,0.006774470675736666,0.006774470675736666,0
2023-09-22 02:00:00+01:00,0.006774516776204109,0.006775067653506994,0.006766265723854303,0.0067675476893782616,0.0067675476893782616,0
2023-09-22 03:00:00+01:00,0.006767502520233393,0.006772865541279316,0.006748503539711237,0.006755022797733545,0.006755022797733545,0
2023-09-22 04:00:00+01:00,0.006754931528121233,0.006758949253708124,0.006748549174517393,0.006751875393092632,0.006751875393092632,0
2023-09-22 05:00:00+01:00,0.006751829758286476,0.006761416792869568,0.006745089776813984,0.0067557524889707565,0.0067557524889707565,0
2023-09-22 06:00:00+01:00,0.006755889393389225,0.006760456599295139,0.0067526958882808685,0.006753243505954742,0.006753243505954742,0
2023-09-22 07:00:00+01:00,0.006753106135874987,0.006754839327186346,0.006737681571394205,0.006741996854543686,0.006741996854543686,0
2023-09-22 08:00:00+01:00,0.006741996854543686,0.00674709165468812,0.006737818010151386,0.006744589190930128,0.006744589190930128,0
2023-09-22 09:00:00+01:00,0.006744589190930128,0.006745408289134502,0.006739679723978043,0.00674363411962986,0.00674363411962986,0
2023-09-22 10:00:00+01:00,0.006743725389242172,0.006750280037522316,0.006742087658494711,0.006742724683135748,0.006742724683135748,0
2023-09-22 11:00:00+01:00,0.006742633879184723,0.006750735454261303,0.006741224322468042,0.0067449528723955154,0.0067449528723955154,0
2023-09-22 12:00:00+01:00,0.0067450436763465405,0.006747182924300432,0.00674363411962986,0.006745089776813984,0.006745089776813984,0
2023-09-22 13:00:00+01:00,0.006745180580765009,0.006749323569238186,0.006743406876921654,0.006745316553860903,0.006745316553860903,0
2023-09-22 14:00:00+01:00,0.006745316553860903,0.006749778985977173,0.006740543060004711,0.006748002488166094,0.006748002488166094,0
2023-09-22 15:00:00+01:00,0.0067478204146027565,0.006758766248822212,0.006746408995240927,0.006753288675099611,0.006753288675099611,0
2023-09-22 16:00:00+01:00,0.006753243505954742,0.006754110101610422,0.006745362654328346,0.006746045313775539,0.006746045313775539,0
2023-09-22 17:00:00+01:00,0.0067461817525327206,0.006746454630047083,0.006742861121892929,0.006743679288774729,0.006743679288774729,0
2023-09-22 18:00:00+01:00,0.006743588484823704,0.006745544262230396,0.006741497199982405,0.006742133758962154,0.006742133758962154,0
2023-09-22 19:00:00+01:00,0.006742133758962154,0.006743269972503185,0.006738907657563686,0.0067393165081739426,0.0067393165081739426,0
2023-09-22 20:00:00+01:00,0.0067392257042229176,0.006741361226886511,0.006738271564245224,0.0067392257042229176,0.0067392257042229176,0
2023-09-22 21:00:00+01:00,0.006739089265465736,0.006741724442690611,0.006737954448908567,0.006741497199982405,0.006741497199982405,0
2023-09-22 22:00:00+01:00,0.006741224322468042,0.006741224322468042,0.006740361452102661,0.006740361452102661,0.006740361452102661,0
2023-09-25 00:00:00+01:00,0.006739452481269836,0.006742042955011129,0.006736410781741142,0.006737091578543186,0.006737091578543186,0
2023-09-25 01:00:00+01:00,0.006737091578543186,0.0067422701977193356,0.006734777707606554,0.006741815246641636,0.006741815246641636,0
2023-09-25 02:00:00+01:00,0.006741724442690611,0.00674363411962986,0.00673677446320653,0.0067382268607616425,0.0067382268607616425,0
2023-09-25 03:00:00+01:00,0.006738271564245224,0.006741679273545742,0.006736955605447292,0.006740361452102661,0.006740361452102661,0
2023-09-25 04:00:00+01:00,0.006740133743733168,0.006742406170815229,0.006739770527929068,0.006740042939782143,0.006740042939782143,0
2023-09-25 05:00:00+01:00,0.006740089040249586,0.006741952151060104,0.006738181225955486,0.006740906275808811,0.006740906275808811,0
2023-09-25 06:00:00+01:00,0.006740861106663942,0.0067422701977193356,0.006739588920027018,0.006740089040249586,0.006740089040249586,0
2023-09-25 07:00:00+01:00,0.006740042939782143,0.006741633638739586,0.006736864801496267,0.006736955605447292,0.006736955605447292,0
2023-09-25 08:00:00+01:00,0.006736909970641136,0.006739952135831118,0.0067360480315983295,0.006736955605447292,0.006736955605447292,0
2023-09-25 09:00:00+01:00,0.006736864801496267,0.0067372736521065235,0.006730562075972557,0.006731241475790739,0.006731241475790739,0
2023-09-25 10:00:00+01:00,0.006731241475790739,0.006733553484082222,0.006728388834744692,0.006730245426297188,0.006730245426297188,0
2023-09-25 11:00:00+01:00,0.006729928310960531,0.006731332279741764,0.0067268493585288525,0.006729339249432087,0.006729339249432087,0
2023-09-25 12:00:00+01:00,0.006729112938046455,0.0067295655608177185,0.006724632810801268,0.006726306863129139,0.006726306863129139,0
2023-09-25 13:00:00+01:00,0.006726216059178114,0.006727483123540878,0.0067224628292024136,0.0067236837930977345,0.0067236837930977345,0
2023-09-25 14:00:00+01:00,0.006723503116518259,0.006723503116518259,0.006720385048538446,0.006720700766891241,0.006720700766891241,0
2023-09-25 15:00:00+01:00,0.006721107289195061,0.006721604615449905,0.006712986622005701,0.006714698858559132,0.006714698858559132,0
2023-09-25 16:00:00+01:00,0.0067145642824471,0.006723774131387472,0.0067145186476409435,0.006723005790263414,0.006723005790263414,0
2023-09-25 17:00:00+01:00,0.006723096128553152,0.006724316161125898,0.006717901676893234,0.006718217860907316,0.006718217860907316,0
2023-09-25 18:00:00+01:00,0.0067184437066316605,0.006722689140588045,0.006717856973409653,0.006719888187944889,0.006719888187944889,0
2023-09-25 19:00:00+01:00,0.006719933357089758,0.006722147110849619,0.00671745091676712,0.0067188492976129055,0.0067188492976129055,0
2023-09-25 20:00:00+01:00,0.006718804594129324,0.006721287965774536,0.006718669086694717,0.006719391793012619,0.006719391793012619,0
2023-09-25 21:00:00+01:00,0.006719391793012619,0.006720113568007946,0.006716141942888498,0.0067173149436712265,0.0067173149436712265,0
2023-09-25 22:00:00+01:00,0.006717179901897907,0.006721333600580692,0.006716728676110506,0.0067191654816269875,0.0067191654816269875,0
2023-09-25 23:00:00+01:00,0.006719030439853668,0.006721514277160168,0.006717992015182972,0.006720385048538446,0.006720385048538446,0
2023-09-26 00:00:00+01:00,0.006720385048538446,0.0067215594463050365,0.006718940567225218,0.006719526834785938,0.006719526834785938,0
2023-09-26 01:00:00+01:00,0.0067194364964962006,0.006724904291331768,0.006715555675327778,0.006716908887028694,0.006716908887028694,0
2023-09-26 02:00:00+01:00,0.0067168185487389565,0.006720204837620258,0.0067134820856153965,0.006715015042573214,0.006715015042573214,0
2023-09-26 03:00:00+01:00,0.006714789196848869,0.006717540789395571,0.006714022718369961,0.006715691182762384,0.006715691182762384,0
2023-09-26 04:00:00+01:00,0.006715691182762384,0.0067200688645243645,0.006714969407767057,0.006717360578477383,0.006717360578477383,0
2023-09-26 05:00:00+01:00,0.0067173149436712265,0.0067178113386034966,0.006714744493365288,0.006716908887028694,0.006716908887028694,0
2023-09-26 06:00:00+01:00,0.006716773845255375,0.006719030439853668,0.006712760776281357,0.0067132567055523396,0.0067132567055523396,0
2023-09-26 07:00:00+01:00,0.006713211070746183,0.006715601310133934,0.00670304149389267,0.006704299710690975,0.006704299710690975,0
2023-09-26 08:00:00+01:00,0.006704210303723812,0.006720610428601503,0.006703940685838461,0.006717090029269457,0.006717090029269457,0
2023-09-26 09:00:00+01:00,0.006716864183545113,0.00672250846400857,0.006715195253491402,0.006715510971844196,0.006715510971844196,0
2023-09-26 10:00:00+01:00,0.006715510971844196,0.006719662342220545,0.006711769383400679,0.006718037184327841,0.006718037184327841,0
2023-09-26 11:00:00+01:00,0.00671808235347271,0.006719617638736963,0.006714428775012493,0.006716503296047449,0.006716503296047449,0
2023-09-26 12:00:00+01:00,0.006716503296047449,0.006719572003930807,0.00671334657818079,0.0067161875776946545,0.0067161875776946545,0
2023-09-26 13:00:00+01:00,0.006716232281178236,0.006720791105180979,0.006715601310133934,0.0067206560634076595,0.0067206560634076595,0
2023-09-26 14:00:00+01:00,0.006720700766891241,0.006720791105180979,0.006711904890835285,0.006714158225804567,0.006714158225804567,0
2023-09-26 15:00:00+01:00,0.0067145642824471,0.006720204837620258,0.0067128511145710945,0.006719030439853668,0.006719030439853668,0
2023-09-26 16:00:00+01:00,0.006718894932419062,0.0067194364964962006,0.0067145642824471,0.006715735886245966,0.006715735886245966,0
2023-09-26 17:00:00+01:00,0.006715826690196991,0.006717360578477383,0.0067130764946341515,0.006714924704283476,0.006714924704283476,0
2023-09-26 18:00:00+01:00,0.006714924704283476,0.006717766635119915,0.006714158225804567,0.006716322619467974,0.006716322619467974,0
2023-09-26 19:00:00+01:00,0.00671645812690258,0.006717540789395571,0.006708077620714903,0.00670839287340641,0.00670839287340641,0
2023-09-26 20:00:00+01:00,0.006708257365971804,0.0067105540074408054,0.006707492750138044,0.006709608249366283,0.006709608249366283,0
2023-09-26 21:00:00+01:00,0.006709608249366283,0.006710913963615894,0.006706997752189636,0.006709203124046326,0.006709203124046326,0
2023-09-26 22:00:00+01:00,0.006709878332912922,0.0067134820856153965,0.006708887871354818,0.00671140942722559,0.00671140942722559,0
2023-09-26 23:00:00+01:00,0.006712130270898342,0.006713978014886379,0.006708122789859772,0.006709337700158358,0.006709337700158358,0
2023-09-27 00:00:00+01:00,0.006708887871354818,0.006711949594318867,0.00670776329934597,0.006708977743983269,0.006708977743983269,0
2023-09-27 01:00:00+01:00,0.0067089335061609745,0.006713031325489283,0.006707897875458002,0.0067101032473146915,0.0067101032473146915,0
2023-09-27 02:00:00+01:00,0.0067099230363965034,0.006717901676893234,0.006708618253469467,0.006716412492096424,0.006716412492096424,0
2023-09-27 03:00:00+01:00,0.006716412492096424,0.006716503296047449,0.006710643880069256,0.006712355185300112,0.006712355185300112,0
2023-09-27 04:00:00+01:00,0.006712355185300112,0.006713166367262602,0.0067099230363965034,0.006710913963615894,0.006710913963615894,0
2023-09-27 05:00:00+01:00,0.006710688583552837,0.006711139343678951,0.006708077620714903,0.006710778456181288,0.006710778456181288,0
2023-09-27 06:00:00+01:00,0.006710418500006199,0.006711273919790983,0.0067068180069327354,0.006707492750138044,0.006707492750138044,0
2023-09-27 07:00:00+01:00,0.006707492750138044,0.0067095630802214146,0.0067046149633824825,0.006709023378789425,0.006709023378789425,0
2023-09-27 08:00:00+01:00,0.006709113251417875,0.006711815018206835,0.006707537919282913,0.006710193585604429,0.006710193585604429,0
2023-09-27 09:00:00+01:00,0.006710283923894167,0.0067128511145710945,0.006707808002829552,0.006708618253469467,0.006708618253469467,0
2023-09-27 10:00:00+01:00,0.0067087081260979176,0.0067089335061609745,0.006702772341668606,0.006703715771436691,0.006703715771436691,0
2023-09-27 11:00:00+01:00,0.006703715771436691,0.006705558858811855,0.006701065693050623,0.006701649632304907,0.006701649632304907,0
2023-09-27 12:00:00+01:00,0.006701693870127201,0.006706548389047384,0.006700257305055857,0.006703311577439308,0.006703311577439308,0
2023-09-27 13:00:00+01:00,0.006703491322696209,0.0067049297504127026,0.006700392346829176,0.00670304149389267,0.00670304149389267,0
2023-09-27 14:00:00+01:00,0.006702862214297056,0.006704210303723812,0.006693664472550154,0.006693888455629349,0.006693888455629349,0
2023-09-27 15:00:00+01:00,0.006695053540170193,0.006696981843560934,0.006689052563160658,0.006689231377094984,0.006689231377094984,0
2023-09-27 16:00:00+01:00,0.006689231377094984,0.006694470997899771,0.006688917987048626,0.006689724046736956,0.006689724046736956,0
2023-09-27 17:00:00+01:00,0.006689768750220537,0.006690037436783314,0.006682392209768295,0.006683732382953167,0.006683732382953167,0
2023-09-27 18:00:00+01:00,0.0066837770864367485,0.006690843030810356,0.006680339574813843,0.006683151703327894,0.006683151703327894,0
2023-09-27 19:00:00+01:00,0.00668324064463377,0.0066866823472082615,0.006679669953882694,0.006685161963105202,0.006685161963105202,0
2023-09-27 20:00:00+01:00,0.0066851177252829075,0.00669021625071764,0.00668324064463377,0.006684715393930674,0.006684715393930674,0
2023-09-27 21:00:00+01:00,0.0066847605630755424,0.006685520056635141,0.00668181199580431,0.006683866493403912,0.006683866493403912,0
2023-09-27 22:00:00+01:00,0.00668382178992033,0.006696578115224838,0.006683062296360731,0.006690126843750477,0.006690126843750477,0
2023-09-27 23:00:00+01:00,0.006689992267638445,0.006690843030810356,0.006687621120363474,0.006690126843750477,0.006690126843750477,0
2023-09-28 00:00:00+01:00,0.00669021625071764,0.006692768540233374,0.0066882469691336155,0.006689231377094984,0.006689231377094984,0
2023-09-28 01:00:00+01:00,0.006689231377094984,0.0066917832009494305,0.006688292138278484,0.006690887734293938,0.006690887734293938,0
2023-09-28 02:00:00+01:00,0.00669102231040597,0.006694381590932608,0.0066865477710962296,0.006692544557154179,0.006692544557154179,0
2023-09-28 03:00:00+01:00,0.006692544557154179,0.00669496413320303,0.006690529640763998,0.006692544557154179,0.006692544557154179,0
2023-09-28 04:00:00+01:00,0.0066923657432198524,0.006693977862596512,0.0066918726079165936,0.0066924551501870155,0.0066924551501870155,0
2023-09-28 05:00:00+01:00,0.006692544557154179,0.006696891970932484,0.00669102231040597,0.006696533411741257,0.006696533411741257,0
2023-09-28 06:00:00+01:00,0.006696667522192001,0.006699942983686924,0.006693395785987377,0.0066961743868887424,0.0066961743868887424,0
2023-09-28 07:00:00+01:00,0.006696129683405161,0.006696398835629225,0.006691469810903072,0.006694739684462547,0.006694739684462547,0
2023-09-28 08:00:00+01:00,0.0066948747262358665,0.006702233571559191,0.006694560870528221,0.006697250530123711,0.006697250530123711,0
2023-09-28 09:00:00+01:00,0.0066972956992685795,0.006698552053421736,0.006692186463624239,0.006694425828754902,0.006694425828754902,0
2023-09-28 10:00:00+01:00,0.006694470997899771,0.00670214369893074,0.006692947819828987,0.006699538789689541,0.006699538789689541,0
2023-09-28 11:00:00+01:00,0.0066996291279792786,0.006701020523905754,0.006696040276437998,0.006697564851492643,0.006697564851492643,0
2023-09-28 12:00:00+01:00,0.006697609089314938,0.00669868616387248,0.006695905234664679,0.006696757394820452,0.006696757394820452,0
2023-09-28 13:00:00+01:00,0.006696846801787615,0.006704120431095362,0.006688873749226332,0.006691155955195427,0.006691155955195427,0
2023-09-28 14:00:00+01:00,0.006691111717373133,0.006701065693050623,0.006690529640763998,0.006697968579828739,0.006697968579828739,0
2023-09-28 15:00:00+01:00,0.006698013283312321,0.006704973988234997,0.006694112904369831,0.006694247014820576,0.006694247014820576,0
2023-09-28 16:00:00+01:00,0.006694247014820576,0.006703491322696209,0.006692678667604923,0.0067030866630375385,0.0067030866630375385,0
2023-09-28 17:00:00+01:00,0.00670304149389267,0.006704210303723812,0.006697834003716707,0.00669859629124403,0.00669859629124403,0
2023-09-28 18:00:00+01:00,0.006698641460388899,0.006701244972646236,0.006694202311336994,0.006694425828754902,0.006694425828754902,0
2023-09-28 19:00:00+01:00,0.006694381590932608,0.0067017837427556515,0.006694202311336994,0.006701244972646236,0.006701244972646236,0
2023-09-28 20:00:00+01:00,0.006701289676129818,0.006701963488012552,0.006696578115224838,0.0067011103965342045,0.0067011103965342045,0
2023-09-28 21:00:00+01:00,0.0067011103965342045,0.006701469887048006,0.006697699893265963,0.006698282435536385,0.006698282435536385,0
2023-09-28 22:00:00+01:00,0.006698327604681253,0.006701334845274687,0.00669792341068387,0.006698865443468094,0.006698865443468094,0
2023-09-28 23:00:00+01:00,0.0066990903578698635,0.006702592596411705,0.00669868616387248,0.006700077559798956,0.006700077559798956,0
2023-09-29 00:00:00+01:00,0.006699719000607729,0.006700167432427406,0.006694605574011803,0.006696353666484356,0.006696353666484356,0
2023-09-29 01:00:00+01:00,0.006696398835629225,0.006697968579828739,0.006691111717373133,0.006694291718304157,0.006694291718304157,0
2023-09-29 02:00:00+01:00,0.006694336421787739,0.006698552053421736,0.006692006718367338,0.006696444004774094,0.006696444004774094,0
2023-09-29 03:00:00+01:00,0.006696488242596388,0.006699000485241413,0.0066924551501870155,0.006693440489470959,0.006693440489470959,0
2023-09-29 04:00:00+01:00,0.006693440489470959,0.00669541209936142,0.006691604387015104,0.006694247014820576,0.006694247014820576,0
2023-09-29 05:00:00+01:00,0.006694202311336994,0.006696757394820452,0.0066886949352920055,0.006695098243653774,0.006695098243653774,0
2023-09-29 06:00:00+01:00,0.006695143412798643,0.0067049297504127026,0.006693888455629349,0.006703895516693592,0.006703895516693592,0
2023-09-29 07:00:00+01:00,0.00670398585498333,0.006722825113683939,0.006702457554638386,0.006717044394463301,0.006717044394463301,0
2023-09-29 08:00:00+01:00,0.006717134732753038,0.006732918322086334,0.006715691182762384,0.006721920799463987,0.006721920799463987,0
2023-09-29 09:00:00+01:00,0.0067218756303191185,0.006722055841237307,0.006707717664539814,0.006708167493343353,0.006708167493343353,0
2023-09-29 10:00:00+01:00,0.006708167493343353,0.00671393284574151,0.006705289240926504,0.006708122789859772,0.006708122789859772,0
2023-09-29 11:00:00+01:00,0.006708122789859772,0.006710733752697706,0.006704660132527351,0.006706863176077604,0.006706863176077604,0
2023-09-29 12:00:00+01:00,0.006706907879561186,0.006707178428769112,0.006699942983686924,0.006700616329908371,0.006700616329908371,0
2023-09-29 13:00:00+01:00,0.006700796540826559,0.006714383140206337,0.0066988212056458,0.006702862214297056,0.006702862214297056,0
2023-09-29 14:00:00+01:00,0.006702862214297056,0.006707808002829552,0.006698147859424353,0.0067009758204221725,0.0067009758204221725,0
2023-09-29 15:00:00+01:00,0.006700705736875534,0.006705558858811855,0.006693709176033735,0.0067020985297858715,0.0067020985297858715,0
2023-09-29 16:00:00+01:00,0.00670214369893074,0.006702682469040155,0.0066916486248373985,0.006692051887512207,0.006692051887512207,0
2023-09-29 17:00:00+01:00,0.006692051887512207,0.00669671269133687,0.006691245827823877,0.006693127099424601,0.006693127099424601,0
2023-09-29 18:00:00+01:00,0.006693127099424601,0.006693619769066572,0.006689634174108505,0.0066916486248373985,0.0066916486248373985,0
2023-09-29 19:00:00+01:00,0.006691514980047941,0.006695322692394257,0.006689500063657761,0.006693664472550154,0.006693664472550154,0
2023-09-29 20:00:00+01:00,0.006693799048662186,0.006695322692394257,0.0066909329034388065,0.0066918726079165936,0.0066918726079165936,0
2023-09-29 21:00:00+01:00,0.0066917832009494305,0.006697699893265963,0.006691111717373133,0.006696398835629225,0.006696398835629225,0
2023-10-02 00:00:00+01:00,0.006685430649667978,0.006689589936286211,0.006683062296360731,0.0066876658238470554,0.0066876658238470554,0
2023-10-02 01:00:00+01:00,0.006687889341264963,0.006691111717373133,0.0066789560951292515,0.006681098137050867,0.006681098137050867,0
2023-10-02 02:00:00+01:00,0.006681098137050867,0.006683732382953167,0.0066781979985535145,0.006679491139948368,0.006679491139948368,0
2023-10-02 03:00:00+01:00,0.006679357495158911,0.006680740509182215,0.0066757905296981335,0.006676815450191498,0.006676815450191498,0
2023-10-02 04:00:00+01:00,0.006676502991467714,0.006679491139948368,0.006675612181425095,0.006676592864096165,0.006676592864096165,0
2023-10-02 05:00:00+01:00,0.006676637101918459,0.006679491139948368,0.006674542557448149,0.006678866688162088,0.006678866688162088,0
2023-10-02 06:00:00+01:00,0.006678777746856213,0.00668382178992033,0.006677350495010614,0.006681454833596945,0.006681454833596945,0
2023-10-02 07:00:00+01:00,0.006681499071419239,0.0066837770864367485,0.006678375881165266,0.00668324064463377,0.00668324064463377,0
2023-10-02 08:00:00+01:00,0.006683285813778639,0.006686637178063393,0.0066775730811059475,0.006677885539829731,0.006677885539829731,0
2023-10-02 09:00:00+01:00,0.006677885539829731,0.006682079751044512,0.006676057819277048,0.006679000332951546,0.006679000332951546,0
2023-10-02 10:00:00+01:00,0.006679000332951546,0.006682526785880327,0.006678421050310135,0.006678509991616011,0.006678509991616011,0
2023-10-02 11:00:00+01:00,0.006678599398583174,0.00668324064463377,0.006677038501948118,0.0066786883398890495,0.0066786883398890495,0
2023-10-02 12:00:00+01:00,0.0066786883398890495,0.006680383812636137,0.006677707191556692,0.0066781979985535145,0.0066781979985535145,0
2023-10-02 13:00:00+01:00,0.006678242236375809,0.006680339574813843,0.006674809847027063,0.00667534489184618,0.00667534489184618,0
2023-10-02 14:00:00+01:00,0.006675389129668474,0.006676548160612583,0.006673028692603111,0.006674497853964567,0.006674497853964567,0
2023-10-02 15:00:00+01:00,0.006674408912658691,0.006681365892291069,0.00667209317907691,0.006673874333500862,0.006673874333500862,0
2023-10-02 16:00:00+01:00,0.006673740688711405,0.006677350495010614,0.0066726719960570335,0.00667534489184618,0.00667534489184618,0
2023-10-02 17:00:00+01:00,0.00667534489184618,0.006676860153675079,0.006673562806099653,0.006674765609204769,0.006674765609204769,0
2023-10-02 18:00:00+01:00,0.006674631964415312,0.0066781979985535145,0.006674542557448149,0.006676993332803249,0.006676993332803249,0
2023-10-02 19:00:00+01:00,0.006676860153675079,0.0066798035986721516,0.006675032898783684,0.006677751429378986,0.006677751429378986,0
2023-10-02 20:00:00+01:00,0.006677662488073111,0.006679268553853035,0.006675210781395435,0.0066757905296981335,0.0066757905296981335,0
2023-10-02 21:00:00+01:00,0.0066757905296981335,0.006675968412309885,0.006672360468655825,0.006673740688711405,0.006673740688711405,0
2023-10-02 22:00:00+01:00,0.006673918571323156,0.006678554229438305,0.006673117633908987,0.006674497853964567,0.006674497853964567,0
2023-10-02 23:00:00+01:00,0.0066742305643856525,0.006675968412309885,0.006673428695648909,0.006673651747405529,0.006673651747405529,0
2023-10-03 00:00:00+01:00,0.0066736964508891106,0.006674364674836397,0.006672315765172243,0.006673028692603111,0.006673028692603111,0
2023-10-03 01:00:00+01:00,0.006672894582152367,0.006676369812339544,0.0066719152964651585,0.006672182120382786,0.006672182120382786,0
2023-10-03 02:00:00+01:00,0.006672271527349949,0.006674586795270443,0.006671470124274492,0.006673339754343033,0.006673339754343033,0
2023-10-03 03:00:00+01:00,0.006673250813037157,0.006674854550510645,0.006671603303402662,0.006673562806099653,0.006673562806099653,0
2023-10-03 04:00:00+01:00,0.006673384457826614,0.006674542557448149,0.006672004237771034,0.006672760937362909,0.006672760937362909,0
2023-10-03 05:00:00+01:00,0.006672939285635948,0.0066740973852574825,0.006671425420790911,0.00667209317907691,0.00667209317907691,0
2023-10-03 06:00:00+01:00,0.006672226823866367,0.006673295516520739,0.0066696456633508205,0.006670447066426277,0.006670447066426277,0
2023-10-03 07:00:00+01:00,0.006670401897281408,0.006679669953882694,0.006669957190752029,0.006678421050310135,0.006678421050310135,0
2023-10-03 08:00:00+01:00,0.006678242236375809,0.006682259030640125,0.006675879471004009,0.006676013581454754,0.006676013581454754,0
2023-10-03 09:00:00+01:00,0.00667583430185914,0.006678509991616011,0.006673562806099653,0.006674943957477808,0.006674943957477808,0
2023-10-03 10:00:00+01:00,0.006674720905721188,0.006674854550510645,0.0066721378825604916,0.006673072464764118,0.006673072464764118,0
2023-10-03 11:00:00+01:00,0.006673072464764118,0.006673963740468025,0.006670536007732153,0.00667209317907691,0.00667209317907691,0
2023-10-03 12:00:00+01:00,0.00667195999994874,0.006672360468655825,0.006667777895927429,0.006668000016361475,0.006668000016361475,0
2023-10-03 13:00:00+01:00,0.006667866371572018,0.006671825889497995,0.006667511072009802,0.0066703129559755325,0.0066703129559755325,0
2023-10-03 14:00:00+01:00,0.006670357193797827,0.0066736964508891106,0.006668355781584978,0.006671470124274492,0.006671470124274492,0
2023-10-03 15:00:00+01:00,0.0066715143620967865,0.006789926905184984,0.006659563165158033,0.006709337700158358,0.006709337700158358,0
2023-10-03 16:00:00+01:00,0.0067090680822730064,0.006709608249366283,0.006696353666484356,0.006703940685838461,0.006703940685838461,0
2023-10-03 17:00:00+01:00,0.006703805644065142,0.006713301874697208,0.006702412851154804,0.006707088556140661,0.006707088556140661,0
2023-10-03 18:00:00+01:00,0.0067071327939629555,0.006714158225804567,0.006706773303449154,0.006710869260132313,0.006710869260132313,0
2023-10-03 19:00:00+01:00,0.006710913963615894,0.00671794731169939,0.00670839287340641,0.006717540789395571,0.006717540789395571,0
2023-10-03 20:00:00+01:00,0.0067176311276853085,0.0067247687838971615,0.006711319554597139,0.006722055841237307,0.006722055841237307,0
2023-10-03 21:00:00+01:00,0.006722282152622938,0.006723593454807997,0.006707448046654463,0.006710824090987444,0.006710824090987444,0
2023-10-03 22:00:00+01:00,0.006711815018206835,0.006714789196848869,0.0067078531719744205,0.006709427572786808,0.006709427572786808,0
2023-10-03 23:00:00+01:00,0.006709427572786808,0.006713436916470528,0.006706233136355877,0.006706593558192253,0.006706593558192253,0
2023-10-04 00:00:00+01:00,0.006706593558192253,0.00670839287340641,0.00670205382630229,0.006703491322696209,0.006703491322696209,0
2023-10-04 01:00:00+01:00,0.0067034014500677586,0.006707943044602871,0.006700705736875534,0.006702951621264219,0.006702951621264219,0
2023-10-04 02:00:00+01:00,0.006702862214297056,0.006705019623041153,0.006699988152831793,0.006701065693050623,0.006701065693050623,0
2023-10-04 03:00:00+01:00,0.006700885947793722,0.0067029972560703754,0.006697116419672966,0.006698102690279484,0.006698102690279484,0
2023-10-04 04:00:00+01:00,0.00669792341068387,0.0067003024742007256,0.0066972956992685795,0.0066988212056458,0.0066988212056458,0
2023-10-04 05:00:00+01:00,0.006698955781757832,0.006704210303723812,0.006698731333017349,0.006703940685838461,0.006703940685838461,0
2023-10-04 06:00:00+01:00,0.006703940685838461,0.006705109495669603,0.00670066149905324,0.006700930651277304,0.006700930651277304,0
2023-10-04 07:00:00+01:00,0.006701065693050623,0.006705153733491898,0.006699269637465477,0.0067026372998952866,0.0067026372998952866,0
2023-10-04 08:00:00+01:00,0.0067026372998952866,0.006723593454807997,0.006700526457279921,0.006718308199197054,0.006718308199197054,0
2023-10-04 09:00:00+01:00,0.006718488410115242,0.006718714255839586,0.006707627791911364,0.006712040398269892,0.006712040398269892,0
2023-10-04 10:00:00+01:00,0.006712040398269892,0.0067128511145710945,0.006703940685838461,0.0067053791135549545,0.0067053791135549545,0
2023-10-04 11:00:00+01:00,0.006705289240926504,0.006710778456181288,0.00670182891190052,0.00671014841645956,0.00671014841645956,0
2023-10-04 12:00:00+01:00,0.006710193585604429,0.006718714255839586,0.006709743291139603,0.006711319554597139,0.006711319554597139,0
2023-10-04 13:00:00+01:00,0.006711229216307402,0.0067215594463050365,0.006707582622766495,0.006717090029269457,0.006717090029269457,0
2023-10-04 14:00:00+01:00,0.006717090029269457,0.006718669086694717,0.006711904890835285,0.006714473478496075,0.006714473478496075,0
2023-10-04 15:00:00+01:00,0.0067145186476409435,0.006717225071042776,0.0067053791135549545,0.006713031325489283,0.006713031325489283,0
2023-10-04 16:00:00+01:00,0.006713121198117733,0.006722327787429094,0.006711679510772228,0.00671907514333725,0.00671907514333725,0
2023-10-04 17:00:00+01:00,0.0067188492976129055,0.006719888187944889,0.006715735886245966,0.006716773845255375,0.006716773845255375,0
2023-10-04 18:00:00+01:00,0.006716728676110506,0.006716999225318432,0.0067079877480864525,0.006708348169922829,0.006708348169922829,0
2023-10-04 19:00:00+01:00,0.006708438042551279,0.006710012909024954,0.006705468986183405,0.006709743291139603,0.006709743291139603,0
2023-10-04 20:00:00+01:00,0.006709743291139603,0.006711859721690416,0.006705963518470526,0.006709203124046326,0.006709203124046326,0
2023-10-04 21:00:00+01:00,0.006709247827529907,0.006710012909024954,0.006705648731440306,0.006706368178129196,0.006706368178129196,0
2023-10-04 22:00:00+01:00,0.006706953048706055,0.006714789196848869,0.006706368178129196,0.006711049471050501,0.006711049471050501,0
2023-10-04 23:00:00+01:00,0.006711184047162533,0.006714473478496075,0.006709698587656021,0.006711904890835285,0.006711904890835285,0
2023-10-05 00:00:00+01:00,0.006711769383400679,0.006715330760926008,0.00671149929985404,0.00671231048181653,0.00671231048181653,0
2023-10-05 01:00:00+01:00,0.006712174974381924,0.0067346422001719475,0.006710869260132313,0.006732011679559946,0.006732011679559946,0
2023-10-05 02:00:00+01:00,0.0067319669760763645,0.006745134945958853,0.006729430053383112,0.006742724683135748,0.006742724683135748,0
2023-10-05 03:00:00+01:00,0.006742861121892929,0.006743679288774729,0.0067328279837965965,0.006735458038747311,0.006735458038747311,0
2023-10-05 04:00:00+01:00,0.006735503673553467,0.0067381360568106174,0.00672979187220335,0.006733190268278122,0.006733190268278122,0
2023-10-05 05:00:00+01:00,0.006733235903084278,0.006736864801496267,0.006731649395078421,0.006731740199029446,0.006731740199029446,0
2023-10-05 06:00:00+01:00,0.006731649395078421,0.0067338705994188786,0.006729384418576956,0.006729973014444113,0.006729973014444113,0
2023-10-05 07:00:00+01:00,0.006730063818395138,0.00673092482611537,0.006718940567225218,0.0067191654816269875,0.0067191654816269875,0
2023-10-05 08:00:00+01:00,0.006718985270708799,0.0067218756303191185,0.006707088556140661,0.006709023378789425,0.006709023378789425,0
2023-10-05 09:00:00+01:00,0.006708887871354818,0.006715104915201664,0.006707402877509594,0.006711049471050501,0.006711049471050501,0
2023-10-05 10:00:00+01:00,0.006711139343678951,0.0067191654816269875,0.0067101032473146915,0.006713211070746183,0.006713211070746183,0
2023-10-05 11:00:00+01:00,0.006713166367262602,0.006720475386828184,0.006711093708872795,0.006718669086694717,0.006718669086694717,0
2023-10-05 12:00:00+01:00,0.006718714255839586,0.0067200688645243645,0.006714293267577887,0.006719346158206463,0.006719346158206463,0
2023-10-05 13:00:00+01:00,0.006719707977026701,0.006719888187944889,0.006706188432872295,0.006714698858559132,0.006714698858559132,0
2023-10-05 14:00:00+01:00,0.00671465415507555,0.00673232926055789,0.006712806411087513,0.006729837507009506,0.006729837507009506,0
2023-10-05 15:00:00+01:00,0.00672952039167285,0.0067319669760763645,0.006721514277160168,0.0067291585728526115,0.0067291585728526115,0
2023-10-05 16:00:00+01:00,0.0067291585728526115,0.006737137213349342,0.006725175306200981,0.006734414957463741,0.006734414957463741,0
2023-10-05 17:00:00+01:00,0.006734550464898348,0.006739861331880093,0.006732782814651728,0.0067384084686636925,0.0067384084686636925,0
2023-10-05 18:00:00+01:00,0.0067382268607616425,0.006742997094988823,0.006736365612596273,0.006737137213349342,0.006737137213349342,0
2023-10-05 19:00:00+01:00,0.0067371828481554985,0.006742042955011129,0.0067371828481554985,0.006738998461514711,0.006738998461514711,0
2023-10-05 20:00:00+01:00,0.006738998461514711,0.006739270873367786,0.0067359572276473045,0.006736274808645248,0.006736274808645248,0
2023-10-05 21:00:00+01:00,0.006736319977790117,0.00673677446320653,0.006733281072229147,0.006734188180416822,0.006734188180416822,0
2023-10-05 22:00:00+01:00,0.006734006572514772,0.006740361452102661,0.006733598653227091,0.006734686903655529,0.006734686903655529,0
2023-10-05 23:00:00+01:00,0.006734596099704504,0.006737318821251392,0.006734097376465797,0.0067360480315983295,0.0067360480315983295,0
2023-10-06 00:00:00+01:00,0.006736002862453461,0.006740633863955736,0.006734233815222979,0.006735412869602442,0.006735412869602442,0
2023-10-06 01:00:00+01:00,0.006735412869602442,0.006735729984939098,0.006726759020239115,0.006727754604071379,0.006727754604071379,0
2023-10-06 02:00:00+01:00,0.006727844942361116,0.006735820788890123,0.0067252665758132935,0.006733734626322985,0.006733734626322985,0
2023-10-06 03:00:00+01:00,0.006733553484082222,0.0067346422001719475,0.0067268493585288525,0.006728795822709799,0.006728795822709799,0
2023-10-06 04:00:00+01:00,0.00672902213409543,0.006731422618031502,0.0067252665758132935,0.006725356914103031,0.006725356914103031,0
2023-10-06 05:00:00+01:00,0.0067255375906825066,0.006727166473865509,0.006721740122884512,0.0067224628292024136,0.0067224628292024136,0
2023-10-06 06:00:00+01:00,0.006722689140588045,0.006723050493746996,0.006718308199197054,0.00671907514333725,0.00671907514333725,0
2023-10-06 07:00:00+01:00,0.006719030439853668,0.0067197526805102825,0.006711904890835285,0.006713617127388716,0.006713617127388716,0
2023-10-06 08:00:00+01:00,0.006713752634823322,0.006718985270708799,0.006713707000017166,0.006716547999531031,0.006716547999531031,0
2023-10-06 09:00:00+01:00,0.0067166839726269245,0.006718714255839586,0.006713887210935354,0.00671546533703804,0.00671546533703804,0
2023-10-06 10:00:00+01:00,0.006715555675327778,0.006717992015182972,0.0067079877480864525,0.006709743291139603,0.006709743291139603,0
2023-10-06 11:00:00+01:00,0.0067095630802214146,0.006712490692734718,0.0067088427022099495,0.0067099230363965034,0.0067099230363965034,0
2023-10-06 12:00:00+01:00,0.006709968205541372,0.006710688583552837,0.0067071327939629555,0.006709337700158358,0.006709337700158358,0
2023-10-06 13:00:00+01:00,0.006709247827529907,0.006713752634823322,0.006687352899461985,0.006692678667604923,0.006692678667604923,0
2023-10-06 14:00:00+01:00,0.006692723836749792,0.006701918784528971,0.006690753158181906,0.006694739684462547,0.006694739684462547,0
2023-10-06 15:00:00+01:00,0.0066948747262358665,0.006704030558466911,0.006694291718304157,0.006694739684462547,0.006694739684462547,0
2023-10-06 16:00:00+01:00,0.006694605574011803,0.0067097884602844715,0.006694470997899771,0.006707537919282913,0.006707537919282913,0
2023-10-06 17:00:00+01:00,0.00670776329934597,0.006708797998726368,0.006697744131088257,0.006698237732052803,0.006698237732052803,0
2023-10-06 18:00:00+01:00,0.006698237732052803,0.006701244972646236,0.00669550197198987,0.006695950403809547,0.006695950403809547,0
2023-10-06 19:00:00+01:00,0.006695995107293129,0.006699314806610346,0.006695277988910675,0.0066961743868887424,0.0066961743868887424,0
2023-10-06 20:00:00+01:00,0.006696353666484356,0.006699045654386282,0.0066953678615391254,0.006696398835629225,0.006696398835629225,0
2023-10-06 21:00:00+01:00,0.006696667522192001,0.006702188402414322,0.006695860996842384,0.0066990903578698635,0.0066990903578698635,0
2023-10-09 00:00:00+01:00,0.00670398585498333,0.006705558858811855,0.006702008657157421,0.0067046149633824825,0.0067046149633824825,0
2023-10-09 01:00:00+01:00,0.006704794242978096,0.006707042921334505,0.006702323444187641,0.006706863176077604,0.006706863176077604,0
2023-10-09 02:00:00+01:00,0.006706997752189636,0.006708077620714903,0.0067034014500677586,0.006705468986183405,0.006705468986183405,0
2023-10-09 03:00:00+01:00,0.006705514155328274,0.006707582622766495,0.006704479455947876,0.006705963518470526,0.006705963518470526,0
2023-10-09 04:00:00+01:00,0.006705828942358494,0.006706368178129196,0.00670335628092289,0.006704435218125582,0.006704435218125582,0
2023-10-09 05:00:00+01:00,0.006704525090754032,0.006705738604068756,0.0067020985297858715,0.006702547427266836,0.006702547427266836,0
2023-10-09 06:00:00+01:00,0.006702682469040155,0.006704255472868681,0.006701334845274687,0.0067029972560703754,0.0067029972560703754,0
2023-10-09 07:00:00+01:00,0.0067029972560703754,0.006706728134304285,0.006702412851154804,0.0067030866630375385,0.0067030866630375385,0
2023-10-09 08:00:00+01:00,0.0067029972560703754,0.006706593558192253,0.006702457554638386,0.0067038508132100105,0.0067038508132100105,0
2023-10-09 09:00:00+01:00,0.006703940685838461,0.006705648731440306,0.00670344615355134,0.006705153733491898,0.006705153733491898,0
2023-10-09 10:00:00+01:00,0.006705289240926504,0.006707492750138044,0.006704570259898901,0.006706188432872295,0.006706188432872295,0
2023-10-09 11:00:00+01:00,0.006706368178129196,0.006707897875458002,0.006703715771436691,0.006704750005155802,0.006704750005155802,0
2023-10-09 12:00:00+01:00,0.006704884115606546,0.006706368178129196,0.0067032212391495705,0.006704750005155802,0.006704750005155802,0
2023-10-09 13:00:00+01:00,0.006704794242978096,0.006709247827529907,0.0067035360261797905,0.006708482746034861,0.006708482746034861,0
2023-10-09 14:00:00+01:00,0.0067087081260979176,0.006718714255839586,0.006708213128149509,0.006716864183545113,0.006716864183545113,0
2023-10-09 15:00:00+01:00,0.006716908887028694,0.006733463145792484,0.0067168185487389565,0.006732284091413021,0.006732284091413021,0
2023-10-09 16:00:00+01:00,0.006732148118317127,0.006733371410518885,0.006724045146256685,0.00672481395304203,0.00672481395304203,0
2023-10-09 17:00:00+01:00,0.006725040264427662,0.0067251306027174,0.006721243262290955,0.006724135484546423,0.006724135484546423,0
2023-10-09 18:00:00+01:00,0.0067239548079669476,0.00673659285530448,0.0067228698171675205,0.0067327371798455715,0.0067327371798455715,0
2023-10-09 19:00:00+01:00,0.0067328279837965965,0.006736501585692167,0.006729928310960531,0.0067359572276473045,0.0067359572276473045,0
2023-10-09 20:00:00+01:00,0.006736138369888067,0.006737228017300367,0.006731695029884577,0.00673677446320653,0.00673677446320653,0
2023-10-09 21:00:00+01:00,0.006736864801496267,0.006737318821251392,0.006732601206749678,0.006734414957463741,0.006734414957463741,0
2023-10-09 22:00:00+01:00,0.006734596099704504,0.006736274808645248,0.006732465233653784,0.006733054760843515,0.006733054760843515,0
2023-10-09 23:00:00+01:00,0.006732873618602753,0.006740089040249586,0.006732646841555834,0.006737908814102411,0.006737908814102411,0
2023-10-10 00:00:00+01:00,0.006737863644957542,0.006743679288774729,0.0067358664236962795,0.006741633638739586,0.006741633638739586,0
2023-10-10 01:00:00+01:00,0.006741770077496767,0.006749550811946392,0.006726487539708614,0.006733235903084278,0.006733235903084278,0
2023-10-10 02:00:00+01:00,0.006733281072229147,0.006742906291037798,0.006731559056788683,0.006733463145792484,0.006733463145792484,0
2023-10-10 03:00:00+01:00,0.006733371410518885,0.006734868511557579,0.006727981381118298,0.006728705018758774,0.006728705018758774,0
2023-10-10 04:00:00+01:00,0.006728795822709799,0.006733009126037359,0.006727844942361116,0.006728841457515955,0.006728841457515955,0
2023-10-10 05:00:00+01:00,0.0067288861609995365,0.00672902213409543,0.006722327787429094,0.006723367143422365,0.006723367143422365,0
2023-10-10 06:00:00+01:00,0.00672318646684289,0.0067263515666127205,0.00672142393887043,0.006722237449139357,0.006722237449139357,0
2023-10-10 07:00:00+01:00,0.006722237449139357,0.006733326707035303,0.0067145642824471,0.0067163677886128426,0.0067163677886128426,0
2023-10-10 08:00:00+01:00,0.006716593634337187,0.0067184437066316605,0.006708213128149509,0.0067132567055523396,0.0067132567055523396,0
2023-10-10 09:00:00+01:00,0.0067132567055523396,0.006723457481712103,0.006711003836244345,0.006719120778143406,0.006719120778143406,0
2023-10-10 10:00:00+01:00,0.0067191654816269875,0.006719707977026701,0.006714068353176117,0.006717721465975046,0.006717721465975046,0
2023-10-10 11:00:00+01:00,0.006717585492879152,0.006718037184327841,0.006713301874697208,0.00671393284574151,0.00671393284574151,0
2023-10-10 12:00:00+01:00,0.006713887210935354,0.006714293267577887,0.006707042921334505,0.00670839287340641,0.00670839287340641,0
2023-10-10 13:00:00+01:00,0.006708438042551279,0.0067163677886128426,0.0067071327939629555,0.006714789196848869,0.006714789196848869,0
2023-10-10 14:00:00+01:00,0.0067145186476409435,0.006714879535138607,0.006707717664539814,0.006714338436722755,0.006714338436722755,0
2023-10-10 15:00:00+01:00,0.0067145642824471,0.006720113568007946,0.006713211070746183,0.0067184437066316605,0.0067184437066316605,0
2023-10-10 16:00:00+01:00,0.00671857874840498,0.006730788853019476,0.00671817222610116,0.006728388834744692,0.006728388834744692,0
2023-10-10 17:00:00+01:00,0.0067284791730344296,0.006732193753123283,0.0067255375906825066,0.006731604691594839,0.006731604691594839,0
2023-10-10 18:00:00+01:00,0.006731785833835602,0.006731785833835602,0.006721694953739643,0.0067218756303191185,0.0067218756303191185,0
2023-10-10 19:00:00+01:00,0.006722147110849619,0.006725582759827375,0.006721514277160168,0.006723909173160791,0.006723909173160791,0
2023-10-10 20:00:00+01:00,0.0067239548079669476,0.006727211643010378,0.0067221918143332005,0.006725673098117113,0.006725673098117113,0
2023-10-10 21:00:00+01:00,0.006725673098117113,0.006727030035108328,0.006723547820001841,0.006724949926137924,0.006724949926137924,0
2023-10-10 22:00:00+01:00,0.006724678445607424,0.0067277089692652225,0.006724452134221792,0.006726216059178114,0.006726216059178114,0
2023-10-10 23:00:00+01:00,0.0067260353825986385,0.006728841457515955,0.006725220941007137,0.006728026084601879,0.006728026084601879,0
2023-10-11 00:00:00+01:00,0.0067284791730344296,0.0067319669760763645,0.006727754604071379,0.0067282975651323795,0.0067282975651323795,0
2023-10-11 01:00:00+01:00,0.006728207226842642,0.006737636402249336,0.006727030035108328,0.00673074321821332,0.00673074321821332,0
2023-10-11 02:00:00+01:00,0.006730879191309214,0.006732238456606865,0.006724496837705374,0.006727800238877535,0.006727800238877535,0
2023-10-11 03:00:00+01:00,0.006727935746312141,0.0067282975651323795,0.006722598802298307,0.006723909173160791,0.006723909173160791,0
2023-10-11 04:00:00+01:00,0.00672386446967721,0.006725040264427662,0.006718624383211136,0.0067197526805102825,0.0067197526805102825,0
2023-10-11 05:00:00+01:00,0.006719888187944889,0.006720700766891241,0.006716097239404917,0.006717179901897907,0.006717179901897907,0
2023-10-11 06:00:00+01:00,0.006717179901897907,0.006720204837620258,0.0067134820856153965,0.006715285126119852,0.006715285126119852,0
2023-10-11 07:00:00+01:00,0.006715015042573214,0.00671817222610116,0.006712670903652906,0.006716232281178236,0.006716232281178236,0
2023-10-11 08:00:00+01:00,0.006716277450323105,0.006730562075972557,0.006715195253491402,0.006722237449139357,0.006722237449139357,0
2023-10-11 09:00:00+01:00,0.006722282152622938,0.006728660315275192,0.006719346158206463,0.006726577877998352,0.006726577877998352,0
2023-10-11 10:00:00+01:00,0.006726804655045271,0.006729384418576956,0.00672386446967721,0.006726125720888376,0.006726125720888376,0
2023-10-11 11:00:00+01:00,0.006726170890033245,0.006727483123540878,0.006722689140588045,0.006724678445607424,0.006724678445607424,0
2023-10-11 12:00:00+01:00,0.006724678445607424,0.006726759020239115,0.006718669086694717,0.006719030439853668,0.006719030439853668,0
2023-10-11 13:00:00+01:00,0.00671907514333725,0.0067191654816269875,0.0067078531719744205,0.0067168185487389565,0.0067168185487389565,0
2023-10-11 14:00:00+01:00,0.006717179901897907,0.006719617638736963,0.006709292996674776,0.0067134820856153965,0.0067134820856153965,0
2023-10-11 15:00:00+01:00,0.00671334657818079,0.00671393284574151,0.006704884115606546,0.0067053791135549545,0.0067053791135549545,0
2023-10-11 16:00:00+01:00,0.006705334410071373,0.006713301874697208,0.00670304149389267,0.006711319554597139,0.006711319554597139,0
2023-10-11 17:00:00+01:00,0.006711319554597139,0.006711859721690416,0.0067035360261797905,0.006704839877784252,0.006704839877784252,0
2023-10-11 18:00:00+01:00,0.006704704370349646,0.006705424282699823,0.0066972956992685795,0.006702457554638386,0.006702457554638386,0
2023-10-11 19:00:00+01:00,0.006702367682009935,0.006709023378789425,0.006696846801787615,0.006699763238430023,0.006699763238430023,0
2023-10-11 20:00:00+01:00,0.006699719000607729,0.006704299710690975,0.006699538789689541,0.006702412851154804,0.006702412851154804,0
2023-10-11 21:00:00+01:00,0.006702367682009935,0.006705109495669603,0.006701020523905754,0.006704525090754032,0.006704525090754032,0
2023-10-11 22:00:00+01:00,0.006704479455947876,0.00671014841645956,0.006704479455947876,0.006708257365971804,0.006708257365971804,0
2023-10-11 23:00:00+01:00,0.006707943044602871,0.006711769383400679,0.006705738604068756,0.006711229216307402,0.006711229216307402,0
2023-10-12 00:00:00+01:00,0.006711273919790983,0.006712670903652906,0.006708482746034861,0.0067101032473146915,0.0067101032473146915,0
2023-10-12 01:00:00+01:00,0.006709878332912922,0.0067105982452631,0.00670407572761178,0.006705199368298054,0.006705199368298054,0
2023-10-12 02:00:00+01:00,0.0067053791135549545,0.006710778456181288,0.006703940685838461,0.006706503685563803,0.006706503685563803,0
2023-10-12 03:00:00+01:00,0.006706593558192253,0.006707808002829552,0.006699135527014732,0.006700032390654087,0.006700032390654087,0
2023-10-12 04:00:00+01:00,0.006699853111058474,0.006705828942358494,0.006699538789689541,0.006705558858811855,0.006705558858811855,0
2023-10-12 05:00:00+01:00,0.006705558858811855,0.00670776329934597,0.00670344615355134,0.006705648731440306,0.006705648731440306,0
2023-10-12 06:00:00+01:00,0.0067056939005851746,0.0067095630802214146,0.006704435218125582,0.006707178428769112,0.006707178428769112,0
2023-10-12 07:00:00+01:00,0.006706997752189636,0.006713617127388716,0.006704660132527351,0.006709833163768053,0.006709833163768053,0
2023-10-12 08:00:00+01:00,0.0067097884602844715,0.006710238289088011,0.006702502723783255,0.006703311577439308,0.006703311577439308,0
2023-10-12 09:00:00+01:00,0.00670335628092289,0.006709247827529907,0.006702862214297056,0.00670776329934597,0.00670776329934597,0
2023-10-12 10:00:00+01:00,0.00670776329934597,0.0067089335061609745,0.006704750005155802,0.006705109495669603,0.006705109495669603,0
2023-10-12 11:00:00+01:00,0.006705153733491898,0.006706728134304285,0.00670407572761178,0.006704435218125582,0.006704435218125582,0
2023-10-12 12:00:00+01:00,0.006704255472868681,0.006705244537442923,0.006702188402414322,0.006704704370349646,0.006704704370349646,0
2023-10-12 13:00:00+01:00,0.006704794242978096,0.006710643880069256,0.006689768750220537,0.006691514980047941,0.006691514980047941,0
2023-10-12 14:00:00+01:00,0.006691469810903072,0.006693977862596512,0.006684715393930674,0.006685072556138039,0.006685072556138039,0
2023-10-12 15:00:00+01:00,0.006684938911348581,0.006685564294457436,0.006678152829408646,0.006678777746856213,0.006678777746856213,0
2023-10-12 16:00:00+01:00,0.006678643636405468,0.006681276485323906,0.0066757905296981335,0.006679312791675329,0.006679312791675329,0
2023-10-12 17:00:00+01:00,0.006679491139948368,0.006681990344077349,0.0066762808710336685,0.006678375881165266,0.006678375881165266,0
2023-10-12 18:00:00+01:00,0.006678465288132429,0.006679580081254244,0.006675612181425095,0.00667583430185914,0.00667583430185914,0
2023-10-12 19:00:00+01:00,0.0066759237088263035,0.006679669953882694,0.006674364674836397,0.006675032898783684,0.006675032898783684,0
2023-10-12 20:00:00+01:00,0.006674854550510645,0.006676993332803249,0.006674275733530521,0.0066751218400895596,0.0066751218400895596,0
2023-10-12 21:00:00+01:00,0.006675077136605978,0.006676592864096165,0.006674631964415312,0.00667583430185914,0.00667583430185914,0
2023-10-12 22:00:00+01:00,0.006675745360553265,0.006678242236375809,0.006675077136605978,0.006677350495010614,0.006677350495010614,0
2023-10-12 23:00:00+01:00,0.006677261553704739,0.0066779302433133125,0.006676057819277048,0.006676993332803249,0.006676993332803249,0
2023-10-13 00:00:00+01:00,0.0066770827397704124,0.006678421050310135,0.006675567477941513,0.00667610252276063,0.00667610252276063,0
2023-10-13 01:00:00+01:00,0.0066762357018888,0.006678821984678507,0.006674319971352816,0.006677751429378986,0.006677751429378986,0
2023-10-13 02:00:00+01:00,0.006677707191556692,0.006679223384708166,0.006674453616142273,0.006675656419247389,0.006675656419247389,0
2023-10-13 03:00:00+01:00,0.006675612181425095,0.0066774399019777775,0.006674497853964567,0.006675745360553265,0.006675745360553265,0
2023-10-13 04:00:00+01:00,0.00667570112273097,0.006678152829408646,0.006675523240119219,0.006677216850221157,0.006677216850221157,0
2023-10-13 05:00:00+01:00,0.006677261553704739,0.006684580817818642,0.006677038501948118,0.006682526785880327,0.006682526785880327,0
2023-10-13 06:00:00+01:00,0.006682481616735458,0.006686011794954538,0.0066783311776816845,0.006679580081254244,0.006679580081254244,0
2023-10-13 07:00:00+01:00,0.006679580081254244,0.00668324064463377,0.006677350495010614,0.006677885539829731,0.006677885539829731,0
2023-10-13 08:00:00+01:00,0.0066779302433133125,0.006682972889393568,0.006677796132862568,0.0066820355132222176,0.0066820355132222176,0
2023-10-13 09:00:00+01:00,0.006682079751044512,0.0066837770864367485,0.006679446902126074,0.00667998194694519,0.00667998194694519,0
2023-10-13 10:00:00+01:00,0.006679937709122896,0.006682839244604111,0.006676548160612583,0.0066826604306697845,0.0066826604306697845,0
2023-10-13 11:00:00+01:00,0.006682615727186203,0.006686369422823191,0.00668181199580431,0.006683464162051678,0.006683464162051678,0
2023-10-13 12:00:00+01:00,0.006683464162051678,0.0066865477710962296,0.006682883948087692,0.0066841342486441135,0.0066841342486441135,0
2023-10-13 13:00:00+01:00,0.006683955900371075,0.006691201124340296,0.006683464162051678,0.006687487009912729,0.006687487009912729,0
2023-10-13 14:00:00+01:00,0.006687442306429148,0.006691290531307459,0.006682347971946001,0.006683151703327894,0.006683151703327894,0
2023-10-13 15:00:00+01:00,0.006683285813778639,0.006686503533273935,0.006677841302007437,0.0066816783510148525,0.0066816783510148525,0
2023-10-13 16:00:00+01:00,0.006681767757982016,0.006685161963105202,0.006680383812636137,0.006683642975986004,0.006683642975986004,0
2023-10-13 17:00:00+01:00,0.006683866493403912,0.0066872634924948215,0.0066834199242293835,0.006685877218842506,0.006685877218842506,0
2023-10-13 18:00:00+01:00,0.006685922387987375,0.006689320784062147,0.0066849831491708755,0.006688023917376995,0.006688023917376995,0
2023-10-13 19:00:00+01:00,0.006687845103442669,0.006689768750220537,0.006687129382044077,0.006689008325338364,0.006689008325338364,0
2023-10-13 20:00:00+01:00,0.006689052563160658,0.006690529640763998,0.006687442306429148,0.006688649766147137,0.006688649766147137,0
2023-10-13 21:00:00+01:00,0.0066887391731143,0.006689141970127821,0.006684804800897837,0.006689008325338364,0.006689008325338364,0
2023-10-13 22:00:00+01:00,0.006688292138278484,0.006688292138278484,0.006688292138278484,0.006688292138278484,0.006688292138278484,0
2023-10-16 00:00:00+01:00,0.006685296539217234,0.006686815991997719,0.006683062296360731,0.0066861906088888645,0.0066861906088888645,0
2023-10-16 01:00:00+01:00,0.006686234846711159,0.006692813243716955,0.006685564294457436,0.006689141970127821,0.006689141970127821,0
2023-10-16 02:00:00+01:00,0.006689052563160658,0.006690887734293938,0.006687889341264963,0.006690440233796835,0.006690440233796835,0
2023-10-16 03:00:00+01:00,0.006690484471619129,0.0066923657432198524,0.006689948029816151,0.0066914246417582035,0.0066914246417582035,0
2023-10-16 04:00:00+01:00,0.006691604387015104,0.006692320574074984,0.006688023917376995,0.006689992267638445,0.006689992267638445,0
2023-10-16 05:00:00+01:00,0.006690037436783314,0.006693305913358927,0.0066898581571877,0.006691962480545044,0.006691962480545044,0
2023-10-16 06:00:00+01:00,0.006691962480545044,0.006694739684462547,0.006689902860671282,0.006691380403935909,0.006691380403935909,0
2023-10-16 07:00:00+01:00,0.0066914246417582035,0.006692097056657076,0.006685161963105202,0.006685788277536631,0.006685788277536631,0
2023-10-16 08:00:00+01:00,0.006685653701424599,0.006687442306429148,0.006683866493403912,0.0066859666258096695,0.0066859666258096695,0
2023-10-16 09:00:00+01:00,0.006685743108391762,0.00669021625071764,0.006684671156108379,0.00668918713927269,0.00668918713927269,0
2023-10-16 10:00:00+01:00,0.006689320784062147,0.006691469810903072,0.006688292138278484,0.006689768750220537,0.006689768750220537,0
2023-10-16 11:00:00+01:00,0.0066898581571877,0.006690126843750477,0.006685072556138039,0.0066865477710962296,0.0066865477710962296,0
2023-10-16 12:00:00+01:00,0.006686503533273935,0.006690395064651966,0.0066854748874902725,0.0066886055283248425,0.0066886055283248425,0
2023-10-16 13:00:00+01:00,0.006688784342259169,0.006693260744214058,0.006687084212899208,0.006691290531307459,0.006691290531307459,0
2023-10-16 14:00:00+01:00,0.006691380403935909,0.006691917311400175,0.006679401732981205,0.006679580081254244,0.006679580081254244,0
2023-10-16 15:00:00+01:00,0.006679759360849857,0.006683062296360731,0.006677171681076288,0.006682928651571274,0.006682928651571274,0
2023-10-16 16:00:00+01:00,0.00668274937197566,0.006686905398964882,0.006682481616735458,0.0066856988705694675,0.0066856988705694675,0
2023-10-16 17:00:00+01:00,0.006685832515358925,0.006686994805932045,0.006684045307338238,0.006685430649667978,0.006685430649667978,0
2023-10-16 18:00:00+01:00,0.006685430649667978,0.006687084212899208,0.006683910731226206,0.0066849831491708755,0.0066849831491708755,0
2023-10-16 19:00:00+01:00,0.006685028318315744,0.006688426714390516,0.006684580817818642,0.006688336376100779,0.006688336376100779,0
2023-10-16 20:00:00+01:00,0.006688426714390516,0.006688784342259169,0.006685207132250071,0.006688157562166452,0.006688157562166452,0
2023-10-16 21:00:00+01:00,0.0066882469691336155,0.006689365953207016,0.0066871740855276585,0.0066887391731143,0.0066887391731143,0
2023-10-16 22:00:00+01:00,0.00668918713927269,0.006690037436783314,0.006683375220745802,0.0066877999342978,0.0066877999342978,0
2023-10-16 23:00:00+01:00,0.006688068155199289,0.006689902860671282,0.006685161963105202,0.006685207132250071,0.006685207132250071,0
2023-10-17 00:00:00+01:00,0.006685341242700815,0.006687129382044077,0.0066842688247561455,0.0066853854805231094,0.0066853854805231094,0
2023-10-17 01:00:00+01:00,0.006685430649667978,0.006690081674605608,0.0066831074655056,0.006688917987048626,0.006688917987048626,0
2023-10-17 02:00:00+01:00,0.006688873749226332,0.0066898581571877,0.006685653701424599,0.0066872634924948215,0.0066872634924948215,0
2023-10-17 03:00:00+01:00,0.0066872634924948215,0.006687710527330637,0.006685832515358925,0.006686950568109751,0.006686950568109751,0
2023-10-17 04:00:00+01:00,0.006686861161142588,0.006688157562166452,0.006685520056635141,0.006687084212899208,0.006687084212899208,0
2023-10-17 05:00:00+01:00,0.0066871740855276585,0.006689141970127821,0.006686324253678322,0.0066866823472082615,0.0066866823472082615,0
2023-10-17 06:00:00+01:00,0.006686905398964882,0.0066871740855276585,0.006683955900371075,0.00668431306257844,0.00668431306257844,0
2023-10-17 07:00:00+01:00,0.0066841342486441135,0.006686280015856028,0.006681901402771473,0.006682213861495256,0.006682213861495256,0
2023-10-17 08:00:00+01:00,0.006682124454528093,0.0066877999342978,0.006681990344077349,0.006684536579996347,0.006684536579996347,0
2023-10-17 09:00:00+01:00,0.006684671156108379,0.006685296539217234,0.006680472753942013,0.006681499071419239,0.006681499071419239,0
2023-10-17 10:00:00+01:00,0.006681276485323906,0.006681901402771473,0.006680160295218229,0.006681098137050867,0.006681098137050867,0
2023-10-17 11:00:00+01:00,0.006681052967905998,0.00672318646684289,0.006677885539829731,0.006686815991997719,0.006686815991997719,0
2023-10-17 12:00:00+01:00,0.0066866823472082615,0.006695636548101902,0.006686503533273935,0.006690798327326775,0.006690798327326775,0
2023-10-17 13:00:00+01:00,0.006690708454698324,0.00669133523479104,0.006675879471004009,0.006676815450191498,0.006676815450191498,0
2023-10-17 14:00:00+01:00,0.006676860153675079,0.006681052967905998,0.00667583430185914,0.006676860153675079,0.006676860153675079,0
2023-10-17 15:00:00+01:00,0.006676993332803249,0.0066847605630755424,0.006676502991467714,0.006680116057395935,0.006680116057395935,0
2023-10-17 16:00:00+01:00,0.006680116057395935,0.006681722588837147,0.0066775730811059475,0.006679401732981205,0.006679401732981205,0
2023-10-17 17:00:00+01:00,0.006679357495158911,0.0066806962713599205,0.006676904391497374,0.0066774399019777775,0.0066774399019777775,0
2023-10-17 18:00:00+01:00,0.0066774399019777775,0.0066775730811059475,0.006673339754343033,0.006674542557448149,0.006674542557448149,0
2023-10-17 19:00:00+01:00,0.006674675736576319,0.006677261553704739,0.0066740973852574825,0.006676369812339544,0.006676369812339544,0
2023-10-17 20:00:00+01:00,0.0066763246431946754,0.006679491139948368,0.0066763246431946754,0.006676592864096165,0.006676592864096165,0
2023-10-17 21:00:00+01:00,0.006676592864096165,0.006677305791527033,0.00667347339913249,0.006675389129668474,0.006675389129668474,0
2023-10-17 22:00:00+01:00,0.00667534489184618,0.0066779302433133125,0.006674186326563358,0.006676904391497374,0.006676904391497374,0
2023-10-17 23:00:00+01:00,0.006676726043224335,0.006678554229438305,0.0066759237088263035,0.006677707191556692,0.006677707191556692,0
2023-10-18 00:00:00+01:00,0.006677305791527033,0.006677974481135607,0.006675879471004009,0.0066774399019777775,0.0066774399019777775,0
2023-10-18 01:00:00+01:00,0.006677394732832909,0.006679357495158911,0.006675968412309885,0.006676904391497374,0.006676904391497374,0
2023-10-18 02:00:00+01:00,0.006676771212369204,0.0066783311776816845,0.0066759237088263035,0.0066779302433133125,0.0066779302433133125,0
2023-10-18 03:00:00+01:00,0.006677974481135607,0.006682347971946001,0.0066775730811059475,0.006680874619632959,0.006680874619632959,0
2023-10-18 04:00:00+01:00,0.006680785678327084,0.006689813453704119,0.006680562160909176,0.006681454833596945,0.006681454833596945,0
2023-10-18 05:00:00+01:00,0.006681633647531271,0.006682347971946001,0.006680294405668974,0.006681365892291069,0.006681365892291069,0
2023-10-18 06:00:00+01:00,0.006681454833596945,0.006682972889393568,0.006680116057395935,0.006682481616735458,0.006682481616735458,0
2023-10-18 07:00:00+01:00,0.006682615727186203,0.006684580817818642,0.006680116057395935,0.006680919788777828,0.006680919788777828,0
2023-10-18 08:00:00+01:00,0.006680919788777828,0.006682347971946001,0.006677707191556692,0.006677974481135607,0.006677974481135607,0
2023-10-18 09:00:00+01:00,0.00667806388810277,0.006679090205579996,0.006676369812339544,0.006676904391497374,0.006676904391497374,0
2023-10-18 10:00:00+01:00,0.006676904391497374,0.0066841342486441135,0.0066762808710336685,0.006678732577711344,0.006678732577711344,0
2023-10-18 11:00:00+01:00,0.006678732577711344,0.0066816783510148525,0.0066774399019777775,0.006680026650428772,0.006680026650428772,0
2023-10-18 12:00:00+01:00,0.006680070888251066,0.0066835093311965466,0.006679580081254244,0.006680874619632959,0.006680874619632959,0
2023-10-18 13:00:00+01:00,0.0066809640266001225,0.00668324064463377,0.006676548160612583,0.006678465288132429,0.006678465288132429,0
2023-10-18 14:00:00+01:00,0.006678465288132429,0.006681231781840324,0.006677261553704739,0.006679357495158911,0.006679357495158911,0
2023-10-18 15:00:00+01:00,0.00667953584343195,0.006681187078356743,0.00667173694819212,0.006676369812339544,0.006676369812339544,0
2023-10-18 16:00:00+01:00,0.00667645875364542,0.006677127443253994,0.0066719152964651585,0.006672850344330072,0.006672850344330072,0
2023-10-18 17:00:00+01:00,0.0066726719960570335,0.0066770827397704124,0.0066717821173369884,0.006674675736576319,0.006674675736576319,0
2023-10-18 18:00:00+01:00,0.006674765609204769,0.0066786883398890495,0.006674319971352816,0.00667645875364542,0.00667645875364542,0
2023-10-18 19:00:00+01:00,0.006676369812339544,0.006677127443253994,0.006671069655567408,0.006671470124274492,0.006671470124274492,0
2023-10-18 20:00:00+01:00,0.006671648006886244,0.006673072464764118,0.006670357193797827,0.006672271527349949,0.006672271527349949,0
2023-10-18 21:00:00+01:00,0.0066721378825604916,0.006672716699540615,0.006669512018561363,0.0066703129559755325,0.0066703129559755325,0
2023-10-18 22:00:00+01:00,0.006670980714261532,0.006678465288132429,0.006670046132057905,0.006676369812339544,0.006676369812339544,0
2023-10-18 23:00:00+01:00,0.006676726043224335,0.006676771212369204,0.006672716699540615,0.006673250813037157,0.006673250813037157,0
2023-10-19 00:00:00+01:00,0.006673250813037157,0.006678242236375809,0.00667173694819212,0.006676904391497374,0.006676904391497374,0
2023-10-19 01:00:00+01:00,0.006676904391497374,0.006681722588837147,0.00667547807097435,0.006677618250250816,0.006677618250250816,0
2023-10-19 02:00:00+01:00,0.006677885539829731,0.006678777746856213,0.006673785392194986,0.006675612181425095,0.006675612181425095,0
2023-10-19 03:00:00+01:00,0.006675656419247389,0.006676369812339544,0.006673740688711405,0.00667525501921773,0.00667525501921773,0
2023-10-19 04:00:00+01:00,0.00667525501921773,0.00667610252276063,0.006674319971352816,0.0066751218400895596,0.0066751218400895596,0
2023-10-19 05:00:00+01:00,0.006675166077911854,0.006677394732832909,0.006675077136605978,0.006675300188362598,0.006675300188362598,0
2023-10-19 06:00:00+01:00,0.006675300188362598,0.006677038501948118,0.006674141623079777,0.006676502991467714,0.006676502991467714,0
2023-10-19 07:00:00+01:00,0.00667645875364542,0.006679223384708166,0.006675389129668474,0.006676191464066505,0.006676191464066505,0
2023-10-19 08:00:00+01:00,0.0066762808710336685,0.006678599398583174,0.006674988195300102,0.006675612181425095,0.006675612181425095,0
2023-10-19 09:00:00+01:00,0.006675567477941513,0.0066762808710336685,0.006673206575214863,0.0066740973852574825,0.0066740973852574825,0
2023-10-19 10:00:00+01:00,0.006674141623079777,0.006674765609204769,0.006672048941254616,0.006673740688711405,0.006673740688711405,0
2023-10-19 11:00:00+01:00,0.006673918571323156,0.006676815450191498,0.006673740688711405,0.006675656419247389,0.006675656419247389,0
2023-10-19 12:00:00+01:00,0.006675612181425095,0.0066762808710336685,0.0066726719960570335,0.006673161871731281,0.006673161871731281,0
2023-10-19 13:00:00+01:00,0.006673117633908987,0.006676548160612583,0.006671292241662741,0.006674809847027063,0.006674809847027063,0
2023-10-19 14:00:00+01:00,0.006674943957477808,0.006677261553704739,0.00667347339913249,0.006676013581454754,0.006676013581454754,0
2023-10-19 15:00:00+01:00,0.006676369812339544,0.006677216850221157,0.006669868249446154,0.006670179311186075,0.006670179311186075,0
2023-10-19 16:00:00+01:00,0.0066703129559755325,0.006675077136605978,0.006669556722044945,0.006670224014669657,0.006670224014669657,0
2023-10-19 17:00:00+01:00,0.006670268252491951,0.006681276485323906,0.006668311543762684,0.006678554229438305,0.006678554229438305,0
2023-10-19 18:00:00+01:00,0.006678509991616011,0.006680517923086882,0.006673918571323156,0.006677038501948118,0.006677038501948118,0
2023-10-19 19:00:00+01:00,0.006677038501948118,0.006679401732981205,0.006672805640846491,0.006673206575214863,0.006673206575214863,0
2023-10-19 20:00:00+01:00,0.006673339754343033,0.006676726043224335,0.006672983523458242,0.00667570112273097,0.00667570112273097,0
2023-10-19 21:00:00+01:00,0.006675656419247389,0.006676993332803249,0.006674141623079777,0.006676726043224335,0.006676726043224335,0
2023-10-19 22:00:00+01:00,0.006676726043224335,0.006680160295218229,0.0066759237088263035,0.006677528843283653,0.006677528843283653,0
2023-10-19 23:00:00+01:00,0.006677751429378986,0.006678019650280476,0.006673963740468025,0.006674453616142273,0.006674453616142273,0
2023-10-20 00:00:00+01:00,0.006674898788332939,0.006677707191556692,0.006673874333500862,0.006675567477941513,0.006675567477941513,0
2023-10-20 01:00:00+01:00,0.006675567477941513,0.006676057819277048,0.006672894582152367,0.00667347339913249,0.00667347339913249,0
2023-10-20 02:00:00+01:00,0.006673607509583235,0.0066736964508891106,0.006669290363788605,0.006672449875622988,0.006672449875622988,0
2023-10-20 03:00:00+01:00,0.006672627758234739,0.006674765609204769,0.006671825889497995,0.006673607509583235,0.006673607509583235,0
2023-10-20 04:00:00+01:00,0.006673518568277359,0.006675032898783684,0.006673339754343033,0.006673607509583235,0.006673607509583235,0
2023-10-20 05:00:00+01:00,0.00667347339913249,0.006673874333500862,0.006672048941254616,0.006673028692603111,0.006673028692603111,0
2023-10-20 06:00:00+01:00,0.006673072464764118,0.006673740688711405,0.0066713811829686165,0.006673428695648909,0.006673428695648909,0
2023-10-20 07:00:00+01:00,0.006673339754343033,0.0066740973852574825,0.006668800953775644,0.006671470124274492,0.006671470124274492,0
2023-10-20 08:00:00+01:00,0.006671336479485035,0.006672894582152367,0.006667555775493383,0.006668133661150932,0.006668133661150932,0
2023-10-20 09:00:00+01:00,0.006668311543762684,0.00668274937197566,0.0066669778898358345,0.0066691115498542786,0.0066691115498542786,0
2023-10-20 10:00:00+01:00,0.006669022608548403,0.0066719152964651585,0.0066679115407168865,0.0066696456633508205,0.0066696456633508205,0
2023-10-20 11:00:00+01:00,0.006669467780739069,0.006671158596873283,0.006668933667242527,0.006669467780739069,0.006669467780739069,0
2023-10-20 12:00:00+01:00,0.006669600959867239,0.0066707138903439045,0.006668489426374435,0.0066693793050944805,0.0066693793050944805,0
2023-10-20 13:00:00+01:00,0.006669290363788605,0.006670401897281408,0.006667155772447586,0.006668311543762684,0.006668311543762684,0
2023-10-20 14:00:00+01:00,0.006668266840279102,0.006673339754343033,0.006667644716799259,0.006670268252491951,0.006670268252491951,0
2023-10-20 15:00:00+01:00,0.006670268252491951,0.006673161871731281,0.006669290363788605,0.006671336479485035,0.006671336479485035,0
2023-10-20 16:00:00+01:00,0.006671247538179159,0.0066759237088263035,0.006671203300356865,0.006673518568277359,0.006673518568277359,0
2023-10-20 17:00:00+01:00,0.006673384457826614,0.006675210781395435,0.006671871058642864,0.00667347339913249,0.00667347339913249,0
2023-10-20 18:00:00+01:00,0.006673428695648909,0.006676815450191498,0.006672182120382786,0.006673918571323156,0.006673918571323156,0
2023-10-20 19:00:00+01:00,0.006673918571323156,0.006674364674836397,0.0066717821173369884,0.006673161871731281,0.006673161871731281,0
2023-10-20 20:00:00+01:00,0.006673250813037157,0.006674141623079777,0.006671648006886244,0.006672894582152367,0.006672894582152367,0
2023-10-20 21:00:00+01:00,0.006672805640846491,0.006675879471004009,0.006672360468655825,0.006675433833152056,0.006675433833152056,0
2023-10-23 00:00:00+01:00,0.006672983523458242,0.006673562806099653,0.0066713811829686165,0.00667173694819212,0.00667173694819212,0
2023-10-23 01:00:00+01:00,0.006671825889497995,0.006676726043224335,0.006671693176031113,0.006673072464764118,0.006673072464764118,0
2023-10-23 02:00:00+01:00,0.006673072464764118,0.0066736964508891106,0.006671825889497995,0.006672182120382786,0.006672182120382786,0
2023-10-23 03:00:00+01:00,0.0066721378825604916,0.006673117633908987,0.006670135073363781,0.006670357193797827,0.006670357193797827,0
2023-10-23 04:00:00+01:00,0.006670268252491951,0.006671292241662741,0.006669245194643736,0.006669467780739069,0.006669467780739069,0
2023-10-23 05:00:00+01:00,0.006669556722044945,0.006670268252491951,0.006669290363788605,0.0066696456633508205,0.0066696456633508205,0
2023-10-23 06:00:00+01:00,0.006669512018561363,0.0066703129559755325,0.006668311543762684,0.006669734604656696,0.006669734604656696,0
2023-10-23 07:00:00+01:00,0.006669734604656696,0.006671114359050989,0.00666915625333786,0.006669779773801565,0.006669779773801565,0
2023-10-23 08:00:00+01:00,0.006670179311186075,0.006672004237771034,0.006668800953775644,0.006671114359050989,0.006671114359050989,0
2023-10-23 09:00:00+01:00,0.006671203300356865,0.006672805640846491,0.006669245194643736,0.0066694230772554874,0.0066694230772554874,0
2023-10-23 10:00:00+01:00,0.006669467780739069,0.006670490838587284,0.00666733318939805,0.006667600013315678,0.006667600013315678,0
2023-10-23 11:00:00+01:00,0.006667644716799259,0.006672850344330072,0.0066671110689640045,0.006668045185506344,0.006668045185506344,0
2023-10-23 12:00:00+01:00,0.0066681778989732265,0.006671247538179159,0.006667822599411011,0.006670179311186075,0.006670179311186075,0
2023-10-23 13:00:00+01:00,0.006669912487268448,0.0066725388169288635,0.006668355781584978,0.0066693793050944805,0.0066693793050944805,0
2023-10-23 14:00:00+01:00,0.0066694230772554874,0.006671292241662741,0.006668800953775644,0.006669067777693272,0.006669067777693272,0
2023-10-23 15:00:00+01:00,0.006669201422482729,0.006673562806099653,0.006668933667242527,0.006672894582152367,0.006672894582152367,0
2023-10-23 16:00:00+01:00,0.006672894582152367,0.0066786883398890495,0.006672493647783995,0.006676013581454754,0.006676013581454754,0
2023-10-23 17:00:00+01:00,0.006676057819277048,0.006681365892291069,0.006674898788332939,0.006681142374873161,0.006681142374873161,0
2023-10-23 18:00:00+01:00,0.006681052967905998,0.006682705134153366,0.0066786883398890495,0.006680070888251066,0.006680070888251066,0
2023-10-23 19:00:00+01:00,0.006680070888251066,0.0066865477710962296,0.006678821984678507,0.006686413660645485,0.006686413660645485,0
2023-10-23 20:00:00+01:00,0.006686145439743996,0.006686861161142588,0.006682437378913164,0.006682615727186203,0.006682615727186203,0
2023-10-23 21:00:00+01:00,0.0066825710237026215,0.006683464162051678,0.006679090205579996,0.006679759360849857,0.006679759360849857,0
2023-10-23 22:00:00+01:00,0.0066797141917049885,0.006684580817818642,0.006679625250399113,0.006680205464363098,0.006680205464363098,0
2023-10-23 23:00:00+01:00,0.006680205464363098,0.006682883948087692,0.006679401732981205,0.006681008730083704,0.006681008730083704,0
2023-10-24 00:00:00+01:00,0.006680740509182215,0.0066816783510148525,0.00667610252276063,0.006676815450191498,0.006676815450191498,0
2023-10-24 01:00:00+01:00,0.006676771212369204,0.006681901402771473,0.006676146760582924,0.006681187078356743,0.006681187078356743,0
2023-10-24 02:00:00+01:00,0.006681052967905998,0.006685743108391762,0.006680026650428772,0.0066841342486441135,0.0066841342486441135,0
2023-10-24 03:00:00+01:00,0.0066843582317233086,0.006689276546239853,0.0066823032684624195,0.006685296539217234,0.006685296539217234,0
2023-10-24 04:00:00+01:00,0.0066853854805231094,0.0066882469691336155,0.006683285813778639,0.006684223655611277,0.006684223655611277,0
2023-10-24 05:00:00+01:00,0.006684223655611277,0.0066843582317233086,0.006681499071419239,0.006682213861495256,0.006682213861495256,0
2023-10-24 06:00:00+01:00,0.006682347971946001,0.006684090010821819,0.006677796132862568,0.006680740509182215,0.006680740509182215,0
2023-10-24 07:00:00+01:00,0.006680740509182215,0.006693440489470959,0.006680160295218229,0.00669057434424758,0.00669057434424758,0
2023-10-24 08:00:00+01:00,0.006690663751214743,0.006697116419672966,0.00668941019102931,0.006689724046736956,0.006689724046736956,0
2023-10-24 09:00:00+01:00,0.006689500063657761,0.00669671269133687,0.0066865477710962296,0.006688202731311321,0.006688202731311321,0
2023-10-24 10:00:00+01:00,0.006688202731311321,0.006688381545245647,0.00667998194694519,0.006682392209768295,0.006682392209768295,0
2023-10-24 11:00:00+01:00,0.006682615727186203,0.006683553569018841,0.006675612181425095,0.006676057819277048,0.006676057819277048,0
2023-10-24 12:00:00+01:00,0.006676013581454754,0.006679223384708166,0.006673607509583235,0.0066775730811059475,0.0066775730811059475,0
2023-10-24 13:00:00+01:00,0.006677528843283653,0.006677796132862568,0.006674275733530521,0.006675656419247389,0.006675656419247389,0
2023-10-24 14:00:00+01:00,0.006675389129668474,0.006675968412309885,0.006669823545962572,0.006673384457826614,0.006673384457826614,0
2023-10-24 15:00:00+01:00,0.006673384457826614,0.00667583430185914,0.006671470124274492,0.006672449875622988,0.006672449875622988,0
2023-10-24 16:00:00+01:00,0.006672404706478119,0.0066740079782903194,0.006670135073363781,0.006673829630017281,0.006673829630017281,0
2023-10-24 17:00:00+01:00,0.006673740688711405,0.006678108591586351,0.006673562806099653,0.006675879471004009,0.006675879471004009,0
2023-10-24 18:00:00+01:00,0.006675879471004009,0.006677841302007437,0.006672315765172243,0.006672627758234739,0.006672627758234739,0
2023-10-24 19:00:00+01:00,0.0066726719960570335,0.006672850344330072,0.0066707138903439045,0.006671025417745113,0.006671025417745113,0
2023-10-24 20:00:00+01:00,0.006670980714261532,0.006672760937362909,0.00667057977989316,0.0066715143620967865,0.0066715143620967865,0
2023-10-24 21:00:00+01:00,0.006671559065580368,0.006672939285635948,0.006670268252491951,0.0066715143620967865,0.0066715143620967865,0
2023-10-24 22:00:00+01:00,0.006671203300356865,0.00667610252276063,0.006670490838587284,0.006673651747405529,0.006673651747405529,0
2023-10-24 23:00:00+01:00,0.006673740688711405,0.006674542557448149,0.006672315765172243,0.006673072464764118,0.006673072464764118,0
2023-10-25 00:00:00+01:00,0.006673072464764118,0.00667347339913249,0.006672271527349949,0.006673117633908987,0.006673117633908987,0
2023-10-25 01:00:00+01:00,0.006673250813037157,0.006674453616142273,0.006670001428574324,0.006672004237771034,0.006672004237771034,0
2023-10-25 02:00:00+01:00,0.006671825889497995,0.006674497853964567,0.006671559065580368,0.006673028692603111,0.006673028692603111,0
2023-10-25 03:00:00+01:00,0.006673161871731281,0.00667610252276063,0.006672894582152367,0.006675656419247389,0.006675656419247389,0
2023-10-25 04:00:00+01:00,0.00667547807097435,0.0066757905296981335,0.006673339754343033,0.0066736964508891106,0.0066736964508891106,0
2023-10-25 05:00:00+01:00,0.00667347339913249,0.0066740079782903194,0.0066726719960570335,0.006673607509583235,0.006673607509583235,0
2023-10-25 06:00:00+01:00,0.006673651747405529,0.006674854550510645,0.006672627758234739,0.006673117633908987,0.006673117633908987,0
2023-10-25 07:00:00+01:00,0.006673250813037157,0.006674765609204769,0.0066713811829686165,0.006671693176031113,0.006671693176031113,0
2023-10-25 08:00:00+01:00,0.006671603303402662,0.006672449875622988,0.006670490838587284,0.006671069655567408,0.006671069655567408,0
2023-10-25 09:00:00+01:00,0.006671114359050989,0.006672805640846491,0.006670046132057905,0.006670935545116663,0.006670935545116663,0
2023-10-25 10:00:00+01:00,0.006670490838587284,0.006671470124274492,0.0066691115498542786,0.006669556722044945,0.006669556722044945,0
2023-10-25 11:00:00+01:00,0.006669600959867239,0.006671203300356865,0.00666915625333786,0.006669868249446154,0.006669868249446154,0
2023-10-25 12:00:00+01:00,0.006670046132057905,0.006671114359050989,0.0066694230772554874,0.006669868249446154,0.006669868249446154,0
2023-10-25 13:00:00+01:00,0.006669868249446154,0.006671158596873283,0.006669334135949612,0.006670268252491951,0.006670268252491951,0
2023-10-25 14:00:00+01:00,0.006670268252491951,0.006672271527349949,0.006669201422482729,0.006671425420790911,0.006671425420790911,0
2023-10-25 15:00:00+01:00,0.006671425420790911,0.006671648006886244,0.00666915625333786,0.006669957190752029,0.006669957190752029,0
2023-10-25 16:00:00+01:00,0.006670090369880199,0.006671025417745113,0.006668222602456808,0.006669512018561363,0.006669512018561363,0
2023-10-25 17:00:00+01:00,0.006669556722044945,0.006669912487268448,0.006667644716799259,0.006668045185506344,0.006668045185506344,0
2023-10-25 18:00:00+01:00,0.006668222602456808,0.006672805640846491,0.006664578337222338,0.006667378358542919,0.006667378358542919,0
2023-10-25 19:00:00+01:00,0.006667199544608593,0.006668266840279102,0.006665111519396305,0.006666266359388828,0.006666266359388828,0
2023-10-25 20:00:00+01:00,0.00666617788374424,0.006667022127658129,0.006664134096354246,0.006664312444627285,0.006664312444627285,0
2023-10-25 21:00:00+01:00,0.006664445158094168,0.006664622575044632,0.006652696058154106,0.006657168734818697,0.006657168734818697,0
2023-10-25 22:00:00+01:00,0.00665770098567009,0.006665288936346769,0.00665770098567009,0.006660583429038525,0.006660583429038525,0
2023-10-25 23:00:00+01:00,0.006659651640802622,0.006664223503321409,0.006658321246504784,0.006658853963017464,0.006658853963017464,0
2023-10-26 00:00:00+01:00,0.006658765021711588,0.006663467735052109,0.006658232770860195,0.0066625806502997875,0.0066625806502997875,0
2023-10-26 01:00:00+01:00,0.0066625806502997875,0.006665067281574011,0.006656592711806297,0.006657612510025501,0.006657612510025501,0
2023-10-26 02:00:00+01:00,0.006657833699136972,0.006659163627773523,0.006652342155575752,0.006654998287558556,0.006654998287558556,0
2023-10-26 03:00:00+01:00,0.006655042991042137,0.006655795965343714,0.006647300906479359,0.006647699046880007,0.006647699046880007,0
2023-10-26 04:00:00+01:00,0.006647654343396425,0.006649421993643045,0.006645445246249437,0.0066481404937803745,0.0066481404937803745,0
2023-10-26 05:00:00+01:00,0.00664809625595808,0.006650086026638746,0.006647389382123947,0.006647699046880007,0.006647699046880007,0
2023-10-26 06:00:00+01:00,0.006647654343396425,0.006648848298937082,0.006644694600254297,0.006644959561526775,0.006644959561526775,0
2023-10-26 07:00:00+01:00,0.00664500379934907,0.0066742305643856525,0.006632267497479916,0.0066470797173678875,0.0066470797173678875,0
2023-10-26 08:00:00+01:00,0.0066472128964960575,0.006648670881986618,0.006639092229306698,0.0066457102075219154,0.0066457102075219154,0
2023-10-26 09:00:00+01:00,0.006645754911005497,0.006652651820331812,0.006645533721894026,0.006648848298937082,0.006648848298937082,0
2023-10-26 10:00:00+01:00,0.006648848298937082,0.0066551752388477325,0.006648538634181023,0.0066525633446872234,0.0066525633446872234,0
2023-10-26 11:00:00+01:00,0.006652474403381348,0.006657922174781561,0.006652342155575752,0.006654776632785797,0.006654776632785797,0
2023-10-26 12:00:00+01:00,0.006654821336269379,0.006654953584074974,0.006646903231739998,0.006647610571235418,0.006647610571235418,0
2023-10-26 13:00:00+01:00,0.006647654343396425,0.006659296806901693,0.006643503438681364,0.0066581000573933125,0.0066581000573933125,0
2023-10-26 14:00:00+01:00,0.006658321246504784,0.00666311290115118,0.0066544669680297375,0.0066556185483932495,0.0066556185483932495,0
2023-10-26 15:00:00+01:00,0.006655573844909668,0.006656194571405649,0.006646682042628527,0.006651678122580051,0.006651678122580051,0
2023-10-26 16:00:00+01:00,0.006651501636952162,0.006653625052422285,0.0066444301046431065,0.0066470797173678875,0.0066470797173678875,0
2023-10-26 17:00:00+01:00,0.006646947003901005,0.00665159011259675,0.006646329071372747,0.006648052018135786,0.006648052018135786,0
2023-10-26 18:00:00+01:00,0.0066483174450695515,0.00665641576051712,0.0066475216299295425,0.006648892071098089,0.006648892071098089,0
2023-10-26 19:00:00+01:00,0.00664898008108139,0.006651014555245638,0.006647742819041014,0.006650395225733519,0.006650395225733519,0
2023-10-26 20:00:00+01:00,0.006650527939200401,0.006652120500802994,0.00664809625595808,0.006649421993643045,0.006649421993643045,0
2023-10-26 21:00:00+01:00,0.006649201735854149,0.006651678122580051,0.0066472128964960575,0.006651191506534815,0.006651191506534815,0
2023-10-26 22:00:00+01:00,0.006651147268712521,0.006652519106864929,0.006648626644164324,0.006650351453572512,0.006650351453572512,0
2023-10-26 23:00:00+01:00,0.006650527939200401,0.006651235278695822,0.00664911326020956,0.006650704890489578,0.006650704890489578,0
2023-10-27 00:00:00+01:00,0.006650527939200401,0.006653979886323214,0.00664959941059351,0.006650661118328571,0.006650661118328571,0
2023-10-27 01:00:00+01:00,0.006650704890489578,0.006654378492385149,0.006648450158536434,0.006650262977927923,0.006650262977927923,0
2023-10-27 02:00:00+01:00,0.006650086026638746,0.006655662786215544,0.006649333983659744,0.006654511205852032,0.006654511205852032,0
2023-10-27 03:00:00+01:00,0.006654511205852032,0.006659563165158033,0.006652917247265577,0.006659163627773523,0.006659163627773523,0
2023-10-27 04:00:00+01:00,0.006659252569079399,0.006660538725554943,0.006656283047050238,0.006657346151769161,0.006657346151769161,0
2023-10-27 05:00:00+01:00,0.006657168734818697,0.006659385748207569,0.0066556185483932495,0.006659296806901693,0.006659296806901693,0
2023-10-27 06:00:00+01:00,0.006659030914306641,0.006663157604634762,0.006656859070062637,0.00666231382638216,0.00666231382638216,0
2023-10-27 07:00:00+01:00,0.00666244700551033,0.006663335021585226,0.006654378492385149,0.006658543366938829,0.006658543366938829,0
2023-10-27 08:00:00+01:00,0.006658631842583418,0.006661958526819944,0.006656194571405649,0.006659962236881256,0.006659962236881256,0
2023-10-27 09:00:00+01:00,0.006659696344286203,0.006663912441581488,0.0066586765460669994,0.006663335021585226,0.006663335021585226,0
2023-10-27 10:00:00+01:00,0.0066632903181016445,0.0066681778989732265,0.0066625806502997875,0.006666266359388828,0.006666266359388828,0
2023-10-27 11:00:00+01:00,0.006666088942438364,0.006667555775493383,0.0066629801876842976,0.00666337925940752,0.00666337925940752,0
2023-10-27 12:00:00+01:00,0.00666337925940752,0.006664267275482416,0.006660361774265766,0.0066629801876842976,0.0066629801876842976,0
2023-10-27 13:00:00+01:00,0.0066629801876842976,0.00667913444340229,0.006662935484200716,0.006672404706478119,0.006672404706478119,0
2023-10-27 14:00:00+01:00,0.006672360468655825,0.006684179417788982,0.006671069655567408,0.006680116057395935,0.006680116057395935,0
2023-10-27 15:00:00+01:00,0.006680339574813843,0.0066854748874902725,0.006675656419247389,0.006683642975986004,0.006683642975986004,0
2023-10-27 16:00:00+01:00,0.006683688145130873,0.006686950568109751,0.006681767757982016,0.006684090010821819,0.006684090010821819,0
2023-10-27 17:00:00+01:00,0.0066842688247561455,0.006685028318315744,0.006680070888251066,0.006683375220745802,0.006683375220745802,0
2023-10-27 18:00:00+01:00,0.006683330051600933,0.006688828580081463,0.006682615727186203,0.006688202731311321,0.006688202731311321,0
2023-10-27 19:00:00+01:00,0.006688068155199289,0.0066909329034388065,0.006687755696475506,0.006688516121357679,0.006688516121357679,0
2023-10-27 20:00:00+01:00,0.006688560359179974,0.006689365953207016,0.006685430649667978,0.006686413660645485,0.006686413660645485,0
2023-10-27 21:00:00+01:00,0.006686413660645485,0.0066886055283248425,0.006678242236375809,0.006684536579996347,0.006684536579996347,0
2023-10-30 00:00:00+00:00,0.006678599398583174,0.0066809640266001225,0.006674943957477808,0.006675567477941513,0.006675567477941513,0
2023-10-30 01:00:00+00:00,0.006675523240119219,0.006680517923086882,0.00667525501921773,0.006678866688162088,0.006678866688162088,0
2023-10-30 02:00:00+00:00,0.006678821984678507,0.0066837770864367485,0.0066774399019777775,0.006682615727186203,0.006682615727186203,0
2023-10-30 03:00:00+00:00,0.006682437378913164,0.006686280015856028,0.006682437378913164,0.0066853854805231094,0.0066853854805231094,0
2023-10-30 04:00:00+00:00,0.006685520056635141,0.006687755696475506,0.00668431306257844,0.0066865477710962296,0.0066865477710962296,0
2023-10-30 05:00:00+00:00,0.006686413660645485,0.006686503533273935,0.006682347971946001,0.006682615727186203,0.006682615727186203,0
2023-10-30 06:00:00+00:00,0.006682615727186203,0.006693081930279732,0.006681544240564108,0.006691604387015104,0.006691604387015104,0
2023-10-30 07:00:00+00:00,0.0066915592178702354,0.0066988212056458,0.006684715393930674,0.006687889341264963,0.006687889341264963,0
2023-10-30 08:00:00+00:00,0.006688157562166452,0.00669021625071764,0.00668274937197566,0.0066854748874902725,0.0066854748874902725,0
2023-10-30 09:00:00+00:00,0.006685430649667978,0.006686503533273935,0.006680517923086882,0.006683062296360731,0.006683062296360731,0
2023-10-30 10:00:00+00:00,0.006683151703327894,0.0066842688247561455,0.006680383812636137,0.006680651102215052,0.006680651102215052,0
2023-10-30 11:00:00+00:00,0.006680740509182215,0.006680874619632959,0.0066764140501618385,0.006677885539829731,0.006677885539829731,0
2023-10-30 12:00:00+00:00,0.006677751429378986,0.00667806388810277,0.006673161871731281,0.0066774399019777775,0.0066774399019777775,0
2023-10-30 13:00:00+00:00,0.006677305791527033,0.006680383812636137,0.006675523240119219,0.0066774399019777775,0.0066774399019777775,0
2023-10-30 14:00:00+00:00,0.006677305791527033,0.006709517911076546,0.0066770827397704124,0.006707537919282913,0.006707537919282913,0
2023-10-30 15:00:00+00:00,0.006707582622766495,0.006720429752022028,0.006706458516418934,0.006710959132760763,0.006710959132760763,0
2023-10-30 16:00:00+00:00,0.006711049471050501,0.006713392212986946,0.006703625898808241,0.006710869260132313,0.006710869260132313,0
2023-10-30 17:00:00+00:00,0.006710778456181288,0.006713166367262602,0.006707582622766495,0.006709652952849865,0.006709652952849865,0
2023-10-30 18:00:00+00:00,0.006709652952849865,0.006713121198117733,0.006708752829581499,0.00671140942722559,0.00671140942722559,0
2023-10-30 19:00:00+00:00,0.006711589638143778,0.006713662296533585,0.006706413812935352,0.006708572618663311,0.006708572618663311,0
2023-10-30 20:00:00+00:00,0.006708482746034861,0.0067099230363965034,0.006706278305500746,0.006707627791911364,0.006707627791911364,0
2023-10-30 21:00:00+00:00,0.006709157954901457,0.006710688583552837,0.006706773303449154,0.006709292996674776,0.006709292996674776,0
2023-10-30 22:00:00+00:00,0.006709247827529907,0.006711544934660196,0.006705604027956724,0.006706053391098976,0.006706053391098976,0
2023-10-30 23:00:00+00:00,0.006706053391098976,0.0067079877480864525,0.0067041656002402306,0.006707223132252693,0.006707223132252693,0
2023-10-31 00:00:00+00:00,0.006707088556140661,0.006707448046654463,0.006691155955195427,0.006692947819828987,0.006692947819828987,0
2023-10-31 01:00:00+00:00,0.006692902650684118,0.006695053540170193,0.006687531713396311,0.006691111717373133,0.006691111717373133,0
2023-10-31 02:00:00+00:00,0.006691066548228264,0.006693171337246895,0.006686369422823191,0.0066917832009494305,0.0066917832009494305,0
2023-10-31 03:00:00+00:00,0.006691469810903072,0.006697206292301416,0.006662003230303526,0.006671425420790911,0.006671425420790911,0
2023-10-31 04:00:00+00:00,0.006671336479485035,0.006673206575214863,0.006658587139099836,0.006660405546426773,0.006660405546426773,0
2023-10-31 05:00:00+00:00,0.006660405546426773,0.006662669125944376,0.006656061392277479,0.00665654893964529,0.00665654893964529,0
2023-10-31 06:00:00+00:00,0.0066567701287567616,0.006660716142505407,0.006652696058154106,0.006657656282186508,0.006657656282186508,0
2023-10-31 07:00:00+00:00,0.006657745223492384,0.006663735024631023,0.006653005722910166,0.006654422264546156,0.006654422264546156,0
2023-10-31 08:00:00+00:00,0.006654245313256979,0.006656592711806297,0.006646991707384586,0.006648715119808912,0.006648715119808912,0
2023-10-31 09:00:00+00:00,0.006648848298937082,0.006663867738097906,0.006634731311351061,0.006636404432356358,0.006636404432356358,0
2023-10-31 10:00:00+00:00,0.006636624690145254,0.006642311345785856,0.006633190903812647,0.006636404432356358,0.006636404432356358,0
2023-10-31 11:00:00+00:00,0.006636669393628836,0.006638651713728905,0.0066323550418019295,0.006634291727095842,0.006634291727095842,0
2023-10-31 12:00:00+00:00,0.00663411570712924,0.006638695485889912,0.006624754052609205,0.0066255442798137665,0.0066255442798137665,0
2023-10-31 13:00:00+00:00,0.006625676061958075,0.0066305967047810555,0.006622954737395048,0.006623218767344952,0.006623218767344952,0
2023-10-31 14:00:00+00:00,0.006623393855988979,0.006628223229199648,0.006608031690120697,0.006611351389437914,0.006611351389437914,0
2023-10-31 15:00:00+00:00,0.006611395627260208,0.006613669451326132,0.006598177365958691,0.006602534092962742,0.006602534092962742,0
2023-10-31 16:00:00+00:00,0.006602664943784475,0.006608162075281143,0.006591784302145243,0.006592044606804848,0.006592044606804848,0
2023-10-31 17:00:00+00:00,0.006591870915144682,0.0066208066418766975,0.006591610610485077,0.006600267719477415,0.006600267719477415,0
2023-10-31 18:00:00+00:00,0.006600399035960436,0.006602708250284195,0.006595740094780922,0.00659687165170908,0.00659687165170908,0
2023-10-31 19:00:00+00:00,0.00659687165170908,0.006600441876798868,0.006596262566745281,0.006597524508833885,0.006597524508833885,0
2023-10-31 20:00:00+00:00,0.0065972632728517056,0.006598569452762604,0.006590784527361393,0.006593869999051094,0.006593869999051094,0
2023-10-31 21:00:00+00:00,0.006595783866941929,0.006597699131816626,0.006592566147446632,0.006595131475478411,0.006595131475478411,0
2023-10-31 22:00:00+00:00,0.006595610175281763,0.006607201416045427,0.006594435311853886,0.006605020258575678,0.006605020258575678,0
2023-10-31 23:00:00+00:00,0.0066052814945578575,0.006615900434553623,0.006601574830710888,0.006609647069126368,0.006609647069126368,0
2023-11-01 00:00:00+00:00,0.006608642637729645,0.0066124447621405125,0.006603100802749395,0.006606590934097767,0.006606590934097767,0
2023-11-01 01:00:00+00:00,0.006606590934097767,0.006611657794564962,0.006603580433875322,0.00660781329497695,0.00660781329497695,0
2023-11-01 02:00:00+00:00,0.006607900373637676,0.006615594029426575,0.006607288960367441,0.006612925790250301,0.006612925790250301,0
2023-11-01 03:00:00+00:00,0.006612925790250301,0.006616469472646713,0.006611308082938194,0.006611963734030724,0.006611963734030724,0
2023-11-01 04:00:00+00:00,0.006612007040530443,0.0066132317297160625,0.006608031690120697,0.006608555559068918,0.006608555559068918,0
2023-11-01 05:00:00+00:00,0.006608468014746904,0.006609822623431683,0.0066063725389540195,0.006608904805034399,0.006608904805034399,0
2023-11-01 06:00:00+00:00,0.0066090794280171394,0.006612094584852457,0.006608817260712385,0.006611438933759928,0.006611438933759928,0
2023-11-01 07:00:00+00:00,0.006611614488065243,0.006613844074308872,0.006605150643736124,0.0066061546094715595,0.0066061546094715595,0
2023-11-01 08:00:00+00:00,0.006606241688132286,0.006613494362682104,0.006605979520827532,0.006612925790250301,0.006612925790250301,0
2023-11-01 09:00:00+00:00,0.006612925790250301,0.006613450590521097,0.006609603762626648,0.006613013334572315,0.006613013334572315,0
2023-11-01 10:00:00+00:00,0.006612925790250301,0.006616644561290741,0.006611963734030724,0.006614062935113907,0.006614062935113907,0
2023-11-01 11:00:00+00:00,0.0066140191629529,0.006616119761019945,0.00661187618970871,0.006612313445657492,0.006612313445657492,0
2023-11-01 12:00:00+00:00,0.0066124009899795055,0.006619053892791271,0.00661187618970871,0.0066146752797067165,0.0066146752797067165,0
2023-11-01 13:00:00+00:00,0.006614631973206997,0.006616382393985987,0.006605979520827532,0.00661108922213316,0.00661108922213316,0
2023-11-01 14:00:00+00:00,0.00661108922213316,0.006630816031247377,0.00661104591563344,0.006620324216783047,0.006620324216783047,0
2023-11-01 15:00:00+00:00,0.006620193365961313,0.006624271161854267,0.006615769118070602,0.006624183151870966,0.006624183151870966,0
2023-11-01 16:00:00+00:00,0.0066240523010492325,0.006624841596931219,0.006617038976401091,0.006619404070079327,0.006619404070079327,0
2023-11-01 17:00:00+00:00,0.0066194916144013405,0.006620499305427074,0.006614631973206997,0.006619097199290991,0.006619097199290991,0
2023-11-01 18:00:00+00:00,0.0066186594776809216,0.006628837902098894,0.006612051278352737,0.006622954737395048,0.006622954737395048,0
2023-11-01 19:00:00+00:00,0.00662277964875102,0.006637549959123135,0.006621771026402712,0.006628354545682669,0.006628354545682669,0
2023-11-01 20:00:00+00:00,0.006628486793488264,0.00662910146638751,0.006623964291065931,0.006624929141253233,0.006624929141253233,0
2023-11-01 21:00:00+00:00,0.006625500041991472,0.006629937328398228,0.006624490488320589,0.006626773625612259,0.006626773625612259,0
2023-11-01 22:00:00+00:00,0.006626861169934273,0.006639929488301277,0.006625412032008171,0.006637637969106436,0.006637637969106436,0
2023-11-01 23:00:00+00:00,0.006637725979089737,0.0066412086598575115,0.0066362726502120495,0.006640679202973843,0.006640679202973843,0
2023-11-02 00:00:00+00:00,0.00664112064987421,0.006652165204286575,0.006640150211751461,0.00665159011259675,0.00665159011259675,0
2023-11-02 01:00:00+00:00,0.006651368457823992,0.006655042991042137,0.006648052018135786,0.006653271149843931,0.006653271149843931,0
2023-11-02 02:00:00+00:00,0.0066529614850878716,0.006660184357315302,0.006651988252997398,0.006654511205852032,0.006654511205852032,0
2023-11-02 03:00:00+00:00,0.006654953584074974,0.00665654893964529,0.006648848298937082,0.006651279982179403,0.006651279982179403,0
2023-11-02 04:00:00+00:00,0.006651235278695822,0.0066525633446872234,0.0066457102075219154,0.006647477857768536,0.006647477857768536,0
2023-11-02 05:00:00+00:00,0.006646947003901005,0.006649864837527275,0.006645445246249437,0.006646196357905865,0.006646196357905865,0
2023-11-02 06:00:00+00:00,0.006646240595728159,0.006651147268712521,0.006645533721894026,0.006649421993643045,0.006649421993643045,0
2023-11-02 07:00:00+00:00,0.0066495114006102085,0.006659385748207569,0.006640987936407328,0.006649687886238098,0.006649687886238098,0
2023-11-02 08:00:00+00:00,0.006649687886238098,0.006651147268712521,0.006641076412051916,0.006648892071098089,0.006648892071098089,0
2023-11-02 09:00:00+00:00,0.006648848298937082,0.006656814366579056,0.006647654343396425,0.006653581280261278,0.006653581280261278,0
2023-11-02 10:00:00+00:00,0.006653713993728161,0.006654201075434685,0.006648803595453501,0.006650704890489578,0.006650704890489578,0
2023-11-02 11:00:00+00:00,0.006650793366134167,0.006653802935034037,0.006649776361882687,0.006650661118328571,0.006650661118328571,0
2023-11-02 12:00:00+00:00,0.0066505721770226955,0.00666888989508152,0.006649068556725979,0.00666733318939805,0.00666733318939805,0
2023-11-02 13:00:00+00:00,0.00666733318939805,0.006673785392194986,0.006652253679931164,0.006656725890934467,0.006656725890934467,0
2023-11-02 14:00:00+00:00,0.006656814366579056,0.00665699178352952,0.0066483174450695515,0.006653935182839632,0.006653935182839632,0
2023-11-02 15:00:00+00:00,0.0066541568376123905,0.00665459968149662,0.006644783075898886,0.006645268760621548,0.006645268760621548,0
2023-11-02 16:00:00+00:00,0.006645224988460541,0.006647699046880007,0.006642575841397047,0.006643370725214481,0.006643370725214481,0
2023-11-02 17:00:00+00:00,0.006643194239586592,0.006650262977927923,0.006642797030508518,0.006648670881986618,0.006648670881986618,0
2023-11-02 18:00:00+00:00,0.006648758891969919,0.006650174502283335,0.006645445246249437,0.006648228969424963,0.006648228969424963,0
2023-11-02 19:00:00+00:00,0.006648228969424963,0.006649068556725979,0.006643547210842371,0.006646417081356049,0.006646417081356049,0
2023-11-02 20:00:00+00:00,0.006646505557000637,0.0066493782214820385,0.006643017753958702,0.006648670881986618,0.006648670881986618,0
2023-11-02 21:00:00+00:00,0.006649333983659744,0.0066495551727712154,0.006643591448664665,0.006647610571235418,0.006647610571235418,0
2023-11-02 22:00:00+00:00,0.006647699046880007,0.006648228969424963,0.006645048037171364,0.006645621731877327,0.006645621731877327,0
2023-11-02 23:00:00+00:00,0.006645754911005497,0.006646991707384586,0.006643767934292555,0.006644915789365768,0.006644915789365768,0
2023-11-03 00:00:00+00:00,0.00664482731372118,0.006652917247265577,0.00664465082809329,0.0066493782214820385,0.0066493782214820385,0
2023-11-03 01:00:00+00:00,0.006649245508015156,0.0066495114006102085,0.006646019406616688,0.006647300906479359,0.006647300906479359,0
2023-11-03 02:00:00+00:00,0.006647389382123947,0.006651413161307573,0.0066472128964960575,0.006650086026638746,0.006650086026638746,0
2023-11-03 03:00:00+00:00,0.006650086026638746,0.00665304996073246,0.006649643648415804,0.006651324685662985,0.006651324685662985,0
2023-11-03 04:00:00+00:00,0.006651279982179403,0.006654776632785797,0.006651279982179403,0.0066543337889015675,0.0066543337889015675,0
2023-11-03 05:00:00+00:00,0.0066543337889015675,0.006655928213149309,0.006651545409113169,0.0066553521901369095,0.0066553521901369095,0
2023-11-03 06:00:00+00:00,0.0066553521901369095,0.006655839737504721,0.006653182674199343,0.006653404328972101,0.006653404328972101,0
2023-11-03 07:00:00+00:00,0.006653315853327513,0.00665641576051712,0.00665145693346858,0.00665159011259675,0.00665159011259675,0
2023-11-03 08:00:00+00:00,0.006651545409113169,0.0066525633446872234,0.0066481404937803745,0.006649068556725979,0.006649068556725979,0
2023-11-03 09:00:00+00:00,0.0066489363089203835,0.0066544669680297375,0.006647787056863308,0.006653227377682924,0.006653227377682924,0
2023-11-03 10:00:00+00:00,0.006653271149843931,0.006657833699136972,0.006652607582509518,0.0066567701287567616,0.0066567701287567616,0
2023-11-03 11:00:00+00:00,0.006656859070062637,0.006660184357315302,0.006656681187450886,0.0066586765460669994,0.0066586765460669994,0
2023-11-03 12:00:00+00:00,0.006658720783889294,0.006698776036500931,0.006656681187450886,0.006693395785987377,0.006693395785987377,0
2023-11-03 13:00:00+00:00,0.00669348519295454,0.006702412851154804,0.006687621120363474,0.006694605574011803,0.006694605574011803,0
2023-11-03 14:00:00+00:00,0.006694560870528221,0.006703266408294439,0.006677528843283653,0.006689768750220537,0.006689768750220537,0
2023-11-03 15:00:00+00:00,0.006690037436783314,0.00669738557189703,0.0066882469691336155,0.00669496413320303,0.00669496413320303,0
2023-11-03 16:00:00+00:00,0.006694918964058161,0.0067003024742007256,0.00669102231040597,0.006696488242596388,0.006696488242596388,0
2023-11-03 17:00:00+00:00,0.006696623284369707,0.006700616329908371,0.006692588794976473,0.006695322692394257,0.006695322692394257,0
2023-11-03 18:00:00+00:00,0.00669550197198987,0.006698282435536385,0.006693977862596512,0.00669738557189703,0.00669738557189703,0
2023-11-03 19:00:00+00:00,0.0066975196823477745,0.006697609089314938,0.006690261419862509,0.006690440233796835,0.006690440233796835,0
2023-11-03 20:00:00+00:00,0.006690484471619129,0.0066972956992685795,0.006689992267638445,0.006696444004774094,0.006696444004774094,0
2023-11-06 00:00:00+00:00,0.006691245827823877,0.0066918726079165936,0.00668274937197566,0.006687710527330637,0.006687710527330637,0
2023-11-06 01:00:00+00:00,0.006687710527330637,0.006689052563160658,0.00668274937197566,0.006687442306429148,0.006687442306429148,0
2023-11-06 02:00:00+00:00,0.006687397602945566,0.006689231377094984,0.006681454833596945,0.006681454833596945,0.006681454833596945,0
2023-11-06 03:00:00+00:00,0.006681589409708977,0.006686101201921701,0.006681187078356743,0.006685653701424599,0.006685653701424599,0
2023-11-06 04:00:00+00:00,0.0066856094636023045,0.006689141970127821,0.00668181199580431,0.006686815991997719,0.006686815991997719,0
2023-11-06 05:00:00+00:00,0.006686994805932045,0.00669021625071764,0.006686056032776833,0.0066871740855276585,0.0066871740855276585,0
2023-11-06 06:00:00+00:00,0.006687084212899208,0.006690663751214743,0.006684536579996347,0.006686905398964882,0.006686905398964882,0
2023-11-06 07:00:00+00:00,0.006686950568109751,0.0066884709522128105,0.006678465288132429,0.006679000332951546,0.006679000332951546,0
2023-11-06 08:00:00+00:00,0.006678910925984383,0.006694695446640253,0.006678643636405468,0.00668941019102931,0.00668941019102931,0
2023-11-06 09:00:00+00:00,0.006689455360174179,0.006694157142192125,0.0066804285161197186,0.006681098137050867,0.006681098137050867,0
2023-11-06 10:00:00+00:00,0.006681142374873161,0.006684179417788982,0.006681098137050867,0.006682526785880327,0.006682526785880327,0
2023-11-06 11:00:00+00:00,0.006682705134153366,0.006686369422823191,0.0066820355132222176,0.006683553569018841,0.006683553569018841,0
2023-11-06 12:00:00+00:00,0.0066834199242293835,0.006684580817818642,0.006675523240119219,0.006676949094980955,0.006676949094980955,0
2023-11-06 13:00:00+00:00,0.006676726043224335,0.00667828693985939,0.006673874333500862,0.00667525501921773,0.00667525501921773,0
2023-11-06 14:00:00+00:00,0.0066751218400895596,0.006681008730083704,0.006674141623079777,0.006678509991616011,0.006678509991616011,0
2023-11-06 15:00:00+00:00,0.006678465288132429,0.006679625250399113,0.006675389129668474,0.006678732577711344,0.006678732577711344,0
2023-11-06 16:00:00+00:00,0.006678643636405468,0.006681098137050867,0.006674186326563358,0.006676637101918459,0.006676637101918459,0
2023-11-06 17:00:00+00:00,0.006676726043224335,0.006678465288132429,0.006672939285635948,0.006673384457826614,0.006673384457826614,0
2023-11-06 18:00:00+00:00,0.006673295516520739,0.006673963740468025,0.006671470124274492,0.006673518568277359,0.006673518568277359,0
2023-11-06 19:00:00+00:00,0.006673607509583235,0.006674675736576319,0.006667511072009802,0.006667822599411011,0.006667822599411011,0
2023-11-06 20:00:00+00:00,0.006667733658105135,0.006668578367680311,0.006666755303740501,0.006666844245046377,0.006666844245046377,0
2023-11-06 21:00:00+00:00,0.0066671110689640045,0.00666733318939805,0.006663068663328886,0.00666351243853569,0.00666351243853569,0
2023-11-06 22:00:00+00:00,0.006664134096354246,0.006671292241662741,0.006663467735052109,0.00666733318939805,0.00666733318939805,0
2023-11-06 23:00:00+00:00,0.006667378358542919,0.006669912487268448,0.006665599998086691,0.006667466834187508,0.006667466834187508,0
2023-11-07 00:00:00+00:00,0.00666733318939805,0.006668623071163893,0.006663867738097906,0.006665377877652645,0.006665377877652645,0
2023-11-07 01:00:00+00:00,0.006665377877652645,0.006665377877652645,0.006659873761236668,0.00666284654289484,0.00666284654289484,0
2023-11-07 02:00:00+00:00,0.006662935484200716,0.006663690321147442,0.006660716142505407,0.006662092171609402,0.006662092171609402,0
2023-11-07 03:00:00+00:00,0.00666204746812582,0.00666311290115118,0.006656725890934467,0.0066579668782651424,0.0066579668782651424,0
2023-11-07 04:00:00+00:00,0.006658144295215607,0.006658144295215607,0.0066541568376123905,0.006654776632785797,0.006654776632785797,0
2023-11-07 05:00:00+00:00,0.006654643919318914,0.006655396893620491,0.006652651820331812,0.006653979886323214,0.006653979886323214,0
2023-11-07 06:00:00+00:00,0.006654112134128809,0.006654776632785797,0.0066489363089203835,0.006649421993643045,0.006649421993643045,0
2023-11-07 07:00:00+00:00,0.00664959941059351,0.0066505721770226955,0.006644871085882187,0.006645224988460541,0.006645224988460541,0
2023-11-07 08:00:00+00:00,0.006645224988460541,0.006656016688793898,0.006644739303737879,0.006652253679931164,0.006652253679931164,0
2023-11-07 09:00:00+00:00,0.006652165204286575,0.006653891410678625,0.006647433154284954,0.006647654343396425,0.006647654343396425,0
2023-11-07 10:00:00+00:00,0.006647699046880007,0.006653713993728161,0.0066465940326452255,0.006651501636952162,0.006651501636952162,0
2023-11-07 11:00:00+00:00,0.006651545409113169,0.0066529614850878716,0.00664663827046752,0.006648670881986618,0.006648670881986618,0
2023-11-07 12:00:00+00:00,0.006648848298937082,0.006649908609688282,0.006640635430812836,0.006642311345785856,0.006642311345785856,0
2023-11-07 13:00:00+00:00,0.006642356049269438,0.006647035945206881,0.006638210732489824,0.0066412086598575115,0.0066412086598575115,0
2023-11-07 14:00:00+00:00,0.0066412086598575115,0.006642929278314114,0.006636096630245447,0.006640105973929167,0.006640105973929167,0
2023-11-07 15:00:00+00:00,0.006639974191784859,0.00664588762447238,0.006638166960328817,0.00664465082809329,0.00664465082809329,0
2023-11-07 16:00:00+00:00,0.00664465082809329,0.006646991707384586,0.006643105763942003,0.006645799148827791,0.006645799148827791,0
2023-11-07 17:00:00+00:00,0.006645754911005497,0.00664588762447238,0.0066392249427735806,0.00664253206923604,0.00664253206923604,0
2023-11-07 18:00:00+00:00,0.006642487831413746,0.006651368457823992,0.006641826126724482,0.006651235278695822,0.006651235278695822,0
2023-11-07 19:00:00+00:00,0.006651147268712521,0.006652828771620989,0.006646858528256416,0.0066472128964960575,0.0066472128964960575,0
2023-11-07 20:00:00+00:00,0.006647124420851469,0.006649024784564972,0.006645489949733019,0.006647035945206881,0.006647035945206881,0
2023-11-07 21:00:00+00:00,0.006647035945206881,0.006653094198554754,0.006646505557000637,0.006651235278695822,0.006651235278695822,0
2023-11-07 22:00:00+00:00,0.00665304996073246,0.006653536576777697,0.00664928974583745,0.006651988252997398,0.006651988252997398,0
2023-11-07 23:00:00+00:00,0.00665176659822464,0.006652651820331812,0.006649245508015156,0.006649333983659744,0.006649333983659744,0
2023-11-08 00:00:00+00:00,0.00664911326020956,0.006651413161307573,0.006639400962740183,0.006641914136707783,0.006641914136707783,0
2023-11-08 01:00:00+00:00,0.006642002612352371,0.006646329071372747,0.0066402386873960495,0.006642444059252739,0.006642444059252739,0
2023-11-08 02:00:00+00:00,0.006642399355769157,0.006647875532507896,0.006642311345785856,0.00664500379934907,0.00664500379934907,0
2023-11-08 03:00:00+00:00,0.00664513697847724,0.006647433154284954,0.006643635220825672,0.006644871085882187,0.006644871085882187,0
2023-11-08 04:00:00+00:00,0.006644694600254297,0.00664646178483963,0.006643061526119709,0.006643899716436863,0.006643899716436863,0
2023-11-08 05:00:00+00:00,0.006643855944275856,0.006644253619015217,0.006638210732489824,0.006638519465923309,0.006638519465923309,0
2023-11-08 06:00:00+00:00,0.00663834298029542,0.006638739723712206,0.006635303609073162,0.006636448670178652,0.006636448670178652,0
2023-11-08 07:00:00+00:00,0.006636448670178652,0.006637990940362215,0.006633235141634941,0.006636669393628836,0.006636669393628836,0
2023-11-08 08:00:00+00:00,0.006636757403612137,0.006640459410846233,0.0066345990635454655,0.006635348312556744,0.006635348312556744,0
2023-11-08 09:00:00+00:00,0.006635436322540045,0.006636008620262146,0.006632267497479916,0.006633411161601543,0.006633411161601543,0
2023-11-08 10:00:00+00:00,0.006633499171584845,0.00663464330136776,0.006631519645452499,0.006632487289607525,0.006632487289607525,0
2023-11-08 11:00:00+00:00,0.006632531061768532,0.006635964382439852,0.006631871219724417,0.006634335033595562,0.006634335033595562,0
2023-11-08 12:00:00+00:00,0.00663393922150135,0.006634819321334362,0.006626905407756567,0.0066275643184781075,0.0066275643184781075,0
2023-11-08 13:00:00+00:00,0.006627432070672512,0.006629980634897947,0.0066230869852006435,0.006626861169934273,0.006626861169934273,0
2023-11-08 14:00:00+00:00,0.006626817863434553,0.006631211843341589,0.00662620272487402,0.00662962906062603,0.00662962906062603,0
2023-11-08 15:00:00+00:00,0.006629541516304016,0.006631563417613506,0.006624666042625904,0.0066291457042098045,0.0066291457042098045,0
2023-11-08 16:00:00+00:00,0.0066292779520154,0.0066345552913844585,0.00662875035777688,0.006632531061768532,0.006632531061768532,0
2023-11-08 17:00:00+00:00,0.006632575299590826,0.006632795091718435,0.0066255442798137665,0.006626685615628958,0.006626685615628958,0
2023-11-08 18:00:00+00:00,0.006626685615628958,0.006630288437008858,0.006623612716794014,0.006624754052609205,0.006624754052609205,0
2023-11-08 19:00:00+00:00,0.006624666042625904,0.006624841596931219,0.006620193365961313,0.006621113512665033,0.006621113512665033,0
2023-11-08 20:00:00+00:00,0.006621156819164753,0.006623656954616308,0.006620061583817005,0.00662277964875102,0.00662277964875102,0
2023-11-08 21:00:00+00:00,0.0066227358765900135,0.006625105626881123,0.00662150839343667,0.006623656954616308,0.006623656954616308,0
2023-11-08 22:00:00+00:00,0.006624008063226938,0.006630288437008858,0.006623656954616308,0.006627827882766724,0.006627827882766724,0
2023-11-08 23:00:00+00:00,0.006627827882766724,0.0066293212585151196,0.006626027170568705,0.00662875035777688,0.00662875035777688,0
2023-11-09 00:00:00+00:00,0.0066291894763708115,0.006629937328398228,0.006623349618166685,0.006625456269830465,0.006625456269830465,0
2023-11-09 01:00:00+00:00,0.0066253687255084515,0.006630508694797754,0.006622560787945986,0.006627432070672512,0.006627432070672512,0
2023-11-09 02:00:00+00:00,0.006627695634961128,0.006629541516304016,0.006625105626881123,0.006625236477702856,0.006625236477702856,0
2023-11-09 03:00:00+00:00,0.00662528071552515,0.006627256516367197,0.006624754052609205,0.006625324487686157,0.006625324487686157,0
2023-11-09 04:00:00+00:00,0.0066251931712031364,0.006627168972045183,0.006625061389058828,0.0066255442798137665,0.0066255442798137665,0
2023-11-09 05:00:00+00:00,0.006625500041991472,0.00662598293274641,0.006620938424021006,0.0066210259683430195,0.0066210259683430195,0
2023-11-09 06:00:00+00:00,0.006621113512665033,0.006632795091718435,0.0066185276955366135,0.006629453506320715,0.006629453506320715,0
2023-11-09 07:00:00+00:00,0.0066292779520154,0.006632619071751833,0.006625676061958075,0.00662620272487402,0.00662620272487402,0
2023-11-09 08:00:00+00:00,0.006627476308494806,0.006628003437072039,0.006620193365961313,0.006621858570724726,0.006621858570724726,0
2023-11-09 09:00:00+00:00,0.006622078362852335,0.006623174529522657,0.006619842257350683,0.006620938424021006,0.006620938424021006,0
2023-11-09 10:00:00+00:00,0.006620981730520725,0.006621902342885733,0.006614894140511751,0.0066171265207231045,0.0066171265207231045,0
2023-11-09 11:00:00+00:00,0.0066171265207231045,0.006618177518248558,0.006614368874579668,0.006616601254791021,0.006616601254791021,0
2023-11-09 12:00:00+00:00,0.0066165137104690075,0.006619666703045368,0.006615200079977512,0.006617739796638489,0.006617739796638489,0
2023-11-09 13:00:00+00:00,0.006617827340960503,0.00662585161626339,0.0066152880899608135,0.0066238767467439175,0.0066238767467439175,0
2023-11-09 14:00:00+00:00,0.0066240523010492325,0.0066300686448812485,0.006621595937758684,0.006629057694226503,0.006629057694226503,0
2023-11-09 15:00:00+00:00,0.006629057694226503,0.00662962906062603,0.006623612716794014,0.006624841596931219,0.006624841596931219,0
2023-11-09 16:00:00+00:00,0.006624797824770212,0.006625588517636061,0.006619842257350683,0.006620718631893396,0.006620718631893396,0
2023-11-09 17:00:00+00:00,0.006620587315410376,0.006623525172472,0.006618309300392866,0.0066192722879350185,0.0066192722879350185,0
2023-11-09 18:00:00+00:00,0.006619141437113285,0.006620236672461033,0.006610739976167679,0.006615900434553623,0.006615900434553623,0
2023-11-09 19:00:00+00:00,0.006616032216697931,0.0066169071942567825,0.006605587434023619,0.006608336698263884,0.006608336698263884,0
2023-11-09 20:00:00+00:00,0.006608468014746904,0.00661104591563344,0.006605936214327812,0.0066063725389540195,0.0066063725389540195,0
2023-11-09 21:00:00+00:00,0.006606459617614746,0.006608686875551939,0.006605892442166805,0.006607594434171915,0.006607594434171915,0
2023-11-09 22:00:00+00:00,0.00660781329497695,0.006612575612962246,0.006607288960367441,0.0066100843250751495,0.0066100843250751495,0
2023-11-09 23:00:00+00:00,0.006609865929931402,0.006610870826989412,0.006606546696275473,0.0066075073555111885,0.0066075073555111885,0
2023-11-10 00:00:00+00:00,0.006607464049011469,0.006610521115362644,0.006606066599488258,0.0066084242425858974,0.0066084242425858974,0
2023-11-10 01:00:00+00:00,0.006608511321246624,0.006612313445657492,0.0066072456538677216,0.006612182594835758,0.006612182594835758,0
2023-11-10 02:00:00+00:00,0.006611963734030724,0.006612969096750021,0.006609559990465641,0.006610957905650139,0.006610957905650139,0
2023-11-10 03:00:00+00:00,0.006610827054828405,0.006611963734030724,0.00660798791795969,0.006608249619603157,0.006608249619603157,0
2023-11-10 04:00:00+00:00,0.006608249619603157,0.0066100843250751495,0.006606590934097767,0.006607071030884981,0.006607071030884981,0
2023-11-10 05:00:00+00:00,0.006607288960367441,0.0066075511276721954,0.006604757625609636,0.006605587434023619,0.006605587434023619,0
2023-11-10 06:00:00+00:00,0.006605194415897131,0.006607201416045427,0.006604888942092657,0.006606023292988539,0.006606023292988539,0
2023-11-10 07:00:00+00:00,0.006605979520827532,0.006608511321246624,0.006602708250284195,0.006606197915971279,0.006606197915971279,0
2023-11-10 08:00:00+00:00,0.006606284994632006,0.006608468014746904,0.00660462724044919,0.006604888942092657,0.006604888942092657,0
2023-11-10 09:00:00+00:00,0.006604932714253664,0.006606066599488258,0.006602621171623468,0.006603013724088669,0.006603013724088669,0
2023-11-10 10:00:00+00:00,0.006603144574910402,0.006605587434023619,0.006601313594728708,0.00660484516993165,0.00660484516993165,0
2023-11-10 11:00:00+00:00,0.0066048018634319305,0.006605412345379591,0.006601139437407255,0.0066016619093716145,0.0066016619093716145,0
2023-11-10 12:00:00+00:00,0.006601706147193909,0.006605979520827532,0.006601531524211168,0.006605020258575678,0.006605020258575678,0
2023-11-10 13:00:00+00:00,0.006605020258575678,0.006608599331229925,0.006602752022445202,0.006606983952224255,0.006606983952224255,0
2023-11-10 14:00:00+00:00,0.006606896407902241,0.006607201416045427,0.006600921507924795,0.006601095665246248,0.006601095665246248,0
2023-11-10 15:00:00+00:00,0.006601313594728708,0.006604277994483709,0.006598439067602158,0.006601880304515362,0.006601880304515362,0
2023-11-10 16:00:00+00:00,0.006601793225854635,0.006603144574910402,0.006597872823476791,0.006598526146262884,0.006598526146262884,0
2023-11-10 17:00:00+00:00,0.006598482374101877,0.006600093562155962,0.00659682834520936,0.006598308216780424,0.006598308216780424,0
2023-11-10 18:00:00+00:00,0.006598351988941431,0.006598918233066797,0.006596218794584274,0.006598177365958691,0.006598177365958691,0
2023-11-10 19:00:00+00:00,0.0065980032086372375,0.006600224878638983,0.006596523802727461,0.00659682834520936,0.00659682834520936,0
2023-11-10 20:00:00+00:00,0.00659687165170908,0.006599788554012775,0.006596305873245001,0.006599396467208862,0.006599396467208862,0
2023-11-10 21:00:00+00:00,0.006599396467208862,0.006602098233997822,0.006598308216780424,0.006601880304515362,0.006601880304515362,0
2023-11-13 00:00:00+00:00,0.006602359935641289,0.006603362504392862,0.00659426162019372,0.006595783866941929,0.006595783866941929,0
2023-11-13 01:00:00+00:00,0.006595958024263382,0.006598395295441151,0.006593783386051655,0.0065980469807982445,0.0065980469807982445,0
2023-11-13 02:00:00+00:00,0.0065980032086372375,0.006598569452762604,0.006592783611267805,0.006592913996428251,0.006592913996428251,0
2023-11-13 03:00:00+00:00,0.006592913996428251,0.006595262326300144,0.0065919579938054085,0.006593348458409309,0.006593348458409309,0
2023-11-13 04:00:00+00:00,0.00659326184540987,0.006593609228730202,0.006588614080101252,0.006589525379240513,0.006589525379240513,0
2023-11-13 05:00:00+00:00,0.006589438766241074,0.006590350531041622,0.0065878755412995815,0.006588960997760296,0.006588960997760296,0
2023-11-13 06:00:00+00:00,0.006588917225599289,0.006591001991182566,0.006587571930140257,0.00659008976072073,0.00659008976072073,0
2023-11-13 07:00:00+00:00,0.006589959375560284,0.006593348458409309,0.006589351687580347,0.006590003147721291,0.006590003147721291,0
2023-11-13 08:00:00+00:00,0.006590741686522961,0.006591088604182005,0.006585229653865099,0.0065873111598193645,0.0065873111598193645,0
2023-11-13 09:00:00+00:00,0.006587398704141378,0.006592913996428251,0.006587008014321327,0.00658883061259985,0.00658883061259985,0
2023-11-13 10:00:00+00:00,0.006589003838598728,0.0065924362279474735,0.006588743533939123,0.0065919579938054085,0.0065919579938054085,0
2023-11-13 11:00:00+00:00,0.006591870915144682,0.006592000834643841,0.006589872762560844,0.0065908716060221195,0.0065908716060221195,0
2023-11-13 12:00:00+00:00,0.0065908282995224,0.006590958219021559,0.006587571930140257,0.006587962154299021,0.006587962154299021,0
2023-11-13 13:00:00+00:00,0.006588005926460028,0.006591045763343573,0.0065859230235219,0.0065876152366399765,0.0065876152366399765,0
2023-11-13 14:00:00+00:00,0.0065873111598193645,0.006588136311620474,0.006582931615412235,0.00658405851572752,0.00658405851572752,0
2023-11-13 15:00:00+00:00,0.006584102287888527,0.006613669451326132,0.0065839290618896484,0.006592522840946913,0.006592522840946913,0
2023-11-13 16:00:00+00:00,0.006592609919607639,0.006601052358746529,0.006592392455786467,0.006597741972655058,0.006597741972655058,0
2023-11-13 17:00:00+00:00,0.006597786210477352,0.006599919404834509,0.006594697013497353,0.006594870705157518,0.006594870705157518,0
2023-11-13 18:00:00+00:00,0.006594957783818245,0.006596654187887907,0.006592783611267805,0.0065955230966210365,0.0065955230966210365,0
2023-11-13 19:00:00+00:00,0.0065955230966210365,0.006597002502530813,0.006594653241336346,0.006596523802727461,0.006596523802727461,0
2023-11-13 20:00:00+00:00,0.006596567574888468,0.006596741266548634,0.006593653000891209,0.006594697013497353,0.006594697013497353,0
2023-11-13 21:00:00+00:00,0.006594522390514612,0.0065948269329965115,0.006590741686522961,0.006591132376343012,0.006591132376343012,0
2023-11-13 22:00:00+00:00,0.006591784302145243,0.00659547932446003,0.006591088604182005,0.006593130994588137,0.006593130994588137,0
2023-11-13 23:00:00+00:00,0.006593348458409309,0.006595783866941929,0.006592913996428251,0.006594305392354727,0.006594305392354727,0
2023-11-14 00:00:00+00:00,0.006594305392354727,0.006595870945602655,0.006588396616280079,0.006591393146663904,0.006591393146663904,0
2023-11-14 01:00:00+00:00,0.0065914359875023365,0.006592087913304567,0.006589090917259455,0.006590784527361393,0.006590784527361393,0
2023-11-14 02:00:00+00:00,0.006590697914361954,0.0065924362279474735,0.006589525379240513,0.006591262295842171,0.006591262295842171,0
2023-11-14 03:00:00+00:00,0.006591262295842171,0.006592783611267805,0.00659004645422101,0.006592131685465574,0.006592131685465574,0
2023-11-14 04:00:00+00:00,0.0065919579938054085,0.006594566162675619,0.006591784302145243,0.006593218073248863,0.006593218073248863,0
2023-11-14 05:00:00+00:00,0.006592957302927971,0.006593174766749144,0.006590567994862795,0.006591610610485077,0.006591610610485077,0
2023-11-14 06:00:00+00:00,0.006591697223484516,0.006593348458409309,0.006591045763343573,0.006592218764126301,0.006592218764126301,0
2023-11-14 07:00:00+00:00,0.006592349149286747,0.006597611121833324,0.0065919579938054085,0.006595131475478411,0.006595131475478411,0
2023-11-14 08:00:00+00:00,0.006595044396817684,0.00659547932446003,0.006590784527361393,0.006591306068003178,0.006591306068003178,0
2023-11-14 09:00:00+00:00,0.006591393146663904,0.006596349645406008,0.006590524222701788,0.006591827142983675,0.006591827142983675,0
2023-11-14 10:00:00+00:00,0.006591870915144682,0.006593783386051655,0.0065908282995224,0.006591349374502897,0.006591349374502897,0
2023-11-14 11:00:00+00:00,0.006591697223484516,0.006592479068785906,0.00659008976072073,0.006590610835701227,0.006590610835701227,0
2023-11-14 12:00:00+00:00,0.006590610835701227,0.006593391764909029,0.006590003147721291,0.00659230537712574,0.00659230537712574,0
2023-11-14 13:00:00+00:00,0.006592522840946913,0.006631563417613506,0.006589612457901239,0.006622604094445705,0.006622604094445705,0
2023-11-14 14:00:00+00:00,0.006622472312301397,0.006633763201534748,0.0066223409958183765,0.006632003467530012,0.006632003467530012,0
2023-11-14 15:00:00+00:00,0.006631959229707718,0.006636712700128555,0.006627080962061882,0.0066305967047810555,0.0066305967047810555,0
2023-11-14 16:00:00+00:00,0.006630420219153166,0.0066350833512842655,0.006628398783504963,0.006633499171584845,0.006633499171584845,0
2023-11-14 17:00:00+00:00,0.00663363141939044,0.006640767212957144,0.0066316514275968075,0.006640017963945866,0.006640017963945866,0
2023-11-14 18:00:00+00:00,0.006640017963945866,0.00664540147408843,0.006639576982706785,0.00664314953610301,0.00664314953610301,0
2023-11-14 19:00:00+00:00,0.00664314953610301,0.00665145693346858,0.006641782354563475,0.006651191506534815,0.006651191506534815,0
2023-11-14 20:00:00+00:00,0.006651368457823992,0.006659962236881256,0.006650704890489578,0.006656061392277479,0.006656061392277479,0
2023-11-14 21:00:00+00:00,0.006656061392277479,0.006656149867922068,0.006649157032370567,0.006649908609688282,0.006649908609688282,0
2023-11-14 22:00:00+00:00,0.006650838069617748,0.006655263714492321,0.006645489949733019,0.006646284367889166,0.006646284367889166,0
2023-11-14 23:00:00+00:00,0.006646373309195042,0.006652430631220341,0.006644694600254297,0.00664557795971632,0.00664557795971632,0
2023-11-15 00:00:00+00:00,0.006645357236266136,0.006647344678640366,0.0066316514275968075,0.006639576982706785,0.006639576982706785,0
2023-11-15 01:00:00+00:00,0.006639532744884491,0.006645931396633387,0.0066382549703121185,0.006641473155468702,0.006641473155468702,0
2023-11-15 02:00:00+00:00,0.006641428917646408,0.006643282249569893,0.006636096630245447,0.00663768220692873,0.00663768220692873,0
2023-11-15 03:00:00+00:00,0.006637549959123135,0.006643326953053474,0.006637241691350937,0.0066412086598575115,0.0066412086598575115,0
2023-11-15 04:00:00+00:00,0.006641164422035217,0.006644208915531635,0.006640635430812836,0.006641958840191364,0.006641958840191364,0
2023-11-15 05:00:00+00:00,0.006641870364546776,0.006641870364546776,0.0066359201446175575,0.006637506186962128,0.006637506186962128,0
2023-11-15 06:00:00+00:00,0.00663768220692873,0.006640987936407328,0.006635215599089861,0.006638430990278721,0.006638430990278721,0
2023-11-15 07:00:00+00:00,0.006638695485889912,0.006641693878918886,0.006633278913795948,0.006636184640228748,0.006636184640228748,0
2023-11-15 08:00:00+00:00,0.006636184640228748,0.00664646178483963,0.006635567639023066,0.00664513697847724,0.00664513697847724,0
2023-11-15 09:00:00+00:00,0.006645092274993658,0.006652253679931164,0.0066429730504751205,0.006649024784564972,0.006649024784564972,0
2023-11-15 10:00:00+00:00,0.006649157032370567,0.006651014555245638,0.0066451807506382465,0.006646417081356049,0.006646417081356049,0
2023-11-15 11:00:00+00:00,0.00664646178483963,0.006655662786215544,0.006646417081356049,0.006654511205852032,0.006654511205852032,0
2023-11-15 12:00:00+00:00,0.006654643919318914,0.006655131466686726,0.006645445246249437,0.0066493782214820385,0.0066493782214820385,0
2023-11-15 13:00:00+00:00,0.0066493782214820385,0.006664889864623547,0.006627607624977827,0.00663213524967432,0.00663213524967432,0
2023-11-15 14:00:00+00:00,0.006632619071751833,0.006633719429373741,0.006611919961869717,0.006615812890231609,0.006615812890231609,0
2023-11-15 15:00:00+00:00,0.006615857128053904,0.006627476308494806,0.006612750235944986,0.006626817863434553,0.006626817863434553,0
2023-11-15 16:00:00+00:00,0.006626905407756567,0.0066287945955991745,0.006618571933358908,0.0066194916144013405,0.0066194916144013405,0
2023-11-15 17:00:00+00:00,0.0066194916144013405,0.006620061583817005,0.00661476282402873,0.006615638267248869,0.006615638267248869,0
2023-11-15 18:00:00+00:00,0.006615725811570883,0.006616294849663973,0.006605237722396851,0.006606023292988539,0.006606023292988539,0
2023-11-15 19:00:00+00:00,0.006606110837310553,0.006608162075281143,0.006604888942092657,0.0066061546094715595,0.0066061546094715595,0
2023-11-15 20:00:00+00:00,0.006605979520827532,0.006608468014746904,0.006604496389627457,0.006604583468288183,0.006604583468288183,0
2023-11-15 21:00:00+00:00,0.006604496389627457,0.006608642637729645,0.006604060530662537,0.006607856601476669,0.006607856601476669,0
2023-11-15 22:00:00+00:00,0.006608904805034399,0.006613494362682104,0.006606503389775753,0.00661104591563344,0.00661104591563344,0
2023-11-15 23:00:00+00:00,0.00661122053861618,0.006613056641072035,0.00660921074450016,0.006612969096750021,0.006612969096750021,0
2023-11-16 00:00:00+00:00,0.006613625213503838,0.006613669451326132,0.006610302720218897,0.006612313445657492,0.006612313445657492,0
2023-11-16 01:00:00+00:00,0.0066124009899795055,0.006617608014494181,0.006611438933759928,0.0066140191629529,0.0066140191629529,0
2023-11-16 02:00:00+00:00,0.006613844074308872,0.006615594029426575,0.006608599331229925,0.006610040552914143,0.006610040552914143,0
2023-11-16 03:00:00+00:00,0.006609997246414423,0.006612357217818499,0.006609167438000441,0.0066115702502429485,0.0066115702502429485,0
2023-11-16 04:00:00+00:00,0.0066115702502429485,0.006611919961869717,0.006608336698263884,0.006611438933759928,0.006611438933759928,0
2023-11-16 05:00:00+00:00,0.006611438933759928,0.0066115702502429485,0.006606983952224255,0.006609385367482901,0.006609385367482901,0
2023-11-16 06:00:00+00:00,0.00660921074450016,0.006609472446143627,0.006606503389775753,0.006607594434171915,0.006607594434171915,0
2023-11-16 07:00:00+00:00,0.006607638671994209,0.006608249619603157,0.00660379882901907,0.0066063292324543,0.0066063292324543,0
2023-11-16 08:00:00+00:00,0.006606110837310553,0.006610127631574869,0.006603711750358343,0.006608991883695126,0.006608991883695126,0
2023-11-16 09:00:00+00:00,0.006608904805034399,0.006616557016968727,0.006608118768781424,0.006610521115362644,0.006610521115362644,0
2023-11-16 10:00:00+00:00,0.006610390730202198,0.006614106707274914,0.006608817260712385,0.006613581907004118,0.006613581907004118,0
2023-11-16 11:00:00+00:00,0.00661340681836009,0.006615769118070602,0.006612225901335478,0.006613013334572315,0.006613013334572315,0
2023-11-16 12:00:00+00:00,0.0066128382459282875,0.006613144185394049,0.006609472446143627,0.006611133459955454,0.006611133459955454,0
2023-11-16 13:00:00+00:00,0.00661122053861618,0.006638078950345516,0.006610652431845665,0.006637990940362215,0.006637990940362215,0
2023-11-16 14:00:00+00:00,0.0066379462368786335,0.006640193983912468,0.00662620272487402,0.006639400962740183,0.006639400962740183,0
2023-11-16 15:00:00+00:00,0.006639400962740183,0.006654245313256979,0.0066392249427735806,0.006648626644164324,0.006648626644164324,0
2023-11-16 16:00:00+00:00,0.00664858240634203,0.00665349280461669,0.006639576982706785,0.006640459410846233,0.006640459410846233,0
2023-11-16 17:00:00+00:00,0.006640635430812836,0.00664500379934907,0.006637637969106436,0.006644120905548334,0.006644120905548334,0
2023-11-16 18:00:00+00:00,0.006644165143370628,0.00664809625595808,0.006643370725214481,0.006643811706453562,0.006643811706453562,0
2023-11-16 19:00:00+00:00,0.006643988657742739,0.006644208915531635,0.006638739723712206,0.006639929488301277,0.006639929488301277,0
2023-11-16 20:00:00+00:00,0.006639621686190367,0.0066412524320185184,0.006633851211518049,0.0066343797370791435,0.0066343797370791435,0
2023-11-16 21:00:00+00:00,0.00663411570712924,0.006635303609073162,0.006632487289607525,0.006634687073528767,0.006634687073528767,0
2023-11-16 22:00:00+00:00,0.006635259371250868,0.006641870364546776,0.006634203717112541,0.006636008620262146,0.006636008620262146,0
2023-11-16 23:00:00+00:00,0.006635700352489948,0.006637506186962128,0.006633807439357042,0.006635700352489948,0.006635700352489948,0
2023-11-17 00:00:00+00:00,0.006635524332523346,0.006642311345785856,0.006632443051785231,0.006641473155468702,0.006641473155468702,0
2023-11-17 01:00:00+00:00,0.006641649641096592,0.00664465082809329,0.006636316422373056,0.0066392682492733,0.0066392682492733,0
2023-11-17 02:00:00+00:00,0.0066392249427735806,0.006648228969424963,0.0066389162093400955,0.006646284367889166,0.006646284367889166,0
2023-11-17 03:00:00+00:00,0.006646240595728159,0.0066472566686570644,0.0066402386873960495,0.006642223335802555,0.006642223335802555,0
2023-11-17 04:00:00+00:00,0.006642399355769157,0.006644606590270996,0.006640679202973843,0.006641385145485401,0.006641385145485401,0
2023-11-17 05:00:00+00:00,0.006641385145485401,0.006642223335802555,0.006637373473495245,0.006638739723712206,0.006638739723712206,0
2023-11-17 06:00:00+00:00,0.006638739723712206,0.0066420468501746655,0.006637725979089737,0.006638078950345516,0.006638078950345516,0
2023-11-17 07:00:00+00:00,0.006638210732489824,0.006647610571235418,0.006636008620262146,0.006647035945206881,0.006647035945206881,0
2023-11-17 08:00:00+00:00,0.0066470797173678875,0.0066779302433133125,0.0066465940326452255,0.00667645875364542,0.00667645875364542,0
2023-11-17 09:00:00+00:00,0.0066763246431946754,0.006688516121357679,0.006673874333500862,0.00668382178992033,0.00668382178992033,0
2023-11-17 10:00:00+00:00,0.006683955900371075,0.006700616329908371,0.006682481616735458,0.0066994489170610905,0.0066994489170610905,0
2023-11-17 11:00:00+00:00,0.0066992249339818954,0.006701334845274687,0.006684447173029184,0.0066886949352920055,0.0066886949352920055,0
2023-11-17 12:00:00+00:00,0.006688873749226332,0.006702547427266836,0.006686324253678322,0.006695008836686611,0.006695008836686611,0
2023-11-17 13:00:00+00:00,0.006695008836686611,0.006702592596411705,0.006678509991616011,0.006682972889393568,0.006682972889393568,0
2023-11-17 14:00:00+00:00,0.006683151703327894,0.0066898581571877,0.0066759237088263035,0.0066843582317233086,0.0066843582317233086,0
2023-11-17 15:00:00+00:00,0.0066843582317233086,0.006686637178063393,0.0066804285161197186,0.006686145439743996,0.006686145439743996,0
2023-11-17 16:00:00+00:00,0.006686234846711159,0.006687889341264963,0.006672315765172243,0.006674675736576319,0.006674675736576319,0
2023-11-17 17:00:00+00:00,0.006674809847027063,0.006680383812636137,0.006674453616142273,0.006680070888251066,0.006680070888251066,0
2023-11-17 18:00:00+00:00,0.006680116057395935,0.0066847605630755424,0.006677796132862568,0.0066842688247561455,0.0066842688247561455,0
2023-11-17 19:00:00+00:00,0.006684179417788982,0.0066853854805231094,0.006680026650428772,0.006682481616735458,0.006682481616735458,0
2023-11-17 20:00:00+00:00,0.006682615727186203,0.006682883948087692,0.006680339574813843,0.006680562160909176,0.006680562160909176,0
2023-11-17 21:00:00+00:00,0.006680562160909176,0.0066886949352920055,0.006679179146885872,0.0066861906088888645,0.0066861906088888645,0
2023-11-20 00:00:00+00:00,0.006668623071163893,0.006676726043224335,0.006667289417237043,0.006675077136605978,0.006675077136605978,0
2023-11-20 01:00:00+00:00,0.006675210781395435,0.006694470997899771,0.0066751218400895596,0.006688516121357679,0.006688516121357679,0
2023-11-20 02:00:00+00:00,0.006688381545245647,0.0067161875776946545,0.0066859666258096695,0.006710733752697706,0.006710733752697706,0
2023-11-20 03:00:00+00:00,0.006710778456181288,0.006718217860907316,0.006704884115606546,0.006715826690196991,0.006715826690196991,0
2023-11-20 04:00:00+00:00,0.0067158713936805725,0.0067255375906825066,0.006712490692734718,0.006713526789098978,0.006713526789098978,0
2023-11-20 05:00:00+00:00,0.006713436916470528,0.006714248564094305,0.006705783773213625,0.006707627791911364,0.006707627791911364,0
2023-11-20 06:00:00+00:00,0.006707717664539814,0.00671014841645956,0.0067020985297858715,0.006704794242978096,0.006704794242978096,0
2023-11-20 07:00:00+00:00,0.006705019623041153,0.006719617638736963,0.006701963488012552,0.0067156460136175156,0.0067156460136175156,0
2023-11-20 08:00:00+00:00,0.006716007366776466,0.006727392785251141,0.006712760776281357,0.006725582759827375,0.006725582759827375,0
2023-11-20 09:00:00+00:00,0.006725627928972244,0.006748139392584562,0.006723818834871054,0.006747410632669926,0.006747410632669926,0
2023-11-20 10:00:00+00:00,0.006747456267476082,0.006747911684215069,0.006736319977790117,0.006741996854543686,0.006741996854543686,0
2023-11-20 11:00:00+00:00,0.006742087658494711,0.006752285175025463,0.006741361226886511,0.006747547537088394,0.006747547537088394,0
2023-11-20 12:00:00+00:00,0.006747410632669926,0.0067482758313417435,0.006736319977790117,0.0067425877787172794,0.0067425877787172794,0
2023-11-20 13:00:00+00:00,0.006742815487086773,0.006744634360074997,0.006731604691594839,0.006733463145792484,0.006733463145792484,0
2023-11-20 14:00:00+00:00,0.0067336889915168285,0.0067396340891718864,0.006725447252392769,0.006737636402249336,0.006737636402249336,0
2023-11-20 15:00:00+00:00,0.006737818010151386,0.006745271384716034,0.006732057314366102,0.006739816628396511,0.006739816628396511,0
2023-11-20 16:00:00+00:00,0.006739907432347536,0.006745362654328346,0.006737499963492155,0.006744771264493465,0.006744771264493465,0
2023-11-20 17:00:00+00:00,0.006744725164026022,0.006748503539711237,0.006739180069416761,0.006740679498761892,0.006740679498761892,0
2023-11-20 18:00:00+00:00,0.006740724667906761,0.006750553380697966,0.006739407312124968,0.006739816628396511,0.006739816628396511,0
2023-11-20 19:00:00+00:00,0.006739770527929068,0.006742815487086773,0.006739089265465736,0.006742315366864204,0.006742315366864204,0
2023-11-20 20:00:00+00:00,0.006742543075233698,0.006743588484823704,0.006740452256053686,0.006741770077496767,0.006741770077496767,0
2023-11-20 21:00:00+00:00,0.006741542834788561,0.006741724442690611,0.006736093666404486,0.0067410883493721485,0.0067410883493721485,0
2023-11-20 22:00:00+00:00,0.006740815471857786,0.006744816899299622,0.006740270648151636,0.0067423610016703606,0.0067423610016703606,0
2023-11-20 23:00:00+00:00,0.006742315366864204,0.006747000850737095,0.006739816628396511,0.006739952135831118,0.006739952135831118,0
2023-11-21 00:00:00+00:00,0.0067393165081739426,0.006754474714398384,0.00673777237534523,0.006753288675099611,0.006753288675099611,0
2023-11-21 01:00:00+00:00,0.006753608118742704,0.006763062905520201,0.0067461817525327206,0.0067561171017587185,0.0067561171017587185,0
2023-11-21 02:00:00+00:00,0.0067560262978076935,0.006773232016712427,0.006752604618668556,0.006769518367946148,0.006769518367946148,0
2023-11-21 03:00:00+00:00,0.006769334431737661,0.0067869313061237335,0.0067657167091965675,0.00678536482155323,0.00678536482155323,0
2023-11-21 04:00:00+00:00,0.0067852274514734745,0.0067915404215455055,0.0067801205441355705,0.006782603915780783,0.006782603915780783,0
2023-11-21 05:00:00+00:00,0.006782650016248226,0.006785457953810692,0.006764755584299564,0.006766677834093571,0.006766677834093571,0
2023-11-21 06:00:00+00:00,0.006766677834093571,0.006774884182959795,0.006764390040189028,0.006771581247448921,0.006771581247448921,0
2023-11-21 07:00:00+00:00,0.00677185645326972,0.0067881750874221325,0.006770939100533724,0.006779063493013382,0.006779063493013382,0
2023-11-21 08:00:00+00:00,0.006778971757739782,0.006795878987759352,0.006776491180062294,0.006782097741961479,0.006782097741961479,0
2023-11-21 09:00:00+00:00,0.00678223604336381,0.006783707998692989,0.0067664035595953465,0.006767136510461569,0.006767136510461569,0
2023-11-21 10:00:00+00:00,0.006767273414880037,0.006779844872653484,0.0067658997140824795,0.006776169408112764,0.006776169408112764,0
2023-11-21 11:00:00+00:00,0.006776169408112764,0.006777455098927021,0.006768464110791683,0.006769838742911816,0.006769838742911816,0
2023-11-21 12:00:00+00:00,0.006769793573766947,0.00677786860615015,0.0067694722674787045,0.006776215508580208,0.006776215508580208,0
2023-11-21 13:00:00+00:00,0.006776032038033009,0.006786700803786516,0.006768510211259127,0.006774195469915867,0.006774195469915867,0
2023-11-21 14:00:00+00:00,0.006774150300770998,0.006781959906220436,0.006771443411707878,0.006777960807085037,0.006777960807085037,0
2023-11-21 15:00:00+00:00,0.006778282579034567,0.006782695651054382,0.006765442434698343,0.006766265723854303,0.006766265723854303,0
2023-11-21 16:00:00+00:00,0.0067664035595953465,0.006769105792045593,0.0067595429718494415,0.0067621939815580845,0.0067621939815580845,0
2023-11-21 17:00:00+00:00,0.006762239616364241,0.006762925535440445,0.006757304538041353,0.006758766248822212,0.006758766248822212,0
2023-11-21 18:00:00+00:00,0.006758811883628368,0.006758903153240681,0.006738816853612661,0.006741224322468042,0.006741224322468042,0
2023-11-21 19:00:00+00:00,0.0067411791533231735,0.006746045313775539,0.0067297471687197685,0.006742406170815229,0.006742406170815229,0
2023-11-21 20:00:00+00:00,0.0067425877787172794,0.006744589190930128,0.0067371828481554985,0.006738998461514711,0.006738998461514711,0
2023-11-21 21:00:00+00:00,0.006738907657563686,0.006741724442690611,0.006737727206200361,0.006739498116075993,0.006739498116075993,0
2023-11-21 22:00:00+00:00,0.006739770527929068,0.0067467279732227325,0.006738726515322924,0.006746682804077864,0.006746682804077864,0
2023-11-21 23:00:00+00:00,0.006745863240212202,0.006756163202226162,0.006744225509464741,0.0067495969124138355,0.0067495969124138355,0
2023-11-22 00:00:00+00:00,0.006750097963958979,0.006753288675099611,0.006743133999407291,0.006746273022145033,0.006746273022145033,0
2023-11-22 01:00:00+00:00,0.006746273022145033,0.006752285175025463,0.006740588694810867,0.00674317916855216,0.00674317916855216,0
2023-11-22 02:00:00+00:00,0.006743224803358316,0.006750826723873615,0.006741633638739586,0.0067460001446306705,0.0067460001446306705,0
2023-11-22 03:00:00+00:00,0.006746045313775539,0.006752559449523687,0.006743952166289091,0.006747182924300432,0.006747182924300432,0
2023-11-22 04:00:00+00:00,0.006747137755155563,0.006747683510184288,0.00673904363065958,0.006739816628396511,0.006739816628396511,0
2023-11-22 05:00:00+00:00,0.006739770527929068,0.006740042939782143,0.006720294710248709,0.006722553167492151,0.006722553167492151,0
2023-11-22 06:00:00+00:00,0.006722553167492151,0.006723547820001841,0.006708977743983269,0.006714473478496075,0.006714473478496075,0
2023-11-22 07:00:00+00:00,0.006714473478496075,0.006719978526234627,0.006712580565363169,0.0067132567055523396,0.0067132567055523396,0
2023-11-22 08:00:00+00:00,0.006713211070746183,0.006718534044921398,0.006695636548101902,0.006697116419672966,0.006697116419672966,0
2023-11-22 09:00:00+00:00,0.006697116419672966,0.006713797338306904,0.006696891970932484,0.0067066834308207035,0.0067066834308207035,0
2023-11-22 10:00:00+00:00,0.006706773303449154,0.0067163677886128426,0.006704389583319426,0.006716052070260048,0.006716052070260048,0
2023-11-22 11:00:00+00:00,0.006716141942888498,0.0067250849679112434,0.006715285126119852,0.006721920799463987,0.006721920799463987,0
2023-11-22 12:00:00+00:00,0.0067218756303191185,0.006730199791491032,0.006718488410115242,0.006723367143422365,0.006723367143422365,0
2023-11-22 13:00:00+00:00,0.006723321974277496,0.006729384418576956,0.00670075137168169,0.006700930651277304,0.006700930651277304,0
2023-11-22 14:00:00+00:00,0.006701065693050623,0.006702772341668606,0.006690395064651966,0.006695591378957033,0.006695591378957033,0
2023-11-22 15:00:00+00:00,0.006695591378957033,0.006696084514260292,0.006677885539829731,0.006680874619632959,0.006680874619632959,0
2023-11-22 16:00:00+00:00,0.006680874619632959,0.006687084212899208,0.006677885539829731,0.0066809640266001225,0.0066809640266001225,0
2023-11-22 17:00:00+00:00,0.006681052967905998,0.006686994805932045,0.006679759360849857,0.006684045307338238,0.006684045307338238,0
2023-11-22 18:00:00+00:00,0.006684090010821819,0.006685653701424599,0.006680070888251066,0.006680785678327084,0.006680785678327084,0
2023-11-22 19:00:00+00:00,0.006680919788777828,0.006686234846711159,0.006680919788777828,0.0066854748874902725,0.0066854748874902725,0
2023-11-22 20:00:00+00:00,0.006685653701424599,0.0066861906088888645,0.006683553569018841,0.006684580817818642,0.006684580817818642,0
2023-11-22 21:00:00+00:00,0.0066846259869635105,0.006689052563160658,0.0066837770864367485,0.006687487009912729,0.006687487009912729,0
2023-11-22 22:00:00+00:00,0.006687889341264963,0.006690663751214743,0.006685430649667978,0.006688784342259169,0.006688784342259169,0
2023-11-22 23:00:00+00:00,0.0066886055283248425,0.006691111717373133,0.006687531713396311,0.006690798327326775,0.006690798327326775,0
2023-11-23 00:00:00+00:00,0.006690798327326775,0.006701199803501368,0.006690753158181906,0.006699763238430023,0.006699763238430023,0
2023-11-23 01:00:00+00:00,0.0066998982802033424,0.006704299710690975,0.006697026081383228,0.006703581195324659,0.006703581195324659,0
2023-11-23 02:00:00+00:00,0.0067035360261797905,0.006710238289088011,0.0067034014500677586,0.006706008687615395,0.006706008687615395,0
2023-11-23 03:00:00+00:00,0.006705828942358494,0.006707582622766495,0.006700077559798956,0.006705828942358494,0.006705828942358494,0
2023-11-23 04:00:00+00:00,0.006705738604068756,0.006707042921334505,0.006702862214297056,0.006704299710690975,0.006704299710690975,0
2023-11-23 05:00:00+00:00,0.006704210303723812,0.006713707000017166,0.006702457554638386,0.006711949594318867,0.006711949594318867,0
2023-11-23 06:00:00+00:00,0.006711949594318867,0.0067166839726269245,0.006708572618663311,0.006709203124046326,0.006709203124046326,0
2023-11-23 07:00:00+00:00,0.006709247827529907,0.006711769383400679,0.0067030866630375385,0.006704973988234997,0.006704973988234997,0
2023-11-23 08:00:00+00:00,0.006705063860863447,0.006709608249366283,0.006700571626424789,0.006705963518470526,0.006705963518470526,0
2023-11-23 09:00:00+00:00,0.006705873645842075,0.006706458516418934,0.0066961743868887424,0.0067009758204221725,0.0067009758204221725,0
2023-11-23 10:00:00+00:00,0.006700930651277304,0.0067041656002402306,0.006696398835629225,0.0067011103965342045,0.0067011103965342045,0
2023-11-23 11:00:00+00:00,0.0067009758204221725,0.006704030558466911,0.006699494086205959,0.006700526457279921,0.006700526457279921,0
2023-11-23 12:00:00+00:00,0.00670066149905324,0.006701065693050623,0.006690440233796835,0.0066917832009494305,0.0066917832009494305,0
2023-11-23 13:00:00+00:00,0.006691738031804562,0.006692186463624239,0.0066856988705694675,0.006690261419862509,0.006690261419862509,0
2023-11-23 14:00:00+00:00,0.006690395064651966,0.0066914246417582035,0.0066846259869635105,0.006685743108391762,0.006685743108391762,0
2023-11-23 15:00:00+00:00,0.0066856094636023045,0.0066898581571877,0.0066804285161197186,0.006689097732305527,0.006689097732305527,0
2023-11-23 16:00:00+00:00,0.006689276546239853,0.006689455360174179,0.006683062296360731,0.006685072556138039,0.006685072556138039,0
2023-11-23 17:00:00+00:00,0.006685251835733652,0.006686950568109751,0.006682615727186203,0.006683553569018841,0.006683553569018841,0
2023-11-23 18:00:00+00:00,0.00668382178992033,0.006685564294457436,0.006683553569018841,0.006685207132250071,0.006685207132250071,0
2023-11-23 19:00:00+00:00,0.006685072556138039,0.006687308195978403,0.006684938911348581,0.006686145439743996,0.006686145439743996,0
2023-11-23 20:00:00+00:00,0.006686056032776833,0.006687889341264963,0.006684402469545603,0.006686101201921701,0.006686101201921701,0
2023-11-23 21:00:00+00:00,0.006686101201921701,0.006687978748232126,0.0066856094636023045,0.006686234846711159,0.006686234846711159,0
2023-11-23 22:00:00+00:00,0.006686726585030556,0.00669133523479104,0.006685207132250071,0.006690708454698324,0.006690708454698324,0
2023-11-23 23:00:00+00:00,0.006689813453704119,0.006690440233796835,0.006682705134153366,0.006683062296360731,0.006683062296360731,0
2023-11-24 00:00:00+00:00,0.006682972889393568,0.006693171337246895,0.006679625250399113,0.006689544767141342,0.006689544767141342,0
2023-11-24 01:00:00+00:00,0.006689544767141342,0.006690977141261101,0.006682615727186203,0.0066882469691336155,0.0066882469691336155,0
2023-11-24 02:00:00+00:00,0.006688292138278484,0.00668918713927269,0.006686280015856028,0.006688202731311321,0.006688202731311321,0
2023-11-24 03:00:00+00:00,0.0066882469691336155,0.006689320784062147,0.006684804800897837,0.006688784342259169,0.006688784342259169,0
2023-11-24 04:00:00+00:00,0.006688917987048626,0.006696578115224838,0.006688917987048626,0.006695950403809547,0.006695950403809547,0
2023-11-24 05:00:00+00:00,0.006696040276437998,0.006702772341668606,0.006695860996842384,0.006700032390654087,0.006700032390654087,0
2023-11-24 06:00:00+00:00,0.006700167432427406,0.006702367682009935,0.006693440489470959,0.006694470997899771,0.006694470997899771,0
2023-11-24 07:00:00+00:00,0.006694784853607416,0.00669671269133687,0.006689768750220537,0.0066924551501870155,0.0066924551501870155,0
2023-11-24 08:00:00+00:00,0.006692320574074984,0.006694918964058161,0.0066843582317233086,0.0066876658238470554,0.0066876658238470554,0
2023-11-24 09:00:00+00:00,0.006687531713396311,0.006690798327326775,0.006681767757982016,0.006683062296360731,0.006683062296360731,0
2023-11-24 10:00:00+00:00,0.006683018058538437,0.006688068155199289,0.006682526785880327,0.006686503533273935,0.006686503533273935,0
2023-11-24 11:00:00+00:00,0.0066864583641290665,0.00668721878901124,0.006684491876512766,0.0066859666258096695,0.0066859666258096695,0
2023-11-24 12:00:00+00:00,0.006686145439743996,0.0066916486248373985,0.006685430649667978,0.006686101201921701,0.006686101201921701,0
2023-11-24 13:00:00+00:00,0.006686280015856028,0.006686861161142588,0.006681365892291069,0.006685028318315744,0.006685028318315744,0
2023-11-24 14:00:00+00:00,0.006685072556138039,0.006691917311400175,0.0066835093311965466,0.006688381545245647,0.006688381545245647,0
2023-11-24 15:00:00+00:00,0.006688336376100779,0.006690887734293938,0.006686324253678322,0.006689141970127821,0.006689141970127821,0
2023-11-24 16:00:00+00:00,0.006689008325338364,0.00668941019102931,0.0066843582317233086,0.006685922387987375,0.006685922387987375,0
2023-11-24 17:00:00+00:00,0.006685832515358925,0.006688649766147137,0.006683285813778639,0.006687934510409832,0.006687934510409832,0
2023-11-24 18:00:00+00:00,0.006688023917376995,0.006691469810903072,0.006687442306429148,0.006690977141261101,0.006690977141261101,0
2023-11-24 19:00:00+00:00,0.006691066548228264,0.0066914246417582035,0.006689679343253374,0.006689948029816151,0.006689948029816151,0
2023-11-24 20:00:00+00:00,0.0066898581571877,0.006691827904433012,0.006689500063657761,0.006690619047731161,0.006690619047731161,0
2023-11-24 21:00:00+00:00,0.006690484471619129,0.006694336421787739,0.006689231377094984,0.006693305913358927,0.006693305913358927,0
2023-11-24 22:00:00+00:00,0.00669303722679615,0.00669303722679615,0.006692992057651281,0.006692992057651281,0.006692992057651281,0
2023-11-27 00:00:00+00:00,0.006685564294457436,0.006690663751214743,0.006681098137050867,0.006689097732305527,0.006689097732305527,0
2023-11-27 01:00:00+00:00,0.00668918713927269,0.006709247827529907,0.006687308195978403,0.006706413812935352,0.006706413812935352,0
2023-11-27 02:00:00+00:00,0.006706413812935352,0.006707808002829552,0.006698462180793285,0.006705289240926504,0.006705289240926504,0
2023-11-27 03:00:00+00:00,0.006705153733491898,0.0067163677886128426,0.006704750005155802,0.00671222060918808,0.00671222060918808,0
2023-11-27 04:00:00+00:00,0.00671231048181653,0.006716638337820768,0.006708122789859772,0.00671140942722559,0.00671140942722559,0
2023-11-27 05:00:00+00:00,0.006711319554597139,0.0067125353962183,0.006704525090754032,0.006705514155328274,0.006705514155328274,0
2023-11-27 06:00:00+00:00,0.006705558858811855,0.006715015042573214,0.006705334410071373,0.00671140942722559,0.00671140942722559,0
2023-11-27 07:00:00+00:00,0.00671149929985404,0.006721785292029381,0.006709878332912922,0.0067105540074408054,0.0067105540074408054,0
2023-11-27 08:00:00+00:00,0.006710463669151068,0.0067128511145710945,0.006705604027956724,0.006707492750138044,0.006707492750138044,0
2023-11-27 09:00:00+00:00,0.006707448046654463,0.006709383334964514,0.006696846801787615,0.006698327604681253,0.006698327604681253,0
2023-11-27 10:00:00+00:00,0.0066984170116484165,0.00671222060918808,0.006696667522192001,0.006711815018206835,0.006711815018206835,0
2023-11-27 11:00:00+00:00,0.006711815018206835,0.006714293267577887,0.006707897875458002,0.00671014841645956,0.00671014841645956,0
2023-11-27 12:00:00+00:00,0.0067103286273777485,0.006721514277160168,0.006709292996674776,0.006718759424984455,0.006718759424984455,0
2023-11-27 13:00:00+00:00,0.006718940567225218,0.006727211643010378,0.006716638337820768,0.006719978526234627,0.006719978526234627,0
2023-11-27 14:00:00+00:00,0.006719933357089758,0.006726985331624746,0.006714248564094305,0.006716638337820768,0.006716638337820768,0
2023-11-27 15:00:00+00:00,0.006716864183545113,0.006723457481712103,0.006712670903652906,0.006715104915201664,0.006715104915201664,0
2023-11-27 16:00:00+00:00,0.006715104915201664,0.006717495620250702,0.006707897875458002,0.006716503296047449,0.006716503296047449,0
2023-11-27 17:00:00+00:00,0.006716503296047449,0.006717676762491465,0.00671231048181653,0.006713392212986946,0.006713392212986946,0
2023-11-27 18:00:00+00:00,0.006713392212986946,0.006721694953739643,0.006712580565363169,0.006720791105180979,0.006720791105180979,0
2023-11-27 19:00:00+00:00,0.006720791105180979,0.006732011679559946,0.006720294710248709,0.006729384418576956,0.006729384418576956,0
2023-11-27 20:00:00+00:00,0.006729203276336193,0.006731740199029446,0.006727075669914484,0.0067284791730344296,0.0067284791730344296,0
2023-11-27 21:00:00+00:00,0.006728252861648798,0.006728660315275192,0.0067251306027174,0.0067263515666127205,0.0067263515666127205,0
2023-11-27 22:00:00+00:00,0.006728524342179298,0.006731740199029446,0.006725899409502745,0.006727754604071379,0.006727754604071379,0
2023-11-27 23:00:00+00:00,0.006727844942361116,0.006740452256053686,0.006727800238877535,0.006737137213349342,0.006737137213349342,0
2023-11-28 00:00:00+00:00,0.006737908814102411,0.006753471214324236,0.006737818010151386,0.006750325206667185,0.006750325206667185,0
2023-11-28 01:00:00+00:00,0.006750462576746941,0.006755935028195381,0.006740316282957792,0.006747865583747625,0.006747865583747625,0
2023-11-28 02:00:00+00:00,0.006747592706233263,0.0067583550699055195,0.00674336077645421,0.006753562018275261,0.006753562018275261,0
2023-11-28 03:00:00+00:00,0.006753562018275261,0.00675511360168457,0.006744179874658585,0.006747137755155563,0.006747137755155563,0
2023-11-28 04:00:00+00:00,0.006747137755155563,0.0067511918023228645,0.00674559036269784,0.0067483666352927685,0.0067483666352927685,0
2023-11-28 05:00:00+00:00,0.006748412270098925,0.006748640444129705,0.006739270873367786,0.006743816193193197,0.006743816193193197,0
2023-11-28 06:00:00+00:00,0.006743997801095247,0.006749915890395641,0.006740042939782143,0.006740543060004711,0.006740543060004711,0
2023-11-28 07:00:00+00:00,0.006740543060004711,0.006743406876921654,0.0067319669760763645,0.0067337797954678535,0.0067337797954678535,0
2023-11-28 08:00:00+00:00,0.006733598653227091,0.006735503673553467,0.00671907514333725,0.006725447252392769,0.006725447252392769,0
2023-11-28 09:00:00+00:00,0.006725673098117113,0.006733417045325041,0.0067252665758132935,0.006732193753123283,0.006732193753123283,0
2023-11-28 10:00:00+00:00,0.006732374895364046,0.006733190268278122,0.006724949926137924,0.006729293614625931,0.006729293614625931,0
2023-11-28 11:00:00+00:00,0.0067290677689015865,0.006738635711371899,0.006727573927491903,0.006730290129780769,0.006730290129780769,0
2023-11-28 12:00:00+00:00,0.006730245426297188,0.006740906275808811,0.006728569511324167,0.006733553484082222,0.006733553484082222,0
2023-11-28 13:00:00+00:00,0.00673382543027401,0.006743543315678835,0.006725220941007137,0.006740270648151636,0.006740270648151636,0
2023-11-28 14:00:00+00:00,0.006740316282957792,0.006749642081558704,0.006734052207320929,0.006744361482560635,0.006744361482560635,0
2023-11-28 15:00:00+00:00,0.006744634360074997,0.006770480889827013,0.006739180069416761,0.006762697361409664,0.006762697361409664,0
2023-11-28 16:00:00+00:00,0.0067626056261360645,0.00678467471152544,0.006760731339454651,0.006783017888665199,0.006783017888665199,0
2023-11-28 17:00:00+00:00,0.006783294025808573,0.0067880828864872456,0.00677424157038331,0.0067770881578326225,0.0067770881578326225,0
2023-11-28 18:00:00+00:00,0.006777317728847265,0.006779660936444998,0.006769838742911816,0.006776077672839165,0.006776077672839165,0
2023-11-28 19:00:00+00:00,0.006775940302759409,0.006784951314330101,0.006775940302759409,0.006783110089600086,0.006783110089600086,0
2023-11-28 20:00:00+00:00,0.006783294025808573,0.00678361626341939,0.006777593400329351,0.006780626252293587,0.006780626252293587,0
2023-11-28 21:00:00+00:00,0.006780580617487431,0.006782282143831253,0.0067789251916110516,0.00678067235276103,0.00678067235276103,0
2023-11-28 22:00:00+00:00,0.006780810188502073,0.006785918027162552,0.0067781442776322365,0.006783340126276016,0.006783340126276016,0
2023-11-28 23:00:00+00:00,0.006783248391002417,0.006802119314670563,0.0067829261533916,0.006799853406846523,0.006799853406846523,0
2023-11-29 00:00:00+00:00,0.0067998068407177925,0.006813149433583021,0.006791494321078062,0.006812221370637417,0.006812221370637417,0
2023-11-29 01:00:00+00:00,0.0068120816722512245,0.006818259600549936,0.006804758217185736,0.006807259749621153,0.006807259749621153,0
2023-11-29 02:00:00+00:00,0.0068076299503445625,0.006812267005443573,0.006798697169870138,0.006801240611821413,0.006801240611821413,0
2023-11-29 03:00:00+00:00,0.006801425479352474,0.006803276017308235,0.006787852384150028,0.006789281032979488,0.006789281032979488,0
2023-11-29 04:00:00+00:00,0.006789557635784149,0.006799621973186731,0.00678877392783761,0.006798651069402695,0.006798651069402695,0
2023-11-29 05:00:00+00:00,0.006798512302339077,0.006805266719311476,0.006794355344027281,0.006796109490096569,0.006796109490096569,0
2023-11-29 06:00:00+00:00,0.006796340923756361,0.006801934447139502,0.006790571846067905,0.006795139983296394,0.006795139983296394,0
2023-11-29 07:00:00+00:00,0.006795001216232777,0.006797958165407181,0.006785825826227665,0.006786608602851629,0.006786608602851629,0
2023-11-29 08:00:00+00:00,0.006786793004721403,0.006792786065489054,0.006780810188502073,0.006790156941860914,0.006790156941860914,0
2023-11-29 09:00:00+00:00,0.006790433544665575,0.006794631946831942,0.006772682070732117,0.006776812486350536,0.006776812486350536,0
2023-11-29 10:00:00+00:00,0.006776629015803337,0.006782143842428923,0.006765076424926519,0.006767273414880037,0.006767273414880037,0
2023-11-29 11:00:00+00:00,0.006767227780073881,0.006774608511477709,0.006766677834093571,0.00677442504093051,0.00677442504093051,0
2023-11-29 12:00:00+00:00,0.006774103734642267,0.0067778234370052814,0.006767960265278816,0.00677456334233284,0.00677456334233284,0
2023-11-29 13:00:00+00:00,0.00677465507760644,0.006788912694901228,0.006766265723854303,0.006769243162125349,0.006769243162125349,0
2023-11-29 14:00:00+00:00,0.006769334431737661,0.006785733625292778,0.0067610968835651875,0.006784169003367424,0.006784169003367424,0
2023-11-29 15:00:00+00:00,0.006784260738641024,0.006797357462346554,0.006769976578652859,0.00678467471152544,0.00678467471152544,0
2023-11-29 16:00:00+00:00,0.006784813012927771,0.006790618412196636,0.006780901923775673,0.00678476644679904,0.00678476644679904,0
2023-11-29 17:00:00+00:00,0.006784996949136257,0.006791171617805958,0.00678145419806242,0.006790525279939175,0.006790525279939175,0
2023-11-29 18:00:00+00:00,0.00679080281406641,0.0067969877272844315,0.0067874835804104805,0.006794355344027281,0.006794355344027281,0
2023-11-29 19:00:00+00:00,0.006794447544962168,0.006799344439059496,0.006788266822695732,0.0067915404215455055,0.0067915404215455055,0
2023-11-29 20:00:00+00:00,0.0067915404215455055,0.006792186293751001,0.006785918027162552,0.006788266822695732,0.006788266822695732,0
2023-11-29 21:00:00+00:00,0.00678840558975935,0.006794170942157507,0.006788266822695732,0.00679186312481761,0.00679186312481761,0
2023-11-29 22:00:00+00:00,0.006792186293751001,0.006801240611821413,0.006791817490011454,0.00679943710565567,0.00679943710565567,0
2023-11-29 23:00:00+00:00,0.0067998068407177925,0.006810504477471113,0.006797495298087597,0.006800916511565447,0.006800916511565447,0
2023-11-30 00:00:00+00:00,0.006800361908972263,0.006808278616517782,0.006793986074626446,0.006803832016885281,0.006803832016885281,0
2023-11-30 01:00:00+00:00,0.006804016884416342,0.006804016884416342,0.0067954170517623425,0.006801055744290352,0.006801055744290352,0
2023-11-30 02:00:00+00:00,0.0068012867122888565,0.006806147750467062,0.0067944941110908985,0.006802258547395468,0.006802258547395468,0
2023-11-30 03:00:00+00:00,0.006802304647862911,0.006803230382502079,0.006796941161155701,0.006798604503273964,0.006798604503273964,0
2023-11-30 04:00:00+00:00,0.006798512302339077,0.006802813615649939,0.006795694585889578,0.006800639443099499,0.006800639443099499,0
2023-11-30 05:00:00+00:00,0.006800870876759291,0.006805128417909145,0.006797357462346554,0.0068013789132237434,0.0068013789132237434,0
2023-11-30 06:00:00+00:00,0.0068013789132237434,0.006809206213802099,0.006798142567276955,0.00680485088378191,0.00680485088378191,0
2023-11-30 07:00:00+00:00,0.0068046655505895615,0.006806610617786646,0.0067904796451330185,0.00679994560778141,0.00679994560778141,0
2023-11-30 08:00:00+00:00,0.006799853406846523,0.00680498918518424,0.006793339736759663,0.006795139983296394,0.006795139983296394,0
2023-11-30 09:00:00+00:00,0.006795001216232777,0.0068003153428435326,0.00678145419806242,0.006783707998692989,0.006783707998692989,0
2023-11-30 10:00:00+00:00,0.006783524062484503,0.006783938501030207,0.0067733703181147575,0.006776491180062294,0.006776491180062294,0
2023-11-30 11:00:00+00:00,0.0067765372805297375,0.006777501665055752,0.006768418941646814,0.006770297419279814,0.006770297419279814,0
2023-11-30 12:00:00+00:00,0.006770159583538771,0.006779983174055815,0.00676695303991437,0.006776352878659964,0.006776352878659964,0
2023-11-30 13:00:00+00:00,0.006776582915335894,0.0067934319376945496,0.006761553697288036,0.006761965341866016,0.006761965341866016,0
2023-11-30 14:00:00+00:00,0.006762147881090641,0.006762330885976553,0.006733099929988384,0.006740179844200611,0.006740179844200611,0
2023-11-30 15:00:00+00:00,0.006740089040249586,0.0067658997140824795,0.006737318821251392,0.006764435209333897,0.006764435209333897,0
2023-11-30 16:00:00+00:00,0.006764526944607496,0.006769884843379259,0.006758720614016056,0.006762742530554533,0.006762742530554533,0
2023-11-30 17:00:00+00:00,0.0067627886310219765,0.006765808444470167,0.006746864411979914,0.006747182924300432,0.006747182924300432,0
2023-11-30 18:00:00+00:00,0.006747410632669926,0.006755022797733545,0.006744543556123972,0.006746682804077864,0.006746682804077864,0
2023-11-30 19:00:00+00:00,0.0067467279732227325,0.006751465145498514,0.006745408289134502,0.006747365463525057,0.006747365463525057,0
2023-11-30 20:00:00+00:00,0.00674709165468812,0.006748230662196875,0.006743043195456266,0.0067460001446306705,0.0067460001446306705,0
2023-11-30 21:00:00+00:00,0.006745863240212202,0.006749368738383055,0.006745499558746815,0.0067487312480807304,0.0067487312480807304,0
2023-11-30 22:00:00+00:00,0.006749095860868692,0.006750690285116434,0.006747957319021225,0.006749642081558704,0.006749642081558704,0
2023-11-30 23:00:00+00:00,0.0067496877163648605,0.006760273594409227,0.006749095860868692,0.006756939459592104,0.006756939459592104,0
2023-12-01 00:00:00+00:00,0.006757030729204416,0.006769105792045593,0.006755798123776913,0.006767731625586748,0.006767731625586748,0
2023-12-01 01:00:00+00:00,0.006767640355974436,0.006775159388780594,0.006767044775187969,0.006770159583538771,0.006770159583538771,0
2023-12-01 02:00:00+00:00,0.006770068313926458,0.006772314663976431,0.006757121998816729,0.006757258903235197,0.006757258903235197,0
2023-12-01 03:00:00+00:00,0.006757441442459822,0.0067586749792099,0.0067484574392437935,0.006751373875886202,0.006751373875886202,0
2023-12-01 04:00:00+00:00,0.006751236971467733,0.006757030729204416,0.0067496877163648605,0.00675315223634243,0.00675315223634243,0
2023-12-01 05:00:00+00:00,0.006753015331923962,0.0067560262978076935,0.006749915890395641,0.0067539275623857975,0.0067539275623857975,0
2023-12-01 06:00:00+00:00,0.0067539275623857975,0.006756300572305918,0.006745225749909878,0.006747865583747625,0.006747865583747625,0
2023-12-01 07:00:00+00:00,0.006748048588633537,0.0067539275623857975,0.006742406170815229,0.006743043195456266,0.006743043195456266,0
2023-12-01 08:00:00+00:00,0.00674317916855216,0.006766082718968391,0.006743043195456266,0.006763154175132513,0.006763154175132513,0
2023-12-01 09:00:00+00:00,0.006763109005987644,0.0067710308358073235,0.006761005148291588,0.006763292010873556,0.006763292010873556,0
2023-12-01 10:00:00+00:00,0.006763337180018425,0.006766174454241991,0.006754338275641203,0.006757715251296759,0.006757715251296759,0
2023-12-01 11:00:00+00:00,0.006757715251296759,0.006760182324796915,0.006748685613274574,0.006750917993485928,0.006750917993485928,0
2023-12-01 12:00:00+00:00,0.006750735454261303,0.006756300572305918,0.006740951910614967,0.006744407583028078,0.006744407583028078,0
2023-12-01 13:00:00+00:00,0.006744225509464741,0.006758766248822212,0.006742815487086773,0.0067482758313417435,0.0067482758313417435,0
2023-12-01 14:00:00+00:00,0.0067483666352927685,0.006755569949746132,0.006745180580765009,0.006753699388355017,0.006753699388355017,0
2023-12-01 15:00:00+00:00,0.006753699388355017,0.006787299644201994,0.006753516849130392,0.0067756641656160355,0.0067756641656160355,0
2023-12-01 16:00:00+00:00,0.006775802467018366,0.006809762213379145,0.006763748824596405,0.006802720949053764,0.006802720949053764,0
2023-12-01 17:00:00+00:00,0.006802906282246113,0.006810829509049654,0.00679791159927845,0.006809716112911701,0.006809716112911701,0
2023-12-01 18:00:00+00:00,0.006809576880186796,0.006818631198257208,0.006807954516261816,0.006814170628786087,0.006814170628786087,0
2023-12-01 19:00:00+00:00,0.006813938729465008,0.006815842818468809,0.006806100718677044,0.006809855345636606,0.006809855345636606,0
2023-12-01 20:00:00+00:00,0.0068098087795078754,0.006812731735408306,0.006807352416217327,0.006808650214225054,0.006808650214225054,0
2023-12-01 21:00:00+00:00,0.006808742880821228,0.006813892163336277,0.006808463949710131,0.006813288666307926,0.006813288666307926,0
2023-12-04 00:00:00+00:00,0.006832421757280827,0.006839009467512369,0.006823190487921238,0.00682589178904891,0.00682589178904891,0
2023-12-04 01:00:00+00:00,0.006825938355177641,0.006828035693615675,0.00681519228965044,0.006819281727075577,0.006819281727075577,0
2023-12-04 02:00:00+00:00,0.006819328758865595,0.006827429868280888,0.006818677298724651,0.006822213064879179,0.006822213064879179,0
2023-12-04 03:00:00+00:00,0.006822399329394102,0.006825938355177641,0.0068150535225868225,0.0068150535225868225,0.0068150535225868225,0
2023-12-04 04:00:00+00:00,0.006815099623054266,0.006816446781158447,0.006810643710196018,0.0068123601377010345,0.0068123601377010345,0
2023-12-04 05:00:00+00:00,0.0068123601377010345,0.0068153319880366325,0.006807722616940737,0.00681171054020524,0.00681171054020524,0
2023-12-04 06:00:00+00:00,0.006811571307480335,0.006822399329394102,0.006811247207224369,0.006814217194914818,0.006814217194914818,0
2023-12-04 07:00:00+00:00,0.00681435689330101,0.006821328774094582,0.00680378545075655,0.00680420221760869,0.00680420221760869,0
2023-12-04 08:00:00+00:00,0.006804479751735926,0.006813521031290293,0.006797541864216328,0.006812267005443573,0.006812267005443573,0
2023-12-04 09:00:00+00:00,0.006812453269958496,0.006822817958891392,0.006812174338847399,0.006820631213486195,0.006820631213486195,0
2023-12-04 10:00:00+00:00,0.006820723880082369,0.0068279895931482315,0.006813521031290293,0.00682333018630743,0.00682333018630743,0
2023-12-04 11:00:00+00:00,0.0068231443874537945,0.006826870609074831,0.006817748304456472,0.00682407571002841,0.00682407571002841,0
2023-12-04 12:00:00+00:00,0.006824121810495853,0.006827056873589754,0.006817701272666454,0.006821095943450928,0.006821095943450928,0
2023-12-04 13:00:00+00:00,0.0068208640441298485,0.0068241688422858715,0.0068136597983539104,0.006818724330514669,0.006818724330514669,0
2023-12-04 14:00:00+00:00,0.006818816997110844,0.006819421891123056,0.006799297872930765,0.0068138460628688335,0.0068138460628688335,0
2023-12-04 15:00:00+00:00,0.006813938729465008,0.006827523000538349,0.006795186549425125,0.006798096466809511,0.006798096466809511,0
2023-12-04 16:00:00+00:00,0.006797958165407181,0.006805128417909145,0.006791309919208288,0.006795786786824465,0.006795786786824465,0
2023-12-04 17:00:00+00:00,0.006795786786824465,0.00679892860352993,0.00679080281406641,0.006791125051677227,0.006791125051677227,0
2023-12-04 18:00:00+00:00,0.006791263818740845,0.006792370695620775,0.006781913805752993,0.006784628611057997,0.006784628611057997,0
2023-12-04 19:00:00+00:00,0.00678467471152544,0.006789603736251593,0.006782787851989269,0.006789234466850758,0.006789234466850758,0
2023-12-04 20:00:00+00:00,0.006789142731577158,0.0067919096909463406,0.006786378100514412,0.006789512000977993,0.006789512000977993,0
2023-12-04 21:00:00+00:00,0.006789419800043106,0.006794816814363003,0.0067891888320446014,0.0067932941019535065,0.0067932941019535065,0
2023-12-04 22:00:00+00:00,0.006793570704758167,0.006798835936933756,0.006792462896555662,0.00679791159927845,0.00679791159927845,0
2023-12-04 23:00:00+00:00,0.006797818932682276,0.006798327434808016,0.006786839105188847,0.006787346210330725,0.006787346210330725,0
2023-12-05 00:00:00+00:00,0.006788820493966341,0.006804248783737421,0.006785135250538588,0.006801934447139502,0.006801934447139502,0
2023-12-05 01:00:00+00:00,0.00680174957960844,0.00680406391620636,0.006790111307054758,0.006795370951294899,0.006795370951294899,0
2023-12-05 02:00:00+00:00,0.0067953248508274555,0.006799020804464817,0.006790295243263245,0.006790433544665575,0.006790433544665575,0
2023-12-05 03:00:00+00:00,0.006790618412196636,0.006797634530812502,0.006789926905184984,0.006795047782361507,0.006795047782361507,0
2023-12-05 04:00:00+00:00,0.006795001216232777,0.006801148410886526,0.006794355344027281,0.006795648019760847,0.006795648019760847,0
2023-12-05 05:00:00+00:00,0.006795832887291908,0.006802072748541832,0.006795463617891073,0.0068015181459486485,0.0068015181459486485,0
2023-12-05 06:00:00+00:00,0.0068015181459486485,0.006814681459218264,0.006800731644034386,0.0068069808185100555,0.0068069808185100555,0
2023-12-05 07:00:00+00:00,0.006806795950978994,0.006813938729465008,0.006803739350289106,0.006810365244746208,0.006810365244746208,0
2023-12-05 08:00:00+00:00,0.00681045837700367,0.006817748304456472,0.00679994560778141,0.006801842246204615,0.006801842246204615,0
2023-12-05 09:00:00+00:00,0.006801887881010771,0.006802628748118877,0.006795878987759352,0.006800130475312471,0.006800130475312471,0
2023-12-05 10:00:00+00:00,0.00679994560778141,0.006802767515182495,0.00679430877789855,0.006800223141908646,0.006800223141908646,0
2023-12-05 11:00:00+00:00,0.00679994560778141,0.006806332617998123,0.006797218229621649,0.006801887881010771,0.006801887881010771,0
2023-12-05 12:00:00+00:00,0.00680174957960844,0.006802072748541832,0.006793662905693054,0.00679943710565567,0.00679943710565567,0
2023-12-05 13:00:00+00:00,0.006799529306590557,0.006813335232436657,0.00679791159927845,0.006812267005443573,0.006812267005443573,0
2023-12-05 14:00:00+00:00,0.006812314037233591,0.006812731735408306,0.006791770923882723,0.00679430877789855,0.00679430877789855,0
2023-12-05 15:00:00+00:00,0.006795278750360012,0.0068232836201786995,0.00678997253999114,0.006797958165407181,0.006797958165407181,0
2023-12-05 16:00:00+00:00,0.0067978654988110065,0.006803739350289106,0.006787253078073263,0.006790249142795801,0.006790249142795801,0
2023-12-05 17:00:00+00:00,0.006790019106119871,0.006799205671995878,0.006789465434849262,0.006796756759285927,0.006796756759285927,0
2023-12-05 18:00:00+00:00,0.006796941161155701,0.006797634530812502,0.006784720811992884,0.0067890966311097145,0.0067890966311097145,0
2023-12-05 19:00:00+00:00,0.006789050530642271,0.0067919096909463406,0.006786747369915247,0.006790940649807453,0.006790940649807453,0
2023-12-05 20:00:00+00:00,0.006791125051677227,0.0067944941110908985,0.006789926905184984,0.006793339736759663,0.006793339736759663,0
2023-12-05 21:00:00+00:00,0.006793339736759663,0.006796433124691248,0.006792509462684393,0.006796017289161682,0.006796017289161682,0
2023-12-05 22:00:00+00:00,0.006796433124691248,0.006802860181778669,0.006792094092816114,0.006799113471060991,0.006799113471060991,0
2023-12-05 23:00:00+00:00,0.006799067370593548,0.006799252238124609,0.006793893873691559,0.006794447544962168,0.006794447544962168,0
2023-12-06 00:00:00+00:00,0.006794263143092394,0.00679777329787612,0.006789142731577158,0.006792324595153332,0.006792324595153332,0
2023-12-06 01:00:00+00:00,0.006792555097490549,0.006798835936933756,0.006788958329707384,0.006790710613131523,0.006790710613131523,0
2023-12-06 02:00:00+00:00,0.006790571846067905,0.006794170942157507,0.006784398574382067,0.00678711524233222,0.00678711524233222,0
2023-12-06 03:00:00+00:00,0.0067869313061237335,0.006792509462684393,0.006785457953810692,0.006790295243263245,0.006790295243263245,0
2023-12-06 04:00:00+00:00,0.006790249142795801,0.006790940649807453,0.006787852384150028,0.006790203042328358,0.006790203042328358,0
2023-12-06 05:00:00+00:00,0.006790156941860914,0.006796433124691248,0.006789281032979488,0.006794816814363003,0.006794816814363003,0
2023-12-06 06:00:00+00:00,0.006794770713895559,0.006796248722821474,0.006790664047002792,0.0067945863120257854,0.0067945863120257854,0
2023-12-06 07:00:00+00:00,0.0067944941110908985,0.006806055083870888,0.0067944941110908985,0.0068043870851397514,0.0068043870851397514,0
2023-12-06 08:00:00+00:00,0.0068043870851397514,0.00680776871740818,0.006792232394218445,0.006792878266423941,0.006792878266423941,0
2023-12-06 09:00:00+00:00,0.006793109234422445,0.006798789370805025,0.006785595323890448,0.006787990685552359,0.006787990685552359,0
2023-12-06 10:00:00+00:00,0.006788037251681089,0.006788820493966341,0.006783248391002417,0.006786378100514412,0.006786378100514412,0
2023-12-06 11:00:00+00:00,0.006786194164305925,0.006786470301449299,0.0067797075025737286,0.006784490309655666,0.006784490309655666,0
2023-12-06 12:00:00+00:00,0.006784352939575911,0.006791724823415279,0.00678306445479393,0.006790019106119871,0.006790019106119871,0
2023-12-06 13:00:00+00:00,0.006789833772927523,0.006802860181778669,0.006789741571992636,0.006799160037189722,0.006799160037189722,0
2023-12-06 14:00:00+00:00,0.006799020804464817,0.00679943710565567,0.006787207443267107,0.006793893873691559,0.006793893873691559,0
2023-12-06 15:00:00+00:00,0.006794170942157507,0.006799482740461826,0.0067856875248253345,0.00679260166361928,0.00679260166361928,0
2023-12-06 16:00:00+00:00,0.00679260166361928,0.006797449663281441,0.0067890966311097145,0.006795278750360012,0.006795278750360012,0
2023-12-06 17:00:00+00:00,0.0067953248508274555,0.006798374000936747,0.00679260166361928,0.006792693864554167,0.006792693864554167,0
2023-12-06 18:00:00+00:00,0.006792832165956497,0.006793570704758167,0.006789234466850758,0.006790895015001297,0.006790895015001297,0
2023-12-06 19:00:00+00:00,0.006790664047002792,0.006792094092816114,0.006785180885344744,0.006786793004721403,0.006786793004721403,0
2023-12-06 20:00:00+00:00,0.006786747369915247,0.0067870235070586205,0.006783707998692989,0.0067856875248253345,0.0067856875248253345,0
2023-12-06 21:00:00+00:00,0.006785733625292778,0.006789741571992636,0.006785319186747074,0.006788497790694237,0.006788497790694237,0
2023-12-06 22:00:00+00:00,0.006789234466850758,0.006795832887291908,0.0067880828864872456,0.006791955325752497,0.006791955325752497,0
2023-12-06 23:00:00+00:00,0.006792416796088219,0.00679629435762763,0.006787622347474098,0.006796202156692743,0.006796202156692743,0
2023-12-07 00:00:00+00:00,0.0067945863120257854,0.006803924683481455,0.006793016567826271,0.006797818932682276,0.006797818932682276,0
2023-12-07 01:00:00+00:00,0.006798558868467808,0.00681198900565505,0.006797033827751875,0.006807166151702404,0.006807166151702404,0
2023-12-07 02:00:00+00:00,0.006807259749621153,0.006817375775426626,0.00680563785135746,0.00680869584903121,0.00680869584903121,0
2023-12-07 03:00:00+00:00,0.006809484213590622,0.006813288666307926,0.006803461816161871,0.0068092988803982735,0.0068092988803982735,0
2023-12-07 04:00:00+00:00,0.006809206213802099,0.006816307082772255,0.0068074907176196575,0.0068152849562466145,0.0068152849562466145,0
2023-12-07 05:00:00+00:00,0.0068153319880366325,0.006825565826147795,0.006811292842030525,0.00682407571002841,0.00682407571002841,0
2023-12-07 06:00:00+00:00,0.0068241688422858715,0.006842519156634808,0.006817980203777552,0.006835597101598978,0.006835597101598978,0
2023-12-07 07:00:00+00:00,0.006835737731307745,0.006872096098959446,0.0068356432020664215,0.0068628522567451,0.0068628522567451,0
2023-12-07 08:00:00+00:00,0.006863041315227747,0.006893889047205448,0.006862664129585028,0.006877437233924866,0.006877437233924866,0
2023-12-07 09:00:00+00:00,0.006877531763166189,0.006905505433678627,0.006876538973301649,0.006903264671564102,0.006903264671564102,0
2023-12-07 10:00:00+00:00,0.006903407163918018,0.006918500177562237,0.006897313054651022,0.006903550587594509,0.006903550587594509,0
2023-12-07 11:00:00+00:00,0.006903646048158407,0.006906983442604542,0.006885108537971973,0.006895505357533693,0.006895505357533693,0
2023-12-07 12:00:00+00:00,0.0068954103626310825,0.006897550541907549,0.006882217712700367,0.006894697435200214,0.006894697435200214,0
2023-12-07 13:00:00+00:00,0.006894697435200214,0.006909990217536688,0.006884302478283644,0.006904122419655323,0.006904122419655323,0
2023-12-07 14:00:00+00:00,0.006904074922204018,0.006926742848008871,0.006898645311594009,0.006914673373103142,0.006914673373103142,0
2023-12-07 15:00:00+00:00,0.006914385594427586,0.006947531830519438,0.006907986011356115,0.006942901760339737,0.006942901760339737,0
2023-12-07 16:00:00+00:00,0.00694299815222621,0.00695453817024827,0.006932457443326712,0.006939624901860952,0.006939624901860952,0
2023-12-07 17:00:00+00:00,0.006939673330634832,0.007061398588120937,0.0069292387925088406,0.006979974452406168,0.006979974452406168,0
2023-12-07 18:00:00+00:00,0.006980022881180048,0.0069910516031086445,0.006958506535738707,0.006969029549509287,0.006969029549509287,0
2023-12-07 19:00:00+00:00,0.006969029549509287,0.006977198179811239,0.006964127533137798,0.006970681715756655,0.006970681715756655,0
2023-12-07 20:00:00+00:00,0.006970827002078295,0.006971896160393953,0.006957586854696274,0.0069578769616782665,0.0069578769616782665,0
2023-12-07 21:00:00+00:00,0.0069578769616782665,0.006958360783755779,0.006935919169336557,0.006939721293747425,0.006939721293747425,0
2023-12-07 22:00:00+00:00,0.006939673330634832,0.006947194691747427,0.006932504940778017,0.0069340430200099945,0.0069340430200099945,0
2023-12-07 23:00:00+00:00,0.0069334181025624275,0.00695439288392663,0.006929094437509775,0.006930775474756956,0.006930775474756956,0
2023-12-08 00:00:00+00:00,0.006933082360774279,0.006993495859205723,0.006930535193532705,0.006982411723583937,0.006982411723583937,0
2023-12-08 01:00:00+00:00,0.006982411723583937,0.007017937488853931,0.006962285377085209,0.006974570453166962,0.006974570453166962,0
2023-12-08 02:00:00+00:00,0.006974570453166962,0.00699017196893692,0.006965582724660635,0.006971410475671291,0.006971410475671291,0
2023-12-08 03:00:00+00:00,0.006971458904445171,0.006971604656428099,0.006935967598110437,0.0069552636705338955,0.0069552636705338955,0
2023-12-08 04:00:00+00:00,0.0069552636705338955,0.00696461321786046,0.006945650093257427,0.006958457641303539,0.006958457641303539,0
2023-12-08 05:00:00+00:00,0.0069582159630954266,0.006963157560676336,0.006941600237041712,0.006947869900614023,0.006947869900614023,0
2023-12-08 06:00:00+00:00,0.006948111578822136,0.006953038740903139,0.006934187840670347,0.0069361114874482155,0.0069361114874482155,0
2023-12-08 07:00:00+00:00,0.006935967598110437,0.006947000976651907,0.006925447378307581,0.006940058432519436,0.006940058432519436,0
2023-12-08 08:00:00+00:00,0.006940058432519436,0.0069581675343215466,0.006931543815881014,0.006945360917598009,0.006945360917598009,0
2023-12-08 09:00:00+00:00,0.006945312954485416,0.006946471054106951,0.0069247279316186905,0.006930679548531771,0.006930679548531771,0
2023-12-08 10:00:00+00:00,0.006930679548531771,0.006937891710549593,0.0069217081181705,0.006923769600689411,0.006923769600689411,0
2023-12-08 11:00:00+00:00,0.0069236732088029385,0.006924536544829607,0.006912378594279289,0.006923194043338299,0.006923194043338299,0
2023-12-08 12:00:00+00:00,0.006923242472112179,0.006933033932000399,0.00692175654694438,0.006926455069333315,0.006926455069333315,0
2023-12-08 13:00:00+00:00,0.006926455069333315,0.006956425029784441,0.006886293180286884,0.006935101468116045,0.006935101468116045,0
2023-12-08 14:00:00+00:00,0.00693524582311511,0.0069361599162220955,0.006906506605446339,0.006931543815881014,0.006931543815881014,0
2023-12-08 15:00:00+00:00,0.006931735668331385,0.006951588671654463,0.006919505540281534,0.006920223589986563,0.006920223589986563,0
2023-12-08 16:00:00+00:00,0.006920128129422665,0.006925879046320915,0.0069005973637104034,0.006902311462908983,0.006902311462908983,0
2023-12-08 17:00:00+00:00,0.006902311462908983,0.006908988114446402,0.00689764553681016,0.006905934773385525,0.006905934773385525,0
2023-12-08 18:00:00+00:00,0.006905981805175543,0.006908176466822624,0.006898311898112297,0.006899644620716572,0.006899644620716572,0
2023-12-08 19:00:00+00:00,0.006899692118167877,0.00690474221482873,0.006898073945194483,0.006898407358676195,0.006898407358676195,0
2023-12-08 20:00:00+00:00,0.006898216903209686,0.006899883039295673,0.006896646693348885,0.006897218059748411,0.006897218059748411,0
2023-12-08 21:00:00+00:00,0.0068971700966358185,0.006903026252985001,0.006896551698446274,0.006900453940033913,0.006900453940033913,0
2023-12-11 00:00:00+00:00,0.006897265091538429,0.006903026252985001,0.006879045628011227,0.006880323868244886,0.006880323868244886,0
2023-12-11 01:00:00+00:00,0.006880512926727533,0.006881839130073786,0.0068694525398314,0.0068756407126784325,0.0068756407126784325,0
2023-12-11 02:00:00+00:00,0.006875546183437109,0.00687937717884779,0.00686973612755537,0.006877248175442219,0.006877248175442219,0
2023-12-11 03:00:00+00:00,0.00687738973647356,0.00688254926353693,0.006876065395772457,0.00687658553943038,0.00687658553943038,0
2023-12-11 04:00:00+00:00,0.00687658553943038,0.0068768225610256195,0.006864925846457481,0.006867942865937948,0.006867942865937948,0
2023-12-11 05:00:00+00:00,0.0068678962998092175,0.006875450722873211,0.0068658688105642796,0.006870207842439413,0.006870207842439413,0
2023-12-11 06:00:00+00:00,0.006869971752166748,0.006876728031784296,0.006863512098789215,0.006874884013086557,0.006874884013086557,0
2023-12-11 07:00:00+00:00,0.006874978542327881,0.0068813650868833065,0.006828082725405693,0.006831534206867218,0.006831534206867218,0
2023-12-11 08:00:00+00:00,0.006831674370914698,0.006850816309452057,0.00682789646089077,0.006838494911789894,0.006838494911789894,0
2023-12-11 09:00:00+00:00,0.0068384017795324326,0.0068463608622550964,0.006833541672676802,0.006840553600341082,0.006840553600341082,0
2023-12-11 10:00:00+00:00,0.0068405065685510635,0.006844814866781235,0.006836671847850084,0.006838448811322451,0.006838448811322451,0
2023-12-11 11:00:00+00:00,0.0068384017795324326,0.006843971088528633,0.006833868566900492,0.006841770373284817,0.006841770373284817,0
2023-12-11 12:00:00+00:00,0.0068418169394135475,0.0068418169394135475,0.006826591212302446,0.006832421757280827,0.006832421757280827,0
2023-12-11 13:00:00+00:00,0.00683246785774827,0.006838588509708643,0.00682589178904891,0.006835690699517727,0.006835690699517727,0
2023-12-11 14:00:00+00:00,0.0068357838317751884,0.006847064010798931,0.0068347095511853695,0.006837420165538788,0.006837420165538788,0
2023-12-11 15:00:00+00:00,0.006837326567620039,0.006842566188424826,0.00682589178904891,0.006829714402556419,0.006829714402556419,0
2023-12-11 16:00:00+00:00,0.006829901598393917,0.00683312164619565,0.006821793969720602,0.006829854566603899,0.006829854566603899,0
2023-12-11 17:00:00+00:00,0.0068300883285701275,0.006833868566900492,0.006826870609074831,0.006827616132795811,0.006827616132795811,0
2023-12-11 18:00:00+00:00,0.00682775629684329,0.006838775705546141,0.0068268240429461,0.006837139371782541,0.006837139371782541,0
2023-12-11 19:00:00+00:00,0.006837420165538788,0.006846126634627581,0.006837139371782541,0.006842238362878561,0.006842238362878561,0
2023-12-11 20:00:00+00:00,0.00684219179674983,0.0068426127545535564,0.006837653927505016,0.006839711219072342,0.006839711219072342,0
2023-12-11 21:00:00+00:00,0.00683975825086236,0.006844439543783665,0.006839430890977383,0.006842753384262323,0.006842753384262323,0
2023-12-11 22:00:00+00:00,0.006845470517873764,0.0068460796028375626,0.006840740796178579,0.0068426597863435745,0.0068426597863435745,0
2023-12-11 23:00:00+00:00,0.0068426597863435745,0.0068460325710475445,0.006841442547738552,0.006845611147582531,0.006845611147582531,0
2023-12-12 00:00:00+00:00,0.006847251206636429,0.006862805690616369,0.00684354966506362,0.006859086453914642,0.006859086453914642,0
2023-12-12 01:00:00+00:00,0.0068590398877859116,0.006871387828141451,0.00685711158439517,0.0068617695942521095,0.0068617695942521095,0
2023-12-12 02:00:00+00:00,0.006861863657832146,0.006867283023893833,0.0068576755002141,0.006857958156615496,0.006857958156615496,0
2023-12-12 03:00:00+00:00,0.006858052220195532,0.0068700192496180534,0.0068572526797652245,0.006868225988000631,0.006868225988000631,0
2023-12-12 04:00:00+00:00,0.006868320982903242,0.006871812976896763,0.006864265538752079,0.006871435325592756,0.006871435325592756,0
2023-12-12 05:00:00+00:00,0.006871293764561415,0.006881081033498049,0.006870255805552006,0.006878809537738562,0.006878809537738562,0
2023-12-12 06:00:00+00:00,0.006878809537738562,0.006880559958517551,0.006874175276607275,0.0068784779869019985,0.0068784779869019985,0
2023-12-12 07:00:00+00:00,0.0068787140771746635,0.006886198651045561,0.006873655132949352,0.006875498685985804,0.006875498685985804,0
2023-12-12 08:00:00+00:00,0.006875687278807163,0.006877626292407513,0.006866810843348503,0.006869783159345388,0.006869783159345388,0
2023-12-12 09:00:00+00:00,0.006869925186038017,0.006881412584334612,0.006867471616715193,0.00687710614874959,0.00687710614874959,0
2023-12-12 10:00:00+00:00,0.006877248175442219,0.006885630078613758,0.006874836981296539,0.0068830703385174274,0.0068830703385174274,0
2023-12-12 11:00:00+00:00,0.006882975809276104,0.006893984042108059,0.0068808915093541145,0.006888191215693951,0.006888191215693951,0
2023-12-12 12:00:00+00:00,0.006887953728437424,0.006894079502671957,0.006885630078613758,0.0068877642042934895,0.0068877642042934895,0
2023-12-12 13:00:00+00:00,0.0068877642042934895,0.006909560412168503,0.006862051784992218,0.006865821313112974,0.006865821313112974,0
2023-12-12 14:00:00+00:00,0.0068660094402730465,0.006882360205054283,0.006856265012174845,0.00686478428542614,0.00686478428542614,0
2023-12-12 15:00:00+00:00,0.006864972412586212,0.006873560603708029,0.006861957721412182,0.006865962874144316,0.006865962874144316,0
2023-12-12 16:00:00+00:00,0.006866151466965675,0.006877626292407513,0.0068650199100375175,0.0068745058961212635,0.0068745058961212635,0
2023-12-12 17:00:00+00:00,0.006874600425362587,0.00687587633728981,0.006861957721412182,0.006865161471068859,0.006865161471068859,0
2023-12-12 18:00:00+00:00,0.006865350063890219,0.0068747419863939285,0.006864501629024744,0.006867471616715193,0.006867471616715193,0
2023-12-12 19:00:00+00:00,0.006867283023893833,0.00686926394701004,0.00686478428542614,0.006868367549031973,0.006868367549031973,0
2023-12-12 20:00:00+00:00,0.006868415046483278,0.006874363869428635,0.006867283023893833,0.006873040925711393,0.006873040925711393,0
2023-12-12 21:00:00+00:00,0.006872804835438728,0.006874884013086557,0.006871482357382774,0.006874600425362587,0.006874600425362587,0
2023-12-12 22:00:00+00:00,0.0068761128932237625,0.0068779573775827885,0.006870774086564779,0.00687658553943038,0.00687658553943038,0
2023-12-12 23:00:00+00:00,0.0068766335025429726,0.006888191215693951,0.006874127313494682,0.006882501766085625,0.006882501766085625,0
2023-12-13 00:00:00+00:00,0.006882644258439541,0.0068841599859297276,0.006867942865937948,0.006872190628200769,0.006872190628200769,0
2023-12-13 01:00:00+00:00,0.006871907506138086,0.006880796980112791,0.006870821584016085,0.0068784779869019985,0.0068784779869019985,0
2023-12-13 02:00:00+00:00,0.0068784779869019985,0.006881744135171175,0.0068703023716807365,0.006871010642498732,0.006871010642498732,0
2023-12-13 03:00:00+00:00,0.006871152203530073,0.00687134126201272,0.006865161471068859,0.006867141462862492,0.006867141462862492,0
2023-12-13 04:00:00+00:00,0.006867141462862492,0.0068692173808813095,0.0068633705377578735,0.006864313036203384,0.006864313036203384,0
2023-12-13 05:00:00+00:00,0.006864171475172043,0.006873560603708029,0.006863888818770647,0.006869688630104065,0.006869688630104065,0
2023-12-13 06:00:00+00:00,0.006869783159345388,0.006871435325592756,0.006854808423668146,0.006855325307697058,0.006855325307697058,0
2023-12-13 07:00:00+00:00,0.006855419371277094,0.006859933957457542,0.006849643774330616,0.006858098786324263,0.006858098786324263,0
2023-12-13 08:00:00+00:00,0.00685833441093564,0.006861628033220768,0.006851473823189735,0.006856500171124935,0.006856500171124935,0
2023-12-13 09:00:00+00:00,0.0068566882982850075,0.006862711627036333,0.006853633560240269,0.0068572997115552425,0.0068572997115552425,0
2023-12-13 10:00:00+00:00,0.006857064086943865,0.006867707706987858,0.006854902487248182,0.006866151466965675,0.006866151466965675,0
2023-12-13 11:00:00+00:00,0.006866339594125748,0.006868367549031973,0.006863088347017765,0.006867046933621168,0.006867046933621168,0
2023-12-13 12:00:00+00:00,0.006867283023893833,0.006869971752166748,0.006861863657832146,0.006864313036203384,0.006864313036203384,0
2023-12-13 13:00:00+00:00,0.006864265538752079,0.006886625662446022,0.006862617563456297,0.006885677110403776,0.006885677110403776,0
2023-12-13 14:00:00+00:00,0.00688586663454771,0.0068948399275541306,0.006881744135171175,0.006884824018925428,0.006884824018925428,0
2023-12-13 15:00:00+00:00,0.006884824018925428,0.006890089251101017,0.006875450722873211,0.0068891397677361965,0.0068891397677361965,0
2023-12-13 16:00:00+00:00,0.006889282260090113,0.006892274133861065,0.006884586997330189,0.0068883332423865795,0.0068883332423865795,0
2023-12-13 17:00:00+00:00,0.006888191215693951,0.006895315367728472,0.006887431722134352,0.006888285744935274,0.006888285744935274,0
2023-12-13 18:00:00+00:00,0.006888285744935274,0.006893319543451071,0.006883543916046619,0.006892463658004999,0.006892463658004999,0
2023-12-13 19:00:00+00:00,0.0068925111554563046,0.006999026983976364,0.006892463658004999,0.006985923275351524,0.006985923275351524,0
2023-12-13 20:00:00+00:00,0.006985923275351524,0.007010951172560453,0.006979730911552906,0.006995159666985273,0.006995159666985273,0
2023-12-13 21:00:00+00:00,0.006995110306888819,0.006999957840889692,0.0069874366745352745,0.0069989291951060295,0.0069989291951060295,0
2023-12-13 22:00:00+00:00,0.00699937017634511,0.00703878328204155,0.006998635362833738,0.0070152790285646915,0.0070152790285646915,0
2023-12-13 23:00:00+00:00,0.007014934904873371,0.007023803424090147,0.0070008402690291405,0.007001820020377636,0.007001820020377636,0
2023-12-14 00:00:00+00:00,0.007003585807979107,0.007033585105091333,0.006997460033744574,0.007031853776425123,0.007031853776425123,0
2023-12-14 01:00:00+00:00,0.007031853776425123,0.00704007176682353,0.007018036209046841,0.007026320323348045,0.007026320323348045,0
2023-12-14 02:00:00+00:00,0.007026666309684515,0.007053379900753498,0.007021978497505188,0.0070456769317388535,0.0070456769317388535,0
2023-12-14 03:00:00+00:00,0.007045826409012079,0.007094513159245253,0.007045081816613674,0.007071835454553366,0.007071835454553366,0
2023-12-14 04:00:00+00:00,0.007071935571730137,0.007074537221342325,0.007053379900753498,0.007056814152747393,0.007056814152747393,0
2023-12-14 05:00:00+00:00,0.007056615315377712,0.007073636632412672,0.007048755884170532,0.007071435451507568,0.007071435451507568,0
2023-12-14 06:00:00+00:00,0.0070715355686843395,0.007074838038533926,0.007047911640256643,0.007063643075525761,0.007063643075525761,0
2023-12-14 07:00:00+00:00,0.007063643075525761,0.007071035914123058,0.007033536210656166,0.0070417579263448715,0.0070417579263448715,0
2023-12-14 08:00:00+00:00,0.007041857112199068,0.007066238671541214,0.007039576303213835,0.0070493025705218315,0.0070493025705218315,0
2023-12-14 09:00:00+00:00,0.0070493025705218315,0.0070725358091294765,0.007043394260108471,0.007068186532706022,0.007068186532706022,0
2023-12-14 10:00:00+00:00,0.0070678372867405415,0.0070680370554327965,0.007053728215396404,0.007063543424010277,0.007063543424010277,0
2023-12-14 11:00:00+00:00,0.007063443772494793,0.007080798968672752,0.007062495686113834,0.007071135565638542,0.007071135565638542,0
2023-12-14 12:00:00+00:00,0.007071285042911768,0.00707473699003458,0.007049849256873131,0.007060102187097073,0.007060102187097073,0
2023-12-14 13:00:00+00:00,0.007060402072966099,0.007061099633574486,0.007028197403997183,0.007049104198813438,0.007049104198813438,0
2023-12-14 14:00:00+00:00,0.007049253676086664,0.007061747834086418,0.007035267539322376,0.007057860027998686,0.007057860027998686,0
2023-12-14 15:00:00+00:00,0.007058009970933199,0.007067237515002489,0.007034723646938801,0.007058208808302879,0.007058208808302879,0
2023-12-14 16:00:00+00:00,0.007058159448206425,0.0070723858661949635,0.007054176181554794,0.0070652407594025135,0.0070652407594025135,0
2023-12-14 17:00:00+00:00,0.007065290119498968,0.007068986538797617,0.007056166883558035,0.007062296383082867,0.007062296383082867,0
2023-12-14 18:00:00+00:00,0.007062346674501896,0.007062495686113834,0.0070490045472979546,0.0070496005937457085,0.0070496005937457085,0
2023-12-14 19:00:00+00:00,0.007049650885164738,0.007052435074001551,0.00704170810058713,0.0070461733266711235,0.0070461733266711235,0
2023-12-14 20:00:00+00:00,0.007046223152428865,0.0070540267042815685,0.007043394260108471,0.007052185945212841,0.007052185945212841,0
2023-12-14 21:00:00+00:00,0.00705223623663187,0.007052583619952202,0.007044089026749134,0.007049253676086664,0.007049253676086664,0
2023-12-14 22:00:00+00:00,0.007050048094242811,0.0070523847825825214,0.007046620361506939,0.007047166582196951,0.007047166582196951,0
2023-12-14 23:00:00+00:00,0.007046968210488558,0.007051241584122181,0.007027011830359697,0.007027901243418455,0.007027901243418455,0
2023-12-15 00:00:00+00:00,0.0070285433903336525,0.007034228648990393,0.007019316777586937,0.0070296297781169415,0.0070296297781169415,0
2023-12-15 01:00:00+00:00,0.0070302230305969715,0.00703705009073019,0.007024839520454407,0.007025136146694422,0.007025136146694422,0
2023-12-15 02:00:00+00:00,0.007024889346212149,0.007047662977129221,0.007023162208497524,0.007040022406727076,0.007040022406727076,0
2023-12-15 03:00:00+00:00,0.007039972580969334,0.007052882574498653,0.007035861723124981,0.00704771326854825,0.00704771326854825,0
2023-12-15 04:00:00+00:00,0.007047464605420828,0.0070616984739899635,0.0070456769317388535,0.00705701345577836,0.00705701345577836,0
2023-12-15 05:00:00+00:00,0.007055121939629316,0.007064042612910271,0.007044932805001736,0.007047961466014385,0.007047961466014385,0
2023-12-15 06:00:00+00:00,0.007047911640256643,0.007049700245261192,0.007035663817077875,0.007044188212603331,0.007044188212603331,0
2023-12-15 07:00:00+00:00,0.007044436410069466,0.007052185945212841,0.007039576303213835,0.007043840829282999,0.007043840829282999,0
2023-12-15 08:00:00+00:00,0.0070437416434288025,0.0070596542209386826,0.007039279211312532,0.0070564160123467445,0.0070564160123467445,0
2023-12-15 09:00:00+00:00,0.007056714966893196,0.007062795106321573,0.007049948908388615,0.007053678389638662,0.007053678389638662,0
2023-12-15 10:00:00+00:00,0.007053529378026724,0.0070688361302018166,0.007052633911371231,0.0070576113648712635,0.0070576113648712635,0
2023-12-15 11:00:00+00:00,0.007057661190629005,0.007061398588120937,0.007052633911371231,0.007054971996694803,0.007054971996694803,0
2023-12-15 12:00:00+00:00,0.007054922636598349,0.0070684365928173065,0.0070540267042815685,0.007059155497699976,0.007059155497699976,0
2023-12-15 13:00:00+00:00,0.00705925514921546,0.007068186532706022,0.007019908633083105,0.007026666309684515,0.007026666309684515,0
2023-12-15 14:00:00+00:00,0.00702661694958806,0.007058607414364815,0.007026024162769318,0.0070510427467525005,0.0070510427467525005,0
2023-12-15 15:00:00+00:00,0.0070510427467525005,0.007070835679769516,0.007049849256873131,0.007055121939629316,0.007055121939629316,0
2023-12-15 16:00:00+00:00,0.007054971996694803,0.007059354800730944,0.0070477621629834175,0.007052185945212841,0.007052185945212841,0
2023-12-15 17:00:00+00:00,0.007051987107843161,0.007053230423480272,0.007038932293653488,0.007040419150143862,0.007040419150143862,0
2023-12-15 18:00:00+00:00,0.007040716242045164,0.007042253389954567,0.007029333151876926,0.007032002788037062,0.007032002788037062,0
2023-12-15 19:00:00+00:00,0.007031953427940607,0.007039972580969334,0.007026913110166788,0.007033634930849075,0.007033634930849075,0
2023-12-15 20:00:00+00:00,0.00703333830460906,0.007040766067802906,0.00703007448464632,0.007030271925032139,0.007030271925032139,0
2023-12-15 21:00:00+00:00,0.00703017320483923,0.0070368521846830845,0.007027406711131334,0.007035020738840103,0.007035020738840103,0
2023-12-18 00:00:00+00:00,0.007026221603155136,0.0070388829335570335,0.007019464857876301,0.007037892006337643,0.007037892006337643,0
2023-12-18 01:00:00+00:00,0.007037694100290537,0.007037892006337643,0.007020893972367048,0.00702982721850276,0.00702982721850276,0
2023-12-18 02:00:00+00:00,0.00702982721850276,0.007034426089376211,0.007023556623607874,0.007028642110526562,0.007028642110526562,0
2023-12-18 03:00:00+00:00,0.00702859228476882,0.007038387004286051,0.007027011830359697,0.007033783011138439,0.007033783011138439,0
2023-12-18 04:00:00+00:00,0.007033832836896181,0.007035119459033012,0.0070279501378536224,0.00703457510098815,0.00703457510098815,0
2023-12-18 05:00:00+00:00,0.007034475915133953,0.0070365057326853275,0.007030766922980547,0.007032298948615789,0.007032298948615789,0
2023-12-18 06:00:00+00:00,0.007032447960227728,0.007034921552985907,0.007025185041129589,0.007028098683804274,0.007028098683804274,0
2023-12-18 07:00:00+00:00,0.0070279501378536224,0.007033139932900667,0.0070217326283454895,0.007023212034255266,0.007023212034255266,0
2023-12-18 08:00:00+00:00,0.007023507729172707,0.0070271603763103485,0.0070153772830963135,0.007023556623607874,0.007023556623607874,0
2023-12-18 09:00:00+00:00,0.007023507729172707,0.0070305694825947285,0.007017888594418764,0.007018085569143295,0.007018085569143295,0
2023-12-18 10:00:00+00:00,0.007017937488853931,0.007020499557256699,0.007001379504799843,0.00700667779892683,0.00700667779892683,0
2023-12-18 11:00:00+00:00,0.007006628438830376,0.007011295296251774,0.007001869380474091,0.00700540142133832,0.00700540142133832,0
2023-12-18 12:00:00+00:00,0.007005548104643822,0.00700770877301693,0.006998145487159491,0.0070031932555139065,0.0070031932555139065,0
2023-12-18 13:00:00+00:00,0.007003242615610361,0.007008936256170273,0.006999125238507986,0.007002213038504124,0.007002213038504124,0
2023-12-18 14:00:00+00:00,0.007002065423876047,0.0070030465722084045,0.006991197820752859,0.0069949147291481495,0.0069949147291481495,0
2023-12-18 15:00:00+00:00,0.00699471915140748,0.006997508462518454,0.006985288579016924,0.00698738731443882,0.00698738731443882,0
2023-12-18 16:00:00+00:00,0.006987534463405609,0.006993985269218683,0.00698733888566494,0.006990709342062473,0.006990709342062473,0
2023-12-18 17:00:00+00:00,0.006990757770836353,0.006998537573963404,0.006989879067987204,0.0069969212636351585,0.0069969212636351585,0
2023-12-18 18:00:00+00:00,0.0069969212636351585,0.007001084741204977,0.006993887480348349,0.00699608912691474,0.00699608912691474,0
2023-12-18 19:00:00+00:00,0.006996040232479572,0.0069989291951060295,0.00699227349832654,0.00699873361736536,0.00699873361736536,0
2023-12-18 20:00:00+00:00,0.006998635362833738,0.00699878204613924,0.0069949631579220295,0.0069970679469406605,0.0069970679469406605,0
2023-12-18 21:00:00+00:00,0.006997362244874239,0.007005990017205477,0.0069962358102202415,0.007005891762673855,0.007005891762673855,0
2023-12-18 22:00:00+00:00,0.007005891762673855,0.007006578613072634,0.006996138021349907,0.0070030950009822845,0.0070030950009822845,0
2023-12-18 23:00:00+00:00,0.007003242615610361,0.007010606583207846,0.007000594865530729,0.007009526249021292,0.007009526249021292,0
2023-12-19 00:00:00+00:00,0.007008297834545374,0.007030271925032139,0.007008248940110207,0.007015525363385677,0.007015525363385677,0
2023-12-19 01:00:00+00:00,0.007015673443675041,0.007026814389973879,0.007013360038399696,0.0070152790285646915,0.0070152790285646915,0
2023-12-19 02:00:00+00:00,0.007015230134129524,0.007020007353276014,0.0069570052437484264,0.006960637867450714,0.006960637867450714,0
2023-12-19 03:00:00+00:00,0.006960831582546234,0.006981436163187027,0.00695478031411767,0.006967863999307156,0.006967863999307156,0
2023-12-19 04:00:00+00:00,0.006967766676098108,0.0069775390438735485,0.006963788066059351,0.006972479168325663,0.006972479168325663,0
2023-12-19 05:00:00+00:00,0.006972528528422117,0.006975154858082533,0.006964030675590038,0.006969078443944454,0.006969078443944454,0
2023-12-19 06:00:00+00:00,0.006969029549509287,0.0070185293443500996,0.0069573442451655865,0.0069619459100067616,0.0069619459100067616,0
2023-12-19 07:00:00+00:00,0.006961897015571594,0.006969757843762636,0.006931688170880079,0.006936977617442608,0.006936977617442608,0
2023-12-19 08:00:00+00:00,0.006936929188668728,0.0069376034662127495,0.00691128009930253,0.006915199104696512,0.006915199104696512,0
2023-12-19 09:00:00+00:00,0.006915103644132614,0.006925208028405905,0.006911184638738632,0.0069190263748168945,0.0069190263748168945,0
2023-12-19 10:00:00+00:00,0.006918882951140404,0.0069212778471410275,0.006898692809045315,0.006903264671564102,0.006903264671564102,0
2023-12-19 11:00:00+00:00,0.006903502624481916,0.006912856362760067,0.006899501662701368,0.006906506605446339,0.006906506605446339,0
2023-12-19 12:00:00+00:00,0.006906458642333746,0.006933610420674086,0.006906220689415932,0.006929334718734026,0.006929334718734026,0
2023-12-19 13:00:00+00:00,0.006929527036845684,0.006937074009329081,0.006921996362507343,0.006930679548531771,0.006930679548531771,0
2023-12-19 14:00:00+00:00,0.0069304876960814,0.006946036592125893,0.006923529785126448,0.006942130159586668,0.006942130159586668,0
2023-12-19 15:00:00+00:00,0.006942082196474075,0.006959813646972179,0.006940588355064392,0.006953812669962645,0.006953812669962645,0
2023-12-19 16:00:00+00:00,0.006953909527510405,0.006967378780245781,0.006950960494577885,0.006962915882468224,0.006962915882468224,0
2023-12-19 17:00:00+00:00,0.006962915882468224,0.006963497027754784,0.006951251067221165,0.006952507887035608,0.006952507887035608,0
2023-12-19 18:00:00+00:00,0.006952701136469841,0.006955312564969063,0.006949367001652718,0.006952120456844568,0.006952120456844568,0
2023-12-19 19:00:00+00:00,0.0069519272074103355,0.006956134922802448,0.006948111578822136,0.0069488356821238995,0.0069488356821238995,0
2023-12-19 20:00:00+00:00,0.006949028931558132,0.0069506228901445866,0.006946036592125893,0.006950235925614834,0.006950235925614834,0
2023-12-19 21:00:00+00:00,0.006950091570615768,0.0069532329216599464,0.006948255933821201,0.006953135598450899,0.006953135598450899,0
2023-12-19 22:00:00+00:00,0.006953135598450899,0.006957150995731354,0.006950670853257179,0.0069521693512797356,0.0069521693512797356,0
2023-12-19 23:00:00+00:00,0.0069517819210886955,0.006952362600713968,0.006946229375898838,0.006949800997972488,0.006949800997972488,0
2023-12-20 00:00:00+00:00,0.006948207970708609,0.006953861564397812,0.006939673330634832,0.0069521693512797356,0.0069521693512797356,0
2023-12-20 01:00:00+00:00,0.006952362600713968,0.006958263926208019,0.006946325767785311,0.0069521693512797356,0.0069521693512797356,0
2023-12-20 02:00:00+00:00,0.006952362600713968,0.00695468345656991,0.006944106891751289,0.006947869900614023,0.006947869900614023,0
2023-12-20 03:00:00+00:00,0.006947966758161783,0.006962139625102282,0.0069465674459934235,0.006959232967346907,0.006959232967346907,0
2023-12-20 04:00:00+00:00,0.006959475111216307,0.00697534903883934,0.0069578769616782665,0.006970049813389778,0.006970049813389778,0
2023-12-20 05:00:00+00:00,0.0069702924229204655,0.0069729662500321865,0.006958700250834227,0.006964321713894606,0.006964321713894606,0
2023-12-20 06:00:00+00:00,0.006964467465877533,0.006966504734009504,0.006955747026950121,0.006959184072911739,0.006959184072911739,0
2023-12-20 07:00:00+00:00,0.006959232967346907,0.006978172343224287,0.0069581675343215466,0.006966553628444672,0.006966553628444672,0
2023-12-20 08:00:00+00:00,0.006966601591557264,0.006971750408411026,0.006961800158023834,0.006965631619095802,0.006965631619095802,0
2023-12-20 09:00:00+00:00,0.006965680047869682,0.006976517383009195,0.006965582724660635,0.006972916889935732,0.006972916889935732,0
2023-12-20 10:00:00+00:00,0.006973014213144779,0.006978756282478571,0.006969029549509287,0.006975981872528791,0.006975981872528791,0
2023-12-20 11:00:00+00:00,0.006976029835641384,0.006980413105338812,0.006970049813389778,0.006975008174777031,0.006975008174777031,0
2023-12-20 12:00:00+00:00,0.006975154858082533,0.006975251715630293,0.0069618490524590015,0.006965485867112875,0.006965485867112875,0
2023-12-20 13:00:00+00:00,0.006965389009565115,0.006977783050388098,0.006964176427572966,0.006976079195737839,0.006976079195737839,0
2023-12-20 14:00:00+00:00,0.006976225413382053,0.006978269666433334,0.0069698067381978035,0.006976614240556955,0.006976614240556955,0
2023-12-20 15:00:00+00:00,0.006976614240556955,0.006977392826229334,0.006958312820643187,0.006959911435842514,0.006959911435842514,0
2023-12-20 16:00:00+00:00,0.006959765683859587,0.006961073260754347,0.006951976101845503,0.006955747026950121,0.006955747026950121,0
2023-12-20 17:00:00+00:00,0.006955699063837528,0.006957296282052994,0.006947435438632965,0.006949656642973423,0.006949656642973423,0
2023-12-20 18:00:00+00:00,0.006949849892407656,0.006956279743462801,0.006948401220142841,0.006953280884772539,0.006953280884772539,0
2023-12-20 19:00:00+00:00,0.006953377276659012,0.006955456919968128,0.0069489325396716595,0.006954005919396877,0.006954005919396877,0
2023-12-20 20:00:00+00:00,0.006954054813832045,0.006967184599488974,0.0069504291750490665,0.006956667173653841,0.006956667173653841,0
2023-12-20 21:00:00+00:00,0.006956472992897034,0.006966553628444672,0.006955843884497881,0.006966553628444672,0.006966553628444672,0
2023-12-20 22:00:00+00:00,0.006965631619095802,0.006974570453166962,0.006964370608329773,0.006972139701247215,0.006972139701247215,0
2023-12-20 23:00:00+00:00,0.006971993483603001,0.006973889656364918,0.006966941524296999,0.006968738045543432,0.006968738045543432,0
2023-12-21 00:00:00+00:00,0.006967427674680948,0.006977392826229334,0.006965340580791235,0.0069753979332745075,0.0069753979332745075,0
2023-12-21 01:00:00+00:00,0.006975300144404173,0.006996970158070326,0.006971847265958786,0.0069916872307658195,0.0069916872307658195,0
2023-12-21 02:00:00+00:00,0.0069916872307658195,0.007002702914178371,0.006987192202359438,0.006996970158070326,0.006996970158070326,0
2023-12-21 03:00:00+00:00,0.006996823474764824,0.007000007200986147,0.006991149391978979,0.006997312884777784,0.006997312884777784,0
2023-12-21 04:00:00+00:00,0.006997410673648119,0.007001820020377636,0.006994131486862898,0.006998831406235695,0.006998831406235695,0
2023-12-21 05:00:00+00:00,0.006998831406235695,0.007002310827374458,0.006990612018853426,0.006995159666985273,0.006995159666985273,0
2023-12-21 06:00:00+00:00,0.006995012518018484,0.00699721509590745,0.006984654348343611,0.006988413631916046,0.006988413631916046,0
2023-12-21 07:00:00+00:00,0.006988413631916046,0.006990514229983091,0.00697900028899312,0.006980461534112692,0.006980461534112692,0
2023-12-21 08:00:00+00:00,0.006980461534112692,0.0069855330511927605,0.006976517383009195,0.0069778310135006905,0.0069778310135006905,0
2023-12-21 09:00:00+00:00,0.006977977696806192,0.006993398070335388,0.00697369547560811,0.006989439018070698,0.006989439018070698,0
2023-12-21 10:00:00+00:00,0.006989585235714912,0.006995305884629488,0.0069863623939454556,0.006991833448410034,0.006991833448410034,0
2023-12-21 11:00:00+00:00,0.006992077920585871,0.007010656408965588,0.006991149391978979,0.00700633367523551,0.00700633367523551,0
2023-12-21 12:00:00+00:00,0.00700633367523551,0.007010951172560453,0.0070030465722084045,0.007004125509411097,0.007004125509411097,0
2023-12-21 13:00:00+00:00,0.007003684062510729,0.007038684096187353,0.006992077920585871,0.007031508255749941,0.007031508255749941,0
2023-12-21 14:00:00+00:00,0.007031458429992199,0.007036307360976934,0.007020352408289909,0.007028296124190092,0.007028296124190092,0
2023-12-21 15:00:00+00:00,0.007028443738818169,0.0070359609089791775,0.007012573536485434,0.007034129463136196,0.007034129463136196,0
2023-12-21 16:00:00+00:00,0.007034129463136196,0.007040270604193211,0.007029135711491108,0.007034080568701029,0.007034080568701029,0
2023-12-21 17:00:00+00:00,0.007034228648990393,0.007036703638732433,0.007025234866887331,0.007029085885733366,0.007029085885733366,0
2023-12-21 18:00:00+00:00,0.007029234431684017,0.0070312111638486385,0.007020598277449608,0.007024445105344057,0.007024445105344057,0
2023-12-21 19:00:00+00:00,0.00702439621090889,0.007033139932900667,0.0070232609286904335,0.007030668202787638,0.007030668202787638,0
2023-12-21 20:00:00+00:00,0.007030717097222805,0.007031656336039305,0.0070275054313242435,0.007030964363366365,0.007030964363366365,0
2023-12-21 21:00:00+00:00,0.007031162269413471,0.0070382882840931416,0.007029580418020487,0.007037198171019554,0.007037198171019554,0
2023-12-21 22:00:00+00:00,0.007037198171019554,0.007039279211312532,0.007028789725154638,0.007033189758658409,0.007033189758658409,0
2023-12-21 23:00:00+00:00,0.0070330910384655,0.007041906006634235,0.00703135970979929,0.007039774674922228,0.007039774674922228,0
2023-12-22 00:00:00+00:00,0.00703878328204155,0.007049253676086664,0.00703017320483923,0.007032942026853561,0.007032942026853561,0
2023-12-22 01:00:00+00:00,0.007032843306660652,0.007032843306660652,0.0070221759378910065,0.0070247408002614975,0.0070247408002614975,0
2023-12-22 02:00:00+00:00,0.00702469190582633,0.00702859228476882,0.007018725853413343,0.007022225297987461,0.007022225297987461,0
2023-12-22 03:00:00+00:00,0.007022225297987461,0.00702271843329072,0.00701503362506628,0.007015918847173452,0.007015918847173452,0
2023-12-22 04:00:00+00:00,0.007016017101705074,0.007025629747658968,0.007014689035713673,0.007023556623607874,0.007023556623607874,0
2023-12-22 05:00:00+00:00,0.007023457903414965,0.007024050690233707,0.0070153772830963135,0.00702242273837328,0.00702242273837328,0
2023-12-22 06:00:00+00:00,0.007022472098469734,0.007033238653093576,0.007020696997642517,0.00702533358708024,0.00702533358708024,0
2023-12-22 07:00:00+00:00,0.007025481201708317,0.007036109454929829,0.007023902144283056,0.007030766922980547,0.007030766922980547,0
2023-12-22 08:00:00+00:00,0.007030815817415714,0.007032942026853561,0.007023655343800783,0.0070315576158463955,0.0070315576158463955,0
2023-12-22 09:00:00+00:00,0.007031508255749941,0.007039873860776424,0.007031508255749941,0.007034623995423317,0.007034623995423317,0
2023-12-22 10:00:00+00:00,0.007034673821181059,0.00704324571415782,0.007033189758658409,0.0070362575352191925,0.0070362575352191925,0
2023-12-22 11:00:00+00:00,0.007036406546831131,0.007046223152428865,0.007033881731331348,0.007042402401566505,0.007042402401566505,0
2023-12-22 12:00:00+00:00,0.007042402401566505,0.00704547856003046,0.007032695226371288,0.007036307360976934,0.007036307360976934,0
2023-12-22 13:00:00+00:00,0.007036109454929829,0.007044386584311724,0.0070189726538956165,0.007040319964289665,0.007040319964289665,0
2023-12-22 14:00:00+00:00,0.007040468975901604,0.007047961466014385,0.0070380400866270065,0.007038932293653488,0.007038932293653488,0
2023-12-22 15:00:00+00:00,0.007039180025458336,0.007042055483907461,0.007021534722298384,0.007024296559393406,0.007024296559393406,0
2023-12-22 16:00:00+00:00,0.007024148944765329,0.007026221603155136,0.007009624503552914,0.007012573536485434,0.007012573536485434,0
2023-12-22 17:00:00+00:00,0.007012425921857357,0.007019415497779846,0.007009575143456459,0.0070174941793084145,0.0070174941793084145,0
2023-12-22 18:00:00+00:00,0.007017347030341625,0.007019119802862406,0.007014590315520763,0.007017051801085472,0.007017051801085472,0
2023-12-22 19:00:00+00:00,0.007017347030341625,0.007018332369625568,0.00701350811868906,0.007017937488853931,0.007017937488853931,0
2023-12-22 20:00:00+00:00,0.007017987314611673,0.0070203025825321674,0.0070149837993085384,0.0070189726538956165,0.0070189726538956165,0
2023-12-22 21:00:00+00:00,0.007018922828137875,0.007022915408015251,0.007017100695520639,0.007019760552793741,0.007019760552793741,0
2023-12-25 00:00:00+00:00,0.007020154502242804,0.007035267539322376,0.0070178392343223095,0.007030815817415714,0.007030815817415714,0
2023-12-25 01:00:00+00:00,0.0070315576158463955,0.007033139932900667,0.007026962004601955,0.007029431872069836,0.007029431872069836,0
2023-12-25 02:00:00+00:00,0.007027901243418455,0.007030865643173456,0.007026913110166788,0.007030271925032139,0.007030271925032139,0
2023-12-25 03:00:00+00:00,0.007030469831079245,0.007036703638732433,0.0070302230305969715,0.007036653812974691,0.007036653812974691,0
2023-12-25 04:00:00+00:00,0.007036653812974691,0.007037941366434097,0.007033189758658409,0.007034623995423317,0.007034623995423317,0
2023-12-25 05:00:00+00:00,0.007034327369183302,0.007034723646938801,0.007022127043455839,0.00702572800219059,0.00702572800219059,0
2023-12-25 06:00:00+00:00,0.00702572800219059,0.00702572800219059,0.007019119802862406,0.007019119802862406,0.007019119802862406,0
2023-12-25 07:00:00+00:00,0.007021387107670307,0.007024988066405058,0.007016608491539955,0.007021831348538399,0.007021831348538399,0
2023-12-25 08:00:00+00:00,0.0070247408002614975,0.007026863284409046,0.007023162208497524,0.00702439621090889,0.00702439621090889,0
2023-12-25 18:00:00+00:00,0.007024247664958239,0.007024247664958239,0.007023853249847889,0.007024198304861784,0.007024198304861784,0
2023-12-25 19:00:00+00:00,0.007024148944765329,0.007026419043540955,0.007021239027380943,0.007024050690233707,0.007024050690233707,0
2023-12-25 20:00:00+00:00,0.007024494931101799,0.00702883955091238,0.0070232609286904335,0.00702375452965498,0.00702375452965498,0
2023-12-25 21:00:00+00:00,0.007023457903414965,0.0070309145376086235,0.007021880242973566,0.0070309145376086235,0.0070309145376086235,0
2023-12-25 22:00:00+00:00,0.007027456536889076,0.007032447960227728,0.007024790626019239,0.007026567589491606,0.007026567589491606,0
2023-12-25 23:00:00+00:00,0.0070264688692986965,0.007035811897367239,0.007024642080068588,0.007030371110886335,0.007030371110886335,0
2023-12-26 00:00:00+00:00,0.007030469831079245,0.007038090378046036,0.007024839520454407,0.00702859228476882,0.00702859228476882,0
2023-12-26 01:00:00+00:00,0.007028691004961729,0.007030964363366365,0.007024839520454407,0.007029382977634668,0.007029382977634668,0
2023-12-26 02:00:00+00:00,0.007029431872069836,0.007033881731331348,0.00702533358708024,0.0070312609896063805,0.0070312609896063805,0
2023-12-26 03:00:00+00:00,0.007031162269413471,0.007034673821181059,0.007029926870018244,0.007032398134469986,0.007032398134469986,0
2023-12-26 04:00:00+00:00,0.007032546680420637,0.007033288478851318,0.007029085885733366,0.007029580418020487,0.007029580418020487,0
2023-12-26 05:00:00+00:00,0.007029382977634668,0.007033041212707758,0.007027357816696167,0.007029382977634668,0.007029382977634668,0
2023-12-26 06:00:00+00:00,0.007029333151876926,0.007031853776425123,0.007026814389973879,0.007028048858046532,0.007028048858046532,0
2023-12-26 07:00:00+00:00,0.007028147578239441,0.007029975764453411,0.007022619713097811,0.007026122882962227,0.007026122882962227,0
2023-12-26 08:00:00+00:00,0.0070260739885270596,0.007026863284409046,0.0070225209929049015,0.007023606449365616,0.007023606449365616,0
2023-12-26 09:00:00+00:00,0.007023606449365616,0.007025283761322498,0.00701621500775218,0.007017544005066156,0.007017544005066156,0
2023-12-26 10:00:00+00:00,0.0070173959247767925,0.007026814389973879,0.00701621500775218,0.0070254323072731495,0.0070254323072731495,0
2023-12-26 11:00:00+00:00,0.007025283761322498,0.007025777827948332,0.007022077217698097,0.007023655343800783,0.007023655343800783,0
2023-12-26 12:00:00+00:00,0.00702375452965498,0.007024247664958239,0.007019021548330784,0.00702375452965498,0.00702375452965498,0
2023-12-26 13:00:00+00:00,0.007023853249847889,0.007030717097222805,0.007022225297987461,0.0070240008644759655,0.0070240008644759655,0
2023-12-26 14:00:00+00:00,0.0070240008644759655,0.007026221603155136,0.007019415497779846,0.007023212034255266,0.007023212034255266,0
2023-12-26 15:00:00+00:00,0.00702301412820816,0.007024988066405058,0.007012475281953812,0.007012868765741587,0.007012868765741587,0
2023-12-26 16:00:00+00:00,0.0070126717910170555,0.007019661832600832,0.007010951172560453,0.00701843062415719,0.00701843062415719,0
2023-12-26 17:00:00+00:00,0.0070182825438678265,0.007021682802587748,0.007016460411250591,0.007019119802862406,0.007019119802862406,0
2023-12-26 18:00:00+00:00,0.007019119802862406,0.007022767793387175,0.0070166573859751225,0.0070178392343223095,0.0070178392343223095,0
2023-12-26 19:00:00+00:00,0.00701769208535552,0.007021929603070021,0.007017642259597778,0.00701887346804142,0.00701887346804142,0
2023-12-26 20:00:00+00:00,0.007018725853413343,0.007022767793387175,0.007018479518592358,0.007021042052656412,0.007021042052656412,0
2023-12-26 21:00:00+00:00,0.007020943332463503,0.007024642080068588,0.0070205493830144405,0.007023113314062357,0.007023113314062357,0
2023-12-26 22:00:00+00:00,0.007023063488304615,0.007027110550552607,0.007021831348538399,0.00702375452965498,0.00702375452965498,0
2023-12-26 23:00:00+00:00,0.007023705169558525,0.007027702871710062,0.00701887346804142,0.007019119802862406,0.007019119802862406,0
2023-12-27 00:00:00+00:00,0.007018233649432659,0.007019415497779846,0.00700044771656394,0.007007414009422064,0.007007414009422064,0
2023-12-27 01:00:00+00:00,0.007007266394793987,0.007012573536485434,0.007004566490650177,0.007012131158262491,0.007012131158262491,0
2023-12-27 02:00:00+00:00,0.007012229412794113,0.007020893972367048,0.007006235886365175,0.007018233649432659,0.007018233649432659,0
2023-12-27 03:00:00+00:00,0.007018332369625568,0.007020943332463503,0.007013999857008457,0.007014295551925898,0.007014295551925898,0
2023-12-27 04:00:00+00:00,0.0070143938064575195,0.0070148855447769165,0.007009673397988081,0.007013459224253893,0.007013459224253893,0
2023-12-27 05:00:00+00:00,0.007013459224253893,0.007015673443675041,0.007011737674474716,0.007014295551925898,0.007014295551925898,0
2023-12-27 06:00:00+00:00,0.007014344446361065,0.007016411516815424,0.007008739747107029,0.00700942799448967,0.00700942799448967,0
2023-12-27 07:00:00+00:00,0.007009526249021292,0.007010066881775856,0.007000938057899475,0.007003536447882652,0.007003536447882652,0
2023-12-27 08:00:00+00:00,0.007003782317042351,0.007020401302725077,0.00700240908190608,0.007010902278125286,0.007010902278125286,0
2023-12-27 09:00:00+00:00,0.007011049427092075,0.007019908633083105,0.0070102633908391,0.007013557478785515,0.007013557478785515,0
2023-12-27 10:00:00+00:00,0.007013606373220682,0.007016755640506744,0.0070098210126161575,0.00701109878718853,0.00701109878718853,0
2023-12-27 11:00:00+00:00,0.007011295296251774,0.007017347030341625,0.0070099192671477795,0.007015673443675041,0.007015673443675041,0
2023-12-27 12:00:00+00:00,0.007014836650341749,0.007017051801085472,0.007011393550783396,0.007013409864157438,0.007013409864157438,0
2023-12-27 13:00:00+00:00,0.007013212889432907,0.007016853895038366,0.007011393550783396,0.007014098111540079,0.007014098111540079,0
2023-12-27 14:00:00+00:00,0.007013999857008457,0.0070202043280005455,0.007011983077973127,0.007012327667325735,0.007012327667325735,0
2023-12-27 15:00:00+00:00,0.007012327667325735,0.0070325955748558044,0.007010213565081358,0.007032101508229971,0.007032101508229971,0
2023-12-27 16:00:00+00:00,0.007032002788037062,0.0070510427467525005,0.007030420936644077,0.007039427291601896,0.007039427291601896,0
2023-12-27 17:00:00+00:00,0.0070395274087786674,0.007039774674922228,0.007032843306660652,0.007037396542727947,0.007037396542727947,0
2023-12-27 18:00:00+00:00,0.007037297356873751,0.007045031990855932,0.007033881731331348,0.00704007176682353,0.00704007176682353,0
2023-12-27 19:00:00+00:00,0.007040121592581272,0.007064840756356716,0.007035861723124981,0.007047961466014385,0.007047961466014385,0
2023-12-27 20:00:00+00:00,0.007047961466014385,0.0070552704855799675,0.007047316059470177,0.007051887921988964,0.007051887921988964,0
2023-12-27 21:00:00+00:00,0.007051837630569935,0.0070554702542722225,0.00704801082611084,0.007051191292703152,0.007051191292703152,0
2023-12-27 22:00:00+00:00,0.0070515894331038,0.007065789774060249,0.007050992455333471,0.007062894757837057,0.007062894757837057,0
2023-12-27 23:00:00+00:00,0.007061798125505447,0.007073335815221071,0.007059106137603521,0.0070715355686843395,0.0070715355686843395,0
2023-12-28 00:00:00+00:00,0.0070703355595469475,0.0070838588289916515,0.007058507762849331,0.007063194643706083,0.007063194643706083,0
2023-12-28 01:00:00+00:00,0.007063244003802538,0.007073286455124617,0.007062097080051899,0.007072285749018192,0.007072285749018192,0
2023-12-28 02:00:00+00:00,0.0070721362717449665,0.007078944239765406,0.007070385850965977,0.00707168597728014,0.00707168597728014,0
2023-12-28 03:00:00+00:00,0.007071435451507568,0.007078142836689949,0.0070688361302018166,0.00707679009065032,0.00707679009065032,0
2023-12-28 04:00:00+00:00,0.007076740264892578,0.007086670026183128,0.007075989153236151,0.007082052994519472,0.007082052994519472,0
2023-12-28 05:00:00+00:00,0.007082002237439156,0.007087272126227617,0.007078042719513178,0.007084711920469999,0.007084711920469999,0
2023-12-28 06:00:00+00:00,0.007084711920469999,0.007088678888976574,0.007079846225678921,0.007086067460477352,0.007086067460477352,0
2023-12-28 07:00:00+00:00,0.0070862178690731525,0.007107017561793327,0.007084912620484829,0.007101415190845728,0.007101415190845728,0
2023-12-28 08:00:00+00:00,0.0071014659479260445,0.0071067651733756065,0.007088478188961744,0.007098743692040443,0.007098743692040443,0
2023-12-28 09:00:00+00:00,0.007098692934960127,0.007108836434781551,0.007094412576407194,0.007105906493961811,0.007105906493961811,0
2023-12-28 10:00:00+00:00,0.0071058557368814945,0.007110049482434988,0.007103230804204941,0.007108078338205814,0.007108078338205814,0
2023-12-28 11:00:00+00:00,0.007108128629624844,0.0071090892888605595,0.007100709713995457,0.007101616822183132,0.007101616822183132,0
2023-12-28 12:00:00+00:00,0.007101415190845728,0.007103785872459412,0.007093808613717556,0.007096577435731888,0.007096577435731888,0
2023-12-28 13:00:00+00:00,0.007096627727150917,0.007107219658792019,0.007085264194756746,0.007086017169058323,0.007086017169058323,0
2023-12-28 14:00:00+00:00,0.007086268626153469,0.007104997523128986,0.007086067460477352,0.0071045937947928905,0.0071045937947928905,0
2023-12-28 15:00:00+00:00,0.007104543037712574,0.0071304296143352985,0.007097282446920872,0.007098138798028231,0.007098138798028231,0
2023-12-28 16:00:00+00:00,0.007098239380866289,0.007099449168890715,0.007078894414007664,0.00708772474899888,0.00708772474899888,0
2023-12-28 17:00:00+00:00,0.0070876749232411385,0.007088277488946915,0.007071085274219513,0.007081200368702412,0.007081200368702412,0
2023-12-28 18:00:00+00:00,0.007081401068717241,0.007082754746079445,0.007062945049256086,0.007068086881190538,0.007068086881190538,0
2023-12-28 19:00:00+00:00,0.007068086881190538,0.007070435211062431,0.007063494063913822,0.007069386076182127,0.007069386076182127,0
2023-12-28 20:00:00+00:00,0.007069585844874382,0.007077742367982864,0.007069086190313101,0.007073836866766214,0.007073836866766214,0
2023-12-28 21:00:00+00:00,0.00707398634403944,0.007075588684529066,0.007070685736835003,0.007072185631841421,0.007072185631841421,0
2023-12-28 22:00:00+00:00,0.00707283616065979,0.007076038978993893,0.0070705353282392025,0.0070759388618171215,0.0070759388618171215,0
2023-12-28 23:00:00+00:00,0.007074887398630381,0.007079846225678921,0.007069236598908901,0.007070385850965977,0.007070385850965977,0
2023-12-29 00:00:00+00:00,0.007070435211062431,0.007074387278407812,0.007058856543153524,0.00706070102751255,0.00706070102751255,0
2023-12-29 01:00:00+00:00,0.00706070102751255,0.007069436367601156,0.0070603517815470695,0.0070680370554327965,0.0070680370554327965,0
2023-12-29 02:00:00+00:00,0.007068086881190538,0.007075238041579723,0.007065540179610252,0.0070705353282392025,0.0070705353282392025,0
2023-12-29 03:00:00+00:00,0.007070635911077261,0.007072786334902048,0.007066438440233469,0.007068137172609568,0.007068137172609568,0
2023-12-29 04:00:00+00:00,0.007068086881190538,0.007073286455124617,0.007067637052386999,0.007069285959005356,0.007069285959005356,0
2023-12-29 05:00:00+00:00,0.007069285959005356,0.007078894414007664,0.007068886421620846,0.007076689973473549,0.007076689973473549,0
2023-12-29 06:00:00+00:00,0.007076389621943235,0.0070822532288730145,0.007073736749589443,0.00708009721711278,0.00708009721711278,0
2023-12-29 07:00:00+00:00,0.00708009721711278,0.007085464894771576,0.007070736028254032,0.007071585860103369,0.007071585860103369,0
2023-12-29 08:00:00+00:00,0.0070717353373765945,0.00707583874464035,0.00706514110788703,0.007066838443279266,0.007066838443279266,0
2023-12-29 09:00:00+00:00,0.00706693809479475,0.007068336941301823,0.0070467195473611355,0.007047563791275024,0.007047563791275024,0
2023-12-29 10:00:00+00:00,0.007047415245324373,0.007059604395180941,0.007046571001410484,0.007056964095681906,0.007056964095681906,0
2023-12-29 11:00:00+00:00,0.00705726258456707,0.007065789774060249,0.007053976878523827,0.0070649404078722,0.0070649404078722,0
2023-12-29 12:00:00+00:00,0.007065090816468,0.007073136046528816,0.0070641920901834965,0.007068386301398277,0.007068386301398277,0
2023-12-29 13:00:00+00:00,0.0070684365928173065,0.007070035673677921,0.007048110011965036,0.007050694432109594,0.007050694432109594,0
2023-12-29 14:00:00+00:00,0.007050793617963791,0.0070686363615095615,0.007050445768982172,0.007067437283694744,0.007067437283694744,0
2023-12-29 15:00:00+00:00,0.007067437283694744,0.007097534369677305,0.007067287806421518,0.007092500105500221,0.007092500105500221,0
2023-12-29 16:00:00+00:00,0.007092450279742479,0.0071014659479260445,0.007086519151926041,0.007096627727150917,0.007096627727150917,0
2023-12-29 17:00:00+00:00,0.007096577435731888,0.0071025751531124115,0.007093205116689205,0.007100457325577736,0.007100457325577736,0
2023-12-29 18:00:00+00:00,0.007100255694240332,0.007100406568497419,0.007088478188961744,0.007096426095813513,0.007096426095813513,0
2023-12-29 19:00:00+00:00,0.007096325512975454,0.0070977360010147095,0.0070879762060940266,0.007091091945767403,0.007091091945767403,0
2023-12-29 20:00:00+00:00,0.007091091945767403,0.007094865199178457,0.007089684251695871,0.007093305699527264,0.007093305699527264,0
2023-12-29 21:00:00+00:00,0.007093456108123064,0.007095721550285816,0.0070879762060940266,0.007093205116689205,0.007093205116689205,0
2024-01-01 18:00:00+00:00,0.007100255694240332,0.007103331852704287,0.007096526678651571,0.007099650334566832,0.007099650334566832,0
2024-01-01 19:00:00+00:00,0.007099045906215906,0.007101213559508324,0.007097282446920872,0.007100155111402273,0.007100155111402273,0
2024-01-01 20:00:00+00:00,0.007100155111402273,0.007102424278855324,0.007099449168890715,0.007100709713995457,0.007100709713995457,0
2024-01-01 21:00:00+00:00,0.007102121599018574,0.007102323230355978,0.007098945323377848,0.007098945323377848,0.007098945323377848,0
2024-01-01 22:00:00+00:00,0.007099802140146494,0.007101213559508324,0.007094160653650761,0.007099197246134281,0.007099197246134281,0
2024-01-01 23:00:00+00:00,0.007098088506609201,0.007102323230355978,0.007085765711963177,0.0070862178690731525,0.0070862178690731525,0
2024-01-02 00:00:00+00:00,0.007086720317602158,0.0070875235833227634,0.007073035929352045,0.00708521343767643,0.00708521343767643,0
2024-01-02 01:00:00+00:00,0.007085063494741917,0.0070853643119335175,0.007069186307489872,0.007070186082273722,0.007070186082273722,0
2024-01-02 02:00:00+00:00,0.0070702857337892056,0.007074087392538786,0.007058657705783844,0.007064042612910271,0.007064042612910271,0
2024-01-02 03:00:00+00:00,0.007064092438668013,0.007067536935210228,0.007058856543153524,0.007067037746310234,0.007067037746310234,0
2024-01-02 04:00:00+00:00,0.007066987454891205,0.007069236598908901,0.007062894757837057,0.007065489888191223,0.007065489888191223,0
2024-01-02 05:00:00+00:00,0.007065440062433481,0.007075137924402952,0.0070652407594025135,0.007074637338519096,0.007074637338519096,0
2024-01-02 06:00:00+00:00,0.007074938155710697,0.007075438275933266,0.0070645916275680065,0.007066038902848959,0.007066038902848959,0
2024-01-02 07:00:00+00:00,0.007066038902848959,0.007072935812175274,0.007061897777020931,0.007064891047775745,0.007064891047775745,0
2024-01-02 08:00:00+00:00,0.007065090816468,0.007077742367982864,0.007062545977532864,0.00706434203311801,0.00706434203311801,0
2024-01-02 09:00:00+00:00,0.007064392324537039,0.007073436863720417,0.007058507762849331,0.007064491976052523,0.007064491976052523,0
2024-01-02 10:00:00+00:00,0.007064541336148977,0.00706693809479475,0.0070535787381231785,0.007059803232550621,0.007059803232550621,0
2024-01-02 11:00:00+00:00,0.007059604395180941,0.007062745746225119,0.007047812454402447,0.0070510427467525005,0.0070510427467525005,0
2024-01-02 12:00:00+00:00,0.007050943095237017,0.007052783388644457,0.0070315576158463955,0.007036753464490175,0.007036753464490175,0
2024-01-02 13:00:00+00:00,0.007036604452878237,0.007048110011965036,0.007034080568701029,0.007034822832792997,0.007034822832792997,0
2024-01-02 14:00:00+00:00,0.007034673821181059,0.007066688034683466,0.007033585105091333,0.0070647913962602615,0.0070647913962602615,0
2024-01-02 15:00:00+00:00,0.007064541336148977,0.0070675876922905445,0.0070415097288787365,0.00704597495496273,0.00704597495496273,0
2024-01-02 16:00:00+00:00,0.007045875769108534,0.007056714966893196,0.007042303681373596,0.00704771326854825,0.00704771326854825,0
2024-01-02 17:00:00+00:00,0.007047613617032766,0.007048607338219881,0.007042253389954567,0.007043840829282999,0.007043840829282999,0
2024-01-02 18:00:00+00:00,0.007043791469186544,0.0070500983856618404,0.007042203564196825,0.00704478332772851,0.00704478332772851,0
2024-01-02 19:00:00+00:00,0.007044833619147539,0.0070472657680511475,0.007042203564196825,0.007045031990855932,0.007045031990855932,0
2024-01-02 20:00:00+00:00,0.0070448825135827065,0.007052136585116386,0.007043543271720409,0.007043791469186544,0.007043791469186544,0
2024-01-02 21:00:00+00:00,0.007043791469186544,0.007045329548418522,0.00704141054302454,0.007043096702545881,0.007043096702545881,0
2024-01-02 22:00:00+00:00,0.007042997516691685,0.0070490045472979546,0.0070394775830209255,0.007040319964289665,0.007040319964289665,0
2024-01-02 23:00:00+00:00,0.007040517870336771,0.007041360717266798,0.007033881731331348,0.007034129463136196,0.007034129463136196,0
2024-01-03 00:00:00+00:00,0.007033634930849075,0.007049501407891512,0.007033634930849075,0.007044535595923662,0.007044535595923662,0
2024-01-03 01:00:00+00:00,0.007044535595923662,0.007047067396342754,0.007035565096884966,0.007041608914732933,0.007041608914732933,0
2024-01-03 02:00:00+00:00,0.0070417579263448715,0.007043096702545881,0.007039130199700594,0.007040567696094513,0.007040567696094513,0
2024-01-03 03:00:00+00:00,0.007040419150143862,0.007048408035188913,0.007040220778435469,0.007047911640256643,0.007047911640256643,0
2024-01-03 04:00:00+00:00,0.007047862280160189,0.007049501407891512,0.007045081816613674,0.007047415245324373,0.007047415245324373,0
2024-01-03 05:00:00+00:00,0.007047117222100496,0.007047364953905344,0.007035613991320133,0.007036356721073389,0.007036356721073389,0
2024-01-03 06:00:00+00:00,0.007036406546831131,0.007041857112199068,0.007035763002932072,0.007037892006337643,0.007037892006337643,0
2024-01-03 07:00:00+00:00,0.007037793286144733,0.007040517870336771,0.007019119802862406,0.007021584548056126,0.007021584548056126,0
2024-01-03 08:00:00+00:00,0.007021584548056126,0.007022767793387175,0.007010410074144602,0.007013901136815548,0.007013901136815548,0
2024-01-03 09:00:00+00:00,0.007013999857008457,0.0070177405141294,0.007007217034697533,0.007010902278125286,0.007010902278125286,0
2024-01-03 10:00:00+00:00,0.007011000532656908,0.007012819871306419,0.0070030465722084045,0.007010213565081358,0.007010213565081358,0
2024-01-03 11:00:00+00:00,0.007010213565081358,0.007013212889432907,0.006993985269218683,0.006996138021349907,0.006996138021349907,0
2024-01-03 12:00:00+00:00,0.006996333599090576,0.007003488019108772,0.006993545219302177,0.006996333599090576,0.006996333599090576,0
2024-01-03 13:00:00+00:00,0.006996333599090576,0.007002163678407669,0.00698885228484869,0.006992224138230085,0.006992224138230085,0
2024-01-03 14:00:00+00:00,0.006992175709456205,0.006995061878114939,0.006973014213144779,0.0069830454885959625,0.0069830454885959625,0
2024-01-03 15:00:00+00:00,0.006982898805290461,0.007002359721809626,0.006957586854696274,0.006963740102946758,0.006963740102946758,0
2024-01-03 16:00:00+00:00,0.006963982712477446,0.006976662669330835,0.006963740102946758,0.006965873762965202,0.006965873762965202,0
2024-01-03 17:00:00+00:00,0.006966068409383297,0.006969029549509287,0.0069575379602611065,0.006963400170207024,0.006963400170207024,0
2024-01-03 18:00:00+00:00,0.006963206455111504,0.006970486603677273,0.006959911435842514,0.006965680047869682,0.006965680047869682,0
2024-01-03 19:00:00+00:00,0.006965534761548042,0.00698646018281579,0.006957199890166521,0.006981436163187027,0.006981436163187027,0
2024-01-03 20:00:00+00:00,0.006981533952057362,0.00698733888566494,0.006979487836360931,0.006981436163187027,0.006981436163187027,0
2024-01-03 21:00:00+00:00,0.006981533952057362,0.006982069928199053,0.006977977696806192,0.006978854537010193,0.006978854537010193,0
2024-01-03 22:00:00+00:00,0.006979487836360931,0.006988754961639643,0.006978902500122786,0.006986948661506176,0.006986948661506176,0
2024-01-03 23:00:00+00:00,0.006986899767071009,0.0069956486113369465,0.006985483691096306,0.0069935936480760574,0.0069935936480760574,0
2024-01-04 00:00:00+00:00,0.006993398070335388,0.007000349927693605,0.006977344397455454,0.006979925557971001,0.006979925557971001,0
2024-01-04 01:00:00+00:00,0.006980022881180048,0.0069874366745352745,0.006971070077270269,0.006972333882004023,0.006972333882004023,0
2024-01-04 02:00:00+00:00,0.006972187664359808,0.006976128090173006,0.006969223730266094,0.006970000918954611,0.006970000918954611,0
2024-01-04 03:00:00+00:00,0.006970049813389778,0.0069821677170693874,0.006970000918954611,0.006976420059800148,0.006976420059800148,0
2024-01-04 04:00:00+00:00,0.006976273376494646,0.006977052893489599,0.006963642779737711,0.006965340580791235,0.006965340580791235,0
2024-01-04 05:00:00+00:00,0.006965485867112875,0.006965631619095802,0.006949174217879772,0.006955312564969063,0.006955312564969063,0
2024-01-04 06:00:00+00:00,0.006955215707421303,0.00696805864572525,0.006953764241188765,0.006967281457036734,0.006967281457036734,0
2024-01-04 07:00:00+00:00,0.006967524532228708,0.0069845085963606834,0.006964564323425293,0.006974765565246344,0.006974765565246344,0
2024-01-04 08:00:00+00:00,0.006974813994020224,0.006975543685257435,0.0069616553373634815,0.006964370608329773,0.006964370608329773,0
2024-01-04 09:00:00+00:00,0.006964467465877533,0.006965680047869682,0.006949656642973423,0.006950864102691412,0.006950864102691412,0
2024-01-04 10:00:00+00:00,0.006951009389013052,0.006951202638447285,0.0069314963184297085,0.006932409014552832,0.006932409014552832,0
2024-01-04 11:00:00+00:00,0.006932409014552832,0.0069382768124341965,0.006930246949195862,0.0069322166964411736,0.0069322166964411736,0
2024-01-04 12:00:00+00:00,0.0069321682676672935,0.00694087753072381,0.006931735668331385,0.006934139411896467,0.006934139411896467,0
2024-01-04 13:00:00+00:00,0.006933995522558689,0.006941696163266897,0.006917973980307579,0.006918739061802626,0.006918739061802626,0
2024-01-04 14:00:00+00:00,0.006918547675013542,0.006919648498296738,0.006903693079948425,0.006906840484589338,0.006906840484589338,0
2024-01-04 15:00:00+00:00,0.006906792521476746,0.006921996362507343,0.006906077265739441,0.00691290432587266,0.00691290432587266,0
2024-01-04 16:00:00+00:00,0.006912617944180965,0.006922475062310696,0.006912617944180965,0.00691610760986805,0.00691610760986805,0
2024-01-04 17:00:00+00:00,0.006916155107319355,0.0069199842400848866,0.006913286633789539,0.006915820762515068,0.006915820762515068,0
2024-01-04 18:00:00+00:00,0.0069159166887402534,0.006918260827660561,0.006910324562340975,0.006915724836289883,0.006915724836289883,0
2024-01-04 19:00:00+00:00,0.006915533449500799,0.0069199842400848866,0.006913573015481234,0.006916634272783995,0.006916634272783995,0
2024-01-04 20:00:00+00:00,0.006916681304574013,0.006919936742633581,0.0069151511415839195,0.006916155107319355,0.006916155107319355,0
2024-01-04 21:00:00+00:00,0.006916203536093235,0.006917160470038652,0.006912378594279289,0.006914481986314058,0.006914481986314058,0
2024-01-04 22:00:00+00:00,0.006914624944329262,0.006919888313859701,0.006914194673299789,0.006916921120136976,0.006916921120136976,0
2024-01-04 23:00:00+00:00,0.006916968617588282,0.006917494814842939,0.006907270289957523,0.006907986011356115,0.006907986011356115,0
2024-01-05 00:00:00+00:00,0.0069074127823114395,0.006912951823323965,0.006901216227561235,0.006905934773385525,0.006905934773385525,0
2024-01-05 01:00:00+00:00,0.006906172726303339,0.006912474054843187,0.006904026959091425,0.0069090835750103,0.0069090835750103,0
2024-01-05 02:00:00+00:00,0.00690903514623642,0.006912092212587595,0.006904170382767916,0.006905362010002136,0.006905362010002136,0
2024-01-05 03:00:00+00:00,0.006905362010002136,0.006907603703439236,0.0068987407721579075,0.0069001205265522,0.0069001205265522,0
2024-01-05 04:00:00+00:00,0.006900168489664793,0.006906220689415932,0.006899073254317045,0.006903788540512323,0.006903788540512323,0
2024-01-05 05:00:00+00:00,0.006903836503624916,0.006912999786436558,0.006902502384036779,0.006909369491040707,0.006909369491040707,0
2024-01-05 06:00:00+00:00,0.006909464951604605,0.006911184638738632,0.006879093125462532,0.006885203067213297,0.006885203067213297,0
2024-01-05 07:00:00+00:00,0.0068851555697619915,0.006898264400660992,0.006884444504976273,0.006893128622323275,0.006893128622323275,0
2024-01-05 08:00:00+00:00,0.006892938632518053,0.006903788540512323,0.006891608703881502,0.006893033627420664,0.006893033627420664,0
2024-01-05 09:00:00+00:00,0.006892891600728035,0.006896551698446274,0.00688690971583128,0.0068877642042934895,0.0068877642042934895,0
2024-01-05 10:00:00+00:00,0.0068878112360835075,0.006888475734740496,0.0068787140771746635,0.0068867201916873455,0.0068867201916873455,0
2024-01-05 11:00:00+00:00,0.006886436138302088,0.0068888552486896515,0.006879803258925676,0.0068838284350931644,0.0068838284350931644,0
2024-01-05 12:00:00+00:00,0.00688387593254447,0.006893414072692394,0.0068823122419416904,0.006892179138958454,0.006892179138958454,0
2024-01-05 13:00:00+00:00,0.006892179138958454,0.006894221995025873,0.006850441452115774,0.006874458398669958,0.006874458398669958,0
2024-01-05 14:00:00+00:00,0.0068745058961212635,0.006900073494762182,0.006871293764561415,0.006892321165651083,0.006892321165651083,0
2024-01-05 15:00:00+00:00,0.006892463658004999,0.006954054813832045,0.006892463658004999,0.006938421633094549,0.006938421633094549,0
2024-01-05 16:00:00+00:00,0.0069383252412080765,0.006941455882042646,0.006918356288224459,0.0069190263748168945,0.0069190263748168945,0
2024-01-05 17:00:00+00:00,0.006919170264154673,0.006919505540281534,0.006904694717377424,0.006908939685672522,0.006908939685672522,0
2024-01-05 18:00:00+00:00,0.006908701732754707,0.006915295030921698,0.006901597138494253,0.006914051715284586,0.006914051715284586,0
2024-01-05 19:00:00+00:00,0.006914051715284586,0.006920846179127693,0.006910850293934345,0.006912760902196169,0.006912760902196169,0
2024-01-05 20:00:00+00:00,0.006912617944180965,0.00691472040489316,0.006907699164003134,0.006908653769642115,0.006908653769642115,0
2024-01-05 21:00:00+00:00,0.006908749230206013,0.006919074337929487,0.006906602066010237,0.006915485952049494,0.006915485952049494,0
2024-01-05 22:00:00+00:00,0.006918787490576506,0.006918787490576506,0.006918787490576506,0.006918787490576506,0.006918787490576506,0
2024-01-08 00:00:00+00:00,0.006909990217536688,0.006916585844010115,0.006906220689415932,0.0069159166887402534,0.0069159166887402534,0
2024-01-08 01:00:00+00:00,0.006916059646755457,0.006929286289960146,0.006912569515407085,0.006926407106220722,0.006926407106220722,0
2024-01-08 02:00:00+00:00,0.006926598958671093,0.006926598958671093,0.006917351856827736,0.006919265724718571,0.006919265724718571,0
2024-01-08 03:00:00+00:00,0.006919505540281534,0.0069296229630708694,0.006917830090969801,0.006920942105352879,0.006920942105352879,0
2024-01-08 04:00:00+00:00,0.006920989602804184,0.006925591733306646,0.006918596103787422,0.006922235246747732,0.006922235246747732,0
2024-01-08 05:00:00+00:00,0.0069223796017467976,0.006927222479134798,0.006921420805156231,0.006927079055458307,0.006927079055458307,0
2024-01-08 06:00:00+00:00,0.006927126552909613,0.006936448160558939,0.006926646921783686,0.006936063524335623,0.006936063524335623,0
2024-01-08 07:00:00+00:00,0.006935775279998779,0.006940347608178854,0.0069218045100569725,0.006924488581717014,0.006924488581717014,0
2024-01-08 08:00:00+00:00,0.006924392189830542,0.006926407106220722,0.006915103644132614,0.006919314153492451,0.006919314153492451,0
2024-01-08 09:00:00+00:00,0.006919314153492451,0.006935677956789732,0.006916872691363096,0.006933226250112057,0.006933226250112057,0
2024-01-08 10:00:00+00:00,0.006933226250112057,0.006935005076229572,0.00692065479233861,0.00692525552585721,0.00692525552585721,0
2024-01-08 11:00:00+00:00,0.0069253514520823956,0.006929046008735895,0.006916298996657133,0.006916872691363096,0.006916872691363096,0
2024-01-08 12:00:00+00:00,0.006916681304574013,0.0069238170981407166,0.006911661941558123,0.006921612657606602,0.006921612657606602,0
2024-01-08 13:00:00+00:00,0.0069217081181705,0.006931880488991737,0.006916825193911791,0.006922619417309761,0.006922619417309761,0
2024-01-08 14:00:00+00:00,0.0069228108040988445,0.0069408295676112175,0.006920559331774712,0.006939866114407778,0.006939866114407778,0
2024-01-08 15:00:00+00:00,0.006939866114407778,0.006951685529202223,0.006936448160558939,0.0069477735087275505,0.0069477735087275505,0
2024-01-08 16:00:00+00:00,0.006947580724954605,0.006961073260754347,0.0069465674459934235,0.006949318572878838,0.006949318572878838,0
2024-01-08 17:00:00+00:00,0.00694941496476531,0.006954005919396877,0.006945071276277304,0.006946277339011431,0.006946277339011431,0
2024-01-08 18:00:00+00:00,0.006946325767785311,0.006946760229766369,0.006935677956789732,0.006937747355550528,0.006937747355550528,0
2024-01-08 19:00:00+00:00,0.006937650963664055,0.006941167172044516,0.0069361599162220955,0.006939673330634832,0.006939673330634832,0
2024-01-08 20:00:00+00:00,0.0069391438737511635,0.006941263098269701,0.0069314478896558285,0.006936929188668728,0.006936929188668728,0
2024-01-08 21:00:00+00:00,0.00693678529933095,0.006939239799976349,0.006932937540113926,0.006933754775673151,0.006933754775673151,0
2024-01-08 22:00:00+00:00,0.006933658849447966,0.006936255842447281,0.0069328416138887405,0.006933995522558689,0.006933995522558689,0
2024-01-08 23:00:00+00:00,0.006933851167559624,0.006939866114407778,0.006930967792868614,0.006934812758117914,0.006934812758117914,0
2024-01-09 00:00:00+00:00,0.006933658849447966,0.006951830815523863,0.006932024843990803,0.006948063150048256,0.006948063150048256,0
2024-01-09 01:00:00+00:00,0.0069479187950491905,0.006971167400479317,0.006945698522031307,0.006969612557440996,0.006969612557440996,0
2024-01-09 02:00:00+00:00,0.006969612557440996,0.0069727227091789246,0.006958796642720699,0.006960105150938034,0.006960105150938034,0
2024-01-09 03:00:00+00:00,0.006960056256502867,0.0069688353687524796,0.006959475111216307,0.006962818559259176,0.006962818559259176,0
2024-01-09 04:00:00+00:00,0.006962770130485296,0.006965389009565115,0.006959523074328899,0.006964515428990126,0.006964515428990126,0
2024-01-09 05:00:00+00:00,0.006964661180973053,0.006964904256165028,0.006950091570615768,0.00695453817024827,0.00695453817024827,0
2024-01-09 06:00:00+00:00,0.006954828277230263,0.006954876706004143,0.006939384620636702,0.006941359490156174,0.006941359490156174,0
2024-01-09 07:00:00+00:00,0.006941118277609348,0.006951299030333757,0.006937122438102961,0.006941648665815592,0.006941648665815592,0
2024-01-09 08:00:00+00:00,0.006941600237041712,0.006946663837879896,0.0069292387925088406,0.00694294972345233,0.00694294972345233,0
2024-01-09 09:00:00+00:00,0.006943094544112682,0.006957150995731354,0.006942467764019966,0.00694709736853838,0.00694709736853838,0
2024-01-09 10:00:00+00:00,0.006947049405425787,0.006952120456844568,0.006940106861293316,0.006941503845155239,0.006941503845155239,0
2024-01-09 11:00:00+00:00,0.006941696163266897,0.0069456021301448345,0.006936255842447281,0.006940973456948996,0.006940973456948996,0
2024-01-09 12:00:00+00:00,0.006941167172044516,0.006946856621652842,0.006937699392437935,0.0069444929249584675,0.0069444929249584675,0
2024-01-09 13:00:00+00:00,0.006944733671844006,0.006956957280635834,0.006935293786227703,0.006955747026950121,0.006955747026950121,0
2024-01-09 14:00:00+00:00,0.006955650635063648,0.0069614616222679615,0.006948449183255434,0.0069488356821238995,0.0069488356821238995,0
2024-01-09 15:00:00+00:00,0.0069488356821238995,0.006956279743462801,0.006926982197910547,0.0069295745342969894,0.0069295745342969894,0
2024-01-09 16:00:00+00:00,0.006929527036845684,0.006931735668331385,0.006923194043338299,0.006927510257810354,0.006927510257810354,0
2024-01-09 17:00:00+00:00,0.006927558686584234,0.006929094437509775,0.006921181920915842,0.006924968212842941,0.006924968212842941,0
2024-01-09 18:00:00+00:00,0.006924968212842941,0.006932937540113926,0.006914529483765364,0.006917878054082394,0.006917878054082394,0
2024-01-09 19:00:00+00:00,0.006917878054082394,0.006922570988535881,0.006916059646755457,0.006918212864547968,0.006918212864547968,0
2024-01-09 20:00:00+00:00,0.006918403785675764,0.006927990820258856,0.0069181653670966625,0.006919505540281534,0.006919505540281534,0
2024-01-09 21:00:00+00:00,0.006919696927070618,0.006922714877873659,0.006919074337929487,0.006921852007508278,0.006921852007508278,0
2024-01-09 22:00:00+00:00,0.006922139786183834,0.006926358677446842,0.006921900436282158,0.0069247763603925705,0.0069247763603925705,0
2024-01-09 23:00:00+00:00,0.006925015710294247,0.006929527036845684,0.006922523491084576,0.006923433858901262,0.006923433858901262,0
2024-01-10 00:00:00+00:00,0.0069238655269145966,0.0069245845079422,0.006910134106874466,0.006918978877365589,0.006918978877365589,0
2024-01-10 01:00:00+00:00,0.006919074337929487,0.006919361650943756,0.006905266549438238,0.006908939685672522,0.006908939685672522,0
2024-01-10 02:00:00+00:00,0.00690903514623642,0.006910850293934345,0.006901073269546032,0.006903788540512323,0.006903788540512323,0
2024-01-10 03:00:00+00:00,0.006903836503624916,0.006908414885401726,0.006899596657603979,0.006903884466737509,0.006903884466737509,0
2024-01-10 04:00:00+00:00,0.006903836503624916,0.006908271927386522,0.006903264671564102,0.006905981805175543,0.006905981805175543,0
2024-01-10 05:00:00+00:00,0.006905886344611645,0.006912569515407085,0.00690293125808239,0.006907270289957523,0.006907270289957523,0
2024-01-10 06:00:00+00:00,0.006907460745424032,0.006909417919814587,0.006890326738357544,0.0068934615701437,0.0068934615701437,0
2024-01-10 07:00:00+00:00,0.0068934615701437,0.006904456298798323,0.0068893772549927235,0.006899596657603979,0.006899596657603979,0
2024-01-10 08:00:00+00:00,0.006899359170347452,0.006903979927301407,0.006894079502671957,0.006897265091538429,0.006897265091538429,0
2024-01-10 09:00:00+00:00,0.006897218059748411,0.0069049326702952385,0.006894887425005436,0.006901406683027744,0.006901406683027744,0
2024-01-10 10:00:00+00:00,0.006900358945131302,0.006908081471920013,0.006898835767060518,0.006899692118167877,0.006899692118167877,0
2024-01-10 11:00:00+00:00,0.006899787113070488,0.006900168489664793,0.006890421733260155,0.006897027138620615,0.006897027138620615,0
2024-01-10 12:00:00+00:00,0.0068968371488153934,0.006897693499922752,0.006882928311824799,0.006883543916046619,0.006883543916046619,0
2024-01-10 13:00:00+00:00,0.00688363891094923,0.006889756768941879,0.006880749948322773,0.006882596295326948,0.006882596295326948,0
2024-01-10 14:00:00+00:00,0.00688278628513217,0.006885914131999016,0.006871718447655439,0.0068753561936318874,0.0068753561936318874,0
2024-01-10 15:00:00+00:00,0.006875498685985804,0.006876728031784296,0.006864549126476049,0.006867707706987858,0.006867707706987858,0
2024-01-10 16:00:00+00:00,0.006867518182843924,0.006872380152344704,0.006857440806925297,0.006864171475172043,0.006864171475172043,0
2024-01-10 17:00:00+00:00,0.006864077411592007,0.006869925186038017,0.006861533969640732,0.006867613177746534,0.006867613177746534,0
2024-01-10 18:00:00+00:00,0.006867518182843924,0.0068700192496180534,0.006863465066999197,0.006866622716188431,0.006866622716188431,0
2024-01-10 19:00:00+00:00,0.006866810843348503,0.006868037395179272,0.006862664129585028,0.0068639833480119705,0.0068639833480119705,0
2024-01-10 20:00:00+00:00,0.006863888818770647,0.006867990363389254,0.0068572526797652245,0.006858616601675749,0.006858616601675749,0
2024-01-10 21:00:00+00:00,0.006858663633465767,0.0068631358444690704,0.006857440806925297,0.006860828027129173,0.006860828027129173,0
2024-01-10 22:00:00+00:00,0.006861251778900623,0.006869169883430004,0.006861251778900623,0.006866292096674442,0.006866292096674442,0
2024-01-10 23:00:00+00:00,0.006866764277219772,0.006868367549031973,0.006857159081846476,0.006860875058919191,0.006860875058919191,0
2024-01-11 00:00:00+00:00,0.006862287875264883,0.006876538973301649,0.006858522538095713,0.006872521247714758,0.006872521247714758,0
2024-01-11 01:00:00+00:00,0.006872569210827351,0.006881318055093288,0.006869405973702669,0.00687809893861413,0.00687809893861413,0
2024-01-11 02:00:00+00:00,0.006879282649606466,0.006880796980112791,0.006868698168545961,0.006870821584016085,0.006870821584016085,0
2024-01-11 03:00:00+00:00,0.006871058139950037,0.006882360205054283,0.006870255805552006,0.006881791166961193,0.006881791166961193,0
2024-01-11 04:00:00+00:00,0.006881933659315109,0.006883543916046619,0.0068770116195082664,0.00687809893861413,0.00687809893861413,0
2024-01-11 05:00:00+00:00,0.006878194399178028,0.0068833548575639725,0.006872380152344704,0.006873466540127993,0.006873466540127993,0
2024-01-11 06:00:00+00:00,0.006873560603708029,0.006877862848341465,0.006870774086564779,0.006876396480947733,0.006876396480947733,0
2024-01-11 07:00:00+00:00,0.006876538973301649,0.006880702450871468,0.006874600425362587,0.006877248175442219,0.006877248175442219,0
2024-01-11 08:00:00+00:00,0.006877295207232237,0.006881081033498049,0.00687322998419404,0.006874033249914646,0.006874033249914646,0
2024-01-11 09:00:00+00:00,0.006874175276607275,0.0068753561936318874,0.006869311444461346,0.006870916113257408,0.006870916113257408,0
2024-01-11 10:00:00+00:00,0.006870774086564779,0.006877579260617495,0.006868462078273296,0.00687710614874959,0.00687710614874959,0
2024-01-11 11:00:00+00:00,0.006876964587718248,0.006880229339003563,0.006870255805552006,0.00687781535089016,0.00687781535089016,0
2024-01-11 12:00:00+00:00,0.0068780044093728065,0.006881744135171175,0.0068753561936318874,0.006878146901726723,0.006878146901726723,0
2024-01-11 13:00:00+00:00,0.006878241430968046,0.006898073945194483,0.0068369521759450436,0.006837700493633747,0.006837700493633747,0
2024-01-11 14:00:00+00:00,0.006837653927505016,0.006862287875264883,0.006829901598393917,0.006853868719190359,0.006853868719190359,0
2024-01-11 15:00:00+00:00,0.006853962782770395,0.006866198033094406,0.006838448811322451,0.006851755548268557,0.006851755548268557,0
2024-01-11 16:00:00+00:00,0.00685166148468852,0.006856923457235098,0.006840460002422333,0.006848048884421587,0.006848048884421587,0
2024-01-11 17:00:00+00:00,0.006847907789051533,0.006855936720967293,0.006847626995295286,0.006851614452898502,0.006851614452898502,0
2024-01-11 18:00:00+00:00,0.006851614452898502,0.006860028021037579,0.00684842374175787,0.00685889832675457,0.00685889832675457,0
2024-01-11 19:00:00+00:00,0.006858616601675749,0.006875829771161079,0.0068584284745156765,0.0068736085668206215,0.0068736085668206215,0
2024-01-11 20:00:00+00:00,0.006873655132949352,0.006878951098769903,0.006870632991194725,0.006877437233924866,0.006877437233924866,0
2024-01-11 21:00:00+00:00,0.006877531763166189,0.006884444504976273,0.006873938720673323,0.006883259862661362,0.006883259862661362,0
2024-01-11 22:00:00+00:00,0.006883922964334488,0.006886009126901627,0.006876964587718248,0.0068808915093541145,0.0068808915093541145,0
2024-01-11 23:00:00+00:00,0.006881318055093288,0.006899692118167877,0.006880086846649647,0.0068925111554563046,0.0068925111554563046,0
2024-01-12 00:00:00+00:00,0.006891989149153233,0.006892938632518053,0.00687833596020937,0.006884586997330189,0.006884586997330189,0
2024-01-12 01:00:00+00:00,0.006884634029120207,0.006898454390466213,0.006877342704683542,0.006891133729368448,0.006891133729368448,0
2024-01-12 02:00:00+00:00,0.006891228724271059,0.006894697435200214,0.006884349510073662,0.006890611723065376,0.006890611723065376,0
2024-01-12 03:00:00+00:00,0.0068908012472093105,0.006904217414557934,0.006890659220516682,0.006900549400597811,0.006900549400597811,0
2024-01-12 04:00:00+00:00,0.00690073985606432,0.0069016446359455585,0.006893414072692394,0.006896503735333681,0.006896503735333681,0
2024-01-12 05:00:00+00:00,0.006896503735333681,0.006897455547004938,0.006884586997330189,0.006884776521474123,0.006884776521474123,0
2024-01-12 06:00:00+00:00,0.006884586997330189,0.006893937010318041,0.00688420794904232,0.006890421733260155,0.006890421733260155,0
2024-01-12 07:00:00+00:00,0.006890468765050173,0.006892368663102388,0.006882975809276104,0.00688951974734664,0.00688951974734664,0
2024-01-12 08:00:00+00:00,0.00688961474224925,0.006903121713548899,0.00688866525888443,0.006896361708641052,0.006896361708641052,0
2024-01-12 09:00:00+00:00,0.0068962667137384415,0.0068983593955636024,0.006889282260090113,0.006890184246003628,0.006890184246003628,0
2024-01-12 10:00:00+00:00,0.0068902792409062386,0.00689255865290761,0.006884919013828039,0.006889709737151861,0.006889709737151861,0
2024-01-12 11:00:00+00:00,0.0068896617740392685,0.006892938632518053,0.006883259862661362,0.006885392591357231,0.006885392591357231,0
2024-01-12 12:00:00+00:00,0.006885440554469824,0.006889566779136658,0.006878430489450693,0.006879045628011227,0.006879045628011227,0
2024-01-12 13:00:00+00:00,0.0068791876547038555,0.006908701732754707,0.00686973612755537,0.006906697526574135,0.006906697526574135,0
2024-01-12 14:00:00+00:00,0.00690626772120595,0.006926646921783686,0.006900692358613014,0.006918787490576506,0.006918787490576506,0
2024-01-12 15:00:00+00:00,0.006918500177562237,0.00692765461280942,0.006905743386596441,0.006910420022904873,0.006910420022904873,0
2024-01-12 16:00:00+00:00,0.006910468451678753,0.006917542777955532,0.006902502384036779,0.006903550587594509,0.006903550587594509,0
2024-01-12 17:00:00+00:00,0.006903502624481916,0.006903979927301407,0.006896218750625849,0.0068987407721579075,0.0068987407721579075,0
2024-01-12 18:00:00+00:00,0.00689902575686574,0.006904074922204018,0.006895600352436304,0.006902645342051983,0.006902645342051983,0
2024-01-12 19:00:00+00:00,0.00690259737893939,0.006906458642333746,0.006901978049427271,0.006902740802615881,0.006902740802615881,0
2024-01-12 20:00:00+00:00,0.00690293125808239,0.00690521951764822,0.006899216212332249,0.00690145418047905,0.00690145418047905,0
2024-01-12 21:00:00+00:00,0.006901739630848169,0.006907890550792217,0.006899359170347452,0.00690112030133605,0.00690112030133605,0
2024-01-12 22:00:00+00:00,0.006901406683027744,0.006901406683027744,0.00690112030133605,0.00690112030133605,0.00690112030133605,0
2024-01-15 00:00:00+00:00,0.00688961474224925,0.006897313054651022,0.006885487586259842,0.006893889047205448,0.006893889047205448,0
2024-01-15 01:00:00+00:00,0.006893794052302837,0.006896171253174543,0.006888522766530514,0.006893176585435867,0.006893176585435867,0
2024-01-15 02:00:00+00:00,0.006893176585435867,0.0068999300710856915,0.006892653647810221,0.006898311898112297,0.006898311898112297,0
2024-01-15 03:00:00+00:00,0.006898454390466213,0.00689902575686574,0.006888238247483969,0.0068902792409062386,0.0068902792409062386,0
2024-01-15 04:00:00+00:00,0.006890468765050173,0.006891133729368448,0.006885535083711147,0.0068885707296431065,0.0068885707296431065,0
2024-01-15 05:00:00+00:00,0.0068888552486896515,0.006892084144055843,0.006882833316922188,0.006883781403303146,0.006883781403303146,0
2024-01-15 06:00:00+00:00,0.006883686408400536,0.0068875267170369625,0.006882690824568272,0.0068841129541397095,0.0068841129541397095,0
2024-01-15 07:00:00+00:00,0.00688420794904232,0.006884302478283644,0.0068703023716807365,0.006875498685985804,0.006875498685985804,0
2024-01-15 08:00:00+00:00,0.006875261664390564,0.006881744135171175,0.006874884013086557,0.006875829771161079,0.006875829771161079,0
2024-01-15 09:00:00+00:00,0.006875781808048487,0.006876444444060326,0.006860498804599047,0.006865161471068859,0.006865161471068859,0
2024-01-15 10:00:00+00:00,0.006865302566438913,0.0068660094402730465,0.006857581436634064,0.006864689756184816,0.006864689756184816,0
2024-01-15 11:00:00+00:00,0.006864972412586212,0.006870821584016085,0.006863700691610575,0.006864925846457481,0.006864925846457481,0
2024-01-15 12:00:00+00:00,0.006864878349006176,0.006865208502858877,0.0068533518351614475,0.006856782361865044,0.006856782361865044,0
2024-01-15 13:00:00+00:00,0.006856923457235098,0.006861911155283451,0.006853774655610323,0.006859557703137398,0.006859557703137398,0
2024-01-15 14:00:00+00:00,0.006859698332846165,0.006861393339931965,0.006852084305137396,0.00685527827590704,0.00685527827590704,0
2024-01-15 15:00:00+00:00,0.006855231709778309,0.006864643190056086,0.0068535394966602325,0.006859133951365948,0.006859133951365948,0
2024-01-15 16:00:00+00:00,0.006859228014945984,0.006861911155283451,0.0068559832870960236,0.006860828027129173,0.006860828027129173,0
2024-01-15 17:00:00+00:00,0.006860686931759119,0.00686459569260478,0.006858380977064371,0.0068596042692661285,0.0068596042692661285,0
2024-01-15 18:00:00+00:00,0.006859698332846165,0.006861016154289246,0.006858569569885731,0.006860075052827597,0.006860075052827597,0
2024-01-15 19:00:00+00:00,0.0068599809892475605,0.006860404275357723,0.006858569569885731,0.006859181448817253,0.006859181448817253,0
2024-01-15 20:00:00+00:00,0.006859228014945984,0.006859698332846165,0.006858240347355604,0.006858992390334606,0.006858992390334606,0
2024-01-15 21:00:00+00:00,0.006859086453914642,0.006863700691610575,0.006858757697045803,0.006862711627036333,0.006862711627036333,0
2024-01-15 22:00:00+00:00,0.006862711627036333,0.006864878349006176,0.0068609220907092094,0.006863182410597801,0.006863182410597801,0
2024-01-15 23:00:00+00:00,0.006861957721412182,0.006862711627036333,0.00685551343485713,0.006859463639557362,0.006859463639557362,0
2024-01-16 00:00:00+00:00,0.006859181448817253,0.006869075354188681,0.00685551343485713,0.006856453139334917,0.006856453139334917,0
2024-01-16 01:00:00+00:00,0.0068565476685762405,0.00685889832675457,0.006844112183898687,0.006854009814560413,0.006854009814560413,0
2024-01-16 02:00:00+00:00,0.006854056380689144,0.006854573264718056,0.006840132642537355,0.006847111042588949,0.006847111042588949,0
2024-01-16 03:00:00+00:00,0.006846969947218895,0.006852553691715002,0.006841301918029785,0.006844767369329929,0.006844767369329929,0
2024-01-16 04:00:00+00:00,0.006844814866781235,0.006845423951745033,0.0068384017795324326,0.006844064686447382,0.006844064686447382,0
2024-01-16 05:00:00+00:00,0.006844112183898687,0.006846220698207617,0.0068365782499313354,0.0068418169394135475,0.0068418169394135475,0
2024-01-16 06:00:00+00:00,0.00684162974357605,0.006847626995295286,0.006838775705546141,0.006845235824584961,0.006845235824584961,0
2024-01-16 07:00:00+00:00,0.006845376454293728,0.006849737372249365,0.006837747525423765,0.0068419575691223145,0.0068419575691223145,0
2024-01-16 08:00:00+00:00,0.006841910537332296,0.006849315017461777,0.006826544180512428,0.006829341407865286,0.006829341407865286,0
2024-01-16 09:00:00+00:00,0.006829248275607824,0.006830647587776184,0.006819793488830328,0.006824355106800795,0.006824355106800795,0
2024-01-16 10:00:00+00:00,0.006824401207268238,0.006825239863246679,0.00681435689330101,0.006818445399403572,0.006818445399403572,0
2024-01-16 11:00:00+00:00,0.006818538531661034,0.006822213064879179,0.006815796252340078,0.006821282207965851,0.006821282207965851,0
2024-01-16 12:00:00+00:00,0.006821142975240946,0.006821887101978064,0.0068124993704259396,0.006817422807216644,0.006817422807216644,0
2024-01-16 13:00:00+00:00,0.006817468907684088,0.0068361577577888966,0.006812685169279575,0.006819840520620346,0.006819840520620346,0
2024-01-16 14:00:00+00:00,0.006820352282375097,0.006830927450209856,0.006813149433583021,0.006813984829932451,0.006813984829932451,0
2024-01-16 15:00:00+00:00,0.006814217194914818,0.006821282207965851,0.006812221370637417,0.006816446781158447,0.006816446781158447,0
2024-01-16 16:00:00+00:00,0.006816632580012083,0.006817004177719355,0.006793939508497715,0.006802304647862911,0.006802304647862911,0
2024-01-16 17:00:00+00:00,0.006802489515393972,0.006803276017308235,0.006790203042328358,0.006791171617805958,0.006791171617805958,0
2024-01-16 18:00:00+00:00,0.006791263818740845,0.006796617992222309,0.006788359023630619,0.006790203042328358,0.006790203042328358,0
2024-01-16 19:00:00+00:00,0.006790341343730688,0.006792832165956497,0.0067891888320446014,0.006791217718273401,0.006791217718273401,0
2024-01-16 20:00:00+00:00,0.006791171617805958,0.006793570704758167,0.006790019106119871,0.0067904796451330185,0.0067904796451330185,0
2024-01-16 21:00:00+00:00,0.006790525279939175,0.006795232184231281,0.006790249142795801,0.006794770713895559,0.006794770713895559,0
2024-01-16 22:00:00+00:00,0.006794724613428116,0.006800685077905655,0.006793662905693054,0.006798003800213337,0.006798003800213337,0
2024-01-16 23:00:00+00:00,0.006798003800213337,0.006798975169658661,0.006789234466850758,0.006791494321078062,0.006791494321078062,0
2024-01-17 00:00:00+00:00,0.0067915404215455055,0.006792186293751001,0.006780258845537901,0.006787530146539211,0.006787530146539211,0
2024-01-17 01:00:00+00:00,0.006787391845136881,0.006796017289161682,0.00678444467484951,0.006793755106627941,0.006793755106627941,0
2024-01-17 02:00:00+00:00,0.006793893873691559,0.006798466667532921,0.006789833772927523,0.006790848448872566,0.006790848448872566,0
2024-01-17 03:00:00+00:00,0.006791079416871071,0.0067920018918812275,0.00678375456482172,0.0067874835804104805,0.0067874835804104805,0
2024-01-17 04:00:00+00:00,0.0067874835804104805,0.0067897881381213665,0.0067852274514734745,0.006786608602851629,0.006786608602851629,0
2024-01-17 05:00:00+00:00,0.006786654237657785,0.006786700803786516,0.00677185645326972,0.006776032038033009,0.006776032038033009,0
2024-01-17 06:00:00+00:00,0.006776032038033009,0.006776720751076937,0.006761736236512661,0.006770297419279814,0.006770297419279814,0
2024-01-17 07:00:00+00:00,0.006770480889827013,0.006771122105419636,0.006758263800293207,0.0067626056261360645,0.0067626056261360645,0
2024-01-17 08:00:00+00:00,0.0067627886310219765,0.006770755629986525,0.00676201144233346,0.006762376986443996,0.006762376986443996,0
2024-01-17 09:00:00+00:00,0.006762514356523752,0.006773323751986027,0.006760045886039734,0.006769655738025904,0.006769655738025904,0
2024-01-17 10:00:00+00:00,0.006769564002752304,0.006776904221624136,0.006766677834093571,0.006768281105905771,0.006768281105905771,0
2024-01-17 11:00:00+00:00,0.006768098101019859,0.006772544234991074,0.006765030324459076,0.006772269029170275,0.006772269029170275,0
2024-01-17 12:00:00+00:00,0.006772452499717474,0.006775940302759409,0.006768189370632172,0.00676905969157815,0.00676905969157815,0
2024-01-17 13:00:00+00:00,0.006769151426851749,0.006771947722882032,0.006757623981684446,0.0067598167806863785,0.0067598167806863785,0
2024-01-17 14:00:00+00:00,0.006759634241461754,0.006762239616364241,0.006739816628396511,0.006741270422935486,0.006741270422935486,0
2024-01-17 15:00:00+00:00,0.006741133518517017,0.006751465145498514,0.006732918322086334,0.0067366380244493484,0.0067366380244493484,0
2024-01-17 16:00:00+00:00,0.006736365612596273,0.006743997801095247,0.006733099929988384,0.00673904363065958,0.00673904363065958,0
2024-01-17 17:00:00+00:00,0.006738998461514711,0.006749095860868692,0.006738635711371899,0.006746499799191952,0.006746499799191952,0
2024-01-17 18:00:00+00:00,0.006746591068804264,0.006747046485543251,0.006738998461514711,0.006741952151060104,0.006741952151060104,0
2024-01-17 19:00:00+00:00,0.006742178928107023,0.006749460007995367,0.006741860881447792,0.006744498386979103,0.006744498386979103,0
2024-01-17 20:00:00+00:00,0.006744771264493465,0.006749049760401249,0.006743451580405235,0.006747957319021225,0.006747957319021225,0
2024-01-17 21:00:00+00:00,0.006747957319021225,0.006751283071935177,0.006747000850737095,0.006749505642801523,0.006749505642801523,0
2024-01-17 22:00:00+00:00,0.006750416476279497,0.006755707319825888,0.0067483214661479,0.006752331275492907,0.006752331275492907,0
2024-01-17 23:00:00+00:00,0.006751829758286476,0.006753243505954742,0.006749414838850498,0.006750644650310278,0.006750644650310278,0
2024-01-18 00:00:00+00:00,0.006750644650310278,0.006757213268429041,0.006745271384716034,0.006756710819900036,0.006756710819900036,0
2024-01-18 01:00:00+00:00,0.006756574381142855,0.006762971635907888,0.006752422545105219,0.006755250506103039,0.006755250506103039,0
2024-01-18 02:00:00+00:00,0.00675547868013382,0.006761234253644943,0.006752468179911375,0.006754748523235321,0.006754748523235321,0
2024-01-18 03:00:00+00:00,0.006754657253623009,0.006756893824785948,0.006749505642801523,0.006755889393389225,0.006755889393389225,0
2024-01-18 04:00:00+00:00,0.0067560262978076935,0.006762056611478329,0.006755707319825888,0.0067602284252643585,0.0067602284252643585,0
2024-01-18 05:00:00+00:00,0.0067602284252643585,0.006763292010873556,0.006753790657967329,0.006762559525668621,0.006762559525668621,0
2024-01-18 06:00:00+00:00,0.006762697361409664,0.006771259941160679,0.006760273594409227,0.006768281105905771,0.006768281105905771,0
2024-01-18 07:00:00+00:00,0.006768372841179371,0.006770114414393902,0.00676201144233346,0.006766494829207659,0.006766494829207659,0
2024-01-18 08:00:00+00:00,0.006766632664948702,0.006770022213459015,0.0067586288787424564,0.006761691067367792,0.006761691067367792,0
2024-01-18 09:00:00+00:00,0.006761462427675724,0.006772773806005716,0.006759360432624817,0.006763886660337448,0.006763886660337448,0
2024-01-18 10:00:00+00:00,0.006763840559870005,0.006766174454241991,0.00675999978557229,0.006763520184904337,0.006763520184904337,0
2024-01-18 11:00:00+00:00,0.006763245910406113,0.0067658997140824795,0.006758491974323988,0.006765121594071388,0.006765121594071388,0
2024-01-18 12:00:00+00:00,0.0067649842239916325,0.006768189370632172,0.00675958814099431,0.0067613255232572556,0.0067613255232572556,0
2024-01-18 13:00:00+00:00,0.006761416792869568,0.00676191970705986,0.006743088364601135,0.006746318191289902,0.006746318191289902,0
2024-01-18 14:00:00+00:00,0.006746318191289902,0.006763611454516649,0.006745772436261177,0.006756665650755167,0.006756665650755167,0
2024-01-18 15:00:00+00:00,0.006756756920367479,0.006759314332157373,0.006747592706233263,0.006748776417225599,0.006748776417225599,0
2024-01-18 16:00:00+00:00,0.0067487312480807304,0.006756848189979792,0.006745954044163227,0.006749642081558704,0.006749642081558704,0
2024-01-18 17:00:00+00:00,0.006749824620783329,0.006749824620783329,0.006744816899299622,0.006746773608028889,0.006746773608028889,0
2024-01-18 18:00:00+00:00,0.0067468187771737576,0.006753608118742704,0.006745225749909878,0.006750280037522316,0.006750280037522316,0
2024-01-18 19:00:00+00:00,0.006750189233571291,0.006752240005880594,0.006746273022145033,0.006746591068804264,0.006746591068804264,0
2024-01-18 20:00:00+00:00,0.006746499799191952,0.00674900459125638,0.006744134705513716,0.006748412270098925,0.006748412270098925,0
2024-01-18 21:00:00+00:00,0.0067487312480807304,0.006753197405487299,0.006747638341039419,0.006749778985977173,0.006749778985977173,0
2024-01-18 22:00:00+00:00,0.006749915890395641,0.006753790657967329,0.006749460007995367,0.006751601584255695,0.006751601584255695,0
2024-01-18 23:00:00+00:00,0.006751283071935177,0.00675547868013382,0.0067482758313417435,0.006750462576746941,0.006750462576746941,0
2024-01-19 00:00:00+00:00,0.0067511918023228645,0.006759725511074066,0.006750280037522316,0.00675547868013382,0.00675547868013382,0
2024-01-19 01:00:00+00:00,0.00675547868013382,0.006756756920367479,0.00673886202275753,0.006740633863955736,0.006740633863955736,0
2024-01-19 02:00:00+00:00,0.006740861106663942,0.006750416476279497,0.0067352307960391045,0.006745180580765009,0.006745180580765009,0
2024-01-19 03:00:00+00:00,0.006745225749909878,0.0067483666352927685,0.00674336077645421,0.0067468187771737576,0.0067468187771737576,0
2024-01-19 04:00:00+00:00,0.00674663670361042,0.006747000850737095,0.006739952135831118,0.006740633863955736,0.006740633863955736,0
2024-01-19 05:00:00+00:00,0.006740497890859842,0.006740861106663942,0.00672608008608222,0.0067273471504449844,0.0067273471504449844,0
2024-01-19 06:00:00+00:00,0.006727392785251141,0.00673137791454792,0.00672024954110384,0.006730199791491032,0.006730199791491032,0
2024-01-19 07:00:00+00:00,0.0067301541566848755,0.006748184561729431,0.0067290677689015865,0.006744361482560635,0.006744361482560635,0
2024-01-19 08:00:00+00:00,0.006744407583028078,0.006754657253623009,0.006740633863955736,0.006753379944711924,0.006753379944711924,0
2024-01-19 09:00:00+00:00,0.006753288675099611,0.006760410964488983,0.006750462576746941,0.006757623981684446,0.006757623981684446,0
2024-01-19 10:00:00+00:00,0.006757623981684446,0.006764343939721584,0.0067557524889707565,0.006759131792932749,0.006759131792932749,0
2024-01-19 11:00:00+00:00,0.006759176962077618,0.006760319694876671,0.006751236971467733,0.006757806520909071,0.006757806520909071,0
2024-01-19 12:00:00+00:00,0.006757943890988827,0.006758811883628368,0.006748184561729431,0.006749732885509729,0.006749732885509729,0
2024-01-19 13:00:00+00:00,0.006749824620783329,0.0067586749792099,0.00674709165468812,0.006750644650310278,0.006750644650310278,0
2024-01-19 14:00:00+00:00,0.006750416476279497,0.006753471214324236,0.006736274808645248,0.006742861121892929,0.006742861121892929,0
2024-01-19 15:00:00+00:00,0.006743497680872679,0.006752741523087025,0.006732556037604809,0.006752148736268282,0.006752148736268282,0
2024-01-19 16:00:00+00:00,0.006752194371074438,0.006754565984010696,0.006745544262230396,0.006747456267476082,0.006747456267476082,0
2024-01-19 17:00:00+00:00,0.006747274659574032,0.006755980663001537,0.006746318191289902,0.006751236971467733,0.006751236971467733,0
2024-01-19 18:00:00+00:00,0.006751465145498514,0.006751510314643383,0.006742679048329592,0.006745635531842709,0.006745635531842709,0
2024-01-19 19:00:00+00:00,0.006745544262230396,0.006750644650310278,0.0067449528723955154,0.006748139392584562,0.006748139392584562,0
2024-01-19 20:00:00+00:00,0.006748230662196875,0.006751100532710552,0.006747547537088394,0.006749869789928198,0.006749869789928198,0
2024-01-19 21:00:00+00:00,0.006749869789928198,0.00675315223634243,0.006747957319021225,0.00674927793443203,0.00674927793443203,0
2024-01-22 00:00:00+00:00,0.006751100532710552,0.006756528280675411,0.006746273022145033,0.006752832792699337,0.006752832792699337,0
2024-01-22 01:00:00+00:00,0.006752787157893181,0.006767044775187969,0.0067520118318498135,0.006763245910406113,0.006763245910406113,0
2024-01-22 02:00:00+00:00,0.006763154175132513,0.006769197527319193,0.0067580812610685825,0.006768555846065283,0.006768555846065283,0
2024-01-22 03:00:00+00:00,0.006768418941646814,0.006768738850951195,0.006758811883628368,0.006760731339454651,0.006760731339454651,0
2024-01-22 04:00:00+00:00,0.006760547868907452,0.006764664314687252,0.006759496871381998,0.006764160934835672,0.006764160934835672,0
2024-01-22 05:00:00+00:00,0.006764114834368229,0.006764526944607496,0.006751146167516708,0.006754338275641203,0.006754338275641203,0
2024-01-22 06:00:00+00:00,0.006754383444786072,0.006757943890988827,0.006751465145498514,0.006752924062311649,0.006752924062311649,0
2024-01-22 07:00:00+00:00,0.006753015331923962,0.00676077650859952,0.006750735454261303,0.006755250506103039,0.006755250506103039,0
2024-01-22 08:00:00+00:00,0.00675511360168457,0.006756939459592104,0.006742906291037798,0.006745772436261177,0.006745772436261177,0
2024-01-22 09:00:00+00:00,0.006745681166648865,0.006754429545253515,0.00674427067860961,0.006751738488674164,0.006751738488674164,0
2024-01-22 10:00:00+00:00,0.006751829758286476,0.006757943890988827,0.00675023440271616,0.006755980663001537,0.006755980663001537,0
2024-01-22 11:00:00+00:00,0.006755935028195381,0.006763520184904337,0.006755524780601263,0.006762285251170397,0.006762285251170397,0
2024-01-22 12:00:00+00:00,0.006762056611478329,0.006770297419279814,0.006760685238987207,0.006766677834093571,0.006766677834093571,0
2024-01-22 13:00:00+00:00,0.006766586564481258,0.00677442504093051,0.006761553697288036,0.006771076936274767,0.006771076936274767,0
2024-01-22 14:00:00+00:00,0.006771305575966835,0.006771305575966835,0.0067588575184345245,0.006763840559870005,0.006763840559870005,0
2024-01-22 15:00:00+00:00,0.0067637949250638485,0.0067692892625927925,0.006759862415492535,0.006763886660337448,0.006763886660337448,0
2024-01-22 16:00:00+00:00,0.006763840559870005,0.006764023564755917,0.006755980663001537,0.0067590405233204365,0.0067590405233204365,0
2024-01-22 17:00:00+00:00,0.006758903153240681,0.0067611881531775,0.006755067966878414,0.006757623981684446,0.006757623981684446,0
2024-01-22 18:00:00+00:00,0.006757715251296759,0.006757715251296759,0.0067501431331038475,0.0067526958882808685,0.0067526958882808685,0
2024-01-22 19:00:00+00:00,0.006752787157893181,0.0067568025551736355,0.006750644650310278,0.006755296140909195,0.006755296140909195,0
2024-01-22 20:00:00+00:00,0.006755387410521507,0.006756574381142855,0.006751146167516708,0.006754748523235321,0.006754748523235321,0
2024-01-22 21:00:00+00:00,0.006754748523235321,0.00675547868013382,0.00674996105954051,0.006752422545105219,0.006752422545105219,0
2024-01-22 22:00:00+00:00,0.006753015331923962,0.006761462427675724,0.006751829758286476,0.00675767008215189,0.00675767008215189,0
2024-01-22 23:00:00+00:00,0.006757943890988827,0.006758903153240681,0.006749915890395641,0.006750735454261303,0.006750735454261303,0
2024-01-23 00:00:00+00:00,0.006750371307134628,0.006754429545253515,0.00674663670361042,0.0067515564151108265,0.0067515564151108265,0
2024-01-23 01:00:00+00:00,0.006751419510692358,0.0067539275623857975,0.006749186664819717,0.006752194371074438,0.006752194371074438,0
2024-01-23 02:00:00+00:00,0.006752285175025463,0.006753471214324236,0.006744225509464741,0.0067468187771737576,0.0067468187771737576,0
2024-01-23 03:00:00+00:00,0.0067469095811247826,0.0067637949250638485,0.006731649395078421,0.006761736236512661,0.006761736236512661,0
2024-01-23 04:00:00+00:00,0.006761736236512661,0.0067633832804858685,0.006747274659574032,0.006759360432624817,0.006759360432624817,0
2024-01-23 05:00:00+00:00,0.006759314332157373,0.006763245910406113,0.006753562018275261,0.006760502699762583,0.006760502699762583,0
2024-01-23 06:00:00+00:00,0.00676036486402154,0.006804248783737421,0.006748913787305355,0.006796895060688257,0.006796895060688257,0
2024-01-23 07:00:00+00:00,0.006796756759285927,0.006801333278417587,0.006766906939446926,0.006775848567485809,0.006775848567485809,0
2024-01-23 08:00:00+00:00,0.006775710731744766,0.006791171617805958,0.00677185645326972,0.006786700803786516,0.006786700803786516,0
2024-01-23 09:00:00+00:00,0.006786793004721403,0.006787253078073263,0.006768922787159681,0.006770159583538771,0.006770159583538771,0
2024-01-23 10:00:00+00:00,0.006769976578652859,0.006770022213459015,0.006760091055184603,0.006764069199562073,0.006764069199562073,0
2024-01-23 11:00:00+00:00,0.006764343939721584,0.006767960265278816,0.0067496877163648605,0.006755707319825888,0.006755707319825888,0
2024-01-23 12:00:00+00:00,0.0067557524889707565,0.006762697361409664,0.006750371307134628,0.006757441442459822,0.006757441442459822,0
2024-01-23 13:00:00+00:00,0.006757532712072134,0.006762514356523752,0.006753562018275261,0.006754338275641203,0.006754338275641203,0
2024-01-23 14:00:00+00:00,0.0067545208148658276,0.006754657253623009,0.006739725824445486,0.006741588469594717,0.006741588469594717,0
2024-01-23 15:00:00+00:00,0.006741633638739586,0.0067468187771737576,0.006732148118317127,0.006734914146363735,0.006734914146363735,0
2024-01-23 16:00:00+00:00,0.006735095288604498,0.006740543060004711,0.00672979187220335,0.006731740199029446,0.006731740199029446,0
2024-01-23 17:00:00+00:00,0.006731830537319183,0.006733734626322985,0.0067251306027174,0.0067296563647687435,0.0067296563647687435,0
2024-01-23 18:00:00+00:00,0.006729882676154375,0.0067366380244493484,0.006728569511324167,0.006733190268278122,0.006733190268278122,0
2024-01-23 19:00:00+00:00,0.006733054760843515,0.006743497680872679,0.006730969995260239,0.006739498116075993,0.006739498116075993,0
2024-01-23 20:00:00+00:00,0.0067396340891718864,0.006741815246641636,0.006737999618053436,0.006740815471857786,0.006740815471857786,0
2024-01-23 21:00:00+00:00,0.006740815471857786,0.006743406876921654,0.006738726515322924,0.006741860881447792,0.006741860881447792,0
2024-01-23 22:00:00+00:00,0.006742952391505241,0.006744134705513716,0.006739270873367786,0.006739861331880093,0.006739861331880093,0
2024-01-23 23:00:00+00:00,0.006739907432347536,0.006747365463525057,0.006738952826708555,0.006745271384716034,0.006745271384716034,0
2024-01-24 00:00:00+00:00,0.006745453458279371,0.006754839327186346,0.006744907703250647,0.0067516472190618515,0.0067516472190618515,0
2024-01-24 01:00:00+00:00,0.006751784589141607,0.006758035160601139,0.006748549174517393,0.006755889393389225,0.006755889393389225,0
2024-01-24 02:00:00+00:00,0.006755935028195381,0.00675639184191823,0.006745225749909878,0.006752057932317257,0.006752057932317257,0
2024-01-24 03:00:00+00:00,0.006752285175025463,0.006768281105905771,0.0067501431331038475,0.0067658997140824795,0.0067658997140824795,0
2024-01-24 04:00:00+00:00,0.0067657167091965675,0.0067675476893782616,0.006760319694876671,0.006762559525668621,0.006762559525668621,0
2024-01-24 05:00:00+00:00,0.006762285251170397,0.006765442434698343,0.0067560262978076935,0.006762559525668621,0.006762559525668621,0
2024-01-24 06:00:00+00:00,0.006762697361409664,0.006765076424926519,0.006758720614016056,0.006762879900634289,0.006762879900634289,0
2024-01-24 07:00:00+00:00,0.006762925535440445,0.006770572625100613,0.006760822609066963,0.00676635792478919,0.00676635792478919,0
2024-01-24 08:00:00+00:00,0.00676635792478919,0.006782143842428923,0.006766128819435835,0.006776766385883093,0.006776766385883093,0
2024-01-24 09:00:00+00:00,0.006776766385883093,0.006785457953810692,0.006773920264095068,0.006778282579034567,0.006778282579034567,0
2024-01-24 10:00:00+00:00,0.006778282579034567,0.006781407631933689,0.0067738741636276245,0.006780396681278944,0.006780396681278944,0
2024-01-24 11:00:00+00:00,0.006780534517019987,0.006782603915780783,0.006775297224521637,0.0067790173925459385,0.0067790173925459385,0
2024-01-24 12:00:00+00:00,0.006778971757739782,0.006793386302888393,0.006778787821531296,0.006789142731577158,0.006789142731577158,0
2024-01-24 13:00:00+00:00,0.006789142731577158,0.006815796252340078,0.00678877392783761,0.0068136597983539104,0.0068136597983539104,0
2024-01-24 14:00:00+00:00,0.006813753396272659,0.006819235626608133,0.006790295243263245,0.006799297872930765,0.006799297872930765,0
2024-01-24 15:00:00+00:00,0.006799344439059496,0.006814170628786087,0.006792693864554167,0.006805452983826399,0.006805452983826399,0
2024-01-24 16:00:00+00:00,0.006805405952036381,0.0068081398494541645,0.006782787851989269,0.006788497790694237,0.006788497790694237,0
2024-01-24 17:00:00+00:00,0.006788497790694237,0.0067972647957503796,0.006787806283682585,0.006794216576963663,0.006794216576963663,0
2024-01-24 18:00:00+00:00,0.006794032175093889,0.006795509252697229,0.006780028343200684,0.006780856288969517,0.006780856288969517,0
2024-01-24 19:00:00+00:00,0.006780764553695917,0.006781959906220436,0.00677534332498908,0.006776812486350536,0.006776812486350536,0
2024-01-24 20:00:00+00:00,0.006776949856430292,0.006779430899769068,0.006773966830223799,0.006774746812880039,0.006774746812880039,0
2024-01-24 21:00:00+00:00,0.006774700712412596,0.006780764553695917,0.006773277651518583,0.006779936607927084,0.006779936607927084,0
2024-01-24 22:00:00+00:00,0.006779430899769068,0.006785595323890448,0.006779201794415712,0.006783201824873686,0.006783201824873686,0
2024-01-24 23:00:00+00:00,0.0067825582809746265,0.006783110089600086,0.006774058565497398,0.006776077672839165,0.006776077672839165,0
2024-01-25 00:00:00+00:00,0.006775848567485809,0.0067778234370052814,0.0067675476893782616,0.006769151426851749,0.006769151426851749,0
2024-01-25 01:00:00+00:00,0.006769243162125349,0.006774700712412596,0.006763428449630737,0.006771947722882032,0.006771947722882032,0
2024-01-25 02:00:00+00:00,0.006772314663976431,0.00677534332498908,0.00676736468449235,0.006770159583538771,0.006770159583538771,0
2024-01-25 03:00:00+00:00,0.006770159583538771,0.006776812486350536,0.0067696101032197475,0.006772682070732117,0.006772682070732117,0
2024-01-25 04:00:00+00:00,0.006772635970264673,0.0067758942022919655,0.006766815669834614,0.006767181679606438,0.006767181679606438,0
2024-01-25 05:00:00+00:00,0.00676736468449235,0.0067702061496675014,0.006763292010873556,0.0067658997140824795,0.0067658997140824795,0
2024-01-25 06:00:00+00:00,0.006766128819435835,0.0067719933576881886,0.006762239616364241,0.006769655738025904,0.006769655738025904,0
2024-01-25 07:00:00+00:00,0.006769426167011261,0.006778282579034567,0.006768235471099615,0.006771901622414589,0.006771901622414589,0
2024-01-25 08:00:00+00:00,0.00677185645326972,0.006773094180971384,0.006763931829482317,0.00677249813452363,0.00677249813452363,0
2024-01-25 09:00:00+00:00,0.006772727705538273,0.006776261143386364,0.006770801730453968,0.006773277651518583,0.006773277651518583,0
2024-01-25 10:00:00+00:00,0.006773415487259626,0.006779201794415712,0.0067724063992500305,0.00677534332498908,0.00677534332498908,0
2024-01-25 11:00:00+00:00,0.00677552679553628,0.006780994590371847,0.006772269029170275,0.0067790173925459385,0.0067790173925459385,0
2024-01-25 12:00:00+00:00,0.006779109593480825,0.006779890973120928,0.006767594255506992,0.006768555846065283,0.006768555846065283,0
2024-01-25 13:00:00+00:00,0.006768418941646814,0.00678969593718648,0.0067586749792099,0.006785641890019178,0.006785641890019178,0
2024-01-25 14:00:00+00:00,0.006785503588616848,0.006799160037189722,0.00678315619006753,0.006788359023630619,0.006788359023630619,0
2024-01-25 15:00:00+00:00,0.006788451224565506,0.006792462896555662,0.006773966830223799,0.006776077672839165,0.006776077672839165,0
2024-01-25 16:00:00+00:00,0.006776169408112764,0.006779569201171398,0.006767502520233393,0.006770663894712925,0.006770663894712925,0
2024-01-25 17:00:00+00:00,0.006770480889827013,0.006773782428354025,0.006761279422789812,0.00676457304507494,0.00676457304507494,0
2024-01-25 18:00:00+00:00,0.006764892488718033,0.006770939100533724,0.006762468256056309,0.006764206103980541,0.006764206103980541,0
2024-01-25 19:00:00+00:00,0.0067639779299497604,0.006767410784959793,0.006762422155588865,0.006764160934835672,0.006764160934835672,0
2024-01-25 20:00:00+00:00,0.006764206103980541,0.006770939100533724,0.0067637027241289616,0.0067694722674787045,0.0067694722674787045,0
2024-01-25 21:00:00+00:00,0.0067696101032197475,0.006773185916244984,0.006768418941646814,0.0067724063992500305,0.0067724063992500305,0
2024-01-25 22:00:00+00:00,0.006772865541279316,0.006778649985790253,0.00677185645326972,0.006773462053388357,0.006773462053388357,0
2024-01-25 23:00:00+00:00,0.006773462053388357,0.006779890973120928,0.006768601946532726,0.006769151426851749,0.006769151426851749,0
2024-01-26 00:00:00+00:00,0.006769747007638216,0.006778282579034567,0.006763657554984093,0.006776582915335894,0.006776582915335894,0
2024-01-26 01:00:00+00:00,0.006776720751076937,0.006780764553695917,0.0067717647179961205,0.006777317728847265,0.006777317728847265,0
2024-01-26 02:00:00+00:00,0.006777501665055752,0.006779385264962912,0.006772910710424185,0.006773002445697784,0.006773002445697784,0
2024-01-26 03:00:00+00:00,0.006773323751986027,0.006777639035135508,0.006769930478185415,0.006772131193429232,0.006772131193429232,0
2024-01-26 04:00:00+00:00,0.006772177293896675,0.006773049011826515,0.006765762809664011,0.00676635792478919,0.00676635792478919,0
2024-01-26 05:00:00+00:00,0.006766311824321747,0.0067710308358073235,0.006764847319573164,0.006769014522433281,0.006769014522433281,0
2024-01-26 06:00:00+00:00,0.006769243162125349,0.006769243162125349,0.006762833800166845,0.006767868530005217,0.006767868530005217,0
2024-01-26 07:00:00+00:00,0.006767823360860348,0.006769105792045593,0.006762147881090641,0.006767227780073881,0.006767227780073881,0
2024-01-26 08:00:00+00:00,0.006767456419765949,0.006769105792045593,0.006763245910406113,0.006765671540051699,0.006765671540051699,0
2024-01-26 09:00:00+00:00,0.0067657167091965675,0.00676644966006279,0.0067526958882808685,0.006764526944607496,0.006764526944607496,0
2024-01-26 10:00:00+00:00,0.00676448130980134,0.006773782428354025,0.006764390040189028,0.006772635970264673,0.006772635970264673,0
2024-01-26 11:00:00+00:00,0.006772682070732117,0.00677543506026268,0.0067675476893782616,0.006769793573766947,0.006769793573766947,0
2024-01-26 12:00:00+00:00,0.006769976578652859,0.006773323751986027,0.00676457304507494,0.006767594255506992,0.006767594255506992,0
2024-01-26 13:00:00+00:00,0.006767273414880037,0.006784582510590553,0.0067606400698423386,0.006772773806005716,0.006772773806005716,0
2024-01-26 14:00:00+00:00,0.006772957276552916,0.006773598957806826,0.006759176962077618,0.006762651260942221,0.006762651260942221,0
2024-01-26 15:00:00+00:00,0.0067627886310219765,0.0067627886310219765,0.006749232765287161,0.006753243505954742,0.006753243505954742,0
2024-01-26 16:00:00+00:00,0.006753288675099611,0.006761691067367792,0.006751693319529295,0.006759496871381998,0.006759496871381998,0
2024-01-26 17:00:00+00:00,0.00675926823168993,0.006762285251170397,0.006755387410521507,0.006757213268429041,0.006757213268429041,0
2024-01-26 18:00:00+00:00,0.006757396273314953,0.0067586749792099,0.006747228559106588,0.006750553380697966,0.006750553380697966,0
2024-01-26 19:00:00+00:00,0.006750280037522316,0.006754657253623009,0.006749186664819717,0.006752285175025463,0.006752285175025463,0
2024-01-26 20:00:00+00:00,0.006752285175025463,0.006754748523235321,0.006751784589141607,0.006753197405487299,0.006753197405487299,0
2024-01-26 21:00:00+00:00,0.006753197405487299,0.006754657253623009,0.006749095860868692,0.00674996105954051,0.00674996105954051,0
2024-01-29 00:00:00+00:00,0.006748640444129705,0.006749505642801523,0.006741588469594717,0.006747319363057613,0.006747319363057613,0
2024-01-29 01:00:00+00:00,0.006747365463525057,0.006755707319825888,0.006747228559106588,0.006750917993485928,0.006750917993485928,0
2024-01-29 02:00:00+00:00,0.006750917993485928,0.006751601584255695,0.006745408289134502,0.006751283071935177,0.006751283071935177,0
2024-01-29 03:00:00+00:00,0.006751283071935177,0.006752787157893181,0.0067482758313417435,0.006750553380697966,0.006750553380697966,0
2024-01-29 04:00:00+00:00,0.006750553380697966,0.006757304538041353,0.006750508211553097,0.006753654219210148,0.006753654219210148,0
2024-01-29 05:00:00+00:00,0.0067539275623857975,0.006756254471838474,0.006752057932317257,0.006755387410521507,0.006755387410521507,0
2024-01-29 06:00:00+00:00,0.006755569949746132,0.006762468256056309,0.006753516849130392,0.0067617823369801044,0.0067617823369801044,0
2024-01-29 07:00:00+00:00,0.006761736236512661,0.006768327206373215,0.0067611881531775,0.006765854544937611,0.006765854544937611,0
2024-01-29 08:00:00+00:00,0.006765991449356079,0.006769976578652859,0.0067609138786792755,0.006762330885976553,0.006762330885976553,0
2024-01-29 09:00:00+00:00,0.006762330885976553,0.0067702061496675014,0.006760867778211832,0.006768693681806326,0.006768693681806326,0
2024-01-29 10:00:00+00:00,0.006768738850951195,0.006769197527319193,0.0067632002755999565,0.006764892488718033,0.006764892488718033,0
2024-01-29 11:00:00+00:00,0.006764664314687252,0.00676695303991437,0.006760091055184603,0.0067626056261360645,0.0067626056261360645,0
2024-01-29 12:00:00+00:00,0.006762697361409664,0.006764343939721584,0.006757213268429041,0.0067583550699055195,0.0067583550699055195,0
2024-01-29 13:00:00+00:00,0.006758400704711676,0.006762239616364241,0.006752604618668556,0.006758035160601139,0.006758035160601139,0
2024-01-29 14:00:00+00:00,0.006758172530680895,0.006761691067367792,0.006754474714398384,0.006760137155652046,0.006760137155652046,0
2024-01-29 15:00:00+00:00,0.00675999978557229,0.00677424157038331,0.00675698509439826,0.006772131193429232,0.006772131193429232,0
2024-01-29 16:00:00+00:00,0.006772177293896675,0.0067756641656160355,0.0067686475813388824,0.0067728194408118725,0.0067728194408118725,0
2024-01-29 17:00:00+00:00,0.006772773806005716,0.006775985937565565,0.0067704347893595695,0.006772544234991074,0.006772544234991074,0
2024-01-29 18:00:00+00:00,0.006772452499717474,0.006775848567485809,0.006769884843379259,0.00677185645326972,0.00677185645326972,0
2024-01-29 19:00:00+00:00,0.006771901622414589,0.006775940302759409,0.006770847365260124,0.0067728194408118725,0.0067728194408118725,0
2024-01-29 20:00:00+00:00,0.006772773806005716,0.006791263818740845,0.006772773806005716,0.006781776435673237,0.006781776435673237,0
2024-01-29 21:00:00+00:00,0.0067818681709468365,0.006782097741961479,0.006777776870876551,0.006779799237847328,0.006779799237847328,0
2024-01-29 22:00:00+00:00,0.006780580617487431,0.006785319186747074,0.006778466049581766,0.006779844872653484,0.006779844872653484,0
2024-01-29 23:00:00+00:00,0.006779522635042667,0.0067857797257602215,0.006779430899769068,0.006780074909329414,0.006780074909329414,0
2024-01-30 00:00:00+00:00,0.0067803505808115005,0.006794032175093889,0.006780166644603014,0.006789004895836115,0.006789004895836115,0
2024-01-30 01:00:00+00:00,0.006789004895836115,0.006791402120143175,0.006782787851989269,0.006788497790694237,0.006788497790694237,0
2024-01-30 02:00:00+00:00,0.0067880828864872456,0.006789050530642271,0.006782282143831253,0.006782419979572296,0.006782419979572296,0
2024-01-30 03:00:00+00:00,0.006782511714845896,0.006785825826227665,0.006780304946005344,0.006784582510590553,0.006784582510590553,0
2024-01-30 04:00:00+00:00,0.006784536875784397,0.00678877392783761,0.00678421463817358,0.006785871461033821,0.006785871461033821,0
2024-01-30 05:00:00+00:00,0.006785918027162552,0.006788958329707384,0.00678421463817358,0.006784996949136257,0.006784996949136257,0
2024-01-30 06:00:00+00:00,0.0067852274514734745,0.006790249142795801,0.006783891934901476,0.006784628611057997,0.006784628611057997,0
2024-01-30 07:00:00+00:00,0.006784490309655666,0.006795509252697229,0.006783938501030207,0.006792555097490549,0.006792555097490549,0
2024-01-30 08:00:00+00:00,0.006792370695620775,0.006792555097490549,0.006777271628379822,0.006782972253859043,0.006782972253859043,0
2024-01-30 09:00:00+00:00,0.00678315619006753,0.006789142731577158,0.006779522635042667,0.006784813012927771,0.006784813012927771,0
2024-01-30 10:00:00+00:00,0.00678490474820137,0.0067932941019535065,0.006784536875784397,0.006790756247937679,0.006790756247937679,0
2024-01-30 11:00:00+00:00,0.00679080281406641,0.0067916326224803925,0.006784628611057997,0.0067852274514734745,0.0067852274514734745,0
2024-01-30 12:00:00+00:00,0.006785135250538588,0.0067871613427996635,0.006780717987567186,0.00678246608003974,0.00678246608003974,0
2024-01-30 13:00:00+00:00,0.006782511714845896,0.006783017888665199,0.006776032038033009,0.006778880022466183,0.006778880022466183,0
2024-01-30 14:00:00+00:00,0.006779063493013382,0.006798374000936747,0.006778833456337452,0.006794447544962168,0.006794447544962168,0
2024-01-30 15:00:00+00:00,0.006794124376028776,0.006797033827751875,0.006761736236512661,0.006763840559870005,0.006763840559870005,0
2024-01-30 16:00:00+00:00,0.006763748824596405,0.006770847365260124,0.006760091055184603,0.006769930478185415,0.006769930478185415,0
2024-01-30 17:00:00+00:00,0.006769747007638216,0.006772360764443874,0.006764938589185476,0.006765762809664011,0.006765762809664011,0
2024-01-30 18:00:00+00:00,0.006765808444470167,0.0067689684219658375,0.006762833800166845,0.006767731625586748,0.006767731625586748,0
2024-01-30 19:00:00+00:00,0.006767731625586748,0.006776169408112764,0.00676736468449235,0.006774975918233395,0.006774975918233395,0
2024-01-30 20:00:00+00:00,0.006775113753974438,0.00677543506026268,0.006772039458155632,0.006774516776204109,0.006774516776204109,0
2024-01-30 21:00:00+00:00,0.006774516776204109,0.0067768581211566925,0.006773690693080425,0.006775113753974438,0.006775113753974438,0
2024-01-30 22:00:00+00:00,0.00677543506026268,0.006779201794415712,0.006773828528821468,0.006775067653506994,0.006775067653506994,0
2024-01-30 23:00:00+00:00,0.006775113753974438,0.006786332465708256,0.006774746812880039,0.0067861019633710384,0.0067861019633710384,0
2024-01-31 00:00:00+00:00,0.006787346210330725,0.006794124376028776,0.006778833456337452,0.0067797075025737286,0.0067797075025737286,0
2024-01-31 01:00:00+00:00,0.006779569201171398,0.006784859113395214,0.006774838548153639,0.006777501665055752,0.006777501665055752,0
2024-01-31 02:00:00+00:00,0.006777547299861908,0.006777685135602951,0.0067696101032197475,0.006771213840693235,0.006771213840693235,0
2024-01-31 03:00:00+00:00,0.006771581247448921,0.006774378940463066,0.006768281105905771,0.006769105792045593,0.006769105792045593,0
2024-01-31 04:00:00+00:00,0.006769105792045593,0.0067763072438538074,0.006765167694538832,0.006774792447686195,0.006774792447686195,0
2024-01-31 05:00:00+00:00,0.006774608511477709,0.006776077672839165,0.006768327206373215,0.006769793573766947,0.006769793573766947,0
2024-01-31 06:00:00+00:00,0.006769930478185415,0.006770022213459015,0.006762102711945772,0.006762285251170397,0.006762285251170397,0
2024-01-31 07:00:00+00:00,0.006762376986443996,0.006774975918233395,0.006761416792869568,0.006772452499717474,0.006772452499717474,0
2024-01-31 08:00:00+00:00,0.006772635970264673,0.006783707998692989,0.0067724063992500305,0.0067818681709468365,0.0067818681709468365,0
2024-01-31 09:00:00+00:00,0.006781959906220436,0.006784260738641024,0.006765487603843212,0.00676736468449235,0.00676736468449235,0
2024-01-31 10:00:00+00:00,0.006767273414880037,0.006770297419279814,0.006763657554984093,0.006764892488718033,0.006764892488718033,0
2024-01-31 11:00:00+00:00,0.0067648012191057205,0.006769014522433281,0.006762056611478329,0.006763886660337448,0.006763886660337448,0
2024-01-31 12:00:00+00:00,0.006763931829482317,0.006769334431737661,0.00676201144233346,0.006766082718968391,0.006766082718968391,0
2024-01-31 13:00:00+00:00,0.006766037549823523,0.006781776435673237,0.0067626056261360645,0.0067797075025737286,0.0067797075025737286,0
2024-01-31 14:00:00+00:00,0.0067797075025737286,0.006827570032328367,0.006776674650609493,0.006819700822234154,0.006819700822234154,0
2024-01-31 15:00:00+00:00,0.006819514557719231,0.0068429880775511265,0.006813242565840483,0.006840975023806095,0.006840975023806095,0
2024-01-31 16:00:00+00:00,0.006840927992016077,0.006846173200756311,0.0068305544555187225,0.006836999207735062,0.006836999207735062,0
2024-01-31 17:00:00+00:00,0.006836999207735062,0.0068378872238099575,0.006829434540122747,0.00683279475197196,0.00683279475197196,0
2024-01-31 18:00:00+00:00,0.0068327016197144985,0.006833074614405632,0.006825472693890333,0.006830647587776184,0.006830647587776184,0
2024-01-31 19:00:00+00:00,0.006829155143350363,0.006849080324172974,0.006808325182646513,0.006831767503172159,0.006831767503172159,0
2024-01-31 20:00:00+00:00,0.006831767503172159,0.006835176609456539,0.006782189477235079,0.006795740220695734,0.006795740220695734,0
2024-01-31 21:00:00+00:00,0.006795786786824465,0.00680990144610405,0.00679260166361928,0.0068078613840043545,0.0068078613840043545,0
2024-01-31 22:00:00+00:00,0.0068080006167292595,0.0068105971440672874,0.0068045263178646564,0.006809020880609751,0.006809020880609751,0
2024-01-31 23:00:00+00:00,0.0068080006167292595,0.006814031396061182,0.0068005467765033245,0.006801101379096508,0.006801101379096508,0
2024-02-01 00:00:00+00:00,0.006802351213991642,0.0068208640441298485,0.006798975169658661,0.0068140774965286255,0.0068140774965286255,0
2024-02-01 01:00:00+00:00,0.006814124528318644,0.006819514557719231,0.0068056839518249035,0.00681310286745429,0.00681310286745429,0
2024-02-01 02:00:00+00:00,0.006813242565840483,0.006827336736023426,0.006812870502471924,0.006822445895522833,0.006822445895522833,0
2024-02-01 03:00:00+00:00,0.006822632160037756,0.006823981646448374,0.0068150535225868225,0.006816539913415909,0.006816539913415909,0
2024-02-01 04:00:00+00:00,0.006816446781158447,0.006820631213486195,0.0068111540749669075,0.0068123601377010345,0.0068123601377010345,0
2024-02-01 05:00:00+00:00,0.006812406703829765,0.006814449559897184,0.006807954516261816,0.006809160113334656,0.006809160113334656,0
2024-02-01 06:00:00+00:00,0.006809160113334656,0.006811525207012892,0.006805266719311476,0.006807722616940737,0.006807722616940737,0
2024-02-01 07:00:00+00:00,0.006807722616940737,0.006816074717789888,0.006800454575568438,0.006811896339058876,0.006811896339058876,0
2024-02-01 08:00:00+00:00,0.00681171054020524,0.006821980234235525,0.006809206213802099,0.006820631213486195,0.006820631213486195,0
2024-02-01 09:00:00+00:00,0.0068210032768547535,0.006821747869253159,0.006806795950978994,0.006812314037233591,0.006812314037233591,0
2024-02-01 10:00:00+00:00,0.006812314037233591,0.00681547075510025,0.0068076299503445625,0.006810319144278765,0.006810319144278765,0
2024-02-01 11:00:00+00:00,0.006810272578150034,0.0068153319880366325,0.0068085575476288795,0.006810041144490242,0.006810041144490242,0
2024-02-01 12:00:00+00:00,0.0068102264776825905,0.006810319144278765,0.006797449663281441,0.006804479751735926,0.006804479751735926,0
2024-02-01 13:00:00+00:00,0.006804618984460831,0.006828175857663155,0.006800269708037376,0.006818398833274841,0.006818398833274841,0
2024-02-01 14:00:00+00:00,0.006818538531661034,0.006834148429334164,0.006818072870373726,0.006831814534962177,0.006831814534962177,0
2024-02-01 15:00:00+00:00,0.006831908132880926,0.0068378872238099575,0.006810968276113272,0.006834803149104118,0.006834803149104118,0
2024-02-01 16:00:00+00:00,0.0068347561173141,0.0068544321693480015,0.0068347095511853695,0.006840553600341082,0.006840553600341082,0
2024-02-01 17:00:00+00:00,0.0068406471982598305,0.006842753384262323,0.006829901598393917,0.00683279475197196,0.00683279475197196,0
2024-02-01 18:00:00+00:00,0.006832747720181942,0.006836671847850084,0.0068268240429461,0.006832094397395849,0.006832094397395849,0
2024-02-01 19:00:00+00:00,0.00683214096352458,0.006840412970632315,0.00683195423334837,0.006836812011897564,0.006836812011897564,0
2024-02-01 20:00:00+00:00,0.006836671847850084,0.006837420165538788,0.006833027582615614,0.00683410232886672,0.00683410232886672,0
2024-02-01 21:00:00+00:00,0.006834148429334164,0.006834335159510374,0.006828362587839365,0.0068302275612950325,0.0068302275612950325,0
2024-02-01 22:00:00+00:00,0.006830694619566202,0.006835410371422768,0.006826870609074831,0.006827942561358213,0.006827942561358213,0
2024-02-01 23:00:00+00:00,0.0068281288258731365,0.00683246785774827,0.006825332995504141,0.006828362587839365,0.006828362587839365,0
2024-02-02 00:00:00+00:00,0.006827849429100752,0.006836671847850084,0.006826218217611313,0.006831301376223564,0.006831301376223564,0
2024-02-02 01:00:00+00:00,0.006831347476691008,0.006838214583694935,0.006827849429100752,0.00683260802179575,0.00683260802179575,0
2024-02-02 02:00:00+00:00,0.006832841318100691,0.006835176609456539,0.006827802397310734,0.006833541672676802,0.006833541672676802,0
2024-02-02 03:00:00+00:00,0.006833448074758053,0.006834335159510374,0.006830041296780109,0.006831767503172159,0.006831767503172159,0
2024-02-02 04:00:00+00:00,0.006831814534962177,0.006834615953266621,0.006826917175203562,0.006829574704170227,0.006829574704170227,0
2024-02-02 05:00:00+00:00,0.006829714402556419,0.0068314410746097565,0.006825192831456661,0.006829388439655304,0.006829388439655304,0
2024-02-02 06:00:00+00:00,0.006829388439655304,0.006832934450358152,0.006824634037911892,0.006826870609074831,0.006826870609074831,0
2024-02-02 07:00:00+00:00,0.0068269637413322926,0.006827290169894695,0.006819514557719231,0.006820212118327618,0.006820212118327618,0
2024-02-02 08:00:00+00:00,0.006820259150117636,0.006823981646448374,0.00681435689330101,0.006814960390329361,0.006814960390329361,0
2024-02-02 09:00:00+00:00,0.00681519228965044,0.006818119902163744,0.0068120816722512245,0.00681691151112318,0.00681691151112318,0
2024-02-02 10:00:00+00:00,0.006816958077251911,0.006821282207965851,0.006815424654632807,0.00682095717638731,0.00682095717638731,0
2024-02-02 11:00:00+00:00,0.00682081701233983,0.006827849429100752,0.006820677313953638,0.0068244943395257,0.0068244943395257,0
2024-02-02 12:00:00+00:00,0.006824121810495853,0.0068256123922765255,0.006820072419941425,0.006822399329394102,0.006822399329394102,0
2024-02-02 13:00:00+00:00,0.006822399329394102,0.006823516450822353,0.006757258903235197,0.006758446339517832,0.006758446339517832,0
2024-02-02 14:00:00+00:00,0.006758446339517832,0.006771489512175322,0.0067542921751737595,0.0067627886310219765,0.0067627886310219765,0
2024-02-02 15:00:00+00:00,0.006762697361409664,0.006764892488718033,0.0067410883493721485,0.006744134705513716,0.006744134705513716,0
2024-02-02 16:00:00+00:00,0.006744134705513716,0.006748002488166094,0.006730199791491032,0.006732238456606865,0.006732238456606865,0
2024-02-02 17:00:00+00:00,0.006732193753123283,0.0067383176647126675,0.006730788853019476,0.006733009126037359,0.006733009126037359,0
2024-02-02 18:00:00+00:00,0.006732873618602753,0.0067460001446306705,0.00673092482611537,0.006742815487086773,0.006742815487086773,0
2024-02-02 19:00:00+00:00,0.006742769852280617,0.006746318191289902,0.006740588694810867,0.006741860881447792,0.006741860881447792,0
2024-02-02 20:00:00+00:00,0.006742087658494711,0.006745726335793734,0.006740724667906761,0.006742679048329592,0.006742679048329592,0
2024-02-02 21:00:00+00:00,0.006742679048329592,0.006744543556123972,0.006738271564245224,0.006741497199982405,0.006741497199982405,0
2024-02-05 00:00:00+00:00,0.0067336889915168285,0.006739270873367786,0.006719481665641069,0.006725447252392769,0.006725447252392769,0
2024-02-05 01:00:00+00:00,0.0067255375906825066,0.006740179844200611,0.0067252665758132935,0.006739907432347536,0.006739907432347536,0
2024-02-05 02:00:00+00:00,0.006739816628396511,0.006740861106663942,0.006732011679559946,0.006733099929988384,0.006733099929988384,0
2024-02-05 03:00:00+00:00,0.006733054760843515,0.006740679498761892,0.006731604691594839,0.006738454103469849,0.006738454103469849,0
2024-02-05 04:00:00+00:00,0.006738544907420874,0.006742543075233698,0.0067366380244493484,0.006737137213349342,0.006737137213349342,0
2024-02-05 05:00:00+00:00,0.0067371828481554985,0.006741860881447792,0.0067338705994188786,0.006741633638739586,0.006741633638739586,0
2024-02-05 06:00:00+00:00,0.006741588469594717,0.006744816899299622,0.0067382268607616425,0.006741952151060104,0.006741952151060104,0
2024-02-05 07:00:00+00:00,0.006742224562913179,0.006744498386979103,0.006734505761414766,0.006735049653798342,0.006735049653798342,0
2024-02-05 08:00:00+00:00,0.006735004484653473,0.0067384084686636925,0.006729203276336193,0.006734233815222979,0.006734233815222979,0
2024-02-05 09:00:00+00:00,0.006734233815222979,0.006740224547684193,0.006731604691594839,0.006733960937708616,0.006733960937708616,0
2024-02-05 10:00:00+00:00,0.006734006572514772,0.00673777237534523,0.006731287110596895,0.006737137213349342,0.006737137213349342,0
2024-02-05 11:00:00+00:00,0.006737318821251392,0.006742906291037798,0.0067359572276473045,0.006737091578543186,0.006737091578543186,0
2024-02-05 12:00:00+00:00,0.006736955605447292,0.0067372736521065235,0.006728207226842642,0.0067282975651323795,0.0067282975651323795,0
2024-02-05 13:00:00+00:00,0.006728207226842642,0.006735458038747311,0.006725899409502745,0.00673092482611537,0.00673092482611537,0
2024-02-05 14:00:00+00:00,0.006730969995260239,0.006739089265465736,0.00673092482611537,0.006738907657563686,0.006738907657563686,0
2024-02-05 15:00:00+00:00,0.00673868041485548,0.00673868041485548,0.006716999225318432,0.006717090029269457,0.006717090029269457,0
2024-02-05 16:00:00+00:00,0.006717179901897907,0.006724316161125898,0.006716141942888498,0.006720520090311766,0.006720520090311766,0
2024-02-05 17:00:00+00:00,0.006720429752022028,0.006730788853019476,0.0067200688645243645,0.0067284791730344296,0.0067284791730344296,0
2024-02-05 18:00:00+00:00,0.006728569511324167,0.006734006572514772,0.006728433538228273,0.006732465233653784,0.006732465233653784,0
2024-02-05 19:00:00+00:00,0.006732601206749678,0.006733916234225035,0.006724588107317686,0.0067250849679112434,0.0067250849679112434,0
2024-02-05 20:00:00+00:00,0.0067251306027174,0.006728116422891617,0.006721965968608856,0.006727528292685747,0.006727528292685747,0
2024-02-05 21:00:00+00:00,0.006727754604071379,0.006727754604071379,0.006724135484546423,0.006726441904902458,0.006726441904902458,0
2024-02-05 22:00:00+00:00,0.006726441904902458,0.0067294747568666935,0.006722915451973677,0.006726713851094246,0.006726713851094246,0
2024-02-05 23:00:00+00:00,0.006726397201418877,0.0067297471687197685,0.006726125720888376,0.006727166473865509,0.006727166473865509,0
2024-02-06 00:00:00+00:00,0.006726759020239115,0.006732284091413021,0.006726577877998352,0.006729882676154375,0.006729882676154375,0
2024-02-06 01:00:00+00:00,0.006730063818395138,0.006735729984939098,0.006729339249432087,0.006733190268278122,0.006733190268278122,0
2024-02-06 02:00:00+00:00,0.006733099929988384,0.006734052207320929,0.006730018649250269,0.006730562075972557,0.006730562075972557,0
2024-02-06 03:00:00+00:00,0.006730562075972557,0.006732465233653784,0.006726216059178114,0.006728207226842642,0.006728207226842642,0
2024-02-06 04:00:00+00:00,0.006728162057697773,0.006737318821251392,0.006728071719408035,0.006735412869602442,0.006735412869602442,0
2024-02-06 05:00:00+00:00,0.006735412869602442,0.0067396340891718864,0.006733644288033247,0.006736955605447292,0.006736955605447292,0
2024-02-06 06:00:00+00:00,0.006737091578543186,0.006740588694810867,0.006735186092555523,0.0067365472204983234,0.0067365472204983234,0
2024-02-06 07:00:00+00:00,0.006736501585692167,0.0067391349002718925,0.00673137791454792,0.006733553484082222,0.006733553484082222,0
2024-02-06 08:00:00+00:00,0.006733598653227091,0.00673446012660861,0.0067263515666127205,0.00672712130472064,0.00672712130472064,0
2024-02-06 09:00:00+00:00,0.006727166473865509,0.006732374895364046,0.006724723149091005,0.006725945044308901,0.006725945044308901,0
2024-02-06 10:00:00+00:00,0.006725809071213007,0.006728116422891617,0.006721785292029381,0.006722011137753725,0.006722011137753725,0
2024-02-06 11:00:00+00:00,0.006722055841237307,0.006727392785251141,0.006720927078276873,0.006725899409502745,0.006725899409502745,0
2024-02-06 12:00:00+00:00,0.006725989747792482,0.006730290129780769,0.006721107289195061,0.006729882676154375,0.006729882676154375,0
2024-02-06 13:00:00+00:00,0.006729973014444113,0.006736002862453461,0.006727211643010378,0.006728660315275192,0.006728660315275192,0
2024-02-06 14:00:00+00:00,0.006728614680469036,0.00673886202275753,0.0067282975651323795,0.006737999618053436,0.006737999618053436,0
2024-02-06 15:00:00+00:00,0.006738181225955486,0.006756939459592104,0.0067336889915168285,0.006752513349056244,0.006752513349056244,0
2024-02-06 16:00:00+00:00,0.006752650719136,0.006758126430213451,0.006748139392584562,0.006755707319825888,0.006755707319825888,0
2024-02-06 17:00:00+00:00,0.006755569949746132,0.006763931829482317,0.006752877961844206,0.006760685238987207,0.006760685238987207,0
2024-02-06 18:00:00+00:00,0.006760547868907452,0.006766037549823523,0.006755022797733545,0.0067627886310219765,0.0067627886310219765,0
2024-02-06 19:00:00+00:00,0.0067627886310219765,0.006764069199562073,0.0067568025551736355,0.006758308969438076,0.006758308969438076,0
2024-02-06 20:00:00+00:00,0.006758491974323988,0.0067648012191057205,0.006758400704711676,0.006763886660337448,0.006763886660337448,0
2024-02-06 21:00:00+00:00,0.006763748824596405,0.006764023564755917,0.006758903153240681,0.006759771145880222,0.006759771145880222,0
2024-02-06 22:00:00+00:00,0.0067595429718494415,0.006763520184904337,0.006759314332157373,0.006762514356523752,0.006762514356523752,0
2024-02-06 23:00:00+00:00,0.006762239616364241,0.006768922787159681,0.006761736236512661,0.006765121594071388,0.006765121594071388,0
2024-02-07 00:00:00+00:00,0.006765076424926519,0.006765167694538832,0.006759314332157373,0.006763474550098181,0.006763474550098181,0
2024-02-07 01:00:00+00:00,0.006763657554984093,0.0067702061496675014,0.006762925535440445,0.006765762809664011,0.006765762809664011,0
2024-02-07 02:00:00+00:00,0.0067657167091965675,0.0067658997140824795,0.006757213268429041,0.006761050783097744,0.006761050783097744,0
2024-02-07 03:00:00+00:00,0.006761416792869568,0.006765167694538832,0.0067606400698423386,0.006761416792869568,0.006761416792869568,0
2024-02-07 04:00:00+00:00,0.006761416792869568,0.0067626056261360645,0.006757897790521383,0.006758217699825764,0.006758217699825764,0
2024-02-07 05:00:00+00:00,0.006757989525794983,0.006760959513485432,0.0067568025551736355,0.006758994422852993,0.006758994422852993,0
2024-02-07 06:00:00+00:00,0.006758949253708124,0.006760959513485432,0.0067539275623857975,0.006755524780601263,0.006755524780601263,0
2024-02-07 07:00:00+00:00,0.006755616050213575,0.006768327206373215,0.006755432579666376,0.006764938589185476,0.006764938589185476,0
2024-02-07 08:00:00+00:00,0.006765030324459076,0.006765533704310656,0.006752513349056244,0.006753745023161173,0.006753745023161173,0
2024-02-07 09:00:00+00:00,0.006753516849130392,0.00676191970705986,0.00675315223634243,0.006760547868907452,0.006760547868907452,0
2024-02-07 10:00:00+00:00,0.006760685238987207,0.0067613255232572556,0.0067495969124138355,0.006751146167516708,0.006751146167516708,0
2024-02-07 11:00:00+00:00,0.006751236971467733,0.006758811883628368,0.006750599481165409,0.006753015331923962,0.006753015331923962,0
2024-02-07 12:00:00+00:00,0.006753106135874987,0.006753197405487299,0.006745089776813984,0.006747410632669926,0.006747410632669926,0
2024-02-07 13:00:00+00:00,0.006747319363057613,0.006753471214324236,0.006744998972862959,0.0067487312480807304,0.0067487312480807304,0
2024-02-07 14:00:00+00:00,0.006748503539711237,0.00677424157038331,0.006746408995240927,0.006766494829207659,0.006766494829207659,0
2024-02-07 15:00:00+00:00,0.006766632664948702,0.0067675476893782616,0.006750007160007954,0.006759360432624817,0.006759360432624817,0
2024-02-07 16:00:00+00:00,0.006759405601769686,0.006762697361409664,0.006753516849130392,0.006755067966878414,0.006755067966878414,0
2024-02-07 17:00:00+00:00,0.0067551592364907265,0.006755432579666376,0.006749186664819717,0.006750690285116434,0.006750690285116434,0
2024-02-07 18:00:00+00:00,0.006750826723873615,0.006757396273314953,0.006748093757778406,0.006750553380697966,0.006750553380697966,0
2024-02-07 19:00:00+00:00,0.006750553380697966,0.00675237737596035,0.006748093757778406,0.006750735454261303,0.006750735454261303,0
2024-02-07 20:00:00+00:00,0.006750644650310278,0.006752148736268282,0.006747683510184288,0.0067487312480807304,0.0067487312480807304,0
2024-02-07 21:00:00+00:00,0.006749049760401249,0.006750280037522316,0.0067478204146027565,0.006748594343662262,0.006748594343662262,0
2024-02-07 22:00:00+00:00,0.006748958956450224,0.0067561171017587185,0.006748958956450224,0.0067545208148658276,0.0067545208148658276,0
2024-02-07 23:00:00+00:00,0.006754474714398384,0.006757167633622885,0.00675237737596035,0.006753106135874987,0.006753106135874987,0
2024-02-08 00:00:00+00:00,0.006753015331923962,0.006759451702237129,0.006752468179911375,0.0067542921751737595,0.0067542921751737595,0
2024-02-08 01:00:00+00:00,0.0067542921751737595,0.006760182324796915,0.006740089040249586,0.006743451580405235,0.006743451580405235,0
2024-02-08 02:00:00+00:00,0.006743543315678835,0.006744907703250647,0.0067384084686636925,0.006740543060004711,0.006740543060004711,0
2024-02-08 03:00:00+00:00,0.006740679498761892,0.006743997801095247,0.006740270648151636,0.006740906275808811,0.006740906275808811,0
2024-02-08 04:00:00+00:00,0.006740724667906761,0.006741996854543686,0.006734143011271954,0.006734777707606554,0.006734777707606554,0
2024-02-08 05:00:00+00:00,0.006734732538461685,0.006735912058502436,0.00672666821628809,0.006730290129780769,0.006730290129780769,0
2024-02-08 06:00:00+00:00,0.006730516906827688,0.006730698049068451,0.0067232768051326275,0.0067239548079669476,0.0067239548079669476,0
2024-02-08 07:00:00+00:00,0.006723728496581316,0.0067260353825986385,0.006719978526234627,0.006723412778228521,0.006723412778228521,0
2024-02-08 08:00:00+00:00,0.0067236837930977345,0.006725718732923269,0.00671817222610116,0.00672250846400857,0.00672250846400857,0
2024-02-08 09:00:00+00:00,0.006722418125718832,0.006727618630975485,0.00672142393887043,0.006722553167492151,0.006722553167492151,0
2024-02-08 10:00:00+00:00,0.00672250846400857,0.006723321974277496,0.006704839877784252,0.006706863176077604,0.006706863176077604,0
2024-02-08 11:00:00+00:00,0.006706907879561186,0.006711679510772228,0.006700077559798956,0.006704345345497131,0.006704345345497131,0
2024-02-08 12:00:00+00:00,0.0067041656002402306,0.006706458516418934,0.006694515701383352,0.006700167432427406,0.006700167432427406,0
2024-02-08 13:00:00+00:00,0.006700032390654087,0.006707717664539814,0.00669057434424758,0.00669393315911293,0.00669393315911293,0
2024-02-08 14:00:00+00:00,0.006693977862596512,0.006702951621264219,0.006692678667604923,0.006699808407574892,0.006699808407574892,0
2024-02-08 15:00:00+00:00,0.00669967383146286,0.006701289676129818,0.006689902860671282,0.006692051887512207,0.006692051887512207,0
2024-02-08 16:00:00+00:00,0.006692051887512207,0.006700705736875534,0.0066909329034388065,0.006700571626424789,0.006700571626424789,0
2024-02-08 17:00:00+00:00,0.006700347177684307,0.00670075137168169,0.006694515701383352,0.006694605574011803,0.006694605574011803,0
2024-02-08 18:00:00+00:00,0.006694829557090998,0.006706098560243845,0.006694470997899771,0.006696308963000774,0.006696308963000774,0
2024-02-08 19:00:00+00:00,0.0066962637938559055,0.006698192562907934,0.00669303722679615,0.00669393315911293,0.00669393315911293,0
2024-02-08 20:00:00+00:00,0.006694023031741381,0.006697968579828739,0.006693664472550154,0.006697744131088257,0.006697744131088257,0
2024-02-08 21:00:00+00:00,0.006697879172861576,0.006699538789689541,0.006696040276437998,0.006697250530123711,0.006697250530123711,0
2024-02-08 22:00:00+00:00,0.006698013283312321,0.006701469887048006,0.006696667522192001,0.006699179764837027,0.006699179764837027,0
2024-02-08 23:00:00+00:00,0.0066992249339818954,0.006700257305055857,0.006697429809719324,0.0066992249339818954,0.0066992249339818954,0
2024-02-09 00:00:00+00:00,0.0066998982802033424,0.006701065693050623,0.006692813243716955,0.006694291718304157,0.006694291718304157,0
2024-02-09 01:00:00+00:00,0.006694067735224962,0.006700571626424789,0.006694067735224962,0.00669868616387248,0.00669868616387248,0
2024-02-09 02:00:00+00:00,0.0066988212056458,0.00670043658465147,0.006696398835629225,0.00669792341068387,0.00669792341068387,0
2024-02-09 03:00:00+00:00,0.006697879172861576,0.006698192562907934,0.00668941019102931,0.006692051887512207,0.006692051887512207,0
2024-02-09 04:00:00+00:00,0.006691962480545044,0.006695143412798643,0.006690484471619129,0.006692723836749792,0.006692723836749792,0
2024-02-09 05:00:00+00:00,0.006692813243716955,0.006696219556033611,0.006692006718367338,0.006693574599921703,0.006693574599921703,0
2024-02-09 06:00:00+00:00,0.006693664472550154,0.00669671269133687,0.006692186463624239,0.006696398835629225,0.006696398835629225,0
2024-02-09 07:00:00+00:00,0.006696578115224838,0.006701873615384102,0.006692723836749792,0.006693619769066572,0.006693619769066572,0
2024-02-09 08:00:00+00:00,0.006693574599921703,0.006695053540170193,0.0066856094636023045,0.006692902650684118,0.006692902650684118,0
2024-02-09 09:00:00+00:00,0.006693081930279732,0.0066998982802033424,0.006691380403935909,0.006692544557154179,0.006692544557154179,0
2024-02-09 10:00:00+00:00,0.00669249938800931,0.0066972956992685795,0.006691514980047941,0.006694605574011803,0.006694605574011803,0
2024-02-09 11:00:00+00:00,0.006694784853607416,0.006695950403809547,0.006690663751214743,0.00669348519295454,0.00669348519295454,0
2024-02-09 12:00:00+00:00,0.006693530362099409,0.006693977862596512,0.006687352899461985,0.0066898581571877,0.0066898581571877,0
2024-02-09 13:00:00+00:00,0.006690126843750477,0.006711319554597139,0.006687621120363474,0.006694067735224962,0.006694067735224962,0
2024-02-09 14:00:00+00:00,0.006694470997899771,0.006703805644065142,0.0066914246417582035,0.006695725955069065,0.006695725955069065,0
2024-02-09 15:00:00+00:00,0.006695725955069065,0.006701604463160038,0.006692768540233374,0.006696891970932484,0.006696891970932484,0
2024-02-09 16:00:00+00:00,0.006697116419672966,0.006699269637465477,0.006692768540233374,0.006694247014820576,0.006694247014820576,0
2024-02-09 17:00:00+00:00,0.006694336421787739,0.006696308963000774,0.006693440489470959,0.006695770658552647,0.006695770658552647,0
2024-02-09 18:00:00+00:00,0.006695950403809547,0.006697968579828739,0.006694695446640253,0.00669541209936142,0.00669541209936142,0
2024-02-09 19:00:00+00:00,0.0066953678615391254,0.006697789300233126,0.006694695446640253,0.00669550197198987,0.00669550197198987,0
2024-02-09 20:00:00+00:00,0.006695547141134739,0.006699719000607729,0.00669496413320303,0.006698776036500931,0.006698776036500931,0
2024-02-09 21:00:00+00:00,0.0066988212056458,0.00670075137168169,0.006698237732052803,0.0066998982802033424,0.0066998982802033424,0
2024-02-12 00:00:00+00:00,0.00670335628092289,0.006706728134304285,0.006702502723783255,0.006705468986183405,0.006705468986183405,0
2024-02-12 01:00:00+00:00,0.006705289240926504,0.006706053391098976,0.006701918784528971,0.0067032212391495705,0.0067032212391495705,0
2024-02-12 02:00:00+00:00,0.006703266408294439,0.006705918814986944,0.006702862214297056,0.006703491322696209,0.006703491322696209,0
2024-02-12 03:00:00+00:00,0.0067034014500677586,0.006705199368298054,0.006700077559798956,0.006700347177684307,0.006700347177684307,0
2024-02-12 04:00:00+00:00,0.006700212601572275,0.006702323444187641,0.006700032390654087,0.006701379548758268,0.006701379548758268,0
2024-02-12 05:00:00+00:00,0.006701604463160038,0.00670376094058156,0.006701065693050623,0.00670205382630229,0.00670205382630229,0
2024-02-12 06:00:00+00:00,0.0067020985297858715,0.006703940685838461,0.006701065693050623,0.006702233571559191,0.006702233571559191,0
2024-02-12 07:00:00+00:00,0.006702323444187641,0.006709517911076546,0.006701424717903137,0.006707042921334505,0.006707042921334505,0
2024-02-12 08:00:00+00:00,0.006707223132252693,0.006712130270898342,0.006704479455947876,0.006705109495669603,0.006705109495669603,0
2024-02-12 09:00:00+00:00,0.006704839877784252,0.0067079877480864525,0.006702682469040155,0.006705828942358494,0.006705828942358494,0
2024-02-12 10:00:00+00:00,0.0067056939005851746,0.0067097884602844715,0.006704299710690975,0.0067090680822730064,0.0067090680822730064,0
2024-02-12 11:00:00+00:00,0.006709247827529907,0.006711769383400679,0.006707268301397562,0.006710373796522617,0.006710373796522617,0
2024-02-12 12:00:00+00:00,0.006710463669151068,0.006714834365993738,0.006708977743983269,0.006712490692734718,0.006712490692734718,0
2024-02-12 13:00:00+00:00,0.006712580565363169,0.006714924704283476,0.0067017837427556515,0.006702412851154804,0.006702412851154804,0
2024-02-12 14:00:00+00:00,0.006702277809381485,0.006704479455947876,0.006696040276437998,0.006697429809719324,0.006697429809719324,0
2024-02-12 15:00:00+00:00,0.00669738557189703,0.006698506884276867,0.006690037436783314,0.006690798327326775,0.006690798327326775,0
2024-02-12 16:00:00+00:00,0.0066909329034388065,0.006695995107293129,0.006689813453704119,0.006694605574011803,0.006694605574011803,0
2024-02-12 17:00:00+00:00,0.006694739684462547,0.006700257305055857,0.006694157142192125,0.006699942983686924,0.006699942983686924,0
2024-02-12 18:00:00+00:00,0.0067001222632825375,0.006700705736875534,0.006695680785924196,0.006699314806610346,0.006699314806610346,0
2024-02-12 19:00:00+00:00,0.00669967383146286,0.006700840778648853,0.0066917832009494305,0.006692947819828987,0.006692947819828987,0
2024-02-12 20:00:00+00:00,0.006692858412861824,0.006697654724121094,0.006692813243716955,0.006696444004774094,0.006696444004774094,0
2024-02-12 21:00:00+00:00,0.006696667522192001,0.0066980584524571896,0.006695008836686611,0.006696129683405161,0.006696129683405161,0
2024-02-12 22:00:00+00:00,0.006696488242596388,0.006698731333017349,0.006695053540170193,0.006696846801787615,0.006696846801787615,0
2024-02-12 23:00:00+00:00,0.0066972956992685795,0.006699719000607729,0.006692723836749792,0.006693440489470959,0.006693440489470959,0
2024-02-13 00:00:00+00:00,0.006693260744214058,0.006698147859424353,0.006692275870591402,0.006697564851492643,0.006697564851492643,0
2024-02-13 01:00:00+00:00,0.006697834003716707,0.006698910612612963,0.006693799048662186,0.006695008836686611,0.006695008836686611,0
2024-02-13 02:00:00+00:00,0.0066948747262358665,0.00669550197198987,0.006689634174108505,0.006690529640763998,0.006690529640763998,0
2024-02-13 03:00:00+00:00,0.006690484471619129,0.00669133523479104,0.006687442306429148,0.0066876658238470554,0.0066876658238470554,0
2024-02-13 04:00:00+00:00,0.006687621120363474,0.006689320784062147,0.0066854748874902725,0.006686726585030556,0.006686726585030556,0
2024-02-13 05:00:00+00:00,0.006686637178063393,0.00668941019102931,0.006686056032776833,0.006686726585030556,0.006686726585030556,0
2024-02-13 06:00:00+00:00,0.006686592940241098,0.0066915592178702354,0.006686369422823191,0.006690395064651966,0.006690395064651966,0
2024-02-13 07:00:00+00:00,0.006690261419862509,0.0066909329034388065,0.006682213861495256,0.006685028318315744,0.006685028318315744,0
2024-02-13 08:00:00+00:00,0.0066851177252829075,0.006686861161142588,0.006680294405668974,0.006683866493403912,0.006683866493403912,0
2024-02-13 09:00:00+00:00,0.00668382178992033,0.006686637178063393,0.006680740509182215,0.006685743108391762,0.006685743108391762,0
2024-02-13 10:00:00+00:00,0.0066856094636023045,0.006690037436783314,0.006685564294457436,0.006688113324344158,0.006688113324344158,0
2024-02-13 11:00:00+00:00,0.006688023917376995,0.006694695446640253,0.006687710527330637,0.006694381590932608,0.006694381590932608,0
2024-02-13 12:00:00+00:00,0.006694470997899771,0.0066972956992685795,0.00669303722679615,0.006695995107293129,0.006695995107293129,0
2024-02-13 13:00:00+00:00,0.006695950403809547,0.006701334845274687,0.006645092274993658,0.006647477857768536,0.006647477857768536,0
2024-02-13 14:00:00+00:00,0.0066472566686570644,0.006653448101133108,0.006640811916440725,0.006641737651079893,0.006641737651079893,0
2024-02-13 15:00:00+00:00,0.006642223335802555,0.006649643648415804,0.006639753468334675,0.006640502717345953,0.006640502717345953,0
2024-02-13 16:00:00+00:00,0.006640635430812836,0.006644077133387327,0.00663314713165164,0.006634819321334362,0.006634819321334362,0
2024-02-13 17:00:00+00:00,0.006634864024817944,0.006635964382439852,0.006631080061197281,0.0066321794874966145,0.0066321794874966145,0
2024-02-13 18:00:00+00:00,0.006632091477513313,0.006634995341300964,0.006630991585552692,0.006632222793996334,0.006632222793996334,0
2024-02-13 19:00:00+00:00,0.00663213524967432,0.006632487289607525,0.0066275643184781075,0.006628223229199648,0.006628223229199648,0
2024-02-13 20:00:00+00:00,0.0066282665356993675,0.006634819321334362,0.006627959199249744,0.006632047239691019,0.006632047239691019,0
2024-02-13 21:00:00+00:00,0.00663213524967432,0.006633411161601543,0.006630332209169865,0.006632222793996334,0.006632222793996334,0
2024-02-13 22:00:00+00:00,0.00663213524967432,0.006642575841397047,0.0066309478133916855,0.006638871505856514,0.006638871505856514,0
2024-02-13 23:00:00+00:00,0.006638783495873213,0.006641076412051916,0.0066330148838460445,0.006634467747062445,0.006634467747062445,0
2024-02-14 00:00:00+00:00,0.006634776014834642,0.0066405474208295345,0.0066323550418019295,0.0066379462368786335,0.0066379462368786335,0
2024-02-14 01:00:00+00:00,0.0066379462368786335,0.006643591448664665,0.0066357883624732494,0.006642797030508518,0.006642797030508518,0
2024-02-14 02:00:00+00:00,0.006642753258347511,0.006644253619015217,0.006638210732489824,0.006639092229306698,0.006639092229306698,0
2024-02-14 03:00:00+00:00,0.006639180239289999,0.006644783075898886,0.006638651713728905,0.006643899716436863,0.006643899716436863,0
2024-02-14 04:00:00+00:00,0.006643811706453562,0.0066483174450695515,0.006643282249569893,0.0066472128964960575,0.0066472128964960575,0
2024-02-14 05:00:00+00:00,0.006647168193012476,0.0066475216299295425,0.006642929278314114,0.006643767934292555,0.006643767934292555,0
2024-02-14 06:00:00+00:00,0.006643723230808973,0.006646947003901005,0.006642179563641548,0.006645268760621548,0.006645268760621548,0
2024-02-14 07:00:00+00:00,0.00664540147408843,0.006651633884757757,0.006643017753958702,0.006646770518273115,0.006646770518273115,0
2024-02-14 08:00:00+00:00,0.006646682042628527,0.00664928974583745,0.006641561631113291,0.0066426643170416355,0.0066426643170416355,0
2024-02-14 09:00:00+00:00,0.006642444059252739,0.006643811706453562,0.006638166960328817,0.006638166960328817,0.006638166960328817,0
2024-02-14 10:00:00+00:00,0.006638166960328817,0.006641076412051916,0.006636404432356358,0.006640635430812836,0.006640635430812836,0
2024-02-14 11:00:00+00:00,0.006640723440796137,0.006642311345785856,0.006637637969106436,0.006641164422035217,0.006641164422035217,0
2024-02-14 12:00:00+00:00,0.0066412971355021,0.00664209108799696,0.006637065205723047,0.006640017963945866,0.006640017963945866,0
2024-02-14 13:00:00+00:00,0.00664006220176816,0.006644694600254297,0.006634071469306946,0.006635171361267567,0.006635171361267567,0
2024-02-14 14:00:00+00:00,0.00663512758910656,0.006645092274993658,0.0066343797370791435,0.006636492442339659,0.006636492442339659,0
2024-02-14 15:00:00+00:00,0.006636316422373056,0.006641517858952284,0.00663345493376255,0.006639532744884491,0.006639532744884491,0
2024-02-14 16:00:00+00:00,0.006639356724917889,0.006645754911005497,0.006639092229306698,0.006644518114626408,0.006644518114626408,0
2024-02-14 17:00:00+00:00,0.006644606590270996,0.006650262977927923,0.006640326697379351,0.006647610571235418,0.006647610571235418,0
2024-02-14 18:00:00+00:00,0.0066475216299295425,0.006651324685662985,0.006643811706453562,0.006645445246249437,0.006645445246249437,0
2024-02-14 19:00:00+00:00,0.006645489949733019,0.006646814756095409,0.006641473155468702,0.006641914136707783,0.006641914136707783,0
2024-02-14 20:00:00+00:00,0.006641870364546776,0.006645313464105129,0.006640723440796137,0.006640944164246321,0.006640944164246321,0
2024-02-14 21:00:00+00:00,0.0066408999264240265,0.006643017753958702,0.006639004219323397,0.0066420468501746655,0.0066420468501746655,0
2024-02-14 22:00:00+00:00,0.0066429730504751205,0.006647300906479359,0.0066405911929905415,0.006645313464105129,0.006645313464105129,0
2024-02-14 23:00:00+00:00,0.006644915789365768,0.0066483174450695515,0.006641428917646408,0.006641693878918886,0.006641693878918886,0
2024-02-15 00:00:00+00:00,0.006642134860157967,0.006655086763203144,0.006641914136707783,0.006654201075434685,0.006654201075434685,0
2024-02-15 01:00:00+00:00,0.0066541568376123905,0.006660627666860819,0.006652784533798695,0.0066579668782651424,0.0066579668782651424,0
2024-02-15 02:00:00+00:00,0.0066579668782651424,0.006658720783889294,0.006654112134128809,0.0066551752388477325,0.0066551752388477325,0
2024-02-15 03:00:00+00:00,0.0066553084179759026,0.00665699178352952,0.006653625052422285,0.00665473286062479,0.00665473286062479,0
2024-02-15 04:00:00+00:00,0.00665473286062479,0.006661603692919016,0.00665459968149662,0.006660450249910355,0.006660450249910355,0
2024-02-15 05:00:00+00:00,0.006660405546426773,0.006663335021585226,0.0066581000573933125,0.0066586765460669994,0.0066586765460669994,0
2024-02-15 06:00:00+00:00,0.0066586765460669994,0.006663467735052109,0.006657656282186508,0.0066625806502997875,0.0066625806502997875,0
2024-02-15 07:00:00+00:00,0.0066626244224607944,0.006664445158094168,0.00665699178352952,0.00665770098567009,0.00665770098567009,0
2024-02-15 08:00:00+00:00,0.006657612510025501,0.006666400004178286,0.00665699178352952,0.006665467284619808,0.006665467284619808,0
2024-02-15 09:00:00+00:00,0.006665467284619808,0.006670268252491951,0.00666178110986948,0.0066656447015702724,0.0066656447015702724,0
2024-02-15 10:00:00+00:00,0.006665599998086691,0.006667378358542919,0.00666231382638216,0.006664578337222338,0.006664578337222338,0
2024-02-15 11:00:00+00:00,0.0066646672785282135,0.006667199544608593,0.006663246545940638,0.00666351243853569,0.00666351243853569,0
2024-02-15 12:00:00+00:00,0.00666337925940752,0.006666311528533697,0.00666244700551033,0.006664267275482416,0.006664267275482416,0
2024-02-15 13:00:00+00:00,0.006664178799837828,0.006687978748232126,0.006662403233349323,0.006674408912658691,0.006674408912658691,0
2024-02-15 14:00:00+00:00,0.006674453616142273,0.00667525501921773,0.006663735024631023,0.006671203300356865,0.006671203300356865,0
2024-02-15 15:00:00+00:00,0.0066713811829686165,0.006675300188362598,0.0066606723703444,0.006664356216788292,0.006664356216788292,0
2024-02-15 16:00:00+00:00,0.006664445158094168,0.006664711516350508,0.006655662786215544,0.006658011116087437,0.006658011116087437,0
2024-02-15 17:00:00+00:00,0.006658011116087437,0.006663823500275612,0.0066579668782651424,0.0066626244224607944,0.0066626244224607944,0
2024-02-15 18:00:00+00:00,0.00666271336376667,0.006670935545116663,0.006662535946816206,0.006670090369880199,0.006670090369880199,0
2024-02-15 19:00:00+00:00,0.006670268252491951,0.006673295516520739,0.006667511072009802,0.006668667308986187,0.006668667308986187,0
2024-02-15 20:00:00+00:00,0.0066687120124697685,0.006669868249446154,0.006666311528533697,0.006669022608548403,0.006669022608548403,0
2024-02-15 21:00:00+00:00,0.0066688451915979385,0.006671114359050989,0.006666888948529959,0.006670846603810787,0.006670846603810787,0
2024-02-15 22:00:00+00:00,0.006670935545116663,0.006673117633908987,0.0066694230772554874,0.006671871058642864,0.006671871058642864,0
2024-02-15 23:00:00+00:00,0.0066715143620967865,0.006674765609204769,0.006668534129858017,0.006669067777693272,0.006669067777693272,0
2024-02-16 00:00:00+00:00,0.006668534129858017,0.006670135073363781,0.006659208331257105,0.006659918464720249,0.006659918464720249,0
2024-02-16 01:00:00+00:00,0.006659696344286203,0.006664622575044632,0.006656016688793898,0.006664089858531952,0.006664089858531952,0
2024-02-16 02:00:00+00:00,0.006664178799837828,0.006664267275482416,0.006654068361967802,0.0066541568376123905,0.0066541568376123905,0
2024-02-16 03:00:00+00:00,0.0066543337889015675,0.0066567701287567616,0.0066504399292171,0.006652917247265577,0.006652917247265577,0
2024-02-16 04:00:00+00:00,0.006652917247265577,0.006656238343566656,0.006651191506534815,0.0066554853692650795,0.0066554853692650795,0
2024-02-16 05:00:00+00:00,0.006655529607087374,0.006659208331257105,0.006653669755905867,0.006658809259533882,0.006658809259533882,0
2024-02-16 06:00:00+00:00,0.006658853963017464,0.006659075152128935,0.006653802935034037,0.006658277474343777,0.006658277474343777,0
2024-02-16 07:00:00+00:00,0.006658277474343777,0.006660716142505407,0.006654643919318914,0.006656327284872532,0.006656327284872532,0
2024-02-16 08:00:00+00:00,0.006656238343566656,0.006657833699136972,0.006653227377682924,0.006655972916632891,0.006655972916632891,0
2024-02-16 09:00:00+00:00,0.006655928213149309,0.006657878402620554,0.006653581280261278,0.006654112134128809,0.006654112134128809,0
2024-02-16 10:00:00+00:00,0.006653935182839632,0.006655795965343714,0.00665304996073246,0.0066553084179759026,0.0066553084179759026,0
2024-02-16 11:00:00+00:00,0.0066554853692650795,0.006660494487732649,0.006654865108430386,0.006658720783889294,0.006658720783889294,0
2024-02-16 12:00:00+00:00,0.006658809259533882,0.006659607402980328,0.006653581280261278,0.006653758231550455,0.006653758231550455,0
2024-02-16 13:00:00+00:00,0.0066538467071950436,0.006654245313256979,0.006638078950345516,0.006643635220825672,0.006643635220825672,0
2024-02-16 14:00:00+00:00,0.006643635220825672,0.0066470797173678875,0.006638519465923309,0.006646505557000637,0.006646505557000637,0
2024-02-16 15:00:00+00:00,0.006646107882261276,0.0066619147546589375,0.006644518114626408,0.006655884440988302,0.006655884440988302,0
2024-02-16 16:00:00+00:00,0.006656016688793898,0.006657612510025501,0.006650483701378107,0.006651368457823992,0.006651368457823992,0
2024-02-16 17:00:00+00:00,0.00665145693346858,0.00665699178352952,0.006649201735854149,0.0066567701287567616,0.0066567701287567616,0
2024-02-16 18:00:00+00:00,0.006656725890934467,0.006661692634224892,0.0066556185483932495,0.00666027283295989,0.00666027283295989,0
2024-02-16 19:00:00+00:00,0.006660450249910355,0.0066630239598453045,0.006656371522694826,0.006656460464000702,0.006656460464000702,0
2024-02-16 20:00:00+00:00,0.00665641576051712,0.006657612510025501,0.006653891410678625,0.006656016688793898,0.006656016688793898,0
2024-02-16 21:00:00+00:00,0.006655928213149309,0.00665974011644721,0.006655839737504721,0.006658631842583418,0.006658631842583418,0
2024-02-16 22:00:00+00:00,0.006658897735178471,0.006658897735178471,0.006658897735178471,0.006658897735178471,0.006658897735178471,0
2024-02-19 00:00:00+00:00,0.006660184357315302,0.0066703129559755325,0.006659918464720249,0.006669512018561363,0.006669512018561363,0
2024-02-19 01:00:00+00:00,0.0066696456633508205,0.006672493647783995,0.006666488945484161,0.006668000016361475,0.006668000016361475,0
2024-02-19 02:00:00+00:00,0.006667733658105135,0.006670135073363781,0.006666400004178286,0.0066693793050944805,0.0066693793050944805,0
2024-02-19 03:00:00+00:00,0.006669334135949612,0.00667080283164978,0.006667466834187508,0.006669512018561363,0.006669512018561363,0
2024-02-19 04:00:00+00:00,0.006669556722044945,0.006669912487268448,0.0066649336367845535,0.006665556225925684,0.006665556225925684,0
2024-02-19 05:00:00+00:00,0.006665511056780815,0.006669245194643736,0.006665467284619808,0.006666355300694704,0.006666355300694704,0
2024-02-19 06:00:00+00:00,0.006666488945484161,0.006668667308986187,0.006665288936346769,0.006667600013315678,0.006667600013315678,0
2024-02-19 07:00:00+00:00,0.006667644716799259,0.006669734604656696,0.006666533183306456,0.0066679115407168865,0.0066679115407168865,0
2024-02-19 08:00:00+00:00,0.006667688954621553,0.006670046132057905,0.006666488945484161,0.006668623071163893,0.006668623071163893,0
2024-02-19 09:00:00+00:00,0.006668800953775644,0.006671648006886244,0.006668311543762684,0.006669556722044945,0.006669556722044945,0
2024-02-19 10:00:00+00:00,0.006669467780739069,0.006670046132057905,0.0066667115315794945,0.006667155772447586,0.006667155772447586,0
2024-02-19 11:00:00+00:00,0.006667289417237043,0.006669245194643736,0.006666755303740501,0.006667244713753462,0.006667244713753462,0
2024-02-19 12:00:00+00:00,0.006667289417237043,0.0066691115498542786,0.006665422581136227,0.006665467284619808,0.006665467284619808,0
2024-02-19 13:00:00+00:00,0.006665733642876148,0.0066696456633508205,0.006665244698524475,0.006668088957667351,0.006668088957667351,0
2024-02-19 14:00:00+00:00,0.006668266840279102,0.006668978836387396,0.006663690321147442,0.006664889864623547,0.006664889864623547,0
2024-02-19 15:00:00+00:00,0.006664844695478678,0.006664889864623547,0.006659430451691151,0.006659696344286203,0.006659696344286203,0
2024-02-19 16:00:00+00:00,0.006659474223852158,0.006660006940364838,0.006658144295215607,0.006659252569079399,0.006659252569079399,0
2024-02-19 17:00:00+00:00,0.006659252569079399,0.00666013965383172,0.006658232770860195,0.006658587139099836,0.006658587139099836,0
2024-02-19 18:00:00+00:00,0.006658454891294241,0.00666013965383172,0.006658277474343777,0.006660050712525845,0.006660050712525845,0
2024-02-19 19:00:00+00:00,0.006659962236881256,0.006661115679889917,0.006659163627773523,0.006660627666860819,0.006660627666860819,0
2024-02-19 20:00:00+00:00,0.006660760845988989,0.006661115679889917,0.006660006940364838,0.006660760845988989,0.006660760845988989,0
2024-02-19 21:00:00+00:00,0.006660938262939453,0.0066625806502997875,0.006659962236881256,0.006661692634224892,0.006661692634224892,0
2024-02-19 22:00:00+00:00,0.006663246545940638,0.00666337925940752,0.006660095416009426,0.00666164793074131,0.00666164793074131,0
2024-02-19 23:00:00+00:00,0.00666164793074131,0.006662269588559866,0.006653271149843931,0.006655219942331314,0.006655219942331314,0
2024-02-20 00:00:00+00:00,0.006654643919318914,0.0066577899269759655,0.00665189977735281,0.006654688157141209,0.006654688157141209,0
2024-02-20 01:00:00+00:00,0.00665473286062479,0.006658321246504784,0.006651324685662985,0.00665459968149662,0.00665459968149662,0
2024-02-20 02:00:00+00:00,0.006654776632785797,0.006654953584074974,0.006650351453572512,0.006652519106864929,0.006652519106864929,0
2024-02-20 03:00:00+00:00,0.0066525633446872234,0.0066544669680297375,0.006650926545262337,0.006652519106864929,0.006652519106864929,0
2024-02-20 04:00:00+00:00,0.006652519106864929,0.006653891410678625,0.006651545409113169,0.006651810836046934,0.006651810836046934,0
2024-02-20 05:00:00+00:00,0.006651943549513817,0.006652651820331812,0.006647300906479359,0.00664809625595808,0.00664809625595808,0
2024-02-20 06:00:00+00:00,0.0066481404937803745,0.006651413161307573,0.006647389382123947,0.006649643648415804,0.006649643648415804,0
2024-02-20 07:00:00+00:00,0.0066495551727712154,0.006653625052422285,0.006648626644164324,0.006650881841778755,0.006650881841778755,0
2024-02-20 08:00:00+00:00,0.00665074959397316,0.006654511205852032,0.006649466697126627,0.006652607582509518,0.006652607582509518,0
2024-02-20 09:00:00+00:00,0.006652696058154106,0.006655662786215544,0.006651324685662985,0.00665459968149662,0.00665459968149662,0
2024-02-20 10:00:00+00:00,0.006654688157141209,0.00666178110986948,0.006653536576777697,0.006660538725554943,0.006660538725554943,0
2024-02-20 11:00:00+00:00,0.006660627666860819,0.006662136409431696,0.006655529607087374,0.006656637415289879,0.006656637415289879,0
2024-02-20 12:00:00+00:00,0.006656814366579056,0.006664267275482416,0.00665654893964529,0.00666013965383172,0.00666013965383172,0
2024-02-20 13:00:00+00:00,0.006659962236881256,0.006669868249446154,0.00665770098567009,0.00666733318939805,0.00666733318939805,0
2024-02-20 14:00:00+00:00,0.006667555775493383,0.006676726043224335,0.006664978340268135,0.006674943957477808,0.006674943957477808,0
2024-02-20 15:00:00+00:00,0.006674765609204769,0.0066809640266001225,0.006673874333500862,0.0066762357018888,0.0066762357018888,0
2024-02-20 16:00:00+00:00,0.006676191464066505,0.0066783311776816845,0.006671025417745113,0.00667209317907691,0.00667209317907691,0
2024-02-20 17:00:00+00:00,0.006672226823866367,0.006673607509583235,0.006668355781584978,0.0066713811829686165,0.0066713811829686165,0
2024-02-20 18:00:00+00:00,0.006671336479485035,0.00667209317907691,0.006666222587227821,0.006667822599411011,0.006667822599411011,0
2024-02-20 19:00:00+00:00,0.0066679115407168865,0.006670935545116663,0.006665377877652645,0.0066656447015702724,0.0066656447015702724,0
2024-02-20 20:00:00+00:00,0.006665688939392567,0.006668444722890854,0.00666351243853569,0.006668133661150932,0.006668133661150932,0
2024-02-20 21:00:00+00:00,0.006668088957667351,0.006668355781584978,0.0066646672785282135,0.006666533183306456,0.006666533183306456,0
2024-02-20 22:00:00+00:00,0.006666933186352253,0.00667080283164978,0.006666933186352253,0.006669957190752029,0.006669957190752029,0
2024-02-20 23:00:00+00:00,0.006669912487268448,0.00667195999994874,0.006668000016361475,0.006668489426374435,0.006668489426374435,0
2024-02-21 00:00:00+00:00,0.006668311543762684,0.006670046132057905,0.006664223503321409,0.0066660442389547825,0.0066660442389547825,0
2024-02-21 01:00:00+00:00,0.006666000001132488,0.006667199544608593,0.0066626244224607944,0.0066671110689640045,0.0066671110689640045,0
2024-02-21 02:00:00+00:00,0.00666706683114171,0.006671114359050989,0.006666666828095913,0.006669512018561363,0.006669512018561363,0
2024-02-21 03:00:00+00:00,0.0066694230772554874,0.006673428695648909,0.006669334135949612,0.0066725388169288635,0.0066725388169288635,0
2024-02-21 04:00:00+00:00,0.006672449875622988,0.006672760937362909,0.006665955297648907,0.006666666828095913,0.006666666828095913,0
2024-02-21 05:00:00+00:00,0.0066667115315794945,0.006669779773801565,0.006665022578090429,0.006667466834187508,0.006667466834187508,0
2024-02-21 06:00:00+00:00,0.006667644716799259,0.00666915625333786,0.006663201842457056,0.006663867738097906,0.006663867738097906,0
2024-02-21 07:00:00+00:00,0.006664089858531952,0.0066656447015702724,0.006660006940364838,0.006660184357315302,0.006660184357315302,0
2024-02-21 08:00:00+00:00,0.006660361774265766,0.006661603692919016,0.006658321246504784,0.006658942438662052,0.006658942438662052,0
2024-02-21 09:00:00+00:00,0.006658942438662052,0.006664445158094168,0.006658587139099836,0.006662669125944376,0.006662669125944376,0
2024-02-21 10:00:00+00:00,0.006662801839411259,0.006667733658105135,0.006662136409431696,0.006667022127658129,0.006667022127658129,0
2024-02-21 11:00:00+00:00,0.006666844245046377,0.006667511072009802,0.00666337925940752,0.006663646083325148,0.006663646083325148,0
2024-02-21 12:00:00+00:00,0.006663690321147442,0.006669868249446154,0.006662491708993912,0.006665955297648907,0.006665955297648907,0
2024-02-21 13:00:00+00:00,0.0066659110598266125,0.006669512018561363,0.00666284654289484,0.006663201842457056,0.006663201842457056,0
2024-02-21 14:00:00+00:00,0.0066632903181016445,0.006667378358542919,0.006660361774265766,0.006662092171609402,0.006662092171609402,0
2024-02-21 15:00:00+00:00,0.00666204746812582,0.006665067281574011,0.006654998287558556,0.006655662786215544,0.006655662786215544,0
2024-02-21 16:00:00+00:00,0.006655662786215544,0.006656725890934467,0.006653448101133108,0.0066538467071950436,0.0066538467071950436,0
2024-02-21 17:00:00+00:00,0.006653935182839632,0.006654511205852032,0.006649466697126627,0.006653182674199343,0.006653182674199343,0
2024-02-21 18:00:00+00:00,0.006653094198554754,0.006655884440988302,0.0066493782214820385,0.006654422264546156,0.006654422264546156,0
2024-02-21 19:00:00+00:00,0.006654422264546156,0.006661293096840382,0.006649245508015156,0.006657922174781561,0.006657922174781561,0
2024-02-21 20:00:00+00:00,0.006658011116087437,0.006659119855612516,0.006656016688793898,0.006658011116087437,0.006658011116087437,0
2024-02-21 21:00:00+00:00,0.006658011116087437,0.006658410187810659,0.006653448101133108,0.006654511205852032,0.006654511205852032,0
2024-02-21 22:00:00+00:00,0.006653625052422285,0.006656504236161709,0.006651014555245638,0.006653094198554754,0.006653094198554754,0
2024-02-21 23:00:00+00:00,0.006652828771620989,0.006655131466686726,0.006649776361882687,0.00665145693346858,0.00665145693346858,0
2024-02-22 00:00:00+00:00,0.006651722360402346,0.00665176659822464,0.006647300906479359,0.00664928974583745,0.00664928974583745,0
2024-02-22 01:00:00+00:00,0.006649157032370567,0.006653713993728161,0.006646284367889166,0.006652873009443283,0.006652873009443283,0
2024-02-22 02:00:00+00:00,0.006652917247265577,0.006653271149843931,0.006648228969424963,0.006648670881986618,0.006648670881986618,0
2024-02-22 03:00:00+00:00,0.006648848298937082,0.0066504399292171,0.006647168193012476,0.006647875532507896,0.006647875532507896,0
2024-02-22 04:00:00+00:00,0.006647830829024315,0.006656460464000702,0.00664663827046752,0.0066540236584842205,0.0066540236584842205,0
2024-02-22 05:00:00+00:00,0.006653935182839632,0.006656859070062637,0.006653315853327513,0.006654289551079273,0.006654289551079273,0
2024-02-22 06:00:00+00:00,0.006654112134128809,0.00665770098567009,0.006653448101133108,0.006656460464000702,0.006656460464000702,0
2024-02-22 07:00:00+00:00,0.00665641576051712,0.006663201842457056,0.006654953584074974,0.006660805083811283,0.006660805083811283,0
2024-02-22 08:00:00+00:00,0.006660760845988989,0.006666133645921946,0.006655707024037838,0.006659252569079399,0.006659252569079399,0
2024-02-22 09:00:00+00:00,0.006659296806901693,0.006661204621195793,0.006653802935034037,0.006658986676484346,0.006658986676484346,0
2024-02-22 10:00:00+00:00,0.006658986676484346,0.006661515217274427,0.00665770098567009,0.006659474223852158,0.006659474223852158,0
2024-02-22 11:00:00+00:00,0.006659651640802622,0.006660361774265766,0.0066553084179759026,0.00665712496265769,0.00665712496265769,0
2024-02-22 12:00:00+00:00,0.006657257676124573,0.00665770098567009,0.0066483174450695515,0.006648758891969919,0.006648758891969919,0
2024-02-22 13:00:00+00:00,0.006648848298937082,0.006650351453572512,0.0066402386873960495,0.006641737651079893,0.006641737651079893,0
2024-02-22 14:00:00+00:00,0.006641693878918886,0.0066489363089203835,0.006638078950345516,0.006647919304668903,0.006647919304668903,0
2024-02-22 15:00:00+00:00,0.006647875532507896,0.006648228969424963,0.006640282925218344,0.006644253619015217,0.006644253619015217,0
2024-02-22 16:00:00+00:00,0.006644385401159525,0.006645754911005497,0.00663834298029542,0.006639136467128992,0.006639136467128992,0
2024-02-22 17:00:00+00:00,0.006639004219323397,0.00664253206923604,0.006636184640228748,0.006639841478317976,0.006639841478317976,0
2024-02-22 18:00:00+00:00,0.006639841478317976,0.00664557795971632,0.006637858226895332,0.0066426643170416355,0.0066426643170416355,0
2024-02-22 19:00:00+00:00,0.006642885040491819,0.00664465082809329,0.006640944164246321,0.006642267573624849,0.006642267573624849,0
2024-02-22 20:00:00+00:00,0.006642267573624849,0.006644871085882187,0.006641428917646408,0.006644473876804113,0.006644473876804113,0
2024-02-22 21:00:00+00:00,0.0066444301046431065,0.00664465082809329,0.006641693878918886,0.006643282249569893,0.006643282249569893,0
2024-02-22 22:00:00+00:00,0.006643326953053474,0.006645975634455681,0.006642575841397047,0.006644208915531635,0.006644208915531635,0
2024-02-22 23:00:00+00:00,0.006643988657742739,0.006647035945206881,0.0066439444199204445,0.0066456664353609085,0.0066456664353609085,0
2024-02-23 00:00:00+00:00,0.006645842920988798,0.006649466697126627,0.006641870364546776,0.006647124420851469,0.006647124420851469,0
2024-02-23 01:00:00+00:00,0.0066472128964960575,0.006650351453572512,0.006645268760621548,0.006646284367889166,0.006646284367889166,0
2024-02-23 02:00:00+00:00,0.006646417081356049,0.0066481404937803745,0.00664482731372118,0.006644959561526775,0.006644959561526775,0
2024-02-23 03:00:00+00:00,0.00664513697847724,0.006646107882261276,0.006644120905548334,0.006645224988460541,0.006645224988460541,0
2024-02-23 04:00:00+00:00,0.006645445246249437,0.006646549794822931,0.0066429730504751205,0.006643326953053474,0.006643326953053474,0
2024-02-23 05:00:00+00:00,0.006643326953053474,0.0066434587351977825,0.006639797706156969,0.006640017963945866,0.006640017963945866,0
2024-02-23 06:00:00+00:00,0.006640105973929167,0.006642134860157967,0.006637858226895332,0.006641032639890909,0.006641032639890909,0
2024-02-23 07:00:00+00:00,0.006641032639890909,0.006643635220825672,0.006639753468334675,0.006642002612352371,0.006642002612352371,0
2024-02-23 08:00:00+00:00,0.0066420468501746655,0.006643547210842371,0.006636845413595438,0.006639048457145691,0.006639048457145691,0
2024-02-23 09:00:00+00:00,0.0066389599815011024,0.006639048457145691,0.006632971577346325,0.006633851211518049,0.006633851211518049,0
2024-02-23 10:00:00+00:00,0.006633675191551447,0.006635964382439852,0.006632619071751833,0.006634423043578863,0.006634423043578863,0
2024-02-23 11:00:00+00:00,0.006634467747062445,0.006638078950345516,0.006633675191551447,0.006637770216912031,0.006637770216912031,0
2024-02-23 12:00:00+00:00,0.006637902464717627,0.006649201735854149,0.006637637969106436,0.0066481404937803745,0.0066481404937803745,0
2024-02-23 13:00:00+00:00,0.0066483174450695515,0.006652032025158405,0.006644871085882187,0.006645754911005497,0.006645754911005497,0
2024-02-23 14:00:00+00:00,0.0066456664353609085,0.006652696058154106,0.006644606590270996,0.006650881841778755,0.006650881841778755,0
2024-02-23 15:00:00+00:00,0.006650926545262337,0.006651501636952162,0.006642002612352371,0.006643414963036776,0.006643414963036776,0
2024-02-23 16:00:00+00:00,0.0066434587351977825,0.006653802935034037,0.006642797030508518,0.006650793366134167,0.006650793366134167,0
2024-02-23 17:00:00+00:00,0.006650793366134167,0.0066527402959764,0.006647875532507896,0.006648538634181023,0.006648538634181023,0
2024-02-23 18:00:00+00:00,0.00664858240634203,0.006651633884757757,0.006648052018135786,0.006650218274444342,0.006650218274444342,0
2024-02-23 19:00:00+00:00,0.006650129798799753,0.006651147268712521,0.006646107882261276,0.006646417081356049,0.006646417081356049,0
2024-02-23 20:00:00+00:00,0.006646417081356049,0.006647300906479359,0.006644077133387327,0.006644739303737879,0.006644739303737879,0
2024-02-23 21:00:00+00:00,0.00664465082809329,0.006646726746112108,0.00664253206923604,0.0066457102075219154,0.0066457102075219154,0
2024-02-23 22:00:00+00:00,0.00664588762447238,0.006647168193012476,0.00664588762447238,0.006647168193012476,0.006647168193012476,0
2024-02-26 00:00:00+00:00,0.006644473876804113,0.006653625052422285,0.006644473876804113,0.006650351453572512,0.006650351453572512,0
2024-02-26 01:00:00+00:00,0.0066504399292171,0.006653891410678625,0.0066475216299295425,0.006647964008152485,0.006647964008152485,0
2024-02-26 02:00:00+00:00,0.006647964008152485,0.006648052018135786,0.00664482731372118,0.006644959561526775,0.006644959561526775,0
2024-02-26 03:00:00+00:00,0.006644959561526775,0.006646682042628527,0.00664465082809329,0.006645754911005497,0.006645754911005497,0
2024-02-26 04:00:00+00:00,0.0066456664353609085,0.006647344678640366,0.006643679458647966,0.006644518114626408,0.006644518114626408,0
2024-02-26 05:00:00+00:00,0.00664465082809329,0.00665061641484499,0.006644297391176224,0.006647477857768536,0.006647477857768536,0
2024-02-26 06:00:00+00:00,0.006647433154284954,0.006649908609688282,0.00664500379934907,0.0066483174450695515,0.0066483174450695515,0
2024-02-26 07:00:00+00:00,0.006648228969424963,0.00665061641484499,0.006646505557000637,0.006646505557000637,0.006646505557000637,0
2024-02-26 08:00:00+00:00,0.006646814756095409,0.006648848298937082,0.006640459410846233,0.006640811916440725,0.006640811916440725,0
2024-02-26 09:00:00+00:00,0.006640767212957144,0.006641340907663107,0.00663702143356204,0.006638651713728905,0.006638651713728905,0
2024-02-26 10:00:00+00:00,0.006638695485889912,0.006640635430812836,0.006637594196945429,0.0066389162093400955,0.0066389162093400955,0
2024-02-26 11:00:00+00:00,0.006638651713728905,0.0066405911929905415,0.006635831668972969,0.006636316422373056,0.006636316422373056,0
2024-02-26 12:00:00+00:00,0.006636404432356358,0.006643547210842371,0.006636184640228748,0.006639665458351374,0.006639665458351374,0
2024-02-26 13:00:00+00:00,0.006639797706156969,0.006643326953053474,0.006637814454734325,0.006638122722506523,0.006638122722506523,0
2024-02-26 14:00:00+00:00,0.0066382549703121185,0.0066392682492733,0.006633719429373741,0.006635524332523346,0.006635524332523346,0
2024-02-26 15:00:00+00:00,0.006635391619056463,0.006637241691350937,0.0066309478133916855,0.006633719429373741,0.006633719429373741,0
2024-02-26 16:00:00+00:00,0.006633763201534748,0.006634291727095842,0.006630552001297474,0.0066316076554358006,0.0066316076554358006,0
2024-02-26 17:00:00+00:00,0.0066316076554358006,0.006634864024817944,0.00662962906062603,0.006632663309574127,0.006632663309574127,0
2024-02-26 18:00:00+00:00,0.006632882636040449,0.006633278913795948,0.0066305967047810555,0.00663231173530221,0.00663231173530221,0
2024-02-26 19:00:00+00:00,0.006632443051785231,0.006634467747062445,0.006631475407630205,0.006632882636040449,0.006632882636040449,0
2024-02-26 20:00:00+00:00,0.006632882636040449,0.0066371094435453415,0.006632795091718435,0.006636624690145254,0.006636624690145254,0
2024-02-26 21:00:00+00:00,0.006636757403612137,0.006636845413595438,0.00663464330136776,0.006635831668972969,0.006635831668972969,0
2024-02-26 22:00:00+00:00,0.006636184640228748,0.006639048457145691,0.006635479629039764,0.006637990940362215,0.006637990940362215,0
2024-02-26 23:00:00+00:00,0.00663768220692873,0.006639004219323397,0.006635831668972969,0.006636052392423153,0.006636052392423153,0
